ID_Conversa,Data_Hora_Inicio,Canal,Tipo_Sinistro,Segmento_Cliente,Regiao,Dispositivo,Etapa_Saida_Conversa,Status_Final,Tempo_Resolucao_Min,CSAT_1a5,Valor_Estimado_Sinistro_RS
CVX-001158,2026-01-01 8:14:08,WhatsApp,Auto,Varejo,Sul,iOS,Coleta_Dados_Sinistro,Escalado_Humano,"45,8",,"9900,57"
CVX-003463,2026-01-01 8:16:17,App,Auto,Varejo,Nordeste,Android,Validacao_Apolice,Escalado_Humano,"33,6",4,
CVX-006128,2026-01-01 8:54:51,WhatsApp,Auto,Premium,Norte,Android,Upload_Fotos_Documentos,Abandonado,,,"8402,8"
CVX-005540,2026-01-01 9:06:20,WhatsApp,Auto,Premium,Centro-Oeste,Android,Upload_Fotos_Documentos,Abandonado,,,"12794,45"
CVX-002585,2026-01-01 9:25:08,WhatsApp,Vida,Varejo,Sudeste,iOS,Confirmacao_Protocolo,Resolvido_Bot,"6,9",5,"52305,98"
CVX-003606,2026-01-01 9:39:41,WhatsApp,Auto,Varejo,Sudeste,Android,Confirmacao_Protocolo,resolvido_bot,"5,8",4,"11565,14"
CVX-004991,2026-01-01 9:55:58,WhatsApp,Residencial,Varejo,Sul,iOS,Confirmacao_Protocolo,Resolvido_Bot,"6,1",4,"18759,06"
CVX-004315,2026-01-01 10:06:10,WhatsApp,Auto,Varejo,Nordeste,iOS,Confirmacao_Protocolo,Resolvido_Bot,"9,8",5,"7799,68"
CVX-001323,2026-01-01 10:10:18,WhatsApp,Residencial,Varejo,Sul,Android,Coleta_Dados_Sinistro,Escalado_Humano,"48,1",,"8765,32"
CVX-006042,2026-01-01 10:12:31,WhatsApp,Auto,Varejo,Centro-Oeste,iOS,Confirmacao_Protocolo,Resolvido_Bot,"4,1",4,"10501,72"
CVX-002880,2026-01-01 10:14:17,App,Auto,Premium,Sudeste,Android,Confirmacao_Protocolo,Resolvido_Bot,"13,4",5,"9796,12"
CVX-003151,2026-01-01 10:39:55,WhatsApp,Auto,Varejo,Centro-Oeste,Android,Analise_Automatica,Abandonado,,,"7069,63"
CVX-005228,2026-01-01 11:02:50,WhatsApp,Vida,Varejo,Centro-Oeste,iOS,Coleta_Dados_Sinistro,Escalado_Humano,"35,4",4,"48356,54"
CVX-004419,2026-01-01 11:04:34,WhatsApp,Auto,Premium,Sudeste,Android,Validacao_Apolice,Abandonado,,,
CVX-001617,2026-01-01 11:49:16,WhatsApp,Residencial,Premium,Sudeste,Android,Coleta_Dados_Sinistro,Abandonado,,,"13281,33"
CVX-004775,2026-01-01 12:22:17,WhatsApp,Auto,Varejo,Sul,iOS,Confirmacao_Protocolo,Resolvido_Bot,5,4,"10673,15"
CVX-003207,2026-01-01 12:40:17,WhatsApp,Residencial,Premium,Sudeste,Android,Upload_Fotos_Documentos,Abandonado,,,"4616,98"
CVX-003492,2026-01-01 13:13:09,WhatsApp,Vida,Premium,Sul,Android,Confirmacao_Protocolo,Resolvido_Bot,"9,4",4,"54695,97"
CVX-005424,2026-01-01 13:15:17,WhatsApp,Residencial,Corporativo,Centro-Oeste,Android,Confirmacao_Protocolo,Resolvido_Bot,"8,1",,"22653,73"
CVX-001221,2026-01-01 13:33:25,WhatsApp,Vida,Varejo,Sudeste,Android,Upload_Fotos_Documentos,Escalado_Humano,"41,9",3,"27544,32"
CVX-006623,2026-01-01 13:38:50,WhatsApp,Auto,Varejo,Sul,iOS,Confirmacao_Protocolo,Resolvido_Bot,"12,8",4,"14610,3"
CVX-003503,2026-01-01 13:55:07,WhatsApp,Residencial,Premium,Sudeste,Android,Coleta_Dados_Sinistro,Escalado_Humano,"47,6",,"11513,64"
CVX-005183,2026-01-01 13:56:02,WhatsApp,Auto,Varejo,Sul,Android,Validacao_Apolice,Escalado_Humano,"19,9",3,
CVX-000741,2026-01-01 14:27:34,WhatsApp,Auto,Premium,Sudeste,iOS,Confirmacao_Protocolo,Resolvido_Bot,"13,2",5,"11009,03"
CVX-005482,2026-01-01 14:38:07,WhatsApp,Residencial,Varejo,Sul,Android,Confirmacao_Protocolo,Resolvido_Bot,"7,6",4,"23988,41"
CVX-003038,2026-01-01 15:09:22,App,Auto,Premium,Centro-Oeste,Android,Analise_Automatica,abandono,,,"13165,06"
CVX-003877,2026-01-01 15:42:13,WhatsApp,Vida,Premium,Norte,Android,Analise_Automatica,Escalado_Humano,"43,6",3,"43767,93"
CVX-006159,2026-01-01 16:00:01,WhatsApp,Auto,Varejo,Nordeste,Android,Upload_Fotos_Documentos,Escalado_Humano,"33,4",5,"14983,58"
CVX-000998,2026-01-01 16:36:10,App,Residencial,Corporativo,Sudeste,Android,Upload_Fotos_Documentos,Escalado_Humano,"57,7",,"3210,38"
CVX-004553,2026-01-01 16:43:01,WhatsApp,Auto,Varejo,Sudeste,Android,Upload_Fotos_Documentos,Escalado_Humano,"35,1",4,"9028,11"
CVX-005156,2026-01-01 16:52:15,WhatsApp,Residencial,Premium,Sudeste,Android,Upload_Fotos_Documentos,Escalado_Humano,"45,8",4,"12109,95"
CVX-004156,2026-01-01 16:56:45,WhatsApp,Auto,Varejo,Centro-Oeste,Android,Coleta_Dados_Sinistro,Abandonado,,,"9223,39"
CVX-004642,2026-01-01 17:37:28,App,Vida,Premium,Nordeste,iOS,Upload_Fotos_Documentos,abandonado,,,"21333,1"
CVX-005178,2026-01-01 18:03:12,WhatsApp,Auto,Premium,Sudeste,iOS,Confirmacao_Protocolo,Resolvido_Bot,"12,5",,"10169,82"
CVX-000775,2026-01-01 18:05:24,WhatsApp,Auto,Varejo,Nordeste,Android,Validacao_Apolice,Escalado_Humano,46,4,
CVX-001314,2026-01-01 18:18:51,App,Auto,Premium,Sudeste,Android,Upload_Fotos_Documentos,Abandonado,,,"7516,76"
CVX-000811,2026-01-01 18:31:04,WhatsApp,Auto,Corporativo,Nordeste,Android,Confirmacao_Protocolo,Resolvido_bot ,"10,1",5,"14010,44"
CVX-006989,2026-01-01 18:33:25,WhatsApp,Vida,Premium,Centro-Oeste,iOS,Confirmacao_Protocolo,Resolvido_Bot,"15,8",5,"73558,73"
CVX-001837,2026-01-01 18:36:50,WhatsApp,Residencial,Premium,Norte,iOS,Upload_Fotos_Documentos,Abandonado,,,"8063,95"
CVX-000744,2026-01-01 18:55:27,WhatsApp,Auto,Varejo,Sudeste,Android,Upload_Fotos_Documentos,Abandonado,,,7333
CVX-006587,2026-01-01 19:13:13,WhatsApp,Auto,Varejo,Sudeste,iOS,Confirmacao_Protocolo,Resolvido_Bot,"10,1",5,"7938,05"
CVX-004773,2026-01-01 19:17:13,WhatsApp,Auto,Varejo,Centro-Oeste,Android,Validacao_Apolice,Escalado_Humano,"45,8",3,
CVX-003453,2026-01-01 19:21:56,App,Vida,Premium,Sudeste,Android,Upload_Fotos_Documentos,Abandonado,,,"58772,05"
CVX-002731,2026-01-01 19:38:31,WhatsApp,Auto,Varejo,Sudeste,Android,Upload_Fotos_Documentos,Abandonado,,,"9497,98"
CVX-002299,2026-01-01 19:38:50,WhatsApp,Residencial,Varejo,Sudeste,Android,Upload_Fotos_Documentos,Abandonado,,,"16313,59"
CVX-006403,2026-01-01 19:39:18,WhatsApp,Auto,Premium,Sul,iOS,Coleta_Dados_Sinistro,Escalado_Humano,"29,3",3,"10902,01"
CVX-005451,2026-01-01 19:49:01,WhatsApp,Residencial,Varejo,Sudeste,iOS,Confirmacao_Protocolo,Resolvido_Bot,"7,5",,"12615,04"
CVX-003179,2026-01-01 20:31:03,WhatsApp,Residencial,Varejo,Sudeste,iOS,Confirmacao_Protocolo,Resolvido_Bot,"7,7",,"6503,55"
CVX-000647,2026-01-01 20:34:47,WhatsApp,Residencial,Varejo,Nordeste,Android,Upload_Fotos_Documentos,Abandonado,,,"10639,96"
CVX-006120,2026-01-01 20:37:56,WhatsApp,Residencial,Varejo,Sudeste,Android,Analise_Automatica,Escalado_Humano,"39,2",4,"10272,74"
CVX-000423,2026-01-01 20:43:45,WhatsApp,Vida,Varejo,Norte,iOS,Analise_Automatica,Escalado_Humano,"49,3",3,"74525,74"
CVX-005594,2026-01-02 8:13:46,WhatsApp,Auto,Varejo,Sudeste,Android,Confirmacao_Protocolo,Resolvido_Bot,"10,8",,"8355,37"
CVX-006744,2026-01-02 8:15:15,WhatsApp,Auto,Varejo,Sudeste,Android,Confirmacao_Protocolo,Resolvido_Bot,"6,6",4,"2502,16"
CVX-002719,2026-01-02 8:19:00,WhatsApp,Residencial,Premium,Centro-Oeste,Android,Analise_Automatica,Abandonado,,,"8573,96"
CVX-000595,2026-01-02 8:25:38,WhatsApp,Auto,Premium,Sudeste,Android,Confirmacao_Protocolo,Resolvido_Bot,"8,5",5,"5681,17"
CVX-006898,2026-01-02 8:36:38,WhatsApp,Auto,Varejo,Sul,Android,Validacao_Apolice,Escalado_Humano,"43,2",,
CVX-000841,2026-01-02 9:59:10,WhatsApp,Auto,Premium,Sul,Android,Confirmacao_Protocolo,Resolvido_Bot,"11,1",4,"5876,52"
CVX-003377,2026-01-02 10:09:54,WhatsApp,Vida,Varejo,Sudeste,Android,Confirmacao_Protocolo,Resolvido_Bot,"9,2",,"23538,37"
CVX-003218,2026-01-02 11:23:01,WhatsApp,Residencial,Premium,Nordeste,Android,Validacao_Apolice,Escalado_Humano,"31,6",4,
CVX-002958,2026-01-02 11:38:38,WhatsApp,Residencial,Premium,Sudeste,iOS,Validacao_Apolice,Escalado_Humano,"30,6",3,
CVX-005305,2026-01-02 11:54:46,WhatsApp,Auto,Varejo,Nordeste,Android,Upload_Fotos_Documentos,Abandonado,,,"6670,44"
CVX-001101,2026-01-02 12:06:51,WhatsApp,Vida,Premium,Sul,Android,Confirmacao_Protocolo,Resolvido_Bot,"7,5",3,"23194,11"
CVX-003321,2026-01-02 12:08:30,App,Auto,Premium,Sudeste,Android,Confirmacao_Protocolo,Resolvido_Bot,"9,3",5,"8412,02"
CVX-000535,2026-01-02 12:15:07,App,Auto,Varejo,Sul,iOS,Upload_Fotos_Documentos,Abandonado,,,"12724,15"
CVX-006073,2026-01-02 12:31:44,WhatsApp,Residencial,Varejo,Sudeste,iOS,Confirmacao_Protocolo,Resolvido_Bot,"8,7",5,"8526,51"
CVX-002940,2026-01-02 12:41:26,WhatsApp,Auto,Varejo,Sudeste,iOS,Validacao_Apolice,escalado_humano,"43,4",4,
CVX-006013,2026-01-02 12:44:41,WhatsApp,Auto,Premium,Norte,Android,Confirmacao_Protocolo,Resolvido_Bot,"11,2",,"6308,27"
CVX-006496,2026-01-02 13:03:22,WhatsApp,Auto,Varejo,Sul,Android,Upload_Fotos_Documentos,Abandonado,,,"9129,85"
CVX-000395,2026-01-02 13:14:37,WhatsApp,Auto,Varejo,Sudeste,Android,Confirmacao_Protocolo,Resolvido_Bot,"9,6",4,"4827,16"
CVX-005922,2026-01-02 13:58:31,WhatsApp,Auto,Premium,Nordeste,Android,Coleta_Dados_Sinistro,Abandonado,,,"5652,63"
CVX-000052,2026-01-02 14:47:17,WhatsApp,Auto,Varejo,Sudeste,Android,Validacao_Apolice,Escalado_Humano,"47,3",2,
CVX-005031,2026-01-02 14:50:27,App,Residencial,Premium,Sul,Android,Confirmacao_Protocolo,Resolvido_Bot,"7,6",5,"15149,86"
CVX-004838,2026-01-02 14:51:37,WhatsApp,Auto,Varejo,Centro-Oeste,Android,Validacao_Apolice,Escalado_Humano,"40,2",4,
CVX-002023,2026-01-02 15:14:22,App,Auto,Premium,Sudeste,Android,Upload_Fotos_Documentos,Abandonado,,,"5892,59"
CVX-004281,2026-01-02 15:52:08,WhatsApp,Auto,Varejo,Nordeste,iOS,Coleta_Dados_Sinistro,Escalado_Humano,"43,1",2,"2190,45"
CVX-006625,2026-01-02 16:06:58,WhatsApp,Residencial,Varejo,Sudeste,Android,Confirmacao_Protocolo,Resolvido_Bot,"13,2",4,"6940,66"
CVX-002394,2026-01-02 16:07:17,WhatsApp,Auto,Premium,Centro-Oeste,iOS,Confirmacao_Protocolo,Resolvido_Bot,"4,4",5,"1993,96"
CVX-005625,2026-01-02 16:46:33,WhatsApp,Residencial,Corporativo,Nordeste,Android,Validacao_Apolice,Abandonado,,,
CVX-004305,2026-01-02 16:58:10,WhatsApp,Auto,Varejo,Sudeste,iOS,Upload_Fotos_Documentos,Abandonado,,,"4102,4"
CVX-001911,2026-01-02 18:35:06,WhatsApp,Residencial,Varejo,Sul,Android,Confirmacao_Protocolo,Resolvido_Bot,9,5,"17082,07"
CVX-002539,2026-01-02 18:39:39,WhatsApp,Auto,Varejo,Sudeste,Android,Confirmacao_Protocolo,Resolvido_Bot,"13,5",4,"8524,1"
CVX-002384,2026-01-02 19:03:02,App,Auto,Premium,Sul,Android,Confirmacao_Protocolo,Resolvido_Bot,"7,8",,"11909,96"
CVX-006610,2026-01-02 19:17:55,WhatsApp,Auto,Varejo,Sudeste,Android,Validacao_Apolice,Escalado_Humano,44,4,
CVX-001952,2026-01-02 19:41:38,WhatsApp,Auto,Corporativo,Sudeste,Android,Validacao_Apolice,Escalado_Humano,"58,3",3,
CVX-002922,2026-01-02 19:57:00,WhatsApp,Auto,Varejo,Sudeste,iOS,Analise_Automatica,Abandonado,,,"10540,39"
CVX-000766,2026-01-02 20:17:05,WhatsApp,Residencial,Premium,Sudeste,iOS,Confirmacao_Protocolo,Resolvido_Bot,"7,5",,"10968,42"
CVX-003439,2026-01-02 20:55:16,WhatsApp,Residencial,Varejo,Sudeste,iOS,Upload_Fotos_Documentos,Escalado_Humano,23,,"22682,96"
CVX-004966,2026-01-02 20:59:15,WhatsApp,Residencial,Varejo,Sudeste,Android,Analise_Automatica,Abandonado,,,"12615,58"
CVX-000812,2026-01-03 8:10:40,WhatsApp,Auto,Premium,Centro-Oeste,Android,Upload_Fotos_Documentos,abandonado,,,"8906,13"
CVX-006737,2026-01-03 8:19:54,WhatsApp,Residencial,Varejo,Norte,iOS,Confirmacao_Protocolo,Resolvido_Bot,"8,7",5,"17397,11"
CVX-001045,2026-01-03 8:27:54,WhatsApp,Residencial,Varejo,Sul,Android,Confirmacao_Protocolo,Resolvido_Bot,8,4,"6702,11"
CVX-004450,2026-01-03 8:38:15,WhatsApp,Residencial,Premium,Sul,iOS,Confirmacao_Protocolo,Resolvido_Bot,"12,1",5,"9513,37"
CVX-003801,2026-01-03 9:06:14,App,Auto,Varejo,Nordeste,Android,Analise_Automatica,Escalado_Humano,"39,6",,"4294,06"
CVX-000826,2026-01-03 9:14:13,WhatsApp,Residencial,Premium,Norte,Android,Confirmacao_Protocolo,Resolvido_Bot,"12,5",3,"19670,48"
CVX-006411,2026-01-03 9:21:05,WhatsApp,Vida,Varejo,Norte,Android,Confirmacao_Protocolo,Resolvido_Bot,"5,6",5,"66029,23"
CVX-004816,2026-01-03 9:38:47,WhatsApp,Auto,Varejo,Nordeste,Android,Confirmacao_Protocolo,Resolvido_Bot,"12,4",,"5455,35"
CVX-003805,2026-01-03 10:17:28,App,Residencial,Varejo,Sudeste,Android,Confirmacao_Protocolo,Resolvido_Bot,"8,2",5,"11775,12"
CVX-005686,2026-01-03 10:23:58,WhatsApp,Auto,Varejo,Nordeste,iOS,Coleta_Dados_Sinistro,Abandonado,,,"8468,17"
CVX-006489,2026-01-03 10:38:42,WhatsApp,Residencial,Varejo,Nordeste,Android,Analise_Automatica,Escalado_Humano,"42,9",4,"10593,03"
CVX-001568,2026-01-03 10:53:55,App,Residencial,Premium,Sudeste,Android,Confirmacao_Protocolo,Resolvido_Bot,"12,8",3,"17487,19"
CVX-004501,2026-01-03 10:59:19,WhatsApp,Auto,Premium,Nordeste,Android,Upload_Fotos_Documentos,Abandonado,,,"7518,72"
CVX-004418,2026-01-03 11:11:30,WhatsApp,Auto,Varejo,Nordeste,Android,Confirmacao_Protocolo,Resolvido_Bot,"7,6",5,"3787,93"
CVX-001949,2026-01-03 11:13:25,WhatsApp,Vida,Varejo,Sudeste,Android,Confirmacao_Protocolo,Resolvido_Bot,11,5,"42667,41"
CVX-002873,2026-01-03 11:38:50,WhatsApp,Auto,Varejo,Sudeste,Android,Analise_Automatica,ESCALADO HUMANO,"36,5",4,"13349,64"
CVX-000239,2026-01-03 11:48:55,WhatsApp,Auto,Varejo,Norte,Android,Validacao_Apolice,Abandonado,,,
CVX-003879,2026-01-03 11:55:01,App,Auto,Varejo,Sudeste,Android,Confirmacao_Protocolo,Resolvido_Bot,"10,5",5,"5938,31"
CVX-004248,2026-01-03 12:32:01,WhatsApp,Residencial,Varejo,Nordeste,iOS,Confirmacao_Protocolo,Resolvido_Bot,"9,3",5,"11576,82"
CVX-000519,2026-01-03 12:34:46,WhatsApp,Residencial,Varejo,Norte,Android,Confirmacao_Protocolo,Resolvido_Bot,"7,4",,"15055,34"
CVX-002115,2026-01-03 13:07:52,WhatsApp,Auto,Varejo,Sul,iOS,Validacao_Apolice,Escalado_Humano,"45,7",,
CVX-005961,2026-01-03 13:26:25,WhatsApp,Auto,Premium,Nordeste,Android,Upload_Fotos_Documentos,Abandonado,,,"9435,41"
CVX-003532,2026-01-03 13:28:44,WhatsApp,Residencial,Varejo,Nordeste,Android,Confirmacao_Protocolo,Resolvido_Bot,"10,9",,"14415,35"
CVX-003996,2026-01-03 14:01:59,WhatsApp,Auto,Varejo,Sudeste,Android,Confirmacao_Protocolo,Resolvido_Bot,"12,2",,"8378,7"
CVX-002052,2026-01-03 14:19:56,WhatsApp,Auto,Premium,Sul,Android,Confirmacao_Protocolo,Resolvido_Bot,"8,8",5,"6063,53"
CVX-001929,2026-01-03 14:20:58,App,Auto,Varejo,Sul,Android,Confirmacao_Protocolo,Resolvido_Bot,"7,4",5,"5925,93"
CVX-000683,2026-01-03 14:27:33,WhatsApp,Auto,Varejo,Sul,iOS,Confirmacao_Protocolo,Resolvido_Bot,6,4,"12978,91"
CVX-004403,2026-01-03 15:04:45,WhatsApp,Residencial,Varejo,Sudeste,Android,Confirmacao_Protocolo,Resolvido_Bot,"3,3",4,"24226,79"
CVX-004136,2026-01-03 15:45:00,WhatsApp,Auto,Premium,Nordeste,Android,Inicio_Saudacao,Abandonado,,,
CVX-000797,2026-01-03 15:50:53,WhatsApp,Auto,Varejo,Sul,iOS,Validacao_Apolice,Escalado_Humano,"40,8",,
CVX-003071,2026-01-03 16:14:35,WhatsApp,Auto,Premium,Sul,Android,Confirmacao_Protocolo,Resolvido_Bot,"8,9",5,"11805,56"
CVX-002571,2026-01-03 16:15:15,WhatsApp,Auto,Varejo,Sul,Android,Coleta_Dados_Sinistro,Abandonado,,,"6778,24"
CVX-006034,2026-01-03 16:15:22,App,Residencial,Varejo,Sul,iOS,Confirmacao_Protocolo,Resolvido_Bot,"9,4",3,"7754,07"
CVX-005572,2026-01-03 16:17:59,WhatsApp,Vida,Varejo,Sul,iOS,Validacao_Apolice,Escalado_Humano,"40,6",5,
CVX-004792,2026-01-03 16:42:14,WhatsApp,Residencial,Varejo,Sudeste,iOS,Inicio_Saudacao,Abandonado,,,
CVX-006827,2026-01-03 16:51:28,WhatsApp,Auto,Premium,Sul,Android,Validacao_Apolice,Escalado_Humano,"46,5",3,
CVX-005206,2026-01-03 16:58:28,WhatsApp,Vida,Varejo,Sudeste,Android,Confirmacao_Protocolo,Resolvido_Bot,"2,7",5,"43919,41"
CVX-005662,2026-01-03 18:19:26,WhatsApp,Auto,Corporativo,Sudeste,Android,Confirmacao_Protocolo,Resolvido_Bot,"10,7",4,"9582,17"
CVX-006601,2026-01-03 18:36:07,WhatsApp,Auto,Corporativo,Sul,Android,Validacao_Apolice,Escalado_Humano,"45,8",4,
CVX-000205,2026-01-03 18:46:26,WhatsApp,Residencial,Premium,Sudeste,iOS,Upload_Fotos_Documentos,Abandonado,,,"25877,12"
CVX-006751,2026-01-03 19:34:50,WhatsApp,Auto,Varejo,Nordeste,Android,Confirmacao_Protocolo,Resolvido_Bot,"12,4",5,"9936,63"
CVX-004167,2026-01-03 19:38:58,WhatsApp,Residencial,Varejo,Sudeste,Android,Analise_Automatica,Escalado_Humano,"44,2",3,"11953,63"
CVX-004337,2026-01-03 19:46:51,WhatsApp,Residencial,Premium,Nordeste,Android,Confirmacao_Protocolo,Resolvido_Bot,"9,9",3,"12500,53"
CVX-002534,2026-01-03 20:08:36,WhatsApp,Auto,Corporativo,Sudeste,Android,Analise_Automatica,Escalado_Humano,"36,1",4,"2276,02"
CVX-003459,2026-01-03 20:21:55,WhatsApp,Auto,Varejo,Sudeste,iOS,Coleta_Dados_Sinistro,Escalado_Humano,"29,2",4,2420
CVX-004222,2026-01-03 20:47:43,WhatsApp,Auto,Varejo,Sudeste,Android,Validacao_Apolice,Escalado_Humano,"39,3",3,
CVX-006426,2026-01-04 8:02:09,App,Residencial,Varejo,Sudeste,iOS,Confirmacao_Protocolo,Resolvido_Bot,"8,9",5,"13613,37"
CVX-005902,2026-01-04 8:03:28,WhatsApp,Vida,Premium,Nordeste,Android,Upload_Fotos_Documentos,Abandonado,,,"63675,96"
CVX-001205,2026-01-04 8:27:35,WhatsApp,Auto,Varejo,Sul,Android,Confirmacao_Protocolo,Resolvido_Bot,"17,2",,"7207,72"
CVX-000227,2026-01-04 8:48:52,WhatsApp,Auto,Varejo,Sudeste,Android,Validacao_Apolice,Escalado_Humano,"21,1",2,
CVX-006976,2026-01-04 8:54:08,WhatsApp,Auto,Varejo,Sudeste,Android,Confirmacao_Protocolo,Resolvido_Bot,"10,2",4,"8879,88"
CVX-002350,2026-01-04 8:58:53,WhatsApp,Residencial,Varejo,Sudeste,iOS,Confirmacao_Protocolo,Resolvido_Bot,"13,8",4,"19010,11"
CVX-003308,2026-01-04 9:33:20,WhatsApp,Vida,Varejo,Sul,iOS,Upload_Fotos_Documentos,Abandonado,,,"48208,9"
CVX-001318,2026-01-04 9:51:03,WhatsApp,Auto,Premium,Sudeste,Android,Coleta_Dados_Sinistro,Escalado_Humano,"24,8",,"6879,85"
CVX-004338,2026-01-04 10:06:46,WhatsApp,Vida,Varejo,Sudeste,Android,Confirmacao_Protocolo,Resolvido_Bot,"8,9",5,"32730,44"
CVX-003699,2026-01-04 10:17:00,App,Residencial,Corporativo,Norte,Android,Confirmacao_Protocolo,Resolvido_Bot,"5,5",4,"19163,23"
CVX-005030,2026-01-04 10:17:11,WhatsApp,Auto,Varejo,Sudeste,Android,Confirmacao_Protocolo,Resolvido_Bot,"11,6",4,"6912,24"
CVX-006055,2026-01-04 10:18:03,WhatsApp,Residencial,Premium,Sul,Android,Confirmacao_Protocolo,Resolvido_Bot,"12,4",4,"14229,78"
CVX-005103,2026-01-04 11:07:14,WhatsApp,Auto,Varejo,Sul,Android,Confirmacao_Protocolo,Resolvido_Bot,"11,6",5,"8590,27"
CVX-006528,2026-01-04 11:09:48,WhatsApp,Residencial,Varejo,Centro-Oeste,Android,Confirmacao_Protocolo,Resolvido_Bot,"6,1",,"10172,78"
CVX-001069,2026-01-04 11:20:44,WhatsApp,Residencial,Varejo,Sudeste,Android,Confirmacao_Protocolo,Resolvido_Bot,"9,5",4,"16792,54"
CVX-005481,2026-01-04 11:45:32,WhatsApp,Vida,Varejo,Sudeste,iOS,Upload_Fotos_Documentos,Abandonado,,,"45327,84"
CVX-005187,2026-01-04 11:50:16,App,Auto,Varejo,Sudeste,iOS,Confirmacao_Protocolo,Resolvido_Bot,"7,6",,"6484,18"
CVX-000270,2026-01-04 12:01:20,WhatsApp,Residencial,Varejo,Sudeste,Android,Confirmacao_Protocolo,Resolvido_Bot,9,,"4946,49"
CVX-002038,2026-01-04 12:18:11,WhatsApp,Auto,Premium,Sudeste,Android,Confirmacao_Protocolo,Resolvido_bot ,"7,6",,"11592,95"
CVX-004859,2026-01-04 12:45:37,WhatsApp,Residencial,Premium,Nordeste,Android,Upload_Fotos_Documentos,Abandonado,,,"22593,98"
CVX-000085,2026-01-04 13:15:39,WhatsApp,Auto,Varejo,Sudeste,iOS,Confirmacao_Protocolo,Resolvido_Bot,"8,7",,"8025,54"
CVX-003333,2026-01-04 13:29:15,WhatsApp,Auto,Premium,Sudeste,Android,Confirmacao_Protocolo,Resolvido_Bot,"8,6",,"10255,74"
CVX-000872,2026-01-04 13:38:38,WhatsApp,Auto,Varejo,Sudeste,Android,Confirmacao_Protocolo,Resolvido_Bot,"9,7",5,"11052,73"
CVX-002887,2026-01-04 14:03:58,WhatsApp,Vida,Corporativo,Sudeste,iOS,Confirmacao_Protocolo,Resolvido_Bot,"7,6",5,"64667,1"
CVX-006877,2026-01-04 14:52:26,App,Auto,Corporativo,Nordeste,iOS,Inicio_Saudacao,Abandonado,,,
CVX-003793,2026-01-04 15:22:34,WhatsApp,Auto,Premium,Centro-Oeste,iOS,Confirmacao_Protocolo,Resolvido_Bot,"11,5",,"8690,61"
CVX-006648,2026-01-04 15:32:43,WhatsApp,Auto,Varejo,Nordeste,iOS,Validacao_Apolice,Escalado_Humano,"30,1",3,
CVX-002031,2026-01-04 15:37:18,WhatsApp,Auto,Premium,Sudeste,Android,Confirmacao_Protocolo,Resolvido_Bot,"12,1",5,"1634,92"
CVX-005499,2026-01-04 16:02:30,WhatsApp,Auto,Corporativo,Sudeste,iOS,Confirmacao_Protocolo,Resolvido_Bot,"8,4",3,"8157,29"
CVX-003300,2026-01-04 16:22:59,WhatsApp,Auto,Premium,Sul,Android,Upload_Fotos_Documentos,Abandonado,,,"15201,44"
CVX-000590,2026-01-04 16:24:01,WhatsApp,Auto,Varejo,Sudeste,Android,Coleta_Dados_Sinistro,Escalado_Humano,"37,1",3,"11201,32"
CVX-005895,2026-01-04 16:28:21,WhatsApp,Auto,Varejo,Sudeste,Android,Confirmacao_Protocolo,Resolvido_Bot,"6,2",4,"6359,99"
CVX-001902,2026-01-04 16:31:07,WhatsApp,Vida,Premium,Sul,Android,Confirmacao_Protocolo,Resolvido_Bot,"11,3",5,"74968,24"
CVX-004380,2026-01-04 16:34:05,WhatsApp,Residencial,Premium,Nordeste,Android,Coleta_Dados_Sinistro,Abandonado,,,"18040,92"
CVX-005853,2026-01-04 17:29:25,WhatsApp,Auto,Premium,Sul,iOS,Confirmacao_Protocolo,Resolvido_Bot,"7,7",4,"11718,02"
CVX-006274,2026-01-04 17:33:41,WhatsApp,Auto,Premium,Sudeste,Android,Confirmacao_Protocolo,Resolvido_Bot,9,,"4699,95"
CVX-001721,2026-01-04 17:46:54,WhatsApp,Auto,Premium,Centro-Oeste,Android,Confirmacao_Protocolo,Resolvido_Bot,"11,3",3,"8287,53"
CVX-002557,2026-01-04 18:02:07,WhatsApp,Vida,Varejo,Sudeste,iOS,Validacao_Apolice,abandono,,,
CVX-003192,2026-01-04 18:02:48,WhatsApp,Auto,Premium,Centro-Oeste,iOS,Confirmacao_Protocolo,RESOLVIDO_BOT,"11,8",3,"9418,16"
CVX-000150,2026-01-04 18:21:23,WhatsApp,Residencial,Corporativo,Nordeste,iOS,Upload_Fotos_Documentos,Escalado_Humano,"27,7",5,"5438,06"
CVX-006641,2026-01-04 19:42:08,App,Residencial,Varejo,Sudeste,Android,Confirmacao_Protocolo,Resolvido_Bot,"10,6",,"10149,13"
CVX-001894,2026-01-04 20:07:31,WhatsApp,Auto,Varejo,Sudeste,Android,Coleta_Dados_Sinistro,Escalado_Humano,"39,8",3,"4323,63"
CVX-002130,2026-01-04 20:12:42,WhatsApp,Residencial,Premium,Sudeste,Android,Confirmacao_Protocolo,Resolvido_Bot,"14,5",,"9250,44"
CVX-000136,2026-01-04 20:18:57,WhatsApp,Residencial,Varejo,Sul,Android,Confirmacao_Protocolo,Resolvido_Bot,"11,7",,"19646,28"
CVX-001356,2026-01-04 20:31:39,WhatsApp,Auto,Varejo,Centro-Oeste,Android,Validacao_Apolice,Abandonado,,,
CVX-002581,2026-01-04 20:45:37,WhatsApp,Residencial,Varejo,Sudeste,Android,Confirmacao_Protocolo,Resolvido_Bot,"12,6",4,"18404,9"
CVX-004559,2026-01-04 20:46:39,App,Residencial,Varejo,Sul,Android,Confirmacao_Protocolo,Resolvido_Bot,"13,2",4,"17965,7"
CVX-001743,2026-01-04 20:53:07,WhatsApp,Residencial,Premium,Sudeste,Android,Validacao_Apolice,Escalado_Humano,"48,5",3,
CVX-004430,2026-01-05 8:04:57,WhatsApp,Residencial,Varejo,Centro-Oeste,Android,Validacao_Apolice,Escalado_Humano,"47,7",3,
CVX-006082,2026-01-05 8:11:39,App,Auto,Varejo,Sudeste,Android,Coleta_Dados_Sinistro,Abandonado,,,"5364,7"
CVX-006824,2026-01-05 8:17:59,WhatsApp,Auto,Corporativo,Sudeste,Android,Confirmacao_Protocolo,Resolvido_Bot,"7,8",4,"5113,97"
CVX-002698,2026-01-05 8:18:03,WhatsApp,Auto,Varejo,Sudeste,iOS,Validacao_Apolice,Escalado_Humano,"42,7",4,
CVX-000415,2026-01-05 8:36:54,App,Auto,Varejo,Nordeste,Android,Coleta_Dados_Sinistro,Escalado_Humano,"39,8",2,"10632,63"
CVX-000768,2026-01-05 8:48:54,WhatsApp,Auto,Premium,Sudeste,Android,Confirmacao_Protocolo,Resolvido_Bot,"10,6",4,"8327,14"
CVX-004542,2026-01-05 8:50:13,WhatsApp,Auto,Premium,Sudeste,Android,Confirmacao_Protocolo,Resolvido_Bot,"10,8",4,"2104,21"
CVX-004143,2026-01-05 8:54:11,WhatsApp,Residencial,Premium,Centro-Oeste,Android,Upload_Fotos_Documentos,Escalado_Humano,"57,9",3,"11128,07"
CVX-005862,2026-01-05 8:58:39,WhatsApp,Vida,Varejo,Centro-Oeste,iOS,Analise_Automatica,Escalado_Humano,"29,6",,"38798,82"
CVX-001729,2026-01-05 9:10:52,App,Residencial,Varejo,Nordeste,Android,Upload_Fotos_Documentos,Abandonado,,,"28261,15"
CVX-006211,2026-01-05 9:14:21,WhatsApp,Residencial,Varejo,Centro-Oeste,iOS,Upload_Fotos_Documentos,Abandonado,,,"11430,81"
CVX-004147,2026-01-05 9:41:13,WhatsApp,Residencial,Varejo,Sul,iOS,Confirmacao_Protocolo,Resolvido_Bot,"11,8",5,"16578,34"
CVX-001161,2026-01-05 9:50:10,WhatsApp,Residencial,Varejo,Sul,iOS,Confirmacao_Protocolo,Resolvido_Bot,"6,6",2,"4277,54"
CVX-003394,2026-01-05 9:56:46,WhatsApp,Vida,Premium,Sudeste,Android,Validacao_Apolice,Escalado_Humano,13,,
CVX-003282,2026-01-05 11:41:58,App,Residencial,Premium,Centro-Oeste,Android,Upload_Fotos_Documentos,Abandonado,,,"18766,47"
CVX-002815,2026-01-05 11:53:27,WhatsApp,Vida,Corporativo,Sudeste,Android,Validacao_Apolice,Escalado_Humano,"26,2",3,
CVX-002560,2026-01-05 12:10:43,WhatsApp,Vida,Premium,Sudeste,Android,Coleta_Dados_Sinistro,Escalado_Humano,"35,6",4,"44500,74"
CVX-004075,2026-01-05 12:16:32,WhatsApp,Residencial,Varejo,Nordeste,iOS,Upload_Fotos_Documentos,Abandonado,,,"12945,9"
CVX-003642,2026-01-05 12:59:40,WhatsApp,Vida,Varejo,Sul,iOS,Upload_Fotos_Documentos,Abandonado,,,"59849,92"
CVX-004257,2026-01-05 13:07:34,WhatsApp,Vida,Premium,Centro-Oeste,iOS,Confirmacao_Protocolo,Resolvido_Bot,"6,7",4,"58860,54"
CVX-004673,2026-01-05 13:27:36,WhatsApp,Vida,Varejo,Centro-Oeste,Android,Validacao_Apolice,Escalado_Humano,"44,2",,
CVX-005373,2026-01-05 14:07:07,WhatsApp,Vida,Varejo,Sul,Android,Upload_Fotos_Documentos,Abandonado,,,"41669,97"
CVX-003351,2026-01-05 14:08:09,WhatsApp,Auto,Varejo,Sudeste,Android,Confirmacao_Protocolo,Resolvido_Bot,"11,6",5,"6129,52"
CVX-002152,2026-01-05 14:21:10,WhatsApp,Auto,Varejo,Norte,Android,Confirmacao_Protocolo,Resolvido_Bot,"9,2",,"7605,04"
CVX-003824,2026-01-05 14:30:33,WhatsApp,Auto,Premium,Sul,Android,Confirmacao_Protocolo,Resolvido_Bot,"12,4",4,"7247,01"
CVX-002501,2026-01-05 14:44:33,WhatsApp,Residencial,Varejo,Sul,iOS,Upload_Fotos_Documentos,Escalado_Humano,"23,2",4,"8228,96"
CVX-000069,2026-01-05 14:54:47,WhatsApp,Auto,Varejo,Sudeste,Android,Confirmacao_Protocolo,RESOLVIDO_BOT,"7,7",,"13242,96"
CVX-006270,2026-01-05 15:14:25,WhatsApp,Vida,Varejo,Nordeste,iOS,Analise_Automatica,Escalado_Humano,"28,4",4,"41881,96"
CVX-001841,2026-01-05 15:26:14,WhatsApp,Residencial,Premium,Centro-Oeste,iOS,Confirmacao_Protocolo,Resolvido_Bot,"16,8",5,"23198,63"
CVX-004969,2026-01-05 15:49:54,WhatsApp,Auto,Premium,Sudeste,Android,Confirmacao_Protocolo,Resolvido_Bot,"8,3",3,"3783,14"
CVX-003862,2026-01-05 15:56:12,WhatsApp,Residencial,Varejo,Sudeste,Android,Confirmacao_Protocolo,Resolvido_Bot,"10,6",3,"13511,58"
CVX-002750,2026-01-05 16:15:49,WhatsApp,Auto,Premium,Sudeste,Android,Validacao_Apolice,Abandonado,,,
CVX-002122,2026-01-05 16:24:07,WhatsApp,Residencial,Corporativo,Nordeste,Android,Confirmacao_Protocolo,Resolvido_Bot,"6,2",4,"24058,17"
CVX-000795,2026-01-05 16:26:26,WhatsApp,Vida,Premium,Sudeste,Android,Validacao_Apolice,Escalado_Humano,"44,3",4,
CVX-002321,2026-01-05 16:51:45,WhatsApp,Vida,Varejo,Sul,Android,Validacao_Apolice,Escalado_Humano,"34,8",3,
CVX-005417,2026-01-05 17:05:46,WhatsApp,Vida,Varejo,Sudeste,Android,Confirmacao_Protocolo,Resolvido_Bot,"9,6",5,"11076,9"
CVX-002919,2026-01-05 17:08:20,WhatsApp,Auto,Varejo,Sudeste,Android,Confirmacao_Protocolo,Resolvido_Bot,"7,5",5,"10014,21"
CVX-000650,2026-01-05 17:29:57,WhatsApp,Vida,Varejo,Centro-Oeste,Android,Upload_Fotos_Documentos,Abandonado,,,"52516,09"
CVX-006727,2026-01-05 18:08:12,WhatsApp,Auto,Varejo,Sul,Android,Upload_Fotos_Documentos,Abandonado,,,"3837,46"
CVX-000972,2026-01-05 18:16:31,WhatsApp,Residencial,Varejo,Sudeste,Android,Confirmacao_Protocolo,Resolvido_Bot,"11,6",4,"21821,06"
CVX-006209,2026-01-05 18:35:17,WhatsApp,Residencial,Corporativo,Centro-Oeste,Android,Analise_Automatica,Abandonado,,,"8581,45"
CVX-002080,2026-01-05 18:52:56,WhatsApp,Auto,Premium,Sudeste,Android,Confirmacao_Protocolo,Resolvido_Bot,"5,6",,"12565,31"
CVX-002018,2026-01-05 18:55:15,WhatsApp,Auto,Varejo,Sul,Android,Confirmacao_Protocolo,Resolvido_Bot,"11,8",3,"11059,86"
CVX-004232,2026-01-05 18:59:35,WhatsApp,Residencial,Varejo,Nordeste,Android,Coleta_Dados_Sinistro,Escalado_Humano,"48,4",,"7344,94"
CVX-002605,2026-01-05 20:12:50,WhatsApp,Residencial,Varejo,Sul,Android,Confirmacao_Protocolo,Resolvido_Bot,"9,2",5,"6810,55"
CVX-003691,2026-01-06 8:14:21,WhatsApp,Vida,Premium,Sul,Android,Validacao_Apolice,Escalado_Humano,"46,4",,
CVX-001433,2026-01-06 8:20:22,WhatsApp,Residencial,Varejo,Sudeste,Android,Upload_Fotos_Documentos,Abandonado,,,"13341,13"
CVX-001620,2026-01-06 8:23:52,WhatsApp,Auto,Varejo,Nordeste,Android,Coleta_Dados_Sinistro,Escalado_Humano,"13,9",5,"4393,27"
CVX-001019,2026-01-06 8:24:05,WhatsApp,Residencial,Varejo,Sul,Android,Validacao_Apolice,Escalado_Humano,"17,9",3,
CVX-001382,2026-01-06 8:24:44,WhatsApp,Residencial,Varejo,Sudeste,Android,Coleta_Dados_Sinistro,Abandonado,,,"2245,85"
CVX-003353,2026-01-06 8:27:42,WhatsApp,Residencial,Varejo,Sul,Android,Confirmacao_Protocolo,Resolvido_Bot,"9,5",4,"24866,78"
CVX-002276,2026-01-06 8:34:28,WhatsApp,Auto,Varejo,Sudeste,Android,Upload_Fotos_Documentos,Abandonado,,,"7681,13"
CVX-005126,2026-01-06 8:44:43,WhatsApp,Auto,Varejo,Sudeste,Android,Coleta_Dados_Sinistro,Abandonado,,,"3862,92"
CVX-003886,2026-01-06 8:53:46,WhatsApp,Auto,Varejo,Sudeste,Android,Upload_Fotos_Documentos,Abandonado,,,"6430,03"
CVX-000125,2026-01-06 8:54:23,WhatsApp,Vida,Varejo,Nordeste,Android,Confirmacao_Protocolo,Resolvido_Bot,"7,4",,"53367,35"
CVX-005138,2026-01-06 8:59:02,WhatsApp,Auto,Varejo,Centro-Oeste,Android,Validacao_Apolice,Abandonado,,,
CVX-002567,2026-01-06 9:25:30,WhatsApp,Auto,Premium,Sudeste,Android,Coleta_Dados_Sinistro,Abandonado,,,"11590,62"
CVX-003372,2026-01-06 9:39:23,WhatsApp,Auto,Varejo,Sul,iOS,Upload_Fotos_Documentos,abandonado,,,"12862,51"
CVX-004441,2026-01-06 9:46:42,WhatsApp,Residencial,Varejo,Sul,Android,Coleta_Dados_Sinistro,Escalado_Humano,"19,8",4,"15435,9"
CVX-006056,2026-01-06 10:06:18,WhatsApp,Vida,Varejo,Sudeste,Android,Upload_Fotos_Documentos,Escalado_Humano,"41,4",4,"49224,64"
CVX-004568,2026-01-06 10:18:23,WhatsApp,Vida,Premium,Sudeste,iOS,Upload_Fotos_Documentos,Abandonado,,,"56902,99"
CVX-001660,2026-01-06 10:24:52,App,Auto,Varejo,Sudeste,iOS,Confirmacao_Protocolo,RESOLVIDO_BOT,"16,7",4,"6976,95"
CVX-002814,2026-01-06 10:27:23,WhatsApp,Auto,Corporativo,Sudeste,iOS,Confirmacao_Protocolo,Resolvido_Bot,"5,7",5,"12421,23"
CVX-002296,2026-01-06 10:41:00,WhatsApp,Auto,Corporativo,Nordeste,Android,Coleta_Dados_Sinistro,Escalado_Humano,"47,2",,"8834,01"
CVX-005400,2026-01-06 10:51:49,WhatsApp,Auto,Premium,Centro-Oeste,iOS,Upload_Fotos_Documentos,Abandonado,,,"9532,58"
CVX-006679,2026-01-06 11:29:19,App,Vida,Corporativo,Nordeste,Android,Upload_Fotos_Documentos,Escalado_Humano,54,3,"39524,06"
CVX-004644,2026-01-06 11:40:19,WhatsApp,Auto,Varejo,Nordeste,Android,Confirmacao_Protocolo,Resolvido_Bot,"3,1",5,"2031,86"
CVX-003443,2026-01-06 11:46:47,WhatsApp,Vida,Varejo,Sul,iOS,Confirmacao_Protocolo,Resolvido_Bot,"13,1",4,"40512,03"
CVX-006547,2026-01-06 11:50:59,WhatsApp,Vida,Varejo,Sul,iOS,Confirmacao_Protocolo,Resolvido_Bot,"8,8",,"22790,34"
CVX-002097,2026-01-06 11:51:32,App,Auto,Premium,Centro-Oeste,Android,Confirmacao_Protocolo,Resolvido_Bot,"5,7",,"2589,84"
CVX-006269,2026-01-06 12:10:21,WhatsApp,Auto,Varejo,Sudeste,Android,Confirmacao_Protocolo,resolvido_bot,"6,5",5,"2243,32"
CVX-005751,2026-01-06 12:37:02,WhatsApp,Auto,Corporativo,Sudeste,Android,Upload_Fotos_Documentos,Escalado_Humano,"40,7",,"13353,89"
CVX-004474,2026-01-06 12:41:18,WhatsApp,Auto,Varejo,Sudeste,Android,Confirmacao_Protocolo,Resolvido_Bot,"6,9",3,"9643,93"
CVX-000620,2026-01-06 13:07:45,WhatsApp,Residencial,Varejo,Nordeste,Android,Confirmacao_Protocolo,Resolvido_Bot,"9,9",4,"11770,08"
CVX-001386,2026-01-06 13:18:30,WhatsApp,Residencial,Varejo,Sudeste,Android,Validacao_Apolice,ESCALADO HUMANO,"41,9",3,
CVX-006275,2026-01-06 13:41:30,WhatsApp,Auto,Varejo,Norte,iOS,Validacao_Apolice,Escalado_Humano,"48,9",4,
CVX-003176,2026-01-06 13:41:34,App,Residencial,Varejo,Nordeste,Android,Confirmacao_Protocolo,Resolvido_Bot,"5,8",5,"16512,57"
CVX-000485,2026-01-06 14:01:06,WhatsApp,Residencial,Corporativo,Sudeste,Android,Confirmacao_Protocolo,Resolvido_Bot,11,3,"15145,27"
CVX-003934,2026-01-06 14:34:16,App,Auto,Corporativo,Sudeste,Android,Analise_Automatica,Escalado_Humano,"45,8",,"467,52"
CVX-000422,2026-01-06 14:41:07,WhatsApp,Vida,Varejo,Sudeste,Android,Confirmacao_Protocolo,Resolvido_Bot,"5,6",4,"38663,22"
CVX-006243,2026-01-06 14:47:27,App,Auto,Premium,Sudeste,Android,Confirmacao_Protocolo,Resolvido_Bot,"4,2",,"8280,17"
CVX-003255,2026-01-06 16:04:06,WhatsApp,Residencial,Premium,Centro-Oeste,Android,Upload_Fotos_Documentos,Abandonado,,,"19175,81"
CVX-006181,2026-01-06 16:33:54,WhatsApp,Vida,Varejo,Sudeste,Android,Confirmacao_Protocolo,Resolvido_Bot,"13,1",4,"21800,36"
CVX-001364,2026-01-06 16:42:26,WhatsApp,Vida,Varejo,Sudeste,Android,Coleta_Dados_Sinistro,Escalado_humano,"26,2",,"80422,28"
CVX-004746,2026-01-06 17:03:48,App,Auto,Varejo,Sul,Android,Upload_Fotos_Documentos,Abandonado,,,"8149,42"
CVX-005317,2026-01-06 17:11:48,WhatsApp,Auto,Premium,Centro-Oeste,Android,Validacao_Apolice,Abandonado,,,
CVX-002118,2026-01-06 17:13:30,WhatsApp,Auto,Corporativo,Sudeste,Android,Validacao_Apolice,Escalado_Humano,"48,9",,
CVX-000723,2026-01-06 17:23:51,WhatsApp,Auto,Varejo,Sudeste,Android,Analise_Automatica,Abandonado,,,"11592,62"
CVX-005324,2026-01-06 17:52:25,WhatsApp,Vida,Premium,Sudeste,Android,Validacao_Apolice,Escalado_Humano,"53,1",3,
CVX-002870,2026-01-06 17:55:11,WhatsApp,Auto,Corporativo,Nordeste,iOS,Validacao_Apolice,Escalado_Humano,26,3,
CVX-005776,2026-01-06 18:03:32,WhatsApp,Auto,Varejo,Sudeste,iOS,Validacao_Apolice,Escalado_Humano,"53,8",4,
CVX-000633,2026-01-06 18:50:14,WhatsApp,Auto,Varejo,Sudeste,Android,Confirmacao_Protocolo,Resolvido_Bot,"8,9",4,"15253,1"
CVX-000164,2026-01-06 18:54:20,WhatsApp,Residencial,Varejo,Sudeste,Android,Confirmacao_Protocolo,Resolvido_Bot,"5,8",3,"6219,46"
CVX-003838,2026-01-06 19:16:40,WhatsApp,Auto,Premium,Sudeste,Android,Upload_Fotos_Documentos,Escalado_Humano,"41,4",2,"11862,32"
CVX-005945,2026-01-06 19:24:50,WhatsApp,Auto,Corporativo,Sul,Android,Confirmacao_Protocolo,Resolvido_Bot,"7,8",,"8771,3"
CVX-000726,2026-01-06 19:39:44,WhatsApp,Residencial,Corporativo,Sudeste,Android,Coleta_Dados_Sinistro,Escalado_Humano,"39,2",4,"21471,46"
CVX-000435,2026-01-06 19:40:09,WhatsApp,Auto,Corporativo,Sudeste,Android,Confirmacao_Protocolo,Resolvido_Bot,"11,1",5,"2367,22"
CVX-006506,2026-01-06 19:49:55,WhatsApp,Auto,Premium,Sul,Android,Confirmacao_Protocolo,Resolvido_Bot,9,5,"12171,7"
CVX-002229,2026-01-06 20:04:54,WhatsApp,Auto,Corporativo,Centro-Oeste,Android,Confirmacao_Protocolo,Resolvido_Bot,"8,4",4,"7083,19"
CVX-005218,2026-01-06 20:45:28,WhatsApp,Auto,Varejo,Norte,Android,Validacao_Apolice,Escalado_Humano,"34,8",,
CVX-003454,2026-01-06 20:52:23,WhatsApp,Auto,Premium,Sudeste,Android,Confirmacao_Protocolo,resolvido_bot,"8,7",,"12082,51"
CVX-001315,2026-01-06 20:55:15,WhatsApp,Residencial,Varejo,Sudeste,Android,Confirmacao_Protocolo,Resolvido_Bot,9,5,"17410,98"
CVX-005930,2026-01-07 8:12:05,WhatsApp,Auto,Varejo,Sudeste,Android,Coleta_Dados_Sinistro,Abandonado,,,"7891,43"
CVX-002011,2026-01-07 8:16:05,WhatsApp,Auto,Premium,Nordeste,iOS,Confirmacao_Protocolo,Resolvido_Bot,"9,6",4,"9238,21"
CVX-000635,2026-01-07 8:19:49,WhatsApp,Vida,Premium,Sudeste,iOS,Confirmacao_Protocolo,Resolvido_Bot,"7,4",4,"18127,25"
CVX-001940,2026-01-07 8:33:24,WhatsApp,Auto,Varejo,Centro-Oeste,Android,Confirmacao_Protocolo,Resolvido_Bot,"6,3",5,"13091,74"
CVX-002385,2026-01-07 8:35:39,App,Auto,Varejo,Sudeste,Android,Confirmacao_Protocolo,Resolvido_Bot,11,5,"7432,63"
CVX-004682,2026-01-07 8:41:59,WhatsApp,Residencial,Premium,Centro-Oeste,Android,Coleta_Dados_Sinistro,Escalado_Humano,"36,4",4,"7466,43"
CVX-002840,2026-01-07 9:12:57,WhatsApp,Auto,Varejo,Sudeste,iOS,Validacao_Apolice,Escalado_Humano,"42,2",4,
CVX-005639,2026-01-07 9:13:51,WhatsApp,Auto,Varejo,Sudeste,iOS,Confirmacao_Protocolo,Resolvido_Bot,"8,6",4,"4300,48"
CVX-002447,2026-01-07 9:23:53,WhatsApp,Residencial,Varejo,Nordeste,Android,Validacao_Apolice,Escalado_Humano,59,,
CVX-006523,2026-01-07 9:26:26,WhatsApp,Auto,Premium,Sul,Android,Confirmacao_Protocolo,Resolvido_Bot,"9,8",4,"8750,91"
CVX-004014,2026-01-07 9:32:16,WhatsApp,Auto,Varejo,Centro-Oeste,Android,Confirmacao_Protocolo,Resolvido_Bot,"6,8",5,"2266,78"
CVX-006476,2026-01-07 10:18:09,WhatsApp,Auto,Varejo,Norte,Android,Confirmacao_Protocolo,Resolvido_Bot,10,,"7393,4"
CVX-005611,2026-01-07 10:33:11,WhatsApp,Auto,Varejo,Norte,Android,Confirmacao_Protocolo,Resolvido_Bot,"7,1",4,"6611,66"
CVX-001390,2026-01-07 11:12:54,WhatsApp,Residencial,Premium,Norte,Android,Inicio_Saudacao,Abandonado,,,
CVX-004541,2026-01-07 11:15:15,WhatsApp,Auto,Corporativo,Nordeste,Android,Upload_Fotos_Documentos,Abandonado,,,"9260,78"
CVX-004459,2026-01-07 11:26:44,App,Auto,Varejo,Sudeste,Android,Confirmacao_Protocolo,Resolvido_Bot,"7,8",5,"9988,14"
CVX-000176,2026-01-07 11:31:49,WhatsApp,Auto,Varejo,Sul,Android,Confirmacao_Protocolo,Resolvido_Bot,"11,4",5,"6922,71"
CVX-005342,2026-01-07 11:37:31,WhatsApp,Vida,Premium,Sul,Android,Validacao_Apolice,Abandonado,,,
CVX-006508,2026-01-07 12:06:20,WhatsApp,Residencial,Premium,Norte,Android,Upload_Fotos_Documentos,Abandonado,,,"24566,96"
CVX-005174,2026-01-07 12:14:21,WhatsApp,Residencial,Premium,Centro-Oeste,Android,Upload_Fotos_Documentos,Abandonado,,,"4492,27"
CVX-000555,2026-01-07 12:38:06,WhatsApp,Auto,Varejo,Sudeste,iOS,Confirmacao_Protocolo,Resolvido_Bot,"5,4",5,"15009,32"
CVX-000759,2026-01-07 13:17:18,WhatsApp,Auto,Premium,Sul,Android,Confirmacao_Protocolo,Resolvido_Bot,"14,9",4,"6646,2"
CVX-006761,2026-01-07 13:57:13,WhatsApp,Residencial,Varejo,Sudeste,iOS,Confirmacao_Protocolo,Resolvido_Bot,"6,4",5,"9870,74"
CVX-005987,2026-01-07 14:22:58,WhatsApp,Auto,Varejo,Nordeste,Android,Analise_Automatica,Escalado_Humano,"28,2",4,"1251,68"
CVX-006868,2026-01-07 14:25:36,WhatsApp,Residencial,Varejo,Nordeste,Android,Confirmacao_Protocolo,Resolvido_bot ,"5,1",3,"3905,11"
CVX-001261,2026-01-07 14:26:37,WhatsApp,Auto,Premium,Sudeste,iOS,Confirmacao_Protocolo,Resolvido_Bot,"19,4",3,"10221,11"
CVX-005176,2026-01-07 14:51:52,WhatsApp,Auto,Varejo,Sul,Android,Upload_Fotos_Documentos,Abandonado,,,"12256,49"
CVX-003096,2026-01-07 15:09:50,WhatsApp,Residencial,Varejo,Sudeste,Android,Validacao_Apolice,Escalado_Humano,"31,6",5,
CVX-005005,2026-01-07 15:33:57,WhatsApp,Auto,Varejo,Sudeste,Android,Confirmacao_Protocolo,Resolvido_Bot,"9,4",5,"6700,05"
CVX-003595,2026-01-07 15:36:51,WhatsApp,Residencial,Varejo,Sul,Android,Confirmacao_Protocolo,Resolvido_Bot,"4,7",3,"20167,25"
CVX-000281,2026-01-07 15:49:51,WhatsApp,Auto,Varejo,Nordeste,iOS,Upload_Fotos_Documentos,Abandonado,,,"3450,78"
CVX-000763,2026-01-07 16:00:36,WhatsApp,Residencial,Premium,Nordeste,iOS,Confirmacao_Protocolo,Resolvido_Bot,"9,8",5,"19535,13"
CVX-004276,2026-01-07 16:07:41,WhatsApp,Auto,Varejo,Sul,Android,Analise_Automatica,Abandonado,,,"2710,51"
CVX-004803,2026-01-07 16:16:11,WhatsApp,Auto,Varejo,Nordeste,Android,Confirmacao_Protocolo,Resolvido_Bot,"6,7",,"5758,39"
CVX-000903,2026-01-07 16:17:48,WhatsApp,Auto,Varejo,Norte,Android,Analise_Automatica,Escalado_Humano,"37,7",3,"11572,04"
CVX-001926,2026-01-07 16:59:03,WhatsApp,Auto,Varejo,Nordeste,Android,Validacao_Apolice,Escalado_Humano,"34,8",4,
CVX-005855,2026-01-07 17:05:06,WhatsApp,Residencial,Varejo,Nordeste,Android,Confirmacao_Protocolo,Resolvido_Bot,"4,5",4,"10123,39"
CVX-000451,2026-01-07 17:10:21,WhatsApp,Vida,Varejo,Sudeste,Android,Confirmacao_Protocolo,Resolvido_Bot,2,5,"21490,64"
CVX-005954,2026-01-07 17:13:23,WhatsApp,Residencial,Varejo,Sul,iOS,Upload_Fotos_Documentos,Escalado_Humano,"59,3",4,"12299,52"
CVX-006158,2026-01-07 17:20:06,WhatsApp,Auto,Varejo,Sudeste,iOS,Upload_Fotos_Documentos,Abandonado,,,"11589,82"
CVX-000028,2026-01-07 17:20:09,WhatsApp,Vida,Varejo,Nordeste,Android,Confirmacao_Protocolo,Resolvido_Bot,"13,7",4,"2620,93"
CVX-000643,2026-01-07 17:27:22,WhatsApp,Vida,Premium,Sudeste,iOS,Confirmacao_Protocolo,Resolvido_Bot,"7,3",5,"42423,4"
CVX-003531,2026-01-07 17:39:26,WhatsApp,Vida,Varejo,Sudeste,Android,Confirmacao_Protocolo,Resolvido_Bot,10,4,"52589,93"
CVX-005886,2026-01-07 18:13:21,WhatsApp,Auto,Corporativo,Sudeste,Android,Upload_Fotos_Documentos,Abandonado,,,"7351,4"
CVX-003698,2026-01-07 18:21:54,WhatsApp,Residencial,Corporativo,Nordeste,Android,Confirmacao_Protocolo,Resolvido_Bot,"5,5",,"7417,79"
CVX-005033,2026-01-07 18:43:21,WhatsApp,Residencial,Varejo,Sul,Android,Confirmacao_Protocolo,Resolvido_Bot,"14,4",4,"8895,51"
CVX-002298,2026-01-07 18:44:33,WhatsApp,Auto,Varejo,Norte,Android,Confirmacao_Protocolo,Resolvido_Bot,"10,9",4,"10524,87"
CVX-003260,2026-01-07 19:14:26,WhatsApp,Auto,Premium,Sudeste,Android,Confirmacao_Protocolo,Resolvido_Bot,"5,5",4,"8575,75"
CVX-006195,2026-01-07 19:14:33,App,Residencial,Varejo,Nordeste,Android,Confirmacao_Protocolo,Resolvido_Bot,"11,6",4,"11289,14"
CVX-003134,2026-01-07 19:40:29,WhatsApp,Vida,Corporativo,Nordeste,Android,Upload_Fotos_Documentos,Abandonado,,,"39141,86"
CVX-002388,2026-01-07 20:01:10,WhatsApp,Residencial,Premium,Sudeste,Android,Validacao_Apolice,Escalado_Humano,"32,8",3,
CVX-002046,2026-01-07 20:18:58,WhatsApp,Vida,Varejo,Centro-Oeste,Android,Validacao_Apolice,Escalado_Humano,"19,6",,
CVX-005972,2026-01-07 20:27:59,WhatsApp,Auto,Corporativo,Sudeste,Android,Confirmacao_Protocolo,Resolvido_Bot,9,5,"9791,5"
CVX-002774,2026-01-07 20:39:12,WhatsApp,Auto,Varejo,Centro-Oeste,iOS,Inicio_Saudacao,abandonado,,,
CVX-002811,2026-01-07 20:41:40,WhatsApp,Auto,Varejo,Sul,Android,Upload_Fotos_Documentos,Abandonado,,,"11940,1"
CVX-003306,2026-01-07 20:44:08,WhatsApp,Vida,Varejo,Centro-Oeste,Android,Validacao_Apolice,Escalado_humano,31,5,
CVX-002160,2026-01-07 20:51:28,WhatsApp,Auto,Premium,Sudeste,Android,Confirmacao_Protocolo,Resolvido_Bot,"9,1",5,"4338,18"
CVX-005700,2026-01-08 8:28:11,WhatsApp,Auto,Varejo,Centro-Oeste,iOS,Confirmacao_Protocolo,Resolvido_Bot,"12,2",4,"9869,51"
CVX-003977,2026-01-08 8:55:10,WhatsApp,Residencial,Corporativo,Sudeste,Android,Confirmacao_Protocolo,Resolvido_Bot,"12,5",5,"24925,16"
CVX-006372,2026-01-08 9:09:16,WhatsApp,Residencial,Varejo,Nordeste,iOS,Validacao_Apolice,escalado_humano,"43,6",3,
CVX-000732,2026-01-08 9:11:20,App,Auto,Varejo,Sudeste,iOS,Confirmacao_Protocolo,Resolvido_Bot,"6,2",,"10244,03"
CVX-005185,2026-01-08 9:21:30,WhatsApp,Auto,Varejo,Centro-Oeste,Android,Validacao_Apolice,Escalado_Humano,"45,9",,
CVX-000988,2026-01-08 9:24:20,App,Auto,Varejo,Norte,Android,Confirmacao_Protocolo,Resolvido_Bot,"14,1",,"1667,43"
CVX-001726,2026-01-08 9:39:15,WhatsApp,Residencial,Varejo,Sudeste,iOS,Validacao_Apolice,Abandonado,,,
CVX-003414,2026-01-08 9:40:19,WhatsApp,Residencial,Premium,Nordeste,iOS,Validacao_Apolice,Escalado_Humano,"33,5",4,
CVX-002823,2026-01-08 9:49:57,WhatsApp,Residencial,Premium,Sudeste,Android,Validacao_Apolice,Abandonado,,,
CVX-001442,2026-01-08 10:32:58,WhatsApp,Auto,Premium,Centro-Oeste,iOS,Confirmacao_Protocolo,Resolvido_Bot,"8,1",5,"11943,04"
CVX-005266,2026-01-08 11:00:31,WhatsApp,Residencial,Premium,Sul,iOS,Coleta_Dados_Sinistro,Escalado_Humano,"48,5",,"14070,1"
CVX-002362,2026-01-08 11:18:38,App,Auto,Premium,Sudeste,Android,Confirmacao_Protocolo,Resolvido_Bot,"5,1",4,"10529,84"
CVX-005060,2026-01-08 11:24:36,App,Vida,Corporativo,Nordeste,iOS,Confirmacao_Protocolo,Resolvido_Bot,"11,1",5,"54114,43"
CVX-000513,2026-01-08 12:06:26,WhatsApp,Auto,Premium,Sudeste,Android,Analise_Automatica,Escalado_Humano,"19,1",,"4884,29"
CVX-005137,2026-01-08 12:10:21,WhatsApp,Auto,Varejo,Nordeste,iOS,Confirmacao_Protocolo,Resolvido_Bot,"6,5",5,"12846,79"
CVX-001669,2026-01-08 12:20:00,WhatsApp,Residencial,Premium,Sul,iOS,Upload_Fotos_Documentos,ABANDONADO ,,,"17108,63"
CVX-004636,2026-01-08 12:22:47,WhatsApp,Auto,Varejo,Sudeste,iOS,Confirmacao_Protocolo,Resolvido_Bot,"5,3",,"11258,78"
CVX-005760,2026-01-08 12:35:41,WhatsApp,Auto,Premium,Sudeste,Android,Validacao_Apolice,Escalado_Humano,"34,9",3,
CVX-000287,2026-01-08 13:12:35,WhatsApp,Auto,Varejo,Sul,Android,Validacao_Apolice,Escalado_Humano,"54,6",4,
CVX-001139,2026-01-08 13:15:24,App,Residencial,Varejo,Sudeste,Android,Confirmacao_Protocolo,Resolvido_Bot,"12,4",,"12750,69"
CVX-006988,2026-01-08 13:42:12,WhatsApp,Residencial,Varejo,Sudeste,Android,Confirmacao_Protocolo,Resolvido_Bot,"18,6",,"16869,76"
CVX-000271,2026-01-08 14:00:44,WhatsApp,Vida,Corporativo,Sudeste,Android,Confirmacao_Protocolo,Resolvido_Bot,7,,"51390,64"
CVX-001732,2026-01-08 14:01:59,App,Residencial,Varejo,Centro-Oeste,iOS,Coleta_Dados_Sinistro,Escalado_Humano,"36,7",,300
CVX-006534,2026-01-08 14:09:02,WhatsApp,Auto,Corporativo,Sudeste,Android,Upload_Fotos_Documentos,abandonado,,,"7802,88"
CVX-001309,2026-01-08 14:11:53,WhatsApp,Residencial,Varejo,Sudeste,iOS,Upload_Fotos_Documentos,Abandonado,,,"18349,34"
CVX-002493,2026-01-08 14:17:00,WhatsApp,Residencial,Premium,Sul,iOS,Confirmacao_Protocolo,Resolvido_Bot,"11,8",5,"22078,47"
CVX-005119,2026-01-08 14:17:23,WhatsApp,Auto,Premium,Nordeste,Android,Confirmacao_Protocolo,Resolvido_Bot,"7,2",3,"11920,05"
CVX-004354,2026-01-08 14:20:19,WhatsApp,Auto,Premium,Nordeste,Android,Upload_Fotos_Documentos,Escalado_Humano,31,4,"10282,51"
CVX-000449,2026-01-08 14:38:48,WhatsApp,Auto,Corporativo,Sul,Android,Coleta_Dados_Sinistro,Abandonado,,,"8971,28"
CVX-001206,2026-01-08 14:39:50,WhatsApp,Auto,Corporativo,Nordeste,Android,Upload_Fotos_Documentos,Abandonado,,,"9523,52"
CVX-002476,2026-01-08 14:45:38,WhatsApp,Auto,Premium,Nordeste,iOS,Confirmacao_Protocolo,Resolvido_Bot,12,4,"11690,61"
CVX-000273,2026-01-08 15:21:45,WhatsApp,Residencial,Varejo,Sul,Android,Confirmacao_Protocolo,Resolvido_Bot,"9,2",5,11171
CVX-002060,2026-01-08 15:41:33,WhatsApp,Auto,Premium,Nordeste,iOS,Upload_Fotos_Documentos,Abandonado,,,"10435,06"
CVX-004942,2026-01-08 16:42:53,App,Vida,Varejo,Sudeste,Android,Coleta_Dados_Sinistro,Escalado_Humano,"35,8",4,"41603,94"
CVX-003680,2026-01-08 17:01:39,WhatsApp,Residencial,Premium,Sudeste,Android,Confirmacao_Protocolo,Resolvido_Bot,"5,8",4,"12962,34"
CVX-001157,2026-01-08 17:17:18,WhatsApp,Residencial,Varejo,Nordeste,iOS,Analise_Automatica,Escalado_Humano,"52,4",3,"10700,13"
CVX-000292,2026-01-08 17:24:41,WhatsApp,Auto,Premium,Sudeste,Android,Upload_Fotos_Documentos,Abandonado,,,"6664,67"
CVX-002506,2026-01-08 17:29:48,WhatsApp,Auto,Varejo,Sul,Android,Analise_Automatica,Escalado_Humano,"52,6",,"4237,65"
CVX-001244,2026-01-08 17:38:40,WhatsApp,Vida,Varejo,Centro-Oeste,Android,Validacao_Apolice,Escalado_Humano,"43,2",,
CVX-003645,2026-01-08 17:51:56,WhatsApp,Residencial,Varejo,Sudeste,iOS,Confirmacao_Protocolo,Resolvido_Bot,"11,5",4,"19814,95"
CVX-004738,2026-01-08 17:56:44,WhatsApp,Auto,Premium,Sul,iOS,Validacao_Apolice,Escalado_Humano,"30,8",,
CVX-006263,2026-01-08 18:00:55,WhatsApp,Residencial,Varejo,Sudeste,iOS,Confirmacao_Protocolo,Resolvido_Bot,"11,8",,300
CVX-000424,2026-01-08 18:13:55,WhatsApp,Auto,Varejo,Sudeste,Android,Confirmacao_Protocolo,Resolvido_Bot,"5,3",5,"9793,91"
CVX-006121,2026-01-08 18:21:07,WhatsApp,Auto,Varejo,Centro-Oeste,Android,Confirmacao_Protocolo,Resolvido_Bot,"4,6",4,"14262,1"
CVX-005465,2026-01-08 18:23:43,WhatsApp,Auto,Varejo,Sul,iOS,Coleta_Dados_Sinistro,Escalado_Humano,"23,8",3,"1570,28"
CVX-000821,2026-01-08 18:32:19,WhatsApp,Vida,Premium,Sudeste,Android,Inicio_Saudacao,Abandonado,,,
CVX-001486,2026-01-08 18:36:40,WhatsApp,Auto,Corporativo,Sudeste,iOS,Validacao_Apolice,Escalado_Humano,"45,9",3,
CVX-004412,2026-01-08 18:57:44,WhatsApp,Residencial,Varejo,Norte,iOS,Validacao_Apolice,Escalado_Humano,"35,7",5,
CVX-001900,2026-01-08 19:45:22,WhatsApp,Auto,Varejo,Sudeste,iOS,Confirmacao_Protocolo,resolvido_bot,"14,6",5,"6133,95"
CVX-006072,2026-01-08 20:14:40,WhatsApp,Residencial,Premium,Sudeste,Android,Validacao_Apolice,Escalado_Humano,"44,5",2,
CVX-006837,2026-01-08 20:17:26,App,Auto,Varejo,Nordeste,Android,Validacao_Apolice,Escalado_Humano,"33,5",3,
CVX-005084,2026-01-08 20:24:04,WhatsApp,Residencial,Premium,Sudeste,Android,Validacao_Apolice,Abandonado,,,
CVX-005207,2026-01-08 20:45:48,WhatsApp,Residencial,Corporativo,Sudeste,Android,Upload_Fotos_Documentos,Escalado_Humano,56,2,"10373,63"
CVX-002987,2026-01-09 8:02:52,WhatsApp,Vida,Premium,Sudeste,Android,Coleta_Dados_Sinistro,Abandonado,,,"61575,8"
CVX-006280,2026-01-09 8:36:06,WhatsApp,Auto,Varejo,Sul,Android,Confirmacao_Protocolo,Resolvido_Bot,"11,3",3,"6547,46"
CVX-006881,2026-01-09 8:42:50,App,Auto,Varejo,Centro-Oeste,Android,Upload_Fotos_Documentos,Escalado_Humano,"40,7",4,"10317,39"
CVX-005607,2026-01-09 8:44:15,WhatsApp,Auto,Varejo,Sudeste,iOS,Validacao_Apolice,Escalado_Humano,"33,9",4,
CVX-001001,2026-01-09 8:58:32,WhatsApp,Auto,Corporativo,Nordeste,Android,Validacao_Apolice,Abandonado,,,
CVX-002194,2026-01-09 9:00:24,WhatsApp,Auto,Premium,Sul,iOS,Validacao_Apolice,Escalado_Humano,"50,3",,
CVX-000568,2026-01-09 9:43:31,WhatsApp,Auto,Varejo,Sul,iOS,Upload_Fotos_Documentos,Abandonado,,,"12211,98"
CVX-005155,2026-01-09 10:03:19,WhatsApp,Residencial,Corporativo,Nordeste,iOS,Confirmacao_Protocolo,Resolvido_Bot,"7,4",4,"11572,56"
CVX-001402,2026-01-09 10:04:50,WhatsApp,Auto,Varejo,Nordeste,iOS,Confirmacao_Protocolo,Resolvido_Bot,"10,7",5,"6474,1"
CVX-003419,2026-01-09 10:16:33,WhatsApp,Auto,Varejo,Sul,iOS,Confirmacao_Protocolo,Resolvido_Bot,"5,6",5,"9091,49"
CVX-003705,2026-01-09 11:19:15,App,Vida,Varejo,Sudeste,iOS,Confirmacao_Protocolo,Resolvido_Bot,"10,6",5,"29698,82"
CVX-001394,2026-01-09 12:07:51,WhatsApp,Auto,Premium,Nordeste,iOS,Confirmacao_Protocolo,Resolvido_Bot,"9,4",5,"5489,98"
CVX-005629,2026-01-09 12:23:35,WhatsApp,Auto,Varejo,Centro-Oeste,iOS,Validacao_Apolice,escalado_humano,"49,3",4,
CVX-002242,2026-01-09 12:53:29,WhatsApp,Residencial,Premium,Sudeste,Android,Confirmacao_Protocolo,Resolvido_Bot,11,4,"11743,01"
CVX-003185,2026-01-09 13:00:18,WhatsApp,Auto,Varejo,Centro-Oeste,Android,Coleta_Dados_Sinistro,Abandonado,,,"6182,07"
CVX-001230,2026-01-09 13:14:31,WhatsApp,Residencial,Premium,Centro-Oeste,iOS,Validacao_Apolice,Escalado_Humano,46,3,
CVX-003814,2026-01-09 13:17:19,WhatsApp,Auto,Premium,Sudeste,iOS,Confirmacao_Protocolo,Resolvido_Bot,"11,9",4,"3254,85"
CVX-005703,2026-01-09 13:20:48,WhatsApp,Auto,Corporativo,Sudeste,Android,Upload_Fotos_Documentos,Abandonado,,,"5902,09"
CVX-003307,2026-01-09 13:22:31,WhatsApp,Residencial,Premium,Nordeste,Android,Confirmacao_Protocolo,Resolvido_Bot,"4,2",5,"3947,98"
CVX-005709,2026-01-09 14:08:39,WhatsApp,Vida,Premium,Sul,Android,Validacao_Apolice,Escalado_Humano,"29,3",5,
CVX-000429,2026-01-09 15:02:32,App,Residencial,Varejo,Sudeste,Android,Confirmacao_Protocolo,Resolvido_Bot,"7,1",,"12684,17"
CVX-005900,2026-01-09 15:08:07,WhatsApp,Auto,Varejo,Sudeste,Android,Upload_Fotos_Documentos,Escalado_Humano,"38,9",,"9387,02"
CVX-002925,2026-01-09 15:12:01,WhatsApp,Residencial,Varejo,Sudeste,Android,Upload_Fotos_Documentos,Abandonado,,,"671,5"
CVX-006005,2026-01-09 15:20:22,WhatsApp,Vida,Varejo,Sul,iOS,Upload_Fotos_Documentos,Abandonado,,,"35143,44"
CVX-005947,2026-01-09 15:34:10,WhatsApp,Auto,Varejo,Sul,Android,Confirmacao_Protocolo,Resolvido_Bot,"12,1",,"7546,23"
CVX-005472,2026-01-09 15:40:00,WhatsApp,Auto,Varejo,Nordeste,Android,Confirmacao_Protocolo,Resolvido_Bot,"9,5",4,"4877,79"
CVX-002803,2026-01-09 16:00:30,App,Auto,Varejo,Norte,iOS,Upload_Fotos_Documentos,abandonado,,,"6387,34"
CVX-005809,2026-01-09 16:04:39,App,Vida,Varejo,Sul,Android,Confirmacao_Protocolo,Resolvido_Bot,"5,9",4,"59964,5"
CVX-003158,2026-01-09 16:04:56,WhatsApp,Auto,Varejo,Centro-Oeste,Android,Confirmacao_Protocolo,Resolvido_Bot,"8,9",,"8107,92"
CVX-003138,2026-01-09 17:01:33,WhatsApp,Auto,Varejo,Sudeste,Android,Validacao_Apolice,Escalado_Humano,"30,5",4,
CVX-001491,2026-01-09 17:03:27,App,Auto,Premium,Sudeste,iOS,Upload_Fotos_Documentos,Abandonado,,,"8599,18"
CVX-005252,2026-01-09 17:06:33,WhatsApp,Residencial,Varejo,Sul,Android,Upload_Fotos_Documentos,Abandonado,,,"27190,18"
CVX-004208,2026-01-09 17:18:58,WhatsApp,Vida,Varejo,Sudeste,iOS,Validacao_Apolice,Escalado_Humano,42,4,
CVX-001592,2026-01-09 17:33:33,WhatsApp,Auto,Premium,Sudeste,Android,Upload_Fotos_Documentos,Escalado_Humano,"63,6",3,"9831,61"
CVX-003636,2026-01-09 18:18:07,WhatsApp,Auto,Premium,Sudeste,Android,Upload_Fotos_Documentos,Abandonado,,,"13769,2"
CVX-003765,2026-01-09 18:25:18,WhatsApp,Auto,Varejo,Sul,Android,Confirmacao_Protocolo,Resolvido_Bot,"6,8",4,"9946,55"
CVX-006743,2026-01-09 18:26:54,WhatsApp,Auto,Varejo,Nordeste,Android,Upload_Fotos_Documentos,Escalado_Humano,47,4,"6459,86"
CVX-000075,2026-01-09 18:28:52,WhatsApp,Residencial,Varejo,Sudeste,iOS,Confirmacao_Protocolo,Resolvido_Bot,"11,5",,"13779,81"
CVX-000735,2026-01-09 18:51:29,WhatsApp,Residencial,Varejo,Sul,Android,Validacao_Apolice,Escalado_Humano,"45,1",2,
CVX-006692,2026-01-09 18:53:38,WhatsApp,Auto,Varejo,Sudeste,Android,Confirmacao_Protocolo,Resolvido_Bot,"5,9",,"12631,36"
CVX-006632,2026-01-09 19:01:54,WhatsApp,Auto,Varejo,Sudeste,Android,Confirmacao_Protocolo,Resolvido_Bot,"7,9",5,"11681,16"
CVX-001444,2026-01-09 19:13:31,WhatsApp,Residencial,Varejo,Sudeste,Android,Upload_Fotos_Documentos,Abandonado,,,"10452,16"
CVX-004324,2026-01-09 19:15:20,App,Auto,Corporativo,Sudeste,Android,Validacao_Apolice,Escalado_Humano,"46,6",4,
CVX-006990,2026-01-09 19:42:20,WhatsApp,Auto,Corporativo,Sul,iOS,Analise_Automatica,Escalado_Humano,"34,8",,"10700,21"
CVX-006784,2026-01-09 20:08:10,WhatsApp,Auto,Varejo,Sudeste,Android,Upload_Fotos_Documentos,Escalado_Humano,"43,7",5,"8902,17"
CVX-003660,2026-01-09 20:21:15,App,Auto,Varejo,Norte,Android,Confirmacao_Protocolo,Resolvido_Bot,"5,6",4,"9956,84"
CVX-002351,2026-01-09 20:34:29,WhatsApp,Residencial,Varejo,Norte,Android,Confirmacao_Protocolo,Resolvido_Bot,"5,3",,"2995,3"
CVX-002908,2026-01-09 20:39:47,WhatsApp,Residencial,Varejo,Sul,Android,Analise_Automatica,Abandonado,,,"21582,73"
CVX-002259,2026-01-09 20:40:12,WhatsApp,Residencial,Premium,Sudeste,Android,Coleta_Dados_Sinistro,Escalado_Humano,"27,6",4,"8256,93"
CVX-006016,2026-01-09 20:43:53,WhatsApp,Auto,Premium,Nordeste,Android,Confirmacao_Protocolo,Resolvido_Bot,"12,8",,"14248,71"
CVX-003208,2026-01-09 20:50:33,WhatsApp,Auto,Varejo,Sudeste,iOS,Upload_Fotos_Documentos,Abandonado,,,"2269,57"
CVX-004327,2026-01-09 20:53:03,WhatsApp,Auto,Varejo,Norte,Android,Confirmacao_Protocolo,Resolvido_Bot,"7,4",,"14447,29"
CVX-000018,2026-01-10 8:01:00,WhatsApp,Auto,Premium,Sudeste,Android,Validacao_Apolice,Escalado_Humano,"43,4",,
CVX-004551,2026-01-10 8:14:35,WhatsApp,Residencial,Varejo,Sudeste,Android,Validacao_Apolice,Escalado_Humano,"26,9",5,
CVX-004725,2026-01-10 8:21:04,WhatsApp,Auto,Varejo,Sudeste,Android,Confirmacao_Protocolo,Resolvido_Bot,"11,8",4,"11742,25"
CVX-001156,2026-01-10 8:21:52,WhatsApp,Residencial,Premium,Sudeste,Android,Confirmacao_Protocolo,Resolvido_Bot,"9,4",5,"13173,42"
CVX-005602,2026-01-10 8:37:53,WhatsApp,Residencial,Premium,Nordeste,iOS,Confirmacao_Protocolo,Resolvido_Bot,"12,6",,"10751,68"
CVX-004189,2026-01-10 9:05:01,WhatsApp,Vida,Varejo,Sudeste,Android,Upload_Fotos_Documentos,Abandonado,,,"22931,81"
CVX-005552,2026-01-10 9:23:57,WhatsApp,Vida,Premium,Sudeste,Android,Validacao_Apolice,Escalado_Humano,"31,9",,
CVX-001535,2026-01-10 9:36:02,WhatsApp,Vida,Varejo,Sudeste,Android,Upload_Fotos_Documentos,Abandonado,,,"67453,79"
CVX-004336,2026-01-10 9:37:11,WhatsApp,Auto,Varejo,Sudeste,Android,Confirmacao_Protocolo,Resolvido_Bot,"14,3",5,"2583,01"
CVX-000681,2026-01-10 9:40:08,WhatsApp,Auto,Varejo,Sudeste,Android,Confirmacao_Protocolo,Resolvido_Bot,"7,2",,"7250,8"
CVX-004759,2026-01-10 9:41:20,WhatsApp,Auto,Corporativo,Sudeste,Android,Coleta_Dados_Sinistro,Abandonado,,,"13813,49"
CVX-004235,2026-01-10 9:50:22,WhatsApp,Vida,Premium,Nordeste,Android,Confirmacao_Protocolo,Resolvido_Bot,"6,9",4,"58789,46"
CVX-005722,2026-01-10 9:59:26,WhatsApp,Vida,Premium,Sudeste,iOS,Validacao_Apolice,Escalado_Humano,"58,1",3,
CVX-003955,2026-01-10 10:29:42,WhatsApp,Vida,Varejo,Sudeste,Android,Upload_Fotos_Documentos,ESCALADO HUMANO,"43,1",3,"69466,53"
CVX-003157,2026-01-10 11:38:54,App,Residencial,Varejo,Sudeste,Android,Confirmacao_Protocolo,Resolvido_Bot,2,4,"9570,53"
CVX-002419,2026-01-10 11:45:14,WhatsApp,Auto,Premium,Nordeste,Android,Validacao_Apolice,Abandonado,,,
CVX-006079,2026-01-10 12:07:13,WhatsApp,Auto,Varejo,Nordeste,Android,Validacao_Apolice,Escalado_Humano,"47,6",3,
CVX-001116,2026-01-10 12:10:48,WhatsApp,Auto,Corporativo,Sudeste,Android,Confirmacao_Protocolo,Resolvido_Bot,"5,9",3,"15209,37"
CVX-002197,2026-01-10 12:32:48,WhatsApp,Residencial,Varejo,Sudeste,Android,Upload_Fotos_Documentos,Abandonado,,,"22432,29"
CVX-002322,2026-01-10 13:05:22,WhatsApp,Auto,Premium,Centro-Oeste,Android,Confirmacao_Protocolo,Resolvido_Bot,"8,5",,"5778,86"
CVX-002340,2026-01-10 13:06:25,App,Auto,Varejo,Sudeste,Android,Upload_Fotos_Documentos,Escalado_Humano,"41,5",,"10633,6"
CVX-003401,2026-01-10 13:31:05,WhatsApp,Auto,Premium,Sudeste,iOS,Confirmacao_Protocolo,Resolvido_Bot,"8,4",5,"7676,02"
CVX-000259,2026-01-10 13:39:11,App,Auto,Varejo,Nordeste,iOS,Confirmacao_Protocolo,Resolvido_Bot,"9,5",4,"11873,73"
CVX-001899,2026-01-10 13:49:08,WhatsApp,Vida,Premium,Sudeste,iOS,Confirmacao_Protocolo,Resolvido_Bot,"10,1",4,"19850,76"
CVX-003316,2026-01-10 14:22:57,App,Vida,Varejo,Sudeste,Android,Upload_Fotos_Documentos,Abandonado,,,"53689,89"
CVX-001482,2026-01-10 14:35:59,WhatsApp,Residencial,Varejo,Sudeste,Android,Confirmacao_Protocolo,RESOLVIDO_BOT,"11,2",5,"21191,07"
CVX-003032,2026-01-10 15:18:32,WhatsApp,Auto,Varejo,Sudeste,Android,Confirmacao_Protocolo,Resolvido_Bot,"13,7",4,"11080,46"
CVX-005723,2026-01-10 15:35:31,WhatsApp,Auto,Corporativo,Sul,Android,Confirmacao_Protocolo,Resolvido_Bot,"10,3",4,"16205,53"
CVX-002668,2026-01-10 15:35:58,WhatsApp,Auto,Premium,Sudeste,Android,Confirmacao_Protocolo,Resolvido_Bot,"15,9",4,"8039,74"
CVX-002346,2026-01-10 15:41:58,WhatsApp,Auto,Varejo,Sul,Android,Upload_Fotos_Documentos,Abandonado,,,"12204,14"
CVX-005746,2026-01-10 16:32:10,WhatsApp,Vida,Varejo,Sul,Android,Confirmacao_Protocolo,Resolvido_Bot,"7,4",5,"19014,28"
CVX-006939,2026-01-10 16:56:56,WhatsApp,Residencial,Premium,Sul,Android,Analise_Automatica,ABANDONADO ,,,"20449,29"
CVX-006091,2026-01-10 17:00:23,App,Residencial,Corporativo,Sul,Android,Analise_Automatica,Escalado_Humano,"40,5",,"10867,64"
CVX-006893,2026-01-10 17:03:28,WhatsApp,Auto,Varejo,Sudeste,Android,Confirmacao_Protocolo,Resolvido_Bot,"9,2",4,"6204,27"
CVX-004292,2026-01-10 17:20:07,WhatsApp,Auto,Premium,Sul,iOS,Analise_Automatica,Abandonado,,,"10781,47"
CVX-002228,2026-01-10 17:27:38,WhatsApp,Auto,Varejo,Sudeste,iOS,Upload_Fotos_Documentos,Escalado_Humano,"37,7",3,"12459,92"
CVX-005620,2026-01-10 17:58:51,WhatsApp,Auto,Corporativo,Nordeste,Android,Coleta_Dados_Sinistro,Escalado_Humano,"31,6",4,"10145,92"
CVX-000728,2026-01-10 18:42:13,WhatsApp,Auto,Premium,Sul,Android,Confirmacao_Protocolo,Resolvido_Bot,"12,6",5,"10212,12"
CVX-002427,2026-01-10 18:49:49,WhatsApp,Residencial,Varejo,Sul,Android,Confirmacao_Protocolo,Resolvido_Bot,"13,9",4,"10006,16"
CVX-001220,2026-01-10 19:39:19,App,Auto,Premium,Norte,Android,Confirmacao_Protocolo,Resolvido_Bot,"6,6",3,"12790,86"
CVX-002985,2026-01-10 19:40:10,WhatsApp,Residencial,Varejo,Sudeste,Android,Confirmacao_Protocolo,Resolvido_Bot,"5,9",5,"11355,83"
CVX-005346,2026-01-10 20:03:45,WhatsApp,Residencial,Premium,Sudeste,Android,Coleta_Dados_Sinistro,Escalado_Humano,"18,3",5,"19498,76"
CVX-004333,2026-01-10 20:10:48,App,Residencial,Varejo,Nordeste,iOS,Upload_Fotos_Documentos,Escalado_Humano,32,5,"7782,23"
CVX-005460,2026-01-10 20:13:06,WhatsApp,Vida,Premium,Sudeste,Android,Confirmacao_Protocolo,Resolvido_Bot,"2,9",,"39968,12"
CVX-003144,2026-01-10 20:16:04,WhatsApp,Auto,Premium,Nordeste,Android,Coleta_Dados_Sinistro,Escalado_Humano,"44,3",5,"13200,08"
CVX-006125,2026-01-10 20:22:31,WhatsApp,Auto,Corporativo,Sudeste,Android,Confirmacao_Protocolo,Resolvido_Bot,"8,3",5,"6737,98"
CVX-002342,2026-01-10 20:32:26,WhatsApp,Vida,Varejo,Sul,iOS,Validacao_Apolice,Escalado_Humano,"50,6",4,
CVX-006097,2026-01-10 20:32:27,WhatsApp,Auto,Varejo,Norte,iOS,Confirmacao_Protocolo,Resolvido_Bot,"13,3",4,"7742,66"
CVX-002848,2026-01-10 20:34:01,WhatsApp,Vida,Varejo,Nordeste,Android,Confirmacao_Protocolo,Resolvido_Bot,"13,4",5,"50266,28"
CVX-005687,2026-01-10 20:56:50,WhatsApp,Auto,Varejo,Sudeste,Android,Confirmacao_Protocolo,Resolvido_Bot,"5,6",,"7608,28"
CVX-004352,2026-01-10 20:58:05,WhatsApp,Residencial,Corporativo,Nordeste,Android,Validacao_Apolice,Escalado_Humano,"40,8",5,
CVX-004089,2026-01-11 8:11:46,WhatsApp,Vida,Varejo,Norte,Android,Coleta_Dados_Sinistro,Escalado_Humano,"26,1",,"51892,33"
CVX-005634,2026-01-11 8:20:48,WhatsApp,Residencial,Premium,Sul,iOS,Inicio_Saudacao,Abandonado,,,
CVX-004158,2026-01-11 8:23:47,WhatsApp,Auto,Varejo,Sudeste,Android,Coleta_Dados_Sinistro,Abandonado,,,"5692,33"
CVX-001908,2026-01-11 8:45:39,WhatsApp,Auto,Varejo,Sudeste,iOS,Confirmacao_Protocolo,Resolvido_Bot,"11,8",4,"8015,62"
CVX-004580,2026-01-11 9:02:02,WhatsApp,Residencial,Premium,Sul,Android,Confirmacao_Protocolo,Resolvido_Bot,"8,8",4,"22985,09"
CVX-004745,2026-01-11 9:16:55,App,Residencial,Premium,Sudeste,Android,Validacao_Apolice,Abandonado,,,
CVX-005958,2026-01-11 9:22:07,App,Residencial,Varejo,Sudeste,iOS,Coleta_Dados_Sinistro,Escalado_Humano,"50,3",,"14178,08"
CVX-001994,2026-01-11 9:45:33,WhatsApp,Auto,Premium,Sul,Android,Confirmacao_Protocolo,Resolvido_Bot,"9,4",4,"8994,11"
CVX-003986,2026-01-11 9:50:14,WhatsApp,Residencial,Varejo,Sudeste,Android,Confirmacao_Protocolo,Resolvido_Bot,"8,6",5,300
CVX-005210,2026-01-11 10:22:32,WhatsApp,Auto,Premium,Norte,iOS,Analise_Automatica,Abandonado,,,"7373,49"
CVX-001428,2026-01-11 11:03:54,WhatsApp,Residencial,Varejo,Sudeste,iOS,Confirmacao_Protocolo,Resolvido_Bot,"10,5",5,"6180,73"
CVX-004972,2026-01-11 11:16:41,WhatsApp,Auto,Varejo,Sudeste,Android,Confirmacao_Protocolo,RESOLVIDO_BOT,10,,"6732,12"
CVX-002765,2026-01-11 11:28:15,WhatsApp,Residencial,Premium,Sudeste,iOS,Confirmacao_Protocolo,Resolvido_Bot,"8,5",4,"24333,2"
CVX-001766,2026-01-11 12:16:56,WhatsApp,Vida,Corporativo,Sul,Android,Upload_Fotos_Documentos,Abandonado,,,"66182,49"
CVX-003263,2026-01-11 12:19:59,WhatsApp,Auto,Premium,Sudeste,iOS,Confirmacao_Protocolo,Resolvido_Bot,"6,3",5,"6626,92"
CVX-003310,2026-01-11 12:28:10,App,Auto,Varejo,Sudeste,Android,Inicio_Saudacao,Abandonado,,,
CVX-001807,2026-01-11 13:06:03,WhatsApp,Auto,Varejo,Sudeste,iOS,Validacao_Apolice,Escalado_Humano,"26,9",3,
CVX-001826,2026-01-11 13:20:31,WhatsApp,Auto,Varejo,Sudeste,Android,Upload_Fotos_Documentos,Abandonado,,,"11466,21"
CVX-004293,2026-01-11 14:00:52,App,Residencial,Varejo,Sul,Android,Confirmacao_Protocolo,Resolvido_Bot,"9,2",3,"17131,69"
CVX-003941,2026-01-11 14:10:51,WhatsApp,Auto,Premium,Centro-Oeste,Android,Confirmacao_Protocolo,Resolvido_Bot,"12,2",,"7698,68"
CVX-003169,2026-01-11 14:53:27,WhatsApp,Auto,Premium,Sudeste,iOS,Validacao_Apolice,Escalado_Humano,49,,
CVX-003397,2026-01-11 14:56:36,WhatsApp,Auto,Varejo,Sul,Android,Confirmacao_Protocolo,Resolvido_Bot,"11,3",4,"2948,08"
CVX-002792,2026-01-11 15:01:15,WhatsApp,Residencial,Varejo,Sudeste,iOS,Analise_Automatica,Abandonado,,,"9302,95"
CVX-006236,2026-01-11 15:03:15,App,Residencial,Varejo,Nordeste,iOS,Validacao_Apolice,Abandonado,,,
CVX-005362,2026-01-11 15:27:10,App,Vida,Premium,Sul,iOS,Validacao_Apolice,Escalado_Humano,"33,5",3,
CVX-003435,2026-01-11 15:35:30,WhatsApp,Auto,Premium,Sudeste,Android,Validacao_Apolice,Abandonado,,,
CVX-004256,2026-01-11 15:55:57,WhatsApp,Vida,Premium,Centro-Oeste,iOS,Upload_Fotos_Documentos,Escalado_Humano,"35,8",5,"37964,04"
CVX-000511,2026-01-11 15:56:54,WhatsApp,Residencial,Varejo,Sul,Android,Upload_Fotos_Documentos,Escalado_Humano,38,,"15881,71"
CVX-006267,2026-01-11 16:17:15,WhatsApp,Auto,Corporativo,Nordeste,Android,Confirmacao_Protocolo,Resolvido_Bot,10,,882
CVX-004837,2026-01-11 16:18:19,WhatsApp,Auto,Varejo,Sudeste,Android,Coleta_Dados_Sinistro,Escalado_Humano,"33,6",,"12594,12"
CVX-004679,2026-01-11 16:23:49,WhatsApp,Auto,Premium,Sudeste,iOS,Upload_Fotos_Documentos,Abandonado,,,"10641,34"
CVX-001768,2026-01-11 17:12:36,WhatsApp,Auto,Varejo,Sudeste,Android,Confirmacao_Protocolo,Resolvido_Bot,14,5,"1021,59"
CVX-005812,2026-01-11 17:12:39,WhatsApp,Residencial,Premium,Sul,iOS,Confirmacao_Protocolo,Resolvido_Bot,"9,4",4,"9446,18"
CVX-006647,2026-01-11 18:31:30,WhatsApp,Auto,Premium,Nordeste,Android,Confirmacao_Protocolo,Resolvido_Bot,"8,8",5,"8318,99"
CVX-004218,2026-01-11 18:32:42,WhatsApp,Auto,Premium,Nordeste,Android,Confirmacao_Protocolo,Resolvido_Bot,"8,3",4,"12284,51"
CVX-004776,2026-01-11 18:37:51,App,Vida,Varejo,Centro-Oeste,Android,Upload_Fotos_Documentos,Escalado_Humano,"24,6",,"32873,43"
CVX-003580,2026-01-11 18:38:41,WhatsApp,Auto,Corporativo,Sudeste,iOS,Analise_Automatica,Abandonado,,,"11071,79"
CVX-005209,2026-01-11 18:46:05,WhatsApp,Auto,Varejo,Centro-Oeste,Android,Upload_Fotos_Documentos,Abandonado,,,"6958,14"
CVX-000917,2026-01-11 19:03:29,WhatsApp,Auto,Varejo,Sudeste,iOS,Confirmacao_Protocolo,Resolvido_Bot,"10,8",,"6219,58"
CVX-002390,2026-01-11 19:45:03,WhatsApp,Auto,Premium,Sudeste,Android,Confirmacao_Protocolo,Resolvido_Bot,"7,3",5,"4767,11"
CVX-003975,2026-01-11 19:46:34,WhatsApp,Residencial,Varejo,Sudeste,iOS,Validacao_Apolice,Escalado_Humano,"26,6",4,
CVX-001966,2026-01-11 20:03:00,WhatsApp,Vida,Premium,Nordeste,Android,Confirmacao_Protocolo,Resolvido_Bot,"11,9",3,"56537,4"
CVX-002583,2026-01-11 20:17:56,WhatsApp,Residencial,Varejo,Sudeste,Android,Coleta_Dados_Sinistro,Abandonado,,,"7976,79"
CVX-004664,2026-01-12 8:36:47,WhatsApp,Residencial,Varejo,Nordeste,Android,Validacao_Apolice,Escalado_Humano,"23,1",4,
CVX-003993,2026-01-12 9:34:28,App,Vida,Varejo,Sul,Android,Analise_Automatica,Escalado_Humano,"34,5",,"67776,39"
CVX-000561,2026-01-12 10:04:51,WhatsApp,Residencial,Premium,Sul,iOS,Confirmacao_Protocolo,Resolvido_Bot,7,,"22383,73"
CVX-003261,2026-01-12 11:03:28,WhatsApp,Auto,Varejo,Nordeste,Android,Upload_Fotos_Documentos,Escalado_Humano,44,3,"7810,41"
CVX-000548,2026-01-12 11:06:45,WhatsApp,Auto,Varejo,Sudeste,Android,Confirmacao_Protocolo,Resolvido_Bot,"10,1",,"7568,94"
CVX-004778,2026-01-12 11:06:58,WhatsApp,Residencial,Varejo,Sudeste,Android,Confirmacao_Protocolo,Resolvido_Bot,4,,"13942,48"
CVX-006756,2026-01-12 11:18:56,WhatsApp,Auto,Varejo,Sul,Android,Confirmacao_Protocolo,Resolvido_Bot,"3,1",5,"6217,77"
CVX-006530,2026-01-12 11:54:40,WhatsApp,Auto,Varejo,Centro-Oeste,Android,Confirmacao_Protocolo,Resolvido_Bot,"9,7",4,"9280,82"
CVX-005890,2026-01-12 12:00:46,WhatsApp,Residencial,Varejo,Sul,Android,Confirmacao_Protocolo,Resolvido_Bot,"9,6",5,"11287,81"
CVX-003860,2026-01-12 12:33:28,WhatsApp,Auto,Premium,Sudeste,Android,Confirmacao_Protocolo,Resolvido_Bot,"10,4",4,"16582,63"
CVX-001790,2026-01-12 12:59:05,WhatsApp,Auto,Varejo,Sudeste,Android,Coleta_Dados_Sinistro,Abandonado,,,"5038,48"
CVX-000794,2026-01-12 13:04:07,WhatsApp,Auto,Varejo,Sudeste,Android,Confirmacao_Protocolo,Resolvido_Bot,"7,3",5,"11728,11"
CVX-003009,2026-01-12 13:13:31,WhatsApp,Residencial,Varejo,Sudeste,Android,Confirmacao_Protocolo,Resolvido_Bot,"5,1",4,"18447,09"
CVX-004521,2026-01-12 13:15:01,WhatsApp,Auto,Premium,Sudeste,Android,Confirmacao_Protocolo,Resolvido_Bot,5,4,"9468,79"
CVX-004578,2026-01-12 13:15:30,WhatsApp,Residencial,Premium,Nordeste,Android,Upload_Fotos_Documentos,Abandonado,,,"18856,69"
CVX-006846,2026-01-12 13:30:34,WhatsApp,Auto,Varejo,Sul,Android,Confirmacao_Protocolo,Resolvido_Bot,"7,5",5,"4852,69"
CVX-006111,2026-01-12 13:49:05,WhatsApp,Vida,Varejo,Sudeste,Android,Confirmacao_Protocolo,Resolvido_Bot,"6,7",5,"43513,37"
CVX-005648,2026-01-12 13:50:01,WhatsApp,Residencial,Varejo,Sudeste,Android,Analise_Automatica,Abandonado,,,"11301,92"
CVX-000339,2026-01-12 14:01:49,WhatsApp,Auto,Varejo,Sudeste,Android,Coleta_Dados_Sinistro,Abandonado,,,"6131,67"
CVX-006084,2026-01-12 14:29:35,WhatsApp,Auto,Varejo,Sudeste,Android,Validacao_Apolice,Escalado_Humano,"20,2",,
CVX-002631,2026-01-12 14:36:05,WhatsApp,Auto,Premium,Sudeste,Android,Coleta_Dados_Sinistro,Escalado_Humano,"28,2",4,"8201,04"
CVX-002324,2026-01-12 15:11:20,WhatsApp,Residencial,Premium,Sul,Android,Upload_Fotos_Documentos,Abandonado,,,"18238,18"
CVX-000628,2026-01-12 16:02:02,WhatsApp,Auto,Varejo,Sul,Android,Validacao_Apolice,Escalado_Humano,"47,8",3,
CVX-001376,2026-01-12 16:45:06,WhatsApp,Auto,Varejo,Sudeste,Android,Upload_Fotos_Documentos,Abandonado,,,"13085,33"
CVX-000140,2026-01-12 17:12:05,WhatsApp,Vida,Varejo,Nordeste,Android,Confirmacao_Protocolo,Resolvido_Bot,"5,9",5,"77397,52"
CVX-002754,2026-01-12 17:24:03,WhatsApp,Auto,Corporativo,Sudeste,Android,Coleta_Dados_Sinistro,Escalado_Humano,"54,2",4,"4882,28"
CVX-006554,2026-01-12 17:40:27,WhatsApp,Auto,Varejo,Norte,iOS,Confirmacao_Protocolo,Resolvido_Bot,"9,6",,"6529,47"
CVX-003778,2026-01-12 18:05:59,WhatsApp,Auto,Premium,Sudeste,Android,Confirmacao_Protocolo,Resolvido_Bot,"5,3",5,"12184,73"
CVX-003005,2026-01-12 18:19:04,WhatsApp,Residencial,Varejo,Centro-Oeste,Android,Confirmacao_Protocolo,Resolvido_Bot,"6,3",4,"13414,1"
CVX-003751,2026-01-12 18:32:55,WhatsApp,Auto,Varejo,Sudeste,Android,Confirmacao_Protocolo,Resolvido_Bot,8,4,"17539,97"
CVX-004191,2026-01-12 18:41:58,App,Auto,Premium,Sul,Android,Coleta_Dados_Sinistro,Escalado_Humano,"34,9",4,"7971,79"
CVX-006425,2026-01-12 19:15:18,WhatsApp,Auto,Premium,Sudeste,Android,Confirmacao_Protocolo,Resolvido_Bot,"8,6",5,"10543,2"
CVX-000123,2026-01-12 19:16:35,App,Residencial,Varejo,Sudeste,Android,Confirmacao_Protocolo,Resolvido_Bot,"7,7",4,"18575,7"
CVX-003186,2026-01-12 19:19:46,WhatsApp,Auto,Premium,Sudeste,Android,Validacao_Apolice,Escalado_Humano,"35,1",,
CVX-000664,2026-01-12 19:30:47,App,Residencial,Varejo,Sul,iOS,Coleta_Dados_Sinistro,Abandonado,,,"3656,12"
CVX-001958,2026-01-12 19:44:24,WhatsApp,Vida,Varejo,Sudeste,Android,Confirmacao_Protocolo,Resolvido_Bot,"15,6",4,"67381,64"
CVX-001567,2026-01-12 19:54:29,WhatsApp,Auto,Varejo,Nordeste,Android,Upload_Fotos_Documentos,Abandonado,,,"8797,57"
CVX-003097,2026-01-12 19:56:58,WhatsApp,Vida,Varejo,Nordeste,iOS,Confirmacao_Protocolo,Resolvido_Bot,11,5,"69701,56"
CVX-005761,2026-01-12 20:14:43,WhatsApp,Residencial,Varejo,Sudeste,Android,Validacao_Apolice,Escalado_Humano,"24,6",,
CVX-003656,2026-01-12 20:26:22,WhatsApp,Auto,Premium,Nordeste,iOS,Coleta_Dados_Sinistro,Escalado_Humano,56,4,"11091,12"
CVX-002312,2026-01-12 20:39:26,WhatsApp,Vida,Varejo,Nordeste,Android,Confirmacao_Protocolo,Resolvido_Bot,"15,1",4,"38715,1"
CVX-004291,2026-01-12 20:49:08,WhatsApp,Auto,Premium,Sul,Android,Validacao_Apolice,Escalado_Humano,"24,9",5,
CVX-001764,2026-01-13 8:22:56,WhatsApp,Auto,Varejo,Sudeste,iOS,Validacao_Apolice,Abandonado,,,
CVX-006306,2026-01-13 8:34:23,App,Auto,Premium,Sul,iOS,Confirmacao_Protocolo,Resolvido_Bot,"7,9",,11054
CVX-003948,2026-01-13 8:44:05,WhatsApp,Residencial,Varejo,Nordeste,iOS,Coleta_Dados_Sinistro,Abandonado,,,"10258,76"
CVX-000086,2026-01-13 9:06:31,WhatsApp,Vida,Corporativo,Sudeste,Android,Upload_Fotos_Documentos,Abandonado,,,"31056,05"
CVX-005436,2026-01-13 9:07:15,WhatsApp,Auto,Premium,Sudeste,Android,Confirmacao_Protocolo,Resolvido_Bot,"9,7",5,"13359,93"
CVX-003427,2026-01-13 9:10:26,WhatsApp,Auto,Varejo,Nordeste,iOS,Confirmacao_Protocolo,resolvido_bot,"7,9",5,"11759,01"
CVX-006246,2026-01-13 9:10:33,WhatsApp,Residencial,Varejo,Sul,iOS,Validacao_Apolice,Escalado_Humano,"35,4",4,
CVX-001991,2026-01-13 9:33:06,WhatsApp,Auto,Varejo,Sudeste,Android,Confirmacao_Protocolo,Resolvido_Bot,2,,"4234,91"
CVX-003981,2026-01-13 10:04:42,WhatsApp,Residencial,Varejo,Norte,iOS,Upload_Fotos_Documentos,Abandonado,,,"17725,75"
CVX-002349,2026-01-13 10:31:07,WhatsApp,Residencial,Varejo,Sudeste,Android,Analise_Automatica,Escalado_Humano,"48,1",2,"14322,55"
CVX-003289,2026-01-13 10:40:05,WhatsApp,Vida,Varejo,Sudeste,Android,Confirmacao_Protocolo,Resolvido_Bot,"7,8",,"63490,77"
CVX-000455,2026-01-13 11:04:48,App,Vida,Varejo,Norte,Android,Confirmacao_Protocolo,Resolvido_Bot,"9,9",5,"27600,77"
CVX-004855,2026-01-13 11:09:16,WhatsApp,Vida,Varejo,Sudeste,Android,Confirmacao_Protocolo,Resolvido_Bot,"9,9",4,"36059,6"
CVX-001427,2026-01-13 11:24:54,WhatsApp,Vida,Premium,Sudeste,iOS,Confirmacao_Protocolo,Resolvido_Bot,"12,1",3,"93027,09"
CVX-001456,2026-01-13 11:27:26,WhatsApp,Residencial,Corporativo,Sudeste,Android,Confirmacao_Protocolo,Resolvido_Bot,"12,8",5,"23580,4"
CVX-003763,2026-01-13 11:36:17,WhatsApp,Auto,Varejo,Sudeste,Android,Confirmacao_Protocolo,Resolvido_Bot,9,3,"4804,7"
CVX-003745,2026-01-13 11:42:00,WhatsApp,Auto,Varejo,Sul,Android,Upload_Fotos_Documentos,Escalado_Humano,"48,6",3,"13719,8"
CVX-003781,2026-01-13 11:48:50,WhatsApp,Residencial,Varejo,Sudeste,Android,Validacao_Apolice,Escalado_Humano,"34,7",3,
CVX-002064,2026-01-13 12:44:34,App,Auto,Varejo,Sul,Android,Upload_Fotos_Documentos,Abandonado,,,"7065,31"
CVX-000364,2026-01-13 13:40:24,WhatsApp,Auto,Premium,Sudeste,Android,Validacao_Apolice,Escalado_Humano,"19,3",4,
CVX-002129,2026-01-13 13:43:41,WhatsApp,Auto,Varejo,Sudeste,Android,Confirmacao_Protocolo,Resolvido_Bot,"14,8",5,"8164,44"
CVX-003594,2026-01-13 14:12:23,WhatsApp,Residencial,Varejo,Nordeste,iOS,Confirmacao_Protocolo,Resolvido_Bot,2,5,"8930,26"
CVX-000098,2026-01-13 14:37:48,WhatsApp,Vida,Premium,Nordeste,Android,Upload_Fotos_Documentos,Abandonado,,,"23445,16"
CVX-002938,2026-01-13 14:47:32,WhatsApp,Residencial,Varejo,Sudeste,iOS,Coleta_Dados_Sinistro,ESCALADO HUMANO,54,2,"20548,79"
CVX-002463,2026-01-13 15:02:21,WhatsApp,Vida,Varejo,Sudeste,Android,Analise_Automatica,Abandonado,,,"29727,56"
CVX-005152,2026-01-13 15:12:57,WhatsApp,Auto,Premium,Centro-Oeste,Android,Upload_Fotos_Documentos,Escalado_humano,45,,"6578,04"
CVX-001624,2026-01-13 15:39:15,App,Auto,Varejo,Sudeste,Android,Upload_Fotos_Documentos,Escalado_Humano,38,4,"10631,53"
CVX-000413,2026-01-13 15:56:51,WhatsApp,Auto,Varejo,Nordeste,iOS,Validacao_Apolice,Escalado_Humano,"31,8",4,
CVX-001183,2026-01-13 16:06:18,App,Auto,Varejo,Sudeste,iOS,Confirmacao_Protocolo,Resolvido_Bot,"7,7",5,"11561,59"
CVX-005321,2026-01-13 16:16:07,WhatsApp,Auto,Varejo,Sudeste,Android,Confirmacao_Protocolo,Resolvido_Bot,"13,3",4,"11836,56"
CVX-003966,2026-01-13 16:18:10,WhatsApp,Auto,Varejo,Sudeste,iOS,Coleta_Dados_Sinistro,Abandonado,,,"17902,14"
CVX-004019,2026-01-13 16:31:59,WhatsApp,Auto,Corporativo,Norte,Android,Confirmacao_Protocolo,Resolvido_Bot,"12,6",4,"6560,21"
CVX-005755,2026-01-13 16:45:35,WhatsApp,Auto,Varejo,Nordeste,Android,Confirmacao_Protocolo,Resolvido_Bot,"14,3",5,"4647,9"
CVX-005387,2026-01-13 16:45:54,App,Auto,Varejo,Nordeste,Android,Coleta_Dados_Sinistro,Abandonado,,,"11409,42"
CVX-002896,2026-01-13 16:50:26,App,Vida,Varejo,Norte,iOS,Analise_Automatica,Escalado_Humano,"35,9",4,"53137,97"
CVX-004707,2026-01-13 16:51:50,WhatsApp,Auto,Corporativo,Nordeste,Android,Coleta_Dados_Sinistro,Abandonado,,,"8746,97"
CVX-006863,2026-01-13 18:42:07,WhatsApp,Residencial,Varejo,Nordeste,Android,Validacao_Apolice,Escalado_Humano,"52,2",,
CVX-006284,2026-01-13 18:43:48,WhatsApp,Vida,Premium,Sudeste,Android,Validacao_Apolice,Escalado_Humano,"55,5",3,
CVX-002216,2026-01-13 18:55:07,WhatsApp,Auto,Varejo,Nordeste,Android,Confirmacao_Protocolo,Resolvido_Bot,"11,5",4,"2852,56"
CVX-003319,2026-01-13 18:57:02,WhatsApp,Residencial,Varejo,Sudeste,iOS,Validacao_Apolice,Escalado_Humano,"54,8",4,
CVX-004536,2026-01-13 19:05:15,WhatsApp,Auto,Varejo,Sul,Android,Confirmacao_Protocolo,Resolvido_Bot,"6,5",,"2537,76"
CVX-001041,2026-01-13 19:30:20,WhatsApp,Residencial,Varejo,Nordeste,iOS,Validacao_Apolice,Escalado_Humano,"23,2",4,
CVX-005780,2026-01-13 19:53:48,WhatsApp,Auto,Varejo,Sudeste,Android,Confirmacao_Protocolo,Resolvido_Bot,"11,5",,"13771,37"
CVX-002597,2026-01-13 20:11:34,WhatsApp,Residencial,Varejo,Sudeste,iOS,Confirmacao_Protocolo,Resolvido_Bot,"10,7",3,"7186,95"
CVX-003018,2026-01-13 20:18:07,WhatsApp,Vida,Varejo,Sul,Android,Upload_Fotos_Documentos,Abandonado,,,"31977,01"
CVX-001810,2026-01-13 20:24:43,WhatsApp,Residencial,Premium,Norte,iOS,Confirmacao_Protocolo,Resolvido_Bot,"8,7",4,"14245,83"
CVX-003000,2026-01-14 8:04:45,WhatsApp,Auto,Varejo,Sudeste,iOS,Upload_Fotos_Documentos,Abandonado,,,"12949,04"
CVX-000109,2026-01-14 8:31:01,App,Residencial,Varejo,Sul,Android,Confirmacao_Protocolo,Resolvido_Bot,"8,4",4,"15529,55"
CVX-001836,2026-01-14 8:39:44,WhatsApp,Auto,Varejo,Sudeste,iOS,Analise_Automatica,Escalado_Humano,"46,5",2,"11000,54"
CVX-005470,2026-01-14 9:00:02,WhatsApp,Auto,Varejo,Sudeste,Android,Confirmacao_Protocolo,resolvido_bot,"12,4",5,"8198,35"
CVX-003997,2026-01-14 9:24:51,App,Residencial,Premium,Sudeste,Android,Confirmacao_Protocolo,Resolvido_Bot,"5,6",5,"13204,27"
CVX-006746,2026-01-14 9:26:52,WhatsApp,Residencial,Corporativo,Sudeste,iOS,Analise_Automatica,Escalado_Humano,"14,3",4,"8822,09"
CVX-000845,2026-01-14 9:39:41,WhatsApp,Residencial,Varejo,Sudeste,Android,Analise_Automatica,Escalado_Humano,"25,9",5,"15697,16"
CVX-003686,2026-01-14 9:54:56,WhatsApp,Auto,Varejo,Nordeste,Android,Analise_Automatica,Abandonado,,,"7266,28"
CVX-005719,2026-01-14 10:10:31,WhatsApp,Vida,Varejo,Sudeste,iOS,Coleta_Dados_Sinistro,Abandonado,,,"56902,65"
CVX-006156,2026-01-14 10:16:30,WhatsApp,Auto,Premium,Sudeste,Android,Confirmacao_Protocolo,Resolvido_Bot,10,3,"7401,74"
CVX-002233,2026-01-14 10:55:34,WhatsApp,Auto,Varejo,Sudeste,Android,Confirmacao_Protocolo,Resolvido_Bot,"4,3",,"11441,35"
CVX-005223,2026-01-14 11:05:32,WhatsApp,Auto,Varejo,Nordeste,iOS,Confirmacao_Protocolo,Resolvido_Bot,"11,5",5,"7745,38"
CVX-005702,2026-01-14 11:18:11,WhatsApp,Residencial,Varejo,Sul,Android,Confirmacao_Protocolo,Resolvido_Bot,"7,1",5,"22993,26"
CVX-002286,2026-01-14 11:41:02,WhatsApp,Auto,Premium,Sudeste,Android,Confirmacao_Protocolo,Resolvido_Bot,10,4,"2009,34"
CVX-003167,2026-01-14 11:54:27,WhatsApp,Vida,Premium,Sudeste,Android,Validacao_Apolice,Escalado_Humano,"27,7",,
CVX-002741,2026-01-14 12:19:17,WhatsApp,Residencial,Varejo,Centro-Oeste,Android,Confirmacao_Protocolo,Resolvido_Bot,"7,2",5,"2533,39"
CVX-000294,2026-01-14 12:24:38,App,Auto,Premium,Sudeste,Android,Validacao_Apolice,Escalado_Humano,"36,8",4,
CVX-006085,2026-01-14 12:24:44,App,Auto,Corporativo,Sudeste,Android,Upload_Fotos_Documentos,Abandonado,,,"5929,78"
CVX-000350,2026-01-14 12:39:32,WhatsApp,Auto,Varejo,Nordeste,Android,Confirmacao_Protocolo,Resolvido_Bot,"9,1",5,"5625,92"
CVX-006735,2026-01-14 12:43:38,WhatsApp,Auto,Varejo,Sudeste,iOS,Coleta_Dados_Sinistro,Abandonado,,,"11601,01"
CVX-002147,2026-01-14 12:48:53,WhatsApp,Vida,Varejo,Sudeste,Android,Confirmacao_Protocolo,Resolvido_Bot,"8,7",,"90453,38"
CVX-006965,2026-01-14 13:10:29,WhatsApp,Auto,Varejo,Sudeste,Android,Confirmacao_Protocolo,Resolvido_Bot,"5,6",,"4740,94"
CVX-005836,2026-01-14 13:22:02,WhatsApp,Auto,Corporativo,Sudeste,iOS,Validacao_Apolice,ESCALADO HUMANO,"51,8",,
CVX-003198,2026-01-14 13:32:59,WhatsApp,Auto,Varejo,Nordeste,iOS,Validacao_Apolice,Escalado_Humano,"50,8",,
CVX-005300,2026-01-14 13:56:59,App,Auto,Varejo,Norte,Android,Confirmacao_Protocolo,Resolvido_Bot,"6,1",5,"4094,13"
CVX-000337,2026-01-14 14:22:46,WhatsApp,Auto,Varejo,Sudeste,Android,Confirmacao_Protocolo,Resolvido_Bot,"8,7",5,"7629,4"
CVX-000005,2026-01-14 14:42:07,WhatsApp,Auto,Varejo,Sudeste,Android,Analise_Automatica,Abandonado,,,"18688,92"
CVX-002157,2026-01-14 14:44:21,WhatsApp,Residencial,Premium,Sudeste,Android,Analise_Automatica,abandonado,,,"3912,77"
CVX-003940,2026-01-14 14:56:47,WhatsApp,Auto,Varejo,Nordeste,iOS,Validacao_Apolice,Escalado_Humano,"23,8",4,
CVX-001153,2026-01-14 14:58:14,WhatsApp,Residencial,Varejo,Sudeste,iOS,Analise_Automatica,Abandonado,,,"12356,52"
CVX-000921,2026-01-14 15:04:07,WhatsApp,Vida,Varejo,Sudeste,Android,Confirmacao_Protocolo,Resolvido_Bot,"6,7",2,"13625,66"
CVX-006745,2026-01-14 15:08:28,WhatsApp,Auto,Varejo,Sudeste,Android,Confirmacao_Protocolo,Resolvido_Bot,"8,2",3,"10928,55"
CVX-001170,2026-01-14 15:12:28,WhatsApp,Residencial,Varejo,Sudeste,Android,Confirmacao_Protocolo,Resolvido_Bot,"13,2",5,"22719,52"
CVX-006143,2026-01-14 15:14:58,WhatsApp,Vida,Corporativo,Sul,Android,Upload_Fotos_Documentos,Escalado_Humano,38,3,"57227,78"
CVX-000894,2026-01-14 16:20:57,WhatsApp,Vida,Varejo,Sudeste,Android,Upload_Fotos_Documentos,Escalado_Humano,51,3,"83035,18"
CVX-001408,2026-01-14 16:20:59,WhatsApp,Auto,Varejo,Sul,Android,Validacao_Apolice,Abandonado,,,
CVX-001642,2026-01-14 16:25:36,WhatsApp,Vida,Varejo,Nordeste,Android,Confirmacao_Protocolo,Resolvido_Bot,"9,4",5,"60025,53"
CVX-003210,2026-01-14 16:36:30,WhatsApp,Residencial,Premium,Centro-Oeste,Android,Validacao_Apolice,Escalado_Humano,49,,
CVX-003133,2026-01-14 16:45:40,App,Auto,Varejo,Centro-Oeste,Android,Confirmacao_Protocolo,Resolvido_Bot,9,3,300
CVX-003693,2026-01-14 16:53:05,WhatsApp,Auto,Premium,Sudeste,iOS,Confirmacao_Protocolo,Resolvido_Bot,"9,5",4,"4982,41"
CVX-001236,2026-01-14 16:54:10,App,Auto,Corporativo,Sul,Android,Confirmacao_Protocolo,Resolvido_Bot,"6,5",,7781
CVX-001371,2026-01-14 17:01:48,WhatsApp,Auto,Corporativo,Nordeste,Android,Upload_Fotos_Documentos,Abandonado,,,"4541,4"
CVX-002882,2026-01-14 17:56:01,WhatsApp,Residencial,Premium,Centro-Oeste,Android,Confirmacao_Protocolo,Resolvido_bot ,"10,5",3,"12910,99"
CVX-002514,2026-01-14 17:58:08,WhatsApp,Auto,Premium,Sudeste,Android,Confirmacao_Protocolo,Resolvido_Bot,"6,4",3,"5559,65"
CVX-000188,2026-01-14 17:59:50,App,Auto,Varejo,Centro-Oeste,Android,Coleta_Dados_Sinistro,Escalado_Humano,"58,2",4,"5825,29"
CVX-003052,2026-01-14 18:50:31,WhatsApp,Auto,Varejo,Sul,iOS,Validacao_Apolice,Abandonado,,,
CVX-006599,2026-01-14 19:17:25,App,Residencial,Varejo,Sudeste,Android,Upload_Fotos_Documentos,Abandonado,,,"4306,93"
CVX-002264,2026-01-14 19:44:12,WhatsApp,Vida,Varejo,Sul,Android,Upload_Fotos_Documentos,escalado_humano,"27,6",3,"34635,1"
CVX-001707,2026-01-14 19:50:23,WhatsApp,Auto,Varejo,Sudeste,Android,Confirmacao_Protocolo,Resolvido_Bot,"6,8",5,"4796,23"
CVX-004106,2026-01-14 19:57:19,WhatsApp,Residencial,Varejo,Centro-Oeste,iOS,Confirmacao_Protocolo,Resolvido_Bot,"8,3",5,"11648,34"
CVX-001133,2026-01-14 20:10:55,WhatsApp,Residencial,Varejo,Sudeste,iOS,Inicio_Saudacao,Abandonado,,,
CVX-002424,2026-01-14 20:39:11,WhatsApp,Residencial,Premium,Sul,Android,Confirmacao_Protocolo,Resolvido_Bot,"11,3",2,"14381,09"
CVX-001297,2026-01-14 20:42:54,WhatsApp,Auto,Varejo,Nordeste,iOS,Upload_Fotos_Documentos,Abandonado,,,"10261,18"
CVX-002150,2026-01-14 20:48:03,WhatsApp,Auto,Varejo,Nordeste,Android,Confirmacao_Protocolo,Resolvido_Bot,"5,3",,"3043,24"
CVX-003284,2026-01-14 20:51:53,WhatsApp,Auto,Premium,Centro-Oeste,iOS,Validacao_Apolice,Escalado_Humano,"35,7",,
CVX-006048,2026-01-14 20:57:13,WhatsApp,Residencial,Premium,Nordeste,Android,Confirmacao_Protocolo,Resolvido_Bot,"11,5",4,"6843,35"
CVX-004091,2026-01-15 8:03:11,App,Auto,Varejo,Nordeste,Android,Confirmacao_Protocolo,Resolvido_Bot,"13,7",3,"6647,08"
CVX-003280,2026-01-15 8:11:16,WhatsApp,Residencial,Premium,Sudeste,Android,Coleta_Dados_Sinistro,Escalado_Humano,"25,4",4,"19358,67"
CVX-002864,2026-01-15 8:19:37,App,Auto,Premium,Sul,Android,Upload_Fotos_Documentos,Abandonado,,,"6441,15"
CVX-002483,2026-01-15 8:25:17,WhatsApp,Residencial,Varejo,Centro-Oeste,iOS,Validacao_Apolice,Escalado_Humano,"43,7",,
CVX-004990,2026-01-15 9:04:03,App,Residencial,Varejo,Norte,Android,Confirmacao_Protocolo,Resolvido_Bot,"12,9",3,"14849,09"
CVX-005849,2026-01-15 9:17:32,App,Auto,Varejo,Sul,iOS,Validacao_Apolice,Escalado_Humano,"45,7",4,
CVX-002763,2026-01-15 9:38:54,WhatsApp,Auto,Varejo,Sul,Android,Confirmacao_Protocolo,Resolvido_Bot,"7,7",5,"7558,47"
CVX-002035,2026-01-15 10:18:57,WhatsApp,Vida,Premium,Sudeste,Android,Confirmacao_Protocolo,Resolvido_Bot,"6,6",5,"41628,82"
CVX-005463,2026-01-15 10:23:36,WhatsApp,Auto,Varejo,Nordeste,iOS,Confirmacao_Protocolo,Resolvido_Bot,"15,2",4,"3556,05"
CVX-000583,2026-01-15 10:39:34,WhatsApp,Vida,Varejo,Sudeste,Android,Coleta_Dados_Sinistro,Abandonado,,,"72365,6"
CVX-004331,2026-01-15 10:46:19,WhatsApp,Auto,Corporativo,Centro-Oeste,Android,Confirmacao_Protocolo,Resolvido_Bot,"7,1",2,"8336,28"
CVX-006646,2026-01-15 10:54:41,App,Residencial,Varejo,Nordeste,Android,Confirmacao_Protocolo,Resolvido_Bot,"6,6",,"15693,96"
CVX-005715,2026-01-15 11:11:27,WhatsApp,Auto,Premium,Sudeste,Android,Confirmacao_Protocolo,Resolvido_Bot,"10,7",5,"7142,74"
CVX-003257,2026-01-15 11:19:16,App,Vida,Varejo,Sudeste,Android,Confirmacao_Protocolo,Resolvido_Bot,"7,4",,"49495,38"
CVX-000718,2026-01-15 11:35:22,WhatsApp,Auto,Varejo,Sul,Android,Validacao_Apolice,Escalado_Humano,"46,3",3,
CVX-003959,2026-01-15 11:48:10,WhatsApp,Residencial,Corporativo,Sudeste,Android,Validacao_Apolice,Escalado_Humano,"29,7",4,
CVX-001251,2026-01-15 12:26:45,WhatsApp,Auto,Varejo,Sudeste,iOS,Upload_Fotos_Documentos,Escalado_Humano,"41,6",5,"9788,79"
CVX-003344,2026-01-15 12:32:41,WhatsApp,Residencial,Corporativo,Sudeste,iOS,Upload_Fotos_Documentos,Abandonado,,,"16150,71"
CVX-003631,2026-01-15 12:35:12,App,Residencial,Varejo,Sudeste,Android,Validacao_Apolice,Abandonado,,,
CVX-000129,2026-01-15 12:59:02,WhatsApp,Vida,Varejo,Sudeste,Android,Validacao_Apolice,Escalado_Humano,"61,7",4,
CVX-004609,2026-01-15 13:35:46,WhatsApp,Residencial,Varejo,Sul,Android,Confirmacao_Protocolo,Resolvido_Bot,"11,5",5,"10098,18"
CVX-005912,2026-01-15 14:11:44,WhatsApp,Auto,Varejo,Sudeste,Android,Validacao_Apolice,Escalado_Humano,"15,8",4,
CVX-003410,2026-01-15 14:12:47,WhatsApp,Residencial,Varejo,Sudeste,Android,Validacao_Apolice,Escalado_Humano,"36,4",3,
CVX-005720,2026-01-15 14:30:15,WhatsApp,Auto,Varejo,Sudeste,iOS,Validacao_Apolice,Escalado_Humano,"40,2",4,
CVX-002568,2026-01-15 14:33:15,WhatsApp,Residencial,Premium,Sul,Android,Confirmacao_Protocolo,Resolvido_Bot,"5,2",,"13786,19"
CVX-001341,2026-01-15 14:54:51,App,Residencial,Premium,Nordeste,Android,Confirmacao_Protocolo,Resolvido_Bot,"9,2",5,"15510,88"
CVX-002983,2026-01-15 15:01:07,WhatsApp,Auto,Varejo,Sul,Android,Validacao_Apolice,Escalado_Humano,"33,2",3,
CVX-005692,2026-01-15 15:11:24,WhatsApp,Auto,Varejo,Norte,Android,Validacao_Apolice,Abandonado,,,
CVX-003318,2026-01-15 15:19:47,WhatsApp,Vida,Varejo,Nordeste,Android,Coleta_Dados_Sinistro,Abandonado,,,"29222,22"
CVX-003234,2026-01-15 15:25:28,WhatsApp,Residencial,Varejo,Sudeste,Android,Confirmacao_Protocolo,Resolvido_Bot,"8,9",5,"18482,86"
CVX-001278,2026-01-15 15:26:38,WhatsApp,Auto,Varejo,Sul,iOS,Confirmacao_Protocolo,Resolvido_Bot,"4,8",5,"4691,54"
CVX-000940,2026-01-15 15:46:30,WhatsApp,Auto,Varejo,Nordeste,Android,Confirmacao_Protocolo,Resolvido_Bot,"13,9",,"8319,45"
CVX-006606,2026-01-15 15:56:32,WhatsApp,Auto,Varejo,Centro-Oeste,Android,Analise_Automatica,Escalado_Humano,"66,2",2,"13310,48"
CVX-005511,2026-01-15 16:13:30,WhatsApp,Auto,Premium,Sudeste,Android,Confirmacao_Protocolo,Resolvido_Bot,8,5,"10726,44"
CVX-005221,2026-01-15 16:24:51,App,Auto,Premium,Sul,Android,Upload_Fotos_Documentos,Abandonado,,,"6501,62"
CVX-002782,2026-01-15 16:41:52,WhatsApp,Auto,Premium,Sudeste,iOS,Coleta_Dados_Sinistro,Escalado_Humano,"42,6",4,"8324,21"
CVX-005224,2026-01-15 17:02:02,WhatsApp,Auto,Varejo,Centro-Oeste,Android,Confirmacao_Protocolo,Resolvido_Bot,"10,5",4,"5844,95"
CVX-002210,2026-01-15 17:05:21,WhatsApp,Residencial,Premium,Sudeste,Android,Validacao_Apolice,Escalado_Humano,"32,8",3,
CVX-000725,2026-01-15 17:16:31,WhatsApp,Auto,Premium,Sudeste,Android,Coleta_Dados_Sinistro,Escalado_Humano,"39,9",4,"3392,86"
CVX-000865,2026-01-15 17:32:28,WhatsApp,Auto,Varejo,Sudeste,iOS,Upload_Fotos_Documentos,Abandonado,,,"8887,97"
CVX-005249,2026-01-15 17:43:36,WhatsApp,Auto,Corporativo,Sul,Android,Analise_Automatica,Abandonado,,,"6175,73"
CVX-005563,2026-01-15 17:49:52,WhatsApp,Vida,Premium,Nordeste,Android,Upload_Fotos_Documentos,Escalado_Humano,"39,6",3,"71816,04"
CVX-002659,2026-01-15 18:01:35,App,Auto,Premium,Sul,Android,Confirmacao_Protocolo,Resolvido_Bot,"10,9",4,"7084,39"
CVX-006814,2026-01-15 18:09:59,App,Auto,Varejo,Sudeste,Android,Analise_Automatica,Escalado_humano,"16,3",4,"3727,4"
CVX-000230,2026-01-15 18:29:05,App,Auto,Varejo,Sudeste,Android,Validacao_Apolice,Escalado_Humano,"64,4",,
CVX-002963,2026-01-15 18:48:11,WhatsApp,Residencial,Varejo,Centro-Oeste,Android,Confirmacao_Protocolo,resolvido_bot,"12,4",3,"14745,97"
CVX-001936,2026-01-15 19:01:47,WhatsApp,Residencial,Varejo,Sul,iOS,Confirmacao_Protocolo,Resolvido_Bot,11,4,"19982,13"
CVX-000258,2026-01-15 19:03:58,WhatsApp,Vida,Varejo,Sudeste,iOS,Confirmacao_Protocolo,Resolvido_Bot,"8,3",,"42898,17"
CVX-000290,2026-01-15 19:04:33,WhatsApp,Auto,Premium,Sudeste,Android,Confirmacao_Protocolo,Resolvido_Bot,"8,9",4,"10077,69"
CVX-000409,2026-01-15 19:22:53,WhatsApp,Residencial,Varejo,Sudeste,Android,Confirmacao_Protocolo,Resolvido_Bot,"9,5",4,"16685,85"
CVX-000869,2026-01-15 19:26:12,WhatsApp,Auto,Varejo,Nordeste,Android,Confirmacao_Protocolo,Resolvido_Bot,7,4,"14508,82"
CVX-002458,2026-01-15 20:20:30,WhatsApp,Auto,Varejo,Centro-Oeste,iOS,Upload_Fotos_Documentos,Abandonado,,,"8187,05"
CVX-004187,2026-01-15 20:21:18,WhatsApp,Residencial,Varejo,Sudeste,iOS,Confirmacao_Protocolo,Resolvido_Bot,"8,7",4,9724
CVX-004200,2026-01-15 20:36:41,WhatsApp,Auto,Varejo,Sul,iOS,Confirmacao_Protocolo,Resolvido_Bot,"9,9",,"4764,13"
CVX-004203,2026-01-15 20:47:54,WhatsApp,Auto,Varejo,Sudeste,Android,Validacao_Apolice,Escalado_Humano,"21,1",5,
CVX-004677,2026-01-16 8:01:03,WhatsApp,Residencial,Varejo,Sudeste,Android,Validacao_Apolice,Escalado_Humano,"72,7",4,
CVX-003523,2026-01-16 8:10:46,WhatsApp,Auto,Varejo,Sul,Android,Confirmacao_Protocolo,Resolvido_Bot,"11,1",3,"6367,95"
CVX-002489,2026-01-16 8:21:49,WhatsApp,Residencial,Premium,Sudeste,Android,Confirmacao_Protocolo,Resolvido_Bot,"10,1",5,"11432,55"
CVX-006433,2026-01-16 8:29:26,WhatsApp,Residencial,Premium,Sudeste,Android,Confirmacao_Protocolo,Resolvido_Bot,"5,4",,"21193,34"
CVX-004658,2026-01-16 8:40:04,WhatsApp,Auto,Corporativo,Centro-Oeste,Android,Coleta_Dados_Sinistro,Escalado_Humano,"35,2",4,"6036,53"
CVX-005515,2026-01-16 8:41:59,WhatsApp,Auto,Varejo,Sul,Android,Validacao_Apolice,Escalado_Humano,"25,4",5,
CVX-001252,2026-01-16 8:43:04,WhatsApp,Residencial,Varejo,Nordeste,Android,Confirmacao_Protocolo,Resolvido_Bot,6,5,"11977,77"
CVX-004445,2026-01-16 8:58:19,WhatsApp,Auto,Varejo,Norte,Android,Validacao_Apolice,escalado_humano,52,3,
CVX-004625,2026-01-16 9:22:02,WhatsApp,Auto,Varejo,Nordeste,Android,Validacao_Apolice,Escalado_Humano,"32,1",3,
CVX-006258,2026-01-16 9:36:34,WhatsApp,Auto,Varejo,Sul,Android,Analise_Automatica,ABANDONADO ,,,"12045,56"
CVX-003527,2026-01-16 9:58:52,WhatsApp,Residencial,Varejo,Centro-Oeste,Android,Confirmacao_Protocolo,Resolvido_Bot,7,5,"19114,25"
CVX-003398,2026-01-16 10:08:56,WhatsApp,Residencial,Varejo,Sudeste,Android,Validacao_Apolice,Escalado_Humano,"41,3",3,
CVX-003082,2026-01-16 10:22:27,WhatsApp,Auto,Varejo,Centro-Oeste,iOS,Analise_Automatica,Abandonado,,,"10629,92"
CVX-004214,2026-01-16 10:37:11,WhatsApp,Auto,Varejo,Sudeste,Android,Confirmacao_Protocolo,Resolvido_Bot,"7,3",4,"16702,95"
CVX-004488,2026-01-16 11:17:19,WhatsApp,Auto,Varejo,Sudeste,iOS,Confirmacao_Protocolo,Resolvido_Bot,"13,5",3,"6197,15"
CVX-001517,2026-01-16 11:46:02,App,Residencial,Varejo,Centro-Oeste,Android,Coleta_Dados_Sinistro,Abandonado,,,"10984,96"
CVX-000742,2026-01-16 11:52:36,WhatsApp,Auto,Premium,Sudeste,Android,Upload_Fotos_Documentos,Escalado_Humano,"36,4",,"7585,8"
CVX-005462,2026-01-16 11:52:46,WhatsApp,Auto,Varejo,Sul,iOS,Upload_Fotos_Documentos,Abandonado,,,"2669,73"
CVX-006226,2026-01-16 12:14:22,WhatsApp,Auto,Varejo,Nordeste,iOS,Coleta_Dados_Sinistro,Escalado_Humano,"31,8",4,300
CVX-002416,2026-01-16 12:21:20,App,Residencial,Varejo,Nordeste,Android,Confirmacao_Protocolo,Resolvido_Bot,"11,2",3,"17983,35"
CVX-000404,2026-01-16 12:28:14,WhatsApp,Auto,Premium,Sul,Android,Upload_Fotos_Documentos,Abandonado,,,"7196,55"
CVX-006609,2026-01-16 12:37:19,WhatsApp,Residencial,Varejo,Sul,Android,Coleta_Dados_Sinistro,Abandonado,,,"10880,75"
CVX-004887,2026-01-16 13:09:34,WhatsApp,Auto,Varejo,Sudeste,Android,Confirmacao_Protocolo,Resolvido_Bot,"6,7",5,"1394,1"
CVX-006880,2026-01-16 13:28:22,WhatsApp,Auto,Premium,Sudeste,iOS,Upload_Fotos_Documentos,Abandonado,,,"11247,59"
CVX-000155,2026-01-16 13:52:45,WhatsApp,Auto,Premium,Centro-Oeste,iOS,Upload_Fotos_Documentos,Abandonado,,,"11492,27"
CVX-003209,2026-01-16 14:00:17,App,Vida,Varejo,Sul,Android,Confirmacao_Protocolo,Resolvido_Bot,"5,2",3,"69709,82"
CVX-004494,2026-01-16 14:07:15,WhatsApp,Auto,Premium,Sudeste,iOS,Upload_Fotos_Documentos,Escalado_Humano,"51,4",4,"12051,67"
CVX-006614,2026-01-16 14:36:09,WhatsApp,Auto,Premium,Centro-Oeste,iOS,Upload_Fotos_Documentos,Abandonado,,,"9439,36"
CVX-000769,2026-01-16 14:50:46,WhatsApp,Auto,Premium,Sudeste,Android,Upload_Fotos_Documentos,Escalado_humano,"27,3",,"15613,1"
CVX-001473,2026-01-16 15:11:13,App,Auto,Varejo,Sudeste,Android,Confirmacao_Protocolo,Resolvido_Bot,"11,7",4,"7780,82"
CVX-006324,2026-01-16 15:17:21,App,Auto,Premium,Centro-Oeste,Android,Confirmacao_Protocolo,Resolvido_Bot,"3,5",5,"7577,26"
CVX-002119,2026-01-16 15:22:35,WhatsApp,Auto,Premium,Sul,iOS,Upload_Fotos_Documentos,Abandonado,,,"5079,85"
CVX-004750,2026-01-16 15:27:26,WhatsApp,Residencial,Varejo,Nordeste,Android,Confirmacao_Protocolo,Resolvido_Bot,"7,7",5,"10738,39"
CVX-005238,2026-01-16 15:44:21,App,Auto,Varejo,Sudeste,Android,Upload_Fotos_Documentos,Abandonado,,,"8289,93"
CVX-003008,2026-01-16 15:47:00,WhatsApp,Auto,Premium,Sudeste,Android,Coleta_Dados_Sinistro,Abandonado,,,"8648,33"
CVX-000908,2026-01-16 15:50:28,WhatsApp,Auto,Corporativo,Sul,Android,Upload_Fotos_Documentos,Escalado_Humano,"35,9",4,"5059,45"
CVX-006860,2026-01-16 15:56:27,App,Auto,Varejo,Sudeste,Android,Confirmacao_Protocolo,Resolvido_Bot,"4,1",4,"9610,63"
CVX-003232,2026-01-16 16:14:24,WhatsApp,Auto,Premium,Sul,iOS,Coleta_Dados_Sinistro,Escalado_Humano,"52,6",3,"9448,45"
CVX-000240,2026-01-16 16:28:26,WhatsApp,Auto,Varejo,Nordeste,iOS,Coleta_Dados_Sinistro,Escalado_humano,"45,1",,"13938,39"
CVX-000161,2026-01-16 17:52:07,WhatsApp,Auto,Varejo,Sudeste,Android,Confirmacao_Protocolo,Resolvido_Bot,"7,3",5,"10923,06"
CVX-005635,2026-01-16 18:09:01,WhatsApp,Auto,Varejo,Sudeste,iOS,Coleta_Dados_Sinistro,Abandonado,,,"11494,46"
CVX-005286,2026-01-16 19:37:55,WhatsApp,Residencial,Premium,Sudeste,Android,Confirmacao_Protocolo,Resolvido_Bot,"9,6",4,"14694,55"
CVX-001122,2026-01-16 19:52:56,WhatsApp,Residencial,Premium,Sudeste,iOS,Confirmacao_Protocolo,Resolvido_Bot,"7,3",4,"8362,31"
CVX-005503,2026-01-16 19:53:51,WhatsApp,Auto,Corporativo,Centro-Oeste,iOS,Upload_Fotos_Documentos,Escalado_Humano,"21,9",4,"13128,44"
CVX-001575,2026-01-16 19:55:27,WhatsApp,Auto,Premium,Norte,Android,Upload_Fotos_Documentos,Abandonado,,,"7631,8"
CVX-002889,2026-01-16 19:59:11,WhatsApp,Auto,Corporativo,Nordeste,Android,Coleta_Dados_Sinistro,Escalado_Humano,40,4,"7129,23"
CVX-003873,2026-01-16 20:13:56,App,Residencial,Varejo,Sul,Android,Validacao_Apolice,Escalado_humano,"42,8",3,
CVX-000733,2026-01-16 20:25:21,WhatsApp,Residencial,Varejo,Sudeste,Android,Confirmacao_Protocolo,Resolvido_Bot,"14,5",4,"13742,72"
CVX-005991,2026-01-16 20:29:37,WhatsApp,Vida,Varejo,Sul,Android,Upload_Fotos_Documentos,Abandonado,,,"42856,88"
CVX-002022,2026-01-16 20:33:25,WhatsApp,Vida,Premium,Sudeste,Android,Validacao_Apolice,Escalado_Humano,"40,4",3,
CVX-000636,2026-01-16 20:37:14,App,Auto,Varejo,Sul,Android,Confirmacao_Protocolo,Resolvido_Bot,"12,5",5,"5823,3"
CVX-002191,2026-01-17 8:09:18,WhatsApp,Residencial,Varejo,Sudeste,Android,Confirmacao_Protocolo,Resolvido_Bot,"7,9",5,"8036,67"
CVX-006427,2026-01-17 8:13:30,App,Residencial,Premium,Sudeste,Android,Coleta_Dados_Sinistro,Escalado_Humano,"49,6",,"23733,26"
CVX-005897,2026-01-17 8:14:40,WhatsApp,Auto,Varejo,Sudeste,iOS,Validacao_Apolice,Abandonado,,,
CVX-000269,2026-01-17 8:19:57,WhatsApp,Auto,Varejo,Sudeste,iOS,Confirmacao_Protocolo,Resolvido_Bot,"4,2",4,"11387,26"
CVX-004911,2026-01-17 8:51:56,App,Auto,Varejo,Sudeste,Android,Confirmacao_Protocolo,Resolvido_Bot,"6,2",4,"12337,98"
CVX-006475,2026-01-17 8:56:07,App,Vida,Varejo,Sudeste,Android,Confirmacao_Protocolo,Resolvido_Bot,"7,2",,"84532,28"
CVX-002781,2026-01-17 9:02:27,WhatsApp,Auto,Varejo,Centro-Oeste,iOS,Confirmacao_Protocolo,Resolvido_Bot,"8,7",,"5720,4"
CVX-003549,2026-01-17 9:03:32,WhatsApp,Auto,Varejo,Centro-Oeste,Android,Confirmacao_Protocolo,Resolvido_Bot,"6,7",4,"8511,32"
CVX-001765,2026-01-17 9:20:17,WhatsApp,Auto,Varejo,Sudeste,iOS,Confirmacao_Protocolo,Resolvido_Bot,"11,4",4,"11711,81"
CVX-003245,2026-01-17 9:41:05,WhatsApp,Auto,Premium,Nordeste,iOS,Confirmacao_Protocolo,Resolvido_Bot,12,5,"10503,74"
CVX-005873,2026-01-17 9:42:45,App,Auto,Varejo,Sudeste,Android,Upload_Fotos_Documentos,Escalado_Humano,37,5,"5070,12"
CVX-006028,2026-01-17 10:06:07,WhatsApp,Auto,Premium,Sudeste,iOS,Validacao_Apolice,Escalado_Humano,"33,4",,
CVX-001253,2026-01-17 10:10:49,WhatsApp,Vida,Varejo,Sudeste,Android,Coleta_Dados_Sinistro,Escalado_Humano,"28,3",5,"13445,94"
CVX-002217,2026-01-17 10:30:24,WhatsApp,Residencial,Premium,Centro-Oeste,Android,Confirmacao_Protocolo,Resolvido_Bot,"6,6",4,"12164,49"
CVX-004197,2026-01-17 10:35:49,WhatsApp,Auto,Varejo,Sudeste,Android,Upload_Fotos_Documentos,Escalado_Humano,"41,9",4,"4597,28"
CVX-004515,2026-01-17 10:38:26,WhatsApp,Auto,Varejo,Sudeste,Android,Confirmacao_Protocolo,Resolvido_Bot,"10,1",4,"11777,62"
CVX-003874,2026-01-17 10:49:54,WhatsApp,Auto,Varejo,Sul,Android,Confirmacao_Protocolo,Resolvido_Bot,"4,3",3,"8206,75"
CVX-006015,2026-01-17 10:55:27,WhatsApp,Auto,Varejo,Nordeste,iOS,Validacao_Apolice,Escalado_Humano,"46,9",3,
CVX-006563,2026-01-17 11:01:30,WhatsApp,Auto,Premium,Sudeste,Android,Analise_Automatica,Escalado_Humano,"49,2",4,"8485,97"
CVX-006602,2026-01-17 11:11:05,WhatsApp,Auto,Varejo,Sudeste,Android,Confirmacao_Protocolo,Resolvido_Bot,"5,6",4,"9864,01"
CVX-000362,2026-01-17 11:21:54,WhatsApp,Residencial,Varejo,Sul,Android,Confirmacao_Protocolo,Resolvido_Bot,"5,7",3,"12220,43"
CVX-005115,2026-01-17 11:41:53,WhatsApp,Residencial,Premium,Norte,iOS,Upload_Fotos_Documentos,Abandonado,,,"14242,02"
CVX-001393,2026-01-17 12:01:43,WhatsApp,Residencial,Corporativo,Sudeste,Android,Confirmacao_Protocolo,Resolvido_Bot,"11,1",4,"18568,61"
CVX-001182,2026-01-17 12:49:28,WhatsApp,Residencial,Varejo,Centro-Oeste,Android,Coleta_Dados_Sinistro,Escalado_Humano,"47,1",1,"14482,29"
CVX-000389,2026-01-17 13:03:43,WhatsApp,Residencial,Varejo,Nordeste,Android,Upload_Fotos_Documentos,Abandonado,,,"9666,76"
CVX-000973,2026-01-17 13:09:15,WhatsApp,Residencial,Varejo,Norte,iOS,Upload_Fotos_Documentos,Abandonado,,,"15844,16"
CVX-002875,2026-01-17 13:11:12,App,Residencial,Corporativo,Sudeste,Android,Validacao_Apolice,Escalado_Humano,"46,6",,
CVX-004366,2026-01-17 13:12:43,WhatsApp,Auto,Varejo,Sudeste,iOS,Confirmacao_Protocolo,Resolvido_Bot,"7,8",4,"8990,12"
CVX-004065,2026-01-17 14:00:02,WhatsApp,Residencial,Varejo,Sudeste,Android,Validacao_Apolice,Escalado_Humano,"37,7",3,
CVX-001350,2026-01-17 14:05:02,WhatsApp,Auto,Corporativo,Sul,Android,Validacao_Apolice,Escalado_Humano,"39,9",2,
CVX-006092,2026-01-17 14:07:36,WhatsApp,Residencial,Varejo,Sudeste,iOS,Validacao_Apolice,Escalado_Humano,"38,2",4,
CVX-000608,2026-01-17 14:12:09,WhatsApp,Auto,Corporativo,Sul,Android,Validacao_Apolice,Abandonado,,,
CVX-000099,2026-01-17 14:18:24,WhatsApp,Auto,Varejo,Sudeste,Android,Confirmacao_Protocolo,Resolvido_Bot,"5,8",4,"8849,51"
CVX-006953,2026-01-17 14:23:08,App,Auto,Varejo,Sudeste,Android,Inicio_Saudacao,Abandonado,,,
CVX-005054,2026-01-17 14:36:59,WhatsApp,Residencial,Varejo,Nordeste,Android,Confirmacao_Protocolo,Resolvido_Bot,"6,1",,"16686,65"
CVX-002513,2026-01-17 14:58:22,App,Auto,Varejo,Sul,iOS,Confirmacao_Protocolo,Resolvido_Bot,"4,6",4,"16647,67"
CVX-000510,2026-01-17 14:59:24,App,Auto,Premium,Nordeste,Android,Analise_Automatica,Abandonado,,,"16915,44"
CVX-006130,2026-01-17 15:26:22,WhatsApp,Auto,Premium,Sudeste,Android,Validacao_Apolice,Escalado_Humano,"47,8",4,
CVX-004866,2026-01-17 15:36:55,App,Auto,Varejo,Sudeste,Android,Confirmacao_Protocolo,Resolvido_Bot,"7,2",4,"3850,15"
CVX-001107,2026-01-17 16:13:12,WhatsApp,Residencial,Premium,Sudeste,Android,Upload_Fotos_Documentos,Abandonado,,,"23153,26"
CVX-005794,2026-01-17 16:31:17,WhatsApp,Auto,Varejo,Sul,Android,Upload_Fotos_Documentos,Escalado_Humano,"39,3",,"7124,75"
CVX-002805,2026-01-17 16:48:34,WhatsApp,Residencial,Varejo,Nordeste,Android,Confirmacao_Protocolo,Resolvido_Bot,"13,4",,"9794,34"
CVX-001685,2026-01-17 17:18:11,WhatsApp,Vida,Varejo,Sudeste,Android,Confirmacao_Protocolo,Resolvido_Bot,"8,7",5,"41432,06"
CVX-006002,2026-01-17 17:22:10,WhatsApp,Residencial,Varejo,Sul,Android,Analise_Automatica,Escalado_Humano,"44,3",4,"10858,04"
CVX-003352,2026-01-17 17:28:35,WhatsApp,Residencial,Premium,Sudeste,Android,Validacao_Apolice,Escalado_Humano,"53,7",4,
CVX-000938,2026-01-17 18:09:25,WhatsApp,Vida,Varejo,Norte,Android,Validacao_Apolice,Escalado_Humano,18,,
CVX-002201,2026-01-17 18:14:27,WhatsApp,Auto,Varejo,Nordeste,Android,Validacao_Apolice,Escalado_Humano,"49,5",2,
CVX-000363,2026-01-17 18:55:23,WhatsApp,Auto,Premium,Sudeste,iOS,Validacao_Apolice,Escalado_Humano,"23,8",,
CVX-000060,2026-01-17 19:41:45,WhatsApp,Residencial,Varejo,Sudeste,Android,Upload_Fotos_Documentos,Abandonado,,,"24189,06"
CVX-000525,2026-01-17 20:05:55,WhatsApp,Residencial,Premium,Sudeste,Android,Confirmacao_Protocolo,Resolvido_Bot,"10,7",3,"16644,08"
CVX-002005,2026-01-17 20:21:24,WhatsApp,Vida,Premium,Nordeste,Android,Validacao_Apolice,Escalado_Humano,"41,6",3,
CVX-000473,2026-01-17 20:24:48,App,Auto,Corporativo,Nordeste,Android,Validacao_Apolice,Escalado_Humano,"45,3",3,
CVX-004372,2026-01-17 20:48:20,App,Vida,Varejo,Sul,iOS,Confirmacao_Protocolo,Resolvido_Bot,"11,8",4,"22071,57"
CVX-000009,2026-01-18 8:02:27,WhatsApp,Residencial,Premium,Nordeste,Android,Confirmacao_Protocolo,Resolvido_Bot,"6,8",4,"15011,6"
CVX-001532,2026-01-18 8:03:00,WhatsApp,Residencial,Varejo,Sudeste,Android,Validacao_Apolice,Escalado_Humano,29,,
CVX-001040,2026-01-18 8:15:21,WhatsApp,Auto,Premium,Norte,iOS,Upload_Fotos_Documentos,Abandonado,,,"3078,61"
CVX-003154,2026-01-18 8:17:36,WhatsApp,Residencial,Varejo,Sudeste,Android,Confirmacao_Protocolo,Resolvido_Bot,"9,4",,"2126,86"
CVX-006896,2026-01-18 9:05:22,App,Auto,Varejo,Nordeste,Android,Confirmacao_Protocolo,Resolvido_Bot,"9,4",4,"9061,43"
CVX-004035,2026-01-18 9:10:28,App,Auto,Premium,Sul,Android,Analise_Automatica,Abandonado,,,"5769,78"
CVX-006616,2026-01-18 9:35:57,WhatsApp,Residencial,Varejo,Sudeste,Android,Coleta_Dados_Sinistro,Abandonado,,,"3683,61"
CVX-004854,2026-01-18 9:47:43,WhatsApp,Vida,Premium,Nordeste,Android,Confirmacao_Protocolo,Resolvido_Bot,"7,3",4,"63927,83"
CVX-000805,2026-01-18 10:11:02,WhatsApp,Residencial,Varejo,Sudeste,Android,Inicio_Saudacao,Abandonado,,,
CVX-000619,2026-01-18 10:13:07,WhatsApp,Auto,Varejo,Nordeste,Android,Confirmacao_Protocolo,Resolvido_Bot,"8,1",4,"8705,96"
CVX-004342,2026-01-18 10:13:31,WhatsApp,Vida,Varejo,Sul,iOS,Validacao_Apolice,Escalado_Humano,"35,1",,
CVX-005476,2026-01-18 10:20:44,WhatsApp,Residencial,Varejo,Sudeste,iOS,Upload_Fotos_Documentos,Escalado_Humano,"20,9",3,"17239,67"
CVX-001887,2026-01-18 10:43:43,WhatsApp,Residencial,Premium,Sudeste,Android,Confirmacao_Protocolo,resolvido_bot,"9,9",4,"13481,43"
CVX-005163,2026-01-18 10:53:27,App,Residencial,Varejo,Sul,Android,Confirmacao_Protocolo,Resolvido_Bot,"8,4",,"18946,3"
CVX-005193,2026-01-18 10:58:59,WhatsApp,Residencial,Varejo,Sul,Android,Validacao_Apolice,Escalado_Humano,"15,4",,
CVX-003788,2026-01-18 11:10:53,WhatsApp,Auto,Varejo,Centro-Oeste,iOS,Upload_Fotos_Documentos,Abandonado,,,"11242,94"
CVX-005869,2026-01-18 11:12:10,WhatsApp,Vida,Premium,Sul,iOS,Coleta_Dados_Sinistro,Escalado_Humano,"28,5",4,"24701,87"
CVX-001674,2026-01-18 11:23:22,WhatsApp,Auto,Premium,Centro-Oeste,Android,Coleta_Dados_Sinistro,Escalado_Humano,"13,7",5,"7827,02"
CVX-004341,2026-01-18 11:37:19,WhatsApp,Residencial,Corporativo,Sul,iOS,Upload_Fotos_Documentos,Abandonado,,,"14653,81"
CVX-000218,2026-01-18 12:23:14,WhatsApp,Residencial,Varejo,Sudeste,Android,Coleta_Dados_Sinistro,Abandonado,,,"16145,39"
CVX-006698,2026-01-18 12:40:18,WhatsApp,Vida,Varejo,Sul,Android,Upload_Fotos_Documentos,Abandonado,,,"36577,38"
CVX-005220,2026-01-18 12:45:47,WhatsApp,Auto,Premium,Sudeste,iOS,Confirmacao_Protocolo,Resolvido_Bot,"8,1",5,"5772,59"
CVX-005576,2026-01-18 12:52:56,WhatsApp,Vida,Corporativo,Norte,Android,Validacao_Apolice,Escalado_Humano,32,,
CVX-005697,2026-01-18 13:01:55,WhatsApp,Auto,Premium,Sudeste,Android,Inicio_Saudacao,Abandonado,,,
CVX-006637,2026-01-18 13:11:41,WhatsApp,Auto,Varejo,Centro-Oeste,iOS,Coleta_Dados_Sinistro,Abandonado,,,"14102,42"
CVX-004839,2026-01-18 13:37:53,App,Auto,Varejo,Sudeste,iOS,Analise_Automatica,Abandonado,,,"8421,69"
CVX-004653,2026-01-18 14:03:43,WhatsApp,Auto,Varejo,Sul,Android,Upload_Fotos_Documentos,Abandonado,,,"11965,06"
CVX-006388,2026-01-18 14:07:45,App,Auto,Varejo,Sudeste,Android,Confirmacao_Protocolo,Resolvido_Bot,"10,4",,"5722,71"
CVX-006819,2026-01-18 14:13:47,WhatsApp,Residencial,Varejo,Sudeste,Android,Validacao_Apolice,Escalado_Humano,"30,3",3,
CVX-006704,2026-01-18 14:23:56,WhatsApp,Auto,Premium,Sul,Android,Confirmacao_Protocolo,Resolvido_Bot,"9,5",,"11374,4"
CVX-002099,2026-01-18 14:25:06,WhatsApp,Residencial,Corporativo,Sul,Android,Confirmacao_Protocolo,Resolvido_Bot,"12,1",,"21393,83"
CVX-002973,2026-01-18 14:40:48,WhatsApp,Auto,Premium,Sudeste,Android,Inicio_Saudacao,Abandonado,,,
CVX-006537,2026-01-18 14:43:27,App,Auto,Varejo,Sudeste,Android,Upload_Fotos_Documentos,Abandonado,,,"6751,9"
CVX-004654,2026-01-18 14:46:00,WhatsApp,Vida,Varejo,Sudeste,iOS,Analise_Automatica,Abandonado,,,"34591,51"
CVX-004306,2026-01-18 14:47:14,WhatsApp,Residencial,Corporativo,Norte,Android,Validacao_Apolice,Abandonado,,,
CVX-001255,2026-01-18 14:58:57,WhatsApp,Auto,Premium,Sudeste,Android,Coleta_Dados_Sinistro,Escalado_Humano,54,5,"12166,95"
CVX-004514,2026-01-18 15:00:37,WhatsApp,Auto,Premium,Sul,iOS,Validacao_Apolice,Escalado_Humano,"62,8",3,
CVX-000193,2026-01-18 16:01:50,WhatsApp,Vida,Varejo,Sul,Android,Coleta_Dados_Sinistro,Abandonado,,,"41993,28"
CVX-004182,2026-01-18 16:36:29,WhatsApp,Residencial,Varejo,Sudeste,Android,Analise_Automatica,Abandonado,,,"21605,6"
CVX-001415,2026-01-18 16:37:33,App,Residencial,Varejo,Nordeste,Android,Upload_Fotos_Documentos,Abandonado,,,"2417,59"
CVX-004908,2026-01-18 16:40:32,WhatsApp,Residencial,Varejo,Sudeste,Android,Confirmacao_Protocolo,Resolvido_Bot,"8,2",4,"11557,77"
CVX-002594,2026-01-18 16:45:26,WhatsApp,Auto,Varejo,Sudeste,Android,Confirmacao_Protocolo,Resolvido_Bot,"7,4",,"2429,26"
CVX-002421,2026-01-18 17:13:09,WhatsApp,Auto,Varejo,Sudeste,Android,Confirmacao_Protocolo,Resolvido_Bot,"7,5",4,"13077,45"
CVX-002579,2026-01-18 17:32:55,WhatsApp,Auto,Premium,Sudeste,Android,Confirmacao_Protocolo,Resolvido_Bot,"8,4",5,"11410,64"
CVX-000815,2026-01-18 17:43:38,WhatsApp,Auto,Premium,Sul,Android,Confirmacao_Protocolo,Resolvido_Bot,"11,2",5,"11637,15"
CVX-006991,2026-01-18 18:09:33,WhatsApp,Residencial,Premium,Sudeste,Android,Validacao_Apolice,Escalado_Humano,"37,2",4,
CVX-001275,2026-01-18 18:13:27,WhatsApp,Residencial,Varejo,Sul,iOS,Inicio_Saudacao,Abandonado,,,
CVX-000209,2026-01-18 18:21:59,WhatsApp,Residencial,Varejo,Sudeste,Android,Confirmacao_Protocolo,Resolvido_Bot,"7,9",5,"4696,01"
CVX-002266,2026-01-18 18:24:13,WhatsApp,Vida,Premium,Nordeste,iOS,Validacao_Apolice,Escalado_Humano,"43,9",4,
CVX-002890,2026-01-18 19:13:42,App,Auto,Varejo,Sul,Android,Analise_Automatica,Abandonado,,,"8775,29"
CVX-002866,2026-01-18 19:28:07,WhatsApp,Residencial,Varejo,Centro-Oeste,Android,Validacao_Apolice,Escalado_Humano,"48,9",4,
CVX-000964,2026-01-18 19:54:46,WhatsApp,Auto,Corporativo,Sudeste,iOS,Analise_Automatica,Escalado_Humano,"32,7",4,"12830,1"
CVX-000437,2026-01-18 20:02:59,WhatsApp,Auto,Premium,Nordeste,Android,Coleta_Dados_Sinistro,Abandonado,,,"9935,73"
CVX-002399,2026-01-18 20:13:06,WhatsApp,Auto,Premium,Sudeste,Android,Confirmacao_Protocolo,Resolvido_Bot,"11,6",5,"7347,16"
CVX-000392,2026-01-18 20:25:40,WhatsApp,Auto,Premium,Sul,Android,Upload_Fotos_Documentos,Abandonado,,,"5783,16"
CVX-005169,2026-01-18 20:52:07,WhatsApp,Auto,Premium,Nordeste,Android,Inicio_Saudacao,Abandonado,,,
CVX-006033,2026-01-18 20:53:06,WhatsApp,Auto,Corporativo,Sudeste,Android,Upload_Fotos_Documentos,Abandonado,,,"3905,74"
CVX-004739,2026-01-19 8:30:20,WhatsApp,Auto,Varejo,Sudeste,Android,Confirmacao_Protocolo,Resolvido_Bot,"8,3",3,"6343,01"
CVX-001511,2026-01-19 8:35:40,App,Auto,Premium,Centro-Oeste,Android,Analise_Automatica,Escalado_Humano,"56,4",,"5401,77"
CVX-006663,2026-01-19 8:44:57,WhatsApp,Auto,Corporativo,Sudeste,Android,Validacao_Apolice,Escalado_Humano,"55,5",2,
CVX-005441,2026-01-19 8:47:16,WhatsApp,Auto,Varejo,Sudeste,Android,Coleta_Dados_Sinistro,Escalado_Humano,"41,1",3,"4238,06"
CVX-006023,2026-01-19 9:01:00,WhatsApp,Auto,Premium,Sudeste,iOS,Validacao_Apolice,Escalado_Humano,"32,4",,
CVX-001769,2026-01-19 9:07:42,WhatsApp,Residencial,Premium,Nordeste,iOS,Confirmacao_Protocolo,Resolvido_Bot,"5,3",4,"13110,44"
CVX-006295,2026-01-19 9:07:44,WhatsApp,Auto,Varejo,Sul,Android,Upload_Fotos_Documentos,Abandonado,,,"7324,96"
CVX-006394,2026-01-19 9:17:17,WhatsApp,Auto,Varejo,Sul,Android,Coleta_Dados_Sinistro,Escalado_Humano,"27,6",4,"4369,04"
CVX-000888,2026-01-19 10:00:10,WhatsApp,Auto,Premium,Nordeste,Android,Confirmacao_Protocolo,Resolvido_Bot,"10,4",5,"14759,65"
CVX-000217,2026-01-19 10:03:23,WhatsApp,Auto,Premium,Sul,Android,Confirmacao_Protocolo,Resolvido_Bot,"6,7",5,"11571,49"
CVX-003602,2026-01-19 10:18:35,WhatsApp,Auto,Premium,Sudeste,iOS,Coleta_Dados_Sinistro,Escalado_Humano,"37,8",4,"9214,75"
CVX-004188,2026-01-19 10:53:38,WhatsApp,Residencial,Premium,Nordeste,Android,Analise_Automatica,Escalado_Humano,"23,2",,"11198,43"
CVX-005664,2026-01-19 10:55:05,WhatsApp,Residencial,Varejo,Nordeste,Android,Confirmacao_Protocolo,Resolvido_Bot,7,4,"5472,69"
CVX-001052,2026-01-19 10:59:33,App,Auto,Varejo,Sudeste,iOS,Confirmacao_Protocolo,resolvido_bot,"3,1",4,"8810,3"
CVX-003128,2026-01-19 11:12:40,WhatsApp,Vida,Premium,Nordeste,iOS,Validacao_Apolice,Escalado_Humano,"66,5",1,
CVX-004043,2026-01-19 11:23:46,WhatsApp,Auto,Corporativo,Sul,Android,Confirmacao_Protocolo,Resolvido_Bot,"13,9",5,"8454,08"
CVX-000963,2026-01-19 11:25:05,WhatsApp,Auto,Varejo,Sudeste,Android,Confirmacao_Protocolo,Resolvido_Bot,"12,6",2,"10109,09"
CVX-000474,2026-01-19 12:44:22,WhatsApp,Vida,Varejo,Sudeste,Android,Upload_Fotos_Documentos,Abandonado,,,"68458,26"
CVX-002102,2026-01-19 13:06:43,App,Vida,Premium,Centro-Oeste,Android,Coleta_Dados_Sinistro,Abandonado,,,"105946,55"
CVX-006108,2026-01-19 13:21:51,WhatsApp,Auto,Premium,Sul,iOS,Upload_Fotos_Documentos,Escalado_Humano,"36,9",4,"12279,03"
CVX-002379,2026-01-19 13:24:48,WhatsApp,Auto,Varejo,Sudeste,Android,Confirmacao_Protocolo,Resolvido_Bot,"6,2",4,"9678,06"
CVX-003412,2026-01-19 13:27:37,WhatsApp,Residencial,Varejo,Sudeste,Android,Validacao_Apolice,Escalado_Humano,"37,4",,
CVX-003899,2026-01-19 13:42:03,WhatsApp,Vida,Premium,Sudeste,iOS,Coleta_Dados_Sinistro,Abandonado,,,"47425,2"
CVX-003369,2026-01-19 13:50:20,WhatsApp,Auto,Corporativo,Sudeste,Android,Confirmacao_Protocolo,Resolvido_Bot,"9,7",4,"7051,54"
CVX-000037,2026-01-19 14:48:17,WhatsApp,Residencial,Varejo,Centro-Oeste,Android,Coleta_Dados_Sinistro,Escalado_Humano,10,,"22058,04"
CVX-003962,2026-01-19 14:55:20,WhatsApp,Residencial,Varejo,Sudeste,iOS,Coleta_Dados_Sinistro,Escalado_Humano,"33,5",3,"11125,74"
CVX-005793,2026-01-19 15:01:35,WhatsApp,Residencial,Premium,Sul,iOS,Confirmacao_Protocolo,Resolvido_Bot,13,3,"12526,49"
CVX-006724,2026-01-19 15:01:45,WhatsApp,Residencial,Varejo,Sul,Android,Validacao_Apolice,Escalado_Humano,"42,1",,
CVX-000302,2026-01-19 15:15:36,WhatsApp,Residencial,Varejo,Sul,Android,Confirmacao_Protocolo,Resolvido_Bot,"7,3",4,"13145,02"
CVX-002780,2026-01-19 15:21:25,WhatsApp,Residencial,Premium,Sul,Android,Validacao_Apolice,Escalado_Humano,"37,6",3,
CVX-003668,2026-01-19 15:23:02,WhatsApp,Residencial,Varejo,Sul,Android,Validacao_Apolice,Escalado_Humano,"49,6",5,
CVX-001003,2026-01-19 15:24:31,WhatsApp,Residencial,Varejo,Centro-Oeste,Android,Validacao_Apolice,Escalado_Humano,"30,3",4,
CVX-004678,2026-01-19 15:31:16,WhatsApp,Auto,Varejo,Nordeste,Android,Confirmacao_Protocolo,Resolvido_Bot,"8,6",5,"7506,38"
CVX-004505,2026-01-19 15:34:30,WhatsApp,Residencial,Premium,Sudeste,Android,Inicio_Saudacao,Abandonado,,,
CVX-006364,2026-01-19 15:55:29,WhatsApp,Residencial,Premium,Sudeste,Android,Validacao_Apolice,Abandonado,,,
CVX-000335,2026-01-19 16:33:24,WhatsApp,Residencial,Varejo,Sul,iOS,Confirmacao_Protocolo,Resolvido_Bot,"6,6",4,"16022,75"
CVX-000679,2026-01-19 16:40:47,App,Residencial,Varejo,Sudeste,iOS,Validacao_Apolice,Escalado_Humano,"27,6",,
CVX-005910,2026-01-19 16:50:39,WhatsApp,Vida,Varejo,Nordeste,Android,Confirmacao_Protocolo,Resolvido_Bot,"4,4",4,"40256,73"
CVX-003236,2026-01-19 16:55:04,WhatsApp,Residencial,Premium,Sul,Android,Confirmacao_Protocolo,Resolvido_Bot,"5,4",5,"5802,71"
CVX-005659,2026-01-19 16:56:44,App,Auto,Varejo,Sudeste,iOS,Upload_Fotos_Documentos,Abandonado,,,"5620,48"
CVX-004705,2026-01-19 16:59:45,WhatsApp,Auto,Premium,Nordeste,Android,Confirmacao_Protocolo,Resolvido_Bot,"3,1",5,"10389,86"
CVX-001803,2026-01-19 17:07:59,App,Vida,Varejo,Nordeste,iOS,Validacao_Apolice,Escalado_Humano,40,3,
CVX-006118,2026-01-19 17:34:07,App,Vida,Varejo,Nordeste,Android,Confirmacao_Protocolo,Resolvido_Bot,"9,1",3,"43307,63"
CVX-003495,2026-01-19 18:08:04,WhatsApp,Auto,Premium,Sul,Android,Upload_Fotos_Documentos,Escalado_Humano,"25,3",3,"12059,45"
CVX-001654,2026-01-19 18:16:24,WhatsApp,Residencial,Premium,Nordeste,Android,Validacao_Apolice,Escalado_Humano,"44,9",4,
CVX-006057,2026-01-19 18:53:29,WhatsApp,Residencial,Varejo,Sudeste,Android,Confirmacao_Protocolo,Resolvido_Bot,"5,3",5,"9783,62"
CVX-001240,2026-01-19 18:58:45,WhatsApp,Auto,Varejo,Nordeste,iOS,Validacao_Apolice,Escalado_Humano,"34,5",4,
CVX-000207,2026-01-19 19:04:07,App,Auto,Varejo,Sul,Android,Coleta_Dados_Sinistro,Escalado_Humano,"47,7",,"8574,76"
CVX-002059,2026-01-19 19:14:44,WhatsApp,Residencial,Premium,Sudeste,Android,Confirmacao_Protocolo,Resolvido_Bot,"10,7",4,"15618,31"
CVX-001551,2026-01-19 19:25:42,WhatsApp,Auto,Varejo,Sudeste,Android,Validacao_Apolice,Escalado_Humano,"51,5",2,
CVX-004284,2026-01-19 20:16:18,WhatsApp,Residencial,Varejo,Sudeste,Android,Coleta_Dados_Sinistro,escalado_humano,"77,5",4,"20166,98"
CVX-002008,2026-01-20 8:20:15,WhatsApp,Residencial,Varejo,Sul,Android,Validacao_Apolice,Escalado_Humano,"30,5",,
CVX-003978,2026-01-20 8:24:52,WhatsApp,Auto,Varejo,Sudeste,iOS,Confirmacao_Protocolo,Resolvido_Bot,"7,9",5,"3941,58"
CVX-005241,2026-01-20 8:25:22,WhatsApp,Auto,Premium,Nordeste,iOS,Confirmacao_Protocolo,Resolvido_Bot,"9,1",4,"6298,24"
CVX-001757,2026-01-20 8:29:53,WhatsApp,Auto,Premium,Nordeste,Android,Confirmacao_Protocolo,Resolvido_Bot,"8,7",5,"6632,51"
CVX-002184,2026-01-20 8:50:46,WhatsApp,Auto,Varejo,Sudeste,Android,Confirmacao_Protocolo,Resolvido_Bot,"3,9",5,"6752,85"
CVX-000050,2026-01-20 9:18:21,WhatsApp,Auto,Corporativo,Sudeste,Android,Coleta_Dados_Sinistro,Abandonado,,,"9184,63"
CVX-003270,2026-01-20 9:24:05,WhatsApp,Residencial,Varejo,Nordeste,Android,Upload_Fotos_Documentos,Abandonado,,,"19751,66"
CVX-003163,2026-01-20 9:25:06,App,Auto,Corporativo,Sul,iOS,Confirmacao_Protocolo,Resolvido_Bot,"8,8",,"11271,2"
CVX-004428,2026-01-20 9:25:10,WhatsApp,Auto,Premium,Nordeste,Android,Inicio_Saudacao,Abandonado,,,
CVX-000918,2026-01-20 9:28:32,WhatsApp,Residencial,Varejo,Nordeste,iOS,Analise_Automatica,Escalado_Humano,"19,3",4,"15473,98"
CVX-004789,2026-01-20 10:15:22,WhatsApp,Auto,Varejo,Sul,Android,Confirmacao_Protocolo,Resolvido_Bot,"11,7",4,"13571,17"
CVX-005468,2026-01-20 10:17:27,WhatsApp,Auto,Premium,Sudeste,Android,Confirmacao_Protocolo,resolvido_bot,"2,6",5,"11865,94"
CVX-000341,2026-01-20 10:18:55,WhatsApp,Auto,Varejo,Nordeste,Android,Confirmacao_Protocolo,Resolvido_Bot,"13,5",5,"4746,24"
CVX-001602,2026-01-20 10:32:11,WhatsApp,Auto,Premium,Nordeste,Android,Confirmacao_Protocolo,resolvido_bot,"8,7",3,"9724,82"
CVX-001189,2026-01-20 10:50:31,WhatsApp,Auto,Varejo,Nordeste,Android,Validacao_Apolice,Abandonado,,,
CVX-003189,2026-01-20 10:52:30,WhatsApp,Residencial,Corporativo,Sudeste,Android,Upload_Fotos_Documentos,Abandonado,,,"18054,78"
CVX-003572,2026-01-20 11:00:16,WhatsApp,Auto,Varejo,Norte,Android,Validacao_Apolice,Escalado_Humano,"25,7",3,
CVX-002237,2026-01-20 11:05:29,WhatsApp,Residencial,Premium,Sudeste,Android,Validacao_Apolice,Escalado_Humano,"58,4",,
CVX-003812,2026-01-20 11:06:21,WhatsApp,Vida,Premium,Sul,Android,Confirmacao_Protocolo,Resolvido_Bot,"6,7",4,"33961,68"
CVX-005363,2026-01-20 11:30:44,WhatsApp,Vida,Varejo,Sul,Android,Confirmacao_Protocolo,resolvido_bot,"8,9",5,"53286,75"
CVX-004849,2026-01-20 11:42:04,WhatsApp,Vida,Varejo,Centro-Oeste,Android,Confirmacao_Protocolo,Resolvido_Bot,10,5,"30099,95"
CVX-004539,2026-01-20 11:56:02,WhatsApp,Auto,Varejo,Sul,Android,Confirmacao_Protocolo,Resolvido_Bot,"11,2",5,"12149,32"
CVX-000545,2026-01-20 12:29:10,WhatsApp,Vida,Varejo,Nordeste,Android,Coleta_Dados_Sinistro,Escalado_Humano,"51,7",5,"64580,72"
CVX-006391,2026-01-20 12:37:03,WhatsApp,Auto,Premium,Sudeste,Android,Confirmacao_Protocolo,Resolvido_Bot,"4,3",5,"1408,94"
CVX-002728,2026-01-20 12:50:51,WhatsApp,Residencial,Varejo,Sudeste,iOS,Confirmacao_Protocolo,Resolvido_Bot,"17,1",3,"12086,84"
CVX-000764,2026-01-20 12:55:34,WhatsApp,Auto,Corporativo,Sul,iOS,Coleta_Dados_Sinistro,Abandonado,,,"5445,48"
CVX-004847,2026-01-20 13:16:01,WhatsApp,Residencial,Varejo,Sudeste,Android,Analise_Automatica,Abandonado,,,"11633,81"
CVX-002013,2026-01-20 13:21:16,WhatsApp,Auto,Varejo,Sudeste,Android,Confirmacao_Protocolo,Resolvido_Bot,"5,9",4,"9429,43"
CVX-005227,2026-01-20 13:32:54,WhatsApp,Auto,Varejo,Nordeste,Android,Confirmacao_Protocolo,Resolvido_Bot,4,5,"9460,63"
CVX-003891,2026-01-20 14:26:55,WhatsApp,Auto,Corporativo,Sudeste,Android,Confirmacao_Protocolo,Resolvido_Bot,"10,5",4,"15672,83"
CVX-003026,2026-01-20 14:30:29,WhatsApp,Residencial,Premium,Sudeste,Android,Confirmacao_Protocolo,Resolvido_Bot,"11,8",4,"17879,99"
CVX-005757,2026-01-20 14:48:39,WhatsApp,Auto,Corporativo,Sul,iOS,Upload_Fotos_Documentos,abandono,,,"4913,24"
CVX-004676,2026-01-20 15:07:38,App,Auto,Varejo,Nordeste,Android,Inicio_Saudacao,Abandonado,,,
CVX-004617,2026-01-20 15:16:27,WhatsApp,Auto,Premium,Sul,Android,Validacao_Apolice,Escalado_Humano,"45,6",4,
CVX-002477,2026-01-20 15:26:46,WhatsApp,Residencial,Premium,Nordeste,Android,Confirmacao_Protocolo,resolvido_bot,"10,2",5,"5034,75"
CVX-005903,2026-01-20 15:30:13,WhatsApp,Auto,Varejo,Sudeste,Android,Confirmacao_Protocolo,Resolvido_Bot,"8,3",,"5311,16"
CVX-003391,2026-01-20 15:34:36,App,Residencial,Varejo,Sudeste,Android,Confirmacao_Protocolo,Resolvido_Bot,"7,3",5,"3362,82"
CVX-000231,2026-01-20 15:44:54,WhatsApp,Auto,Premium,Sul,Android,Confirmacao_Protocolo,Resolvido_Bot,"4,9",5,"6492,86"
CVX-006855,2026-01-20 15:52:59,WhatsApp,Vida,Corporativo,Centro-Oeste,iOS,Confirmacao_Protocolo,Resolvido_Bot,"11,3",5,"54175,2"
CVX-001117,2026-01-20 16:02:29,WhatsApp,Auto,Varejo,Sudeste,iOS,Inicio_Saudacao,Abandonado,,,
CVX-005488,2026-01-20 16:21:50,WhatsApp,Auto,Varejo,Centro-Oeste,Android,Validacao_Apolice,Abandonado,,,
CVX-003929,2026-01-20 16:25:40,WhatsApp,Vida,Premium,Sudeste,Android,Upload_Fotos_Documentos,Abandonado,,,"31957,23"
CVX-006192,2026-01-20 16:35:07,WhatsApp,Residencial,Premium,Sul,Android,Confirmacao_Protocolo,Resolvido_Bot,"8,9",,"15600,02"
CVX-001105,2026-01-20 16:41:26,WhatsApp,Auto,Varejo,Norte,Android,Confirmacao_Protocolo,Resolvido_Bot,"11,7",4,"11229,12"
CVX-002714,2026-01-20 16:46:14,WhatsApp,Vida,Premium,Sudeste,Android,Validacao_Apolice,Escalado_Humano,"48,3",4,
CVX-002334,2026-01-20 16:56:44,WhatsApp,Auto,Varejo,Sudeste,Android,Confirmacao_Protocolo,Resolvido_Bot,"15,8",,"13233,83"
CVX-003225,2026-01-20 17:08:43,WhatsApp,Auto,Premium,Nordeste,Android,Coleta_Dados_Sinistro,Abandonado,,,"9062,06"
CVX-006430,2026-01-20 17:09:08,WhatsApp,Auto,Premium,Norte,Android,Inicio_Saudacao,Abandonado,,,
CVX-006100,2026-01-20 17:10:14,WhatsApp,Auto,Corporativo,Sudeste,Android,Confirmacao_Protocolo,Resolvido_Bot,"13,6",2,"8128,48"
CVX-001054,2026-01-20 18:08:48,WhatsApp,Residencial,Varejo,Sudeste,iOS,Upload_Fotos_Documentos,Escalado_Humano,"46,5",,"16606,68"
CVX-000310,2026-01-20 18:30:47,App,Residencial,Varejo,Norte,iOS,Validacao_Apolice,Abandonado,,,
CVX-000153,2026-01-20 18:35:27,WhatsApp,Auto,Varejo,Sul,Android,Upload_Fotos_Documentos,Abandonado,,,"8808,26"
CVX-001368,2026-01-20 19:03:34,WhatsApp,Residencial,Premium,Sudeste,Android,Confirmacao_Protocolo,resolvido_bot,"9,9",4,"5937,19"
CVX-006262,2026-01-20 19:26:01,WhatsApp,Auto,Premium,Sudeste,Android,Validacao_Apolice,Abandonado,,,
CVX-000417,2026-01-20 19:39:33,WhatsApp,Auto,Premium,Sudeste,Android,Confirmacao_Protocolo,Resolvido_Bot,"9,6",4,"10279,91"
CVX-006676,2026-01-20 20:05:02,WhatsApp,Auto,Varejo,Sudeste,Android,Confirmacao_Protocolo,Resolvido_Bot,"3,6",4,"8349,15"
CVX-000671,2026-01-20 20:06:07,WhatsApp,Residencial,Varejo,Sul,iOS,Validacao_Apolice,Abandonado,,,
CVX-003607,2026-01-20 20:38:23,WhatsApp,Vida,Varejo,Sul,iOS,Confirmacao_Protocolo,Resolvido_Bot,"13,3",5,"56346,04"
CVX-000059,2026-01-20 20:47:15,WhatsApp,Auto,Corporativo,Sul,Android,Confirmacao_Protocolo,Resolvido_Bot,"11,4",3,"13284,74"
CVX-006070,2026-01-20 20:59:35,WhatsApp,Auto,Varejo,Sudeste,iOS,Confirmacao_Protocolo,Resolvido_Bot,"14,3",5,"9012,87"
CVX-003215,2026-01-21 8:26:56,WhatsApp,Residencial,Varejo,Sudeste,Android,Confirmacao_Protocolo,Resolvido_Bot,"10,8",4,"11453,51"
CVX-006558,2026-01-21 8:36:07,App,Auto,Corporativo,Sudeste,Android,Confirmacao_Protocolo,Resolvido_Bot,"7,1",,"8323,23"
CVX-005571,2026-01-21 8:40:11,WhatsApp,Residencial,Varejo,Nordeste,iOS,Confirmacao_Protocolo,Resolvido_Bot,"10,7",,"14677,9"
CVX-001990,2026-01-21 8:43:17,WhatsApp,Vida,Varejo,Sul,Android,Validacao_Apolice,Escalado_Humano,"23,4",3,
CVX-000128,2026-01-21 8:48:13,WhatsApp,Vida,Varejo,Sudeste,iOS,Confirmacao_Protocolo,Resolvido_Bot,"13,3",4,"74279,29"
CVX-004720,2026-01-21 8:54:30,WhatsApp,Auto,Premium,Sul,iOS,Validacao_Apolice,Escalado_Humano,"34,3",,
CVX-002912,2026-01-21 9:01:34,WhatsApp,Auto,Varejo,Sul,Android,Coleta_Dados_Sinistro,Escalado_Humano,"34,9",,"5404,45"
CVX-005404,2026-01-21 9:29:55,App,Residencial,Varejo,Sudeste,Android,Inicio_Saudacao,Abandonado,,,
CVX-006198,2026-01-21 9:48:48,WhatsApp,Residencial,Premium,Norte,Android,Upload_Fotos_Documentos,Escalado_Humano,"30,4",3,"19418,31"
CVX-000849,2026-01-21 9:59:53,WhatsApp,Auto,Varejo,Nordeste,iOS,Confirmacao_Protocolo,Resolvido_Bot,"10,6",3,"12113,04"
CVX-004881,2026-01-21 10:18:32,WhatsApp,Auto,Varejo,Sudeste,Android,Coleta_Dados_Sinistro,ESCALADO HUMANO,"63,9",3,"4060,99"
CVX-002606,2026-01-21 10:50:57,WhatsApp,Residencial,Varejo,Nordeste,Android,Confirmacao_Protocolo,Resolvido_Bot,"7,5",3,"13301,27"
CVX-004369,2026-01-21 10:57:32,WhatsApp,Auto,Varejo,Sudeste,Android,Upload_Fotos_Documentos,Abandonado,,,"10837,89"
CVX-003901,2026-01-21 10:59:38,WhatsApp,Residencial,Premium,Sul,Android,Confirmacao_Protocolo,Resolvido_Bot,2,,"5982,8"
CVX-006515,2026-01-21 11:13:20,WhatsApp,Residencial,Varejo,Nordeste,Android,Validacao_Apolice,Escalado_Humano,"37,3",5,
CVX-000204,2026-01-21 11:19:46,WhatsApp,Auto,Premium,Sudeste,iOS,Validacao_Apolice,Escalado_Humano,"39,7",,
CVX-005326,2026-01-21 11:25:53,WhatsApp,Residencial,Varejo,Centro-Oeste,Android,Coleta_Dados_Sinistro,Abandonado,,,"20261,43"
CVX-006224,2026-01-21 11:52:12,WhatsApp,Auto,Premium,Sudeste,Android,Coleta_Dados_Sinistro,Escalado_Humano,"50,1",2,"9048,7"
CVX-000462,2026-01-21 11:56:20,WhatsApp,Vida,Varejo,Nordeste,Android,Confirmacao_Protocolo,Resolvido_Bot,"14,6",5,"34289,47"
CVX-006512,2026-01-21 11:59:06,WhatsApp,Auto,Varejo,Sudeste,iOS,Validacao_Apolice,Escalado_Humano,"39,8",,
CVX-000806,2026-01-21 12:10:37,WhatsApp,Residencial,Premium,Sul,Android,Validacao_Apolice,Abandonado,,,
CVX-000376,2026-01-21 12:13:26,WhatsApp,Auto,Premium,Sudeste,Android,Confirmacao_Protocolo,Resolvido_Bot,"4,2",2,"10651,22"
CVX-000762,2026-01-21 12:37:54,App,Residencial,Varejo,Nordeste,Android,Coleta_Dados_Sinistro,Abandonado,,,"11969,52"
CVX-002360,2026-01-21 13:05:41,WhatsApp,Auto,Premium,Sudeste,Android,Analise_Automatica,Escalado_Humano,"53,7",4,"10122,81"
CVX-002376,2026-01-21 13:22:19,WhatsApp,Residencial,Premium,Nordeste,Android,Confirmacao_Protocolo,Resolvido_Bot,"11,7",4,"14747,69"
CVX-006205,2026-01-21 13:29:06,WhatsApp,Auto,Varejo,Norte,iOS,Upload_Fotos_Documentos,Abandonado,,,"6162,94"
CVX-001915,2026-01-21 13:32:00,WhatsApp,Auto,Varejo,Centro-Oeste,Android,Coleta_Dados_Sinistro,Escalado_Humano,"36,9",3,"11005,54"
CVX-005419,2026-01-21 13:36:42,WhatsApp,Auto,Varejo,Nordeste,Android,Confirmacao_Protocolo,Resolvido_Bot,"12,4",5,"12010,26"
CVX-002049,2026-01-21 13:42:39,WhatsApp,Residencial,Varejo,Sudeste,iOS,Coleta_Dados_Sinistro,Escalado_Humano,"39,5",4,"7188,61"
CVX-001529,2026-01-21 14:12:46,WhatsApp,Auto,Varejo,Centro-Oeste,Android,Validacao_Apolice,Escalado_Humano,49,2,
CVX-002953,2026-01-21 14:39:30,WhatsApp,Auto,Varejo,Sudeste,iOS,Confirmacao_Protocolo,Resolvido_Bot,"6,5",5,"6450,1"
CVX-001165,2026-01-21 15:25:09,WhatsApp,Auto,Corporativo,Centro-Oeste,Android,Confirmacao_Protocolo,Resolvido_Bot,"8,2",4,"9246,41"
CVX-005325,2026-01-21 15:40:54,WhatsApp,Auto,Premium,Sudeste,Android,Confirmacao_Protocolo,Resolvido_Bot,"8,2",,"12852,7"
CVX-002903,2026-01-21 15:42:43,WhatsApp,Auto,Premium,Sudeste,iOS,Confirmacao_Protocolo,Resolvido_Bot,"6,8",,"7277,8"
CVX-003970,2026-01-21 15:45:34,App,Auto,Varejo,Sudeste,iOS,Confirmacao_Protocolo,Resolvido_Bot,"8,9",4,"7421,41"
CVX-004414,2026-01-21 16:08:09,WhatsApp,Vida,Varejo,Sudeste,iOS,Upload_Fotos_Documentos,Escalado_Humano,"61,4",4,"64742,76"
CVX-005064,2026-01-21 16:18:27,App,Auto,Varejo,Sudeste,iOS,Inicio_Saudacao,Abandonado,,,
CVX-002517,2026-01-21 16:38:30,WhatsApp,Auto,Corporativo,Norte,iOS,Confirmacao_Protocolo,Resolvido_Bot,"9,6",4,"4945,6"
CVX-000264,2026-01-21 16:39:09,WhatsApp,Auto,Premium,Nordeste,Android,Confirmacao_Protocolo,Resolvido_Bot,"6,8",,"2074,45"
CVX-005943,2026-01-21 16:42:02,WhatsApp,Vida,Varejo,Sudeste,Android,Coleta_Dados_Sinistro,Escalado_Humano,"42,8",5,"58242,38"
CVX-005078,2026-01-21 17:11:50,WhatsApp,Residencial,Corporativo,Sudeste,Android,Analise_Automatica,Abandonado,,,"11551,35"
CVX-005519,2026-01-21 17:34:45,WhatsApp,Residencial,Varejo,Sudeste,Android,Confirmacao_Protocolo,Resolvido_Bot,"9,6",4,"21360,17"
CVX-003972,2026-01-21 17:43:53,WhatsApp,Residencial,Varejo,Sul,Android,Validacao_Apolice,Abandonado,,,
CVX-000552,2026-01-21 17:50:20,WhatsApp,Auto,Corporativo,Sudeste,Android,Confirmacao_Protocolo,Resolvido_Bot,"7,5",,"17414,16"
CVX-000469,2026-01-21 17:58:08,WhatsApp,Auto,Premium,Nordeste,Android,Coleta_Dados_Sinistro,Escalado_Humano,"29,2",4,"7788,41"
CVX-002891,2026-01-21 18:04:31,WhatsApp,Auto,Premium,Sul,Android,Confirmacao_Protocolo,Resolvido_Bot,"13,3",,"12613,72"
CVX-004457,2026-01-21 18:14:16,WhatsApp,Residencial,Premium,Nordeste,Android,Confirmacao_Protocolo,Resolvido_Bot,"9,1",4,"25337,81"
CVX-005560,2026-01-21 18:35:19,WhatsApp,Residencial,Varejo,Nordeste,Android,Confirmacao_Protocolo,resolvido_bot,"8,4",4,"14886,06"
CVX-005371,2026-01-21 19:46:20,WhatsApp,Vida,Premium,Sudeste,Android,Analise_Automatica,Abandonado,,,"71522,68"
CVX-001151,2026-01-21 20:01:52,WhatsApp,Residencial,Premium,Sul,Android,Analise_Automatica,Abandonado,,,"21727,13"
CVX-004252,2026-01-21 20:27:36,WhatsApp,Auto,Premium,Sudeste,Android,Upload_Fotos_Documentos,Abandonado,,,"13442,08"
CVX-000261,2026-01-21 20:40:23,WhatsApp,Residencial,Varejo,Nordeste,Android,Confirmacao_Protocolo,Resolvido_Bot,"9,5",5,"16933,32"
CVX-002383,2026-01-21 20:46:50,WhatsApp,Auto,Premium,Sul,Android,Upload_Fotos_Documentos,Abandonado,,,"7656,75"
CVX-005440,2026-01-22 8:06:12,WhatsApp,Auto,Varejo,Sudeste,Android,Validacao_Apolice,Abandonado,,,
CVX-004008,2026-01-22 8:23:10,WhatsApp,Residencial,Varejo,Sudeste,Android,Validacao_Apolice,Abandonado,,,
CVX-003343,2026-01-22 8:29:25,WhatsApp,Auto,Varejo,Sul,Android,Confirmacao_Protocolo,Resolvido_Bot,10,3,"6776,54"
CVX-002957,2026-01-22 8:46:43,WhatsApp,Vida,Varejo,Sudeste,iOS,Analise_Automatica,Escalado_Humano,"59,7",,"38868,55"
CVX-003199,2026-01-22 8:47:44,WhatsApp,Vida,Premium,Centro-Oeste,iOS,Confirmacao_Protocolo,Resolvido_Bot,"12,8",,"9254,91"
CVX-006311,2026-01-22 9:10:37,App,Auto,Premium,Sudeste,iOS,Confirmacao_Protocolo,RESOLVIDO_BOT,"5,4",4,"14211,18"
CVX-006027,2026-01-22 9:12:10,WhatsApp,Vida,Premium,Sul,Android,Coleta_Dados_Sinistro,Abandonado,,,"33786,89"
CVX-003706,2026-01-22 9:45:36,WhatsApp,Auto,Varejo,Sudeste,iOS,Upload_Fotos_Documentos,Abandonado,,,"11499,93"
CVX-006339,2026-01-22 9:56:30,WhatsApp,Residencial,Premium,Nordeste,iOS,Confirmacao_Protocolo,RESOLVIDO_BOT,"8,8",4,"4345,24"
CVX-004671,2026-01-22 10:06:38,WhatsApp,Vida,Varejo,Sudeste,Android,Confirmacao_Protocolo,Resolvido_Bot,"9,9",4,"64804,9"
CVX-006416,2026-01-22 10:40:20,WhatsApp,Vida,Premium,Nordeste,Android,Coleta_Dados_Sinistro,Escalado_Humano,"23,5",5,"22037,12"
CVX-002683,2026-01-22 10:46:21,WhatsApp,Vida,Premium,Norte,iOS,Confirmacao_Protocolo,Resolvido_Bot,"10,8",4,"55647,85"
CVX-000442,2026-01-22 10:46:48,App,Auto,Varejo,Nordeste,Android,Confirmacao_Protocolo,resolvido_bot,"9,7",5,"10883,14"
CVX-005568,2026-01-22 10:54:29,WhatsApp,Auto,Premium,Nordeste,Android,Analise_Automatica,Escalado_Humano,"31,3",,"12425,47"
CVX-002209,2026-01-22 10:56:14,WhatsApp,Auto,Corporativo,Sudeste,iOS,Validacao_Apolice,Escalado_Humano,"42,8",,
CVX-004286,2026-01-22 10:57:40,WhatsApp,Residencial,Varejo,Centro-Oeste,Android,Analise_Automatica,Abandonado,,,"12199,95"
CVX-003794,2026-01-22 11:06:20,App,Auto,Varejo,Sudeste,Android,Confirmacao_Protocolo,Resolvido_Bot,"9,8",,"17700,85"
CVX-004388,2026-01-22 11:21:37,WhatsApp,Residencial,Varejo,Sudeste,Android,Confirmacao_Protocolo,Resolvido_bot ,"9,8",5,"14028,56"
CVX-000985,2026-01-22 11:28:29,WhatsApp,Residencial,Varejo,Sul,Android,Upload_Fotos_Documentos,Abandonado,,,"20514,36"
CVX-006017,2026-01-22 11:38:15,WhatsApp,Auto,Premium,Centro-Oeste,Android,Confirmacao_Protocolo,Resolvido_Bot,"3,8",4,"10292,64"
CVX-005962,2026-01-22 11:39:13,App,Vida,Premium,Sudeste,iOS,Confirmacao_Protocolo,Resolvido_Bot,"4,9",5,"46076,55"
CVX-005874,2026-01-22 11:41:57,WhatsApp,Auto,Premium,Centro-Oeste,Android,Analise_Automatica,Escalado_Humano,"36,7",3,"9570,78"
CVX-000195,2026-01-22 11:42:07,WhatsApp,Auto,Premium,Norte,iOS,Confirmacao_Protocolo,Resolvido_Bot,"11,5",5,"15108,26"
CVX-004079,2026-01-22 11:49:57,WhatsApp,Residencial,Varejo,Sudeste,Android,Confirmacao_Protocolo,Resolvido_Bot,"6,2",5,"24209,41"
CVX-005735,2026-01-22 12:01:52,App,Residencial,Corporativo,Norte,iOS,Upload_Fotos_Documentos,Abandonado,,,"17194,29"
CVX-006063,2026-01-22 12:02:50,WhatsApp,Auto,Premium,Sudeste,Android,Validacao_Apolice,Escalado_Humano,"49,1",4,
CVX-004224,2026-01-22 12:44:32,WhatsApp,Vida,Corporativo,Centro-Oeste,Android,Coleta_Dados_Sinistro,Escalado_Humano,"11,5",4,"40517,04"
CVX-003425,2026-01-22 13:02:14,WhatsApp,Residencial,Varejo,Nordeste,iOS,Upload_Fotos_Documentos,Escalado_Humano,"14,6",5,"14217,27"
CVX-002951,2026-01-22 13:02:34,WhatsApp,Residencial,Premium,Sudeste,Android,Upload_Fotos_Documentos,abandonado,,,"21337,52"
CVX-000268,2026-01-22 13:29:25,WhatsApp,Residencial,Corporativo,Sudeste,iOS,Confirmacao_Protocolo,Resolvido_Bot,"11,8",5,"24087,63"
CVX-001519,2026-01-22 13:54:23,WhatsApp,Auto,Varejo,Sudeste,Android,Confirmacao_Protocolo,Resolvido_bot ,"9,1",3,"12987,75"
CVX-006710,2026-01-22 14:07:52,WhatsApp,Auto,Varejo,Nordeste,iOS,Confirmacao_Protocolo,Resolvido_Bot,"6,7",,"3953,01"
CVX-004126,2026-01-22 14:12:58,WhatsApp,Auto,Varejo,Nordeste,Android,Confirmacao_Protocolo,Resolvido_Bot,6,4,"10162,48"
CVX-006314,2026-01-22 14:20:23,WhatsApp,Auto,Varejo,Sul,Android,Validacao_Apolice,Escalado_Humano,"35,6",3,
CVX-000523,2026-01-22 14:21:55,App,Auto,Premium,Centro-Oeste,iOS,Upload_Fotos_Documentos,Abandonado,,,"9669,63"
CVX-006142,2026-01-22 14:49:18,WhatsApp,Vida,Varejo,Sudeste,Android,Coleta_Dados_Sinistro,Escalado_Humano,"50,5",4,"41916,8"
CVX-001434,2026-01-22 15:01:08,WhatsApp,Residencial,Varejo,Centro-Oeste,Android,Validacao_Apolice,Escalado_Humano,"15,6",,
CVX-006711,2026-01-22 15:04:05,WhatsApp,Residencial,Corporativo,Sudeste,iOS,Confirmacao_Protocolo,Resolvido_Bot,6,4,"23234,02"
CVX-001443,2026-01-22 15:22:30,WhatsApp,Auto,Varejo,Sudeste,Android,Confirmacao_Protocolo,Resolvido_Bot,"8,5",4,"11649,81"
CVX-005888,2026-01-22 15:26:58,WhatsApp,Auto,Varejo,Sudeste,iOS,Upload_Fotos_Documentos,Abandonado,,,"4523,2"
CVX-004466,2026-01-22 15:45:46,WhatsApp,Auto,Premium,Sudeste,Android,Confirmacao_Protocolo,Resolvido_Bot,"7,5",4,"5402,95"
CVX-004660,2026-01-22 15:48:54,WhatsApp,Residencial,Corporativo,Sudeste,Android,Confirmacao_Protocolo,Resolvido_Bot,"5,5",,"7862,37"
CVX-001904,2026-01-22 15:58:52,WhatsApp,Auto,Varejo,Nordeste,Android,Validacao_Apolice,Escalado_Humano,"38,2",,
CVX-004936,2026-01-22 16:04:16,WhatsApp,Auto,Corporativo,Sudeste,Android,Confirmacao_Protocolo,Resolvido_Bot,"7,2",4,"12392,83"
CVX-003539,2026-01-22 16:06:16,WhatsApp,Auto,Premium,Sudeste,Android,Upload_Fotos_Documentos,Abandonado,,,"6481,01"
CVX-000703,2026-01-22 16:07:01,WhatsApp,Auto,Premium,Sudeste,Android,Confirmacao_Protocolo,Resolvido_Bot,"12,5",4,"11677,23"
CVX-006398,2026-01-22 16:10:30,App,Vida,Varejo,Sudeste,Android,Upload_Fotos_Documentos,abandono,,,"47376,57"
CVX-000375,2026-01-22 16:20:02,App,Auto,Corporativo,Sudeste,iOS,Confirmacao_Protocolo,Resolvido_Bot,"8,4",,"12347,94"
CVX-006446,2026-01-22 16:37:08,WhatsApp,Auto,Varejo,Sul,Android,Confirmacao_Protocolo,Resolvido_Bot,"10,3",5,"7607,42"
CVX-003528,2026-01-22 16:39:06,WhatsApp,Residencial,Varejo,Norte,Android,Validacao_Apolice,Escalado_Humano,"63,8",,
CVX-001843,2026-01-22 16:46:18,WhatsApp,Auto,Varejo,Sudeste,Android,Confirmacao_Protocolo,RESOLVIDO_BOT,"5,7",3,"7007,15"
CVX-006004,2026-01-22 17:14:45,WhatsApp,Auto,Varejo,Sul,Android,Coleta_Dados_Sinistro,Escalado_Humano,"44,8",3,"1136,32"
CVX-001004,2026-01-22 17:31:16,WhatsApp,Auto,Premium,Nordeste,Android,Upload_Fotos_Documentos,Abandonado,,,"10887,96"
CVX-004399,2026-01-22 17:36:25,WhatsApp,Vida,Varejo,Nordeste,Android,Confirmacao_Protocolo,resolvido_bot,"12,2",5,"57797,94"
CVX-000029,2026-01-22 17:44:00,WhatsApp,Auto,Varejo,Sudeste,Android,Analise_Automatica,Abandonado,,,"9958,81"
CVX-003058,2026-01-22 17:44:04,App,Residencial,Varejo,Sudeste,Android,Confirmacao_Protocolo,Resolvido_Bot,"5,7",5,"15167,25"
CVX-005263,2026-01-22 17:44:16,WhatsApp,Residencial,Varejo,Sudeste,iOS,Confirmacao_Protocolo,Resolvido_Bot,"10,1",5,300
CVX-003806,2026-01-22 18:11:26,WhatsApp,Auto,Varejo,Nordeste,Android,Analise_Automatica,Abandonado,,,"11444,69"
CVX-002009,2026-01-22 18:24:56,WhatsApp,Auto,Varejo,Nordeste,Android,Confirmacao_Protocolo,Resolvido_Bot,"11,4",,"8347,99"
CVX-006800,2026-01-22 18:27:51,WhatsApp,Residencial,Varejo,Sudeste,iOS,Confirmacao_Protocolo,Resolvido_Bot,"5,4",5,"15352,59"
CVX-003968,2026-01-22 18:44:43,WhatsApp,Residencial,Premium,Sudeste,iOS,Upload_Fotos_Documentos,Escalado_Humano,48,4,"18117,71"
CVX-002526,2026-01-22 18:45:27,WhatsApp,Auto,Corporativo,Sudeste,Android,Validacao_Apolice,escalado_humano,"39,3",,
CVX-001396,2026-01-22 18:47:35,WhatsApp,Auto,Corporativo,Sudeste,iOS,Validacao_Apolice,Abandonado,,,
CVX-001111,2026-01-22 19:23:23,WhatsApp,Residencial,Premium,Sul,iOS,Upload_Fotos_Documentos,Escalado_Humano,31,5,"19255,24"
CVX-002916,2026-01-22 19:36:14,WhatsApp,Residencial,Premium,Nordeste,Android,Confirmacao_Protocolo,Resolvido_Bot,"4,1",5,"19867,82"
CVX-001964,2026-01-22 19:39:01,WhatsApp,Auto,Corporativo,Sudeste,Android,Confirmacao_Protocolo,Resolvido_Bot,"10,2",,"10018,11"
CVX-001154,2026-01-22 19:44:07,WhatsApp,Auto,Varejo,Sul,Android,Confirmacao_Protocolo,Resolvido_Bot,"13,8",2,4381
CVX-001784,2026-01-22 19:50:24,WhatsApp,Auto,Premium,Sudeste,Android,Upload_Fotos_Documentos,Abandonado,,,"12269,67"
CVX-005042,2026-01-22 19:54:44,WhatsApp,Residencial,Varejo,Nordeste,iOS,Upload_Fotos_Documentos,Abandonado,,,"20525,94"
CVX-006895,2026-01-22 19:56:16,WhatsApp,Auto,Premium,Sudeste,Android,Validacao_Apolice,Escalado_Humano,"36,5",3,
CVX-002174,2026-01-22 20:12:52,WhatsApp,Auto,Premium,Centro-Oeste,Android,Confirmacao_Protocolo,Resolvido_Bot,"8,2",,"4684,88"
CVX-006216,2026-01-22 20:18:52,WhatsApp,Auto,Varejo,Sudeste,Android,Upload_Fotos_Documentos,Abandonado,,,"5253,04"
CVX-004840,2026-01-22 20:41:09,WhatsApp,Auto,Varejo,Sul,Android,Confirmacao_Protocolo,resolvido_bot,"4,8",,"7331,77"
CVX-000091,2026-01-22 20:45:49,WhatsApp,Residencial,Varejo,Nordeste,iOS,Confirmacao_Protocolo,Resolvido_Bot,"11,4",5,"14258,89"
CVX-005875,2026-01-23 8:08:16,WhatsApp,Auto,Varejo,Norte,Android,Confirmacao_Protocolo,Resolvido_Bot,"10,6",,"10837,24"
CVX-004410,2026-01-23 8:22:46,WhatsApp,Auto,Varejo,Nordeste,Android,Confirmacao_Protocolo,Resolvido_Bot,"12,7",,"2574,11"
CVX-005107,2026-01-23 8:22:57,WhatsApp,Auto,Varejo,Sudeste,iOS,Confirmacao_Protocolo,Resolvido_Bot,"3,6",5,"8685,03"
CVX-000778,2026-01-23 8:26:52,WhatsApp,Residencial,Premium,Nordeste,Android,Confirmacao_Protocolo,Resolvido_Bot,12,5,"9292,88"
CVX-006494,2026-01-23 8:36:56,WhatsApp,Residencial,Varejo,Nordeste,Android,Upload_Fotos_Documentos,Abandonado,,,"12942,15"
CVX-005677,2026-01-23 8:57:53,WhatsApp,Auto,Premium,Sudeste,Android,Confirmacao_Protocolo,Resolvido_Bot,"2,3",4,"9793,41"
CVX-006836,2026-01-23 9:05:10,WhatsApp,Residencial,Varejo,Sul,Android,Coleta_Dados_Sinistro,Escalado_Humano,"37,5",5,"14726,39"
CVX-000089,2026-01-23 9:17:11,WhatsApp,Residencial,Varejo,Sudeste,Android,Confirmacao_Protocolo,Resolvido_Bot,"11,3",,9988
CVX-006555,2026-01-23 9:40:06,WhatsApp,Vida,Premium,Nordeste,iOS,Coleta_Dados_Sinistro,Escalado_Humano,"51,3",,"52371,71"
CVX-000266,2026-01-23 9:41:45,WhatsApp,Auto,Varejo,Sul,Android,Analise_Automatica,Escalado_Humano,"46,2",4,"5398,17"
CVX-001330,2026-01-23 9:53:22,WhatsApp,Auto,Premium,Sudeste,iOS,Upload_Fotos_Documentos,Abandonado,,,"6023,77"
CVX-001661,2026-01-23 10:03:40,WhatsApp,Auto,Varejo,Sul,iOS,Confirmacao_Protocolo,Resolvido_Bot,"6,4",,"8849,04"
CVX-000175,2026-01-23 10:46:05,App,Residencial,Varejo,Sudeste,iOS,Coleta_Dados_Sinistro,Escalado_Humano,"25,6",4,"24694,09"
CVX-005408,2026-01-23 11:38:14,WhatsApp,Auto,Varejo,Sudeste,Android,Confirmacao_Protocolo,Resolvido_Bot,"14,9",4,"11812,15"
CVX-002442,2026-01-23 12:02:15,WhatsApp,Residencial,Varejo,Sudeste,Android,Confirmacao_Protocolo,Resolvido_Bot,2,,"10797,47"
CVX-002771,2026-01-23 12:24:39,WhatsApp,Residencial,Varejo,Sudeste,Android,Analise_Automatica,Abandonado,,,"10259,86"
CVX-003235,2026-01-23 12:59:15,WhatsApp,Auto,Corporativo,Centro-Oeste,Android,Confirmacao_Protocolo,Resolvido_Bot,"10,1",4,"3718,08"
CVX-004565,2026-01-23 13:48:39,WhatsApp,Residencial,Varejo,Sudeste,Android,Confirmacao_Protocolo,Resolvido_Bot,"7,6",4,"24372,3"
CVX-003117,2026-01-23 14:07:55,WhatsApp,Auto,Premium,Sudeste,Android,Validacao_Apolice,Escalado_Humano,"38,7",4,
CVX-002923,2026-01-23 14:10:31,App,Residencial,Varejo,Sul,iOS,Inicio_Saudacao,Abandonado,,,
CVX-000954,2026-01-23 14:14:30,WhatsApp,Residencial,Varejo,Sul,Android,Validacao_Apolice,Escalado_Humano,"36,4",3,
CVX-003760,2026-01-23 14:22:48,WhatsApp,Auto,Varejo,Sudeste,iOS,Validacao_Apolice,Escalado_Humano,"44,9",3,
CVX-003657,2026-01-23 14:32:55,WhatsApp,Auto,Varejo,Sul,Android,Confirmacao_Protocolo,Resolvido_Bot,"15,9",4,"8939,72"
CVX-002521,2026-01-23 14:33:35,App,Vida,Varejo,Sudeste,Android,Confirmacao_Protocolo,Resolvido_Bot,"7,5",5,"50353,56"
CVX-004063,2026-01-23 14:45:21,App,Auto,Premium,Nordeste,Android,Upload_Fotos_Documentos,Abandonado,,,"6338,76"
CVX-005062,2026-01-23 15:02:21,App,Auto,Varejo,Sudeste,Android,Validacao_Apolice,Escalado_Humano,"34,4",5,
CVX-005979,2026-01-23 15:15:25,WhatsApp,Auto,Premium,Sudeste,Android,Confirmacao_Protocolo,Resolvido_Bot,"11,1",,"11589,65"
CVX-006604,2026-01-23 15:26:55,App,Auto,Varejo,Sul,Android,Analise_Automatica,Abandonado,,,"13331,35"
CVX-000927,2026-01-23 15:41:25,WhatsApp,Vida,Premium,Sudeste,Android,Validacao_Apolice,Escalado_Humano,33,3,
CVX-004573,2026-01-23 15:51:59,WhatsApp,Residencial,Premium,Centro-Oeste,Android,Confirmacao_Protocolo,Resolvido_Bot,"5,6",5,"21300,32"
CVX-004009,2026-01-23 16:36:00,WhatsApp,Residencial,Corporativo,Centro-Oeste,Android,Confirmacao_Protocolo,Resolvido_Bot,"5,9",3,"12391,81"
CVX-002881,2026-01-23 17:18:36,WhatsApp,Residencial,Varejo,Sudeste,iOS,Confirmacao_Protocolo,Resolvido_Bot,"7,1",4,"14377,68"
CVX-000889,2026-01-23 17:19:17,WhatsApp,Residencial,Premium,Sudeste,Android,Confirmacao_Protocolo,Resolvido_Bot,"11,6",4,"14386,06"
CVX-000925,2026-01-23 17:37:39,WhatsApp,Residencial,Varejo,Sudeste,Android,Confirmacao_Protocolo,Resolvido_Bot,"7,8",,"17489,66"
CVX-004467,2026-01-23 17:58:09,WhatsApp,Residencial,Varejo,Sul,Android,Upload_Fotos_Documentos,Escalado_Humano,"48,3",4,"16891,41"
CVX-000968,2026-01-23 17:59:40,WhatsApp,Auto,Premium,Sudeste,Android,Confirmacao_Protocolo,Resolvido_Bot,"6,9",4,"7358,55"
CVX-006401,2026-01-23 18:08:28,WhatsApp,Auto,Varejo,Sudeste,Android,Validacao_Apolice,Escalado_Humano,"22,9",5,
CVX-003374,2026-01-23 18:09:15,App,Auto,Varejo,Sudeste,Android,Confirmacao_Protocolo,Resolvido_Bot,"6,4",5,"6343,44"
CVX-003534,2026-01-23 18:22:22,WhatsApp,Residencial,Corporativo,Nordeste,Android,Validacao_Apolice,Escalado_Humano,36,4,
CVX-004922,2026-01-23 19:24:14,WhatsApp,Auto,Varejo,Centro-Oeste,Android,Upload_Fotos_Documentos,Abandonado,,,"9055,86"
CVX-005826,2026-01-23 19:34:18,WhatsApp,Auto,Varejo,Sudeste,Android,Confirmacao_Protocolo,Resolvido_Bot,"10,6",3,"15045,34"
CVX-003121,2026-01-23 19:39:31,WhatsApp,Auto,Varejo,Sul,Android,Coleta_Dados_Sinistro,Abandonado,,,"5525,15"
CVX-002989,2026-01-23 19:39:51,WhatsApp,Residencial,Varejo,Sudeste,Android,Analise_Automatica,Escalado_Humano,"26,7",,"16346,5"
CVX-006304,2026-01-23 19:40:05,WhatsApp,Auto,Varejo,Sudeste,Android,Confirmacao_Protocolo,Resolvido_Bot,"14,3",4,"11901,47"
CVX-003618,2026-01-23 19:49:23,WhatsApp,Auto,Premium,Sudeste,iOS,Confirmacao_Protocolo,Resolvido_Bot,8,4,"8660,95"
CVX-000538,2026-01-23 19:52:04,WhatsApp,Residencial,Premium,Sudeste,iOS,Confirmacao_Protocolo,Resolvido_Bot,7,5,"10606,83"
CVX-002110,2026-01-23 20:10:01,WhatsApp,Auto,Varejo,Sudeste,Android,Coleta_Dados_Sinistro,Abandonado,,,"13584,63"
CVX-004961,2026-01-23 20:17:35,WhatsApp,Residencial,Premium,Centro-Oeste,iOS,Confirmacao_Protocolo,Resolvido_Bot,"9,5",4,"17144,05"
CVX-004984,2026-01-23 20:18:33,WhatsApp,Residencial,Premium,Sudeste,Android,Confirmacao_Protocolo,Resolvido_Bot,"4,5",,"14391,87"
CVX-005049,2026-01-23 20:27:34,WhatsApp,Vida,Varejo,Nordeste,Android,Upload_Fotos_Documentos,Abandonado,,,"61307,16"
CVX-005334,2026-01-23 20:33:18,WhatsApp,Auto,Varejo,Sudeste,Android,Confirmacao_Protocolo,Resolvido_Bot,"10,7",5,"9718,04"
CVX-004962,2026-01-23 20:33:37,WhatsApp,Residencial,Corporativo,Sudeste,Android,Validacao_Apolice,Escalado_Humano,"51,5",4,
CVX-001360,2026-01-23 20:38:51,WhatsApp,Residencial,Premium,Centro-Oeste,iOS,Confirmacao_Protocolo,Resolvido_Bot,"7,1",4,"13667,81"
CVX-000798,2026-01-23 20:59:53,App,Auto,Varejo,Sudeste,iOS,Upload_Fotos_Documentos,Abandonado,,,"6274,02"
CVX-000352,2026-01-24 8:04:28,WhatsApp,Residencial,Varejo,Sudeste,Android,Confirmacao_Protocolo,Resolvido_Bot,"7,4",,300
CVX-001100,2026-01-24 8:05:35,WhatsApp,Auto,Premium,Norte,Android,Confirmacao_Protocolo,Resolvido_Bot,"7,8",5,"9418,07"
CVX-002588,2026-01-24 8:06:42,WhatsApp,Auto,Varejo,Centro-Oeste,iOS,Confirmacao_Protocolo,Resolvido_Bot,2,4,"11661,17"
CVX-006926,2026-01-24 8:12:37,App,Residencial,Varejo,Sudeste,Android,Upload_Fotos_Documentos,Abandonado,,,"18891,57"
CVX-005111,2026-01-24 8:53:39,WhatsApp,Residencial,Varejo,Sul,iOS,Upload_Fotos_Documentos,Abandonado,,,"20206,92"
CVX-001781,2026-01-24 9:01:20,WhatsApp,Auto,Premium,Sudeste,Android,Confirmacao_Protocolo,Resolvido_Bot,"6,1",4,"11744,54"
CVX-001225,2026-01-24 9:17:28,WhatsApp,Auto,Premium,Sudeste,Android,Upload_Fotos_Documentos,Abandonado,,,"12869,32"
CVX-000131,2026-01-24 9:37:56,WhatsApp,Residencial,Premium,Nordeste,Android,Confirmacao_Protocolo,Resolvido_Bot,"6,4",5,"17378,9"
CVX-006811,2026-01-24 9:41:01,WhatsApp,Residencial,Premium,Sudeste,Android,Confirmacao_Protocolo,Resolvido_Bot,7,4,"25550,65"
CVX-002696,2026-01-24 9:49:52,WhatsApp,Residencial,Corporativo,Norte,Android,Validacao_Apolice,Escalado_Humano,"15,3",5,
CVX-005926,2026-01-24 9:51:36,WhatsApp,Auto,Varejo,Sudeste,Android,Confirmacao_Protocolo,Resolvido_Bot,"7,4",4,"6536,19"
CVX-003682,2026-01-24 10:19:39,WhatsApp,Auto,Varejo,Centro-Oeste,Android,Confirmacao_Protocolo,Resolvido_Bot,"5,4",5,"10385,43"
CVX-000084,2026-01-24 10:33:58,WhatsApp,Auto,Premium,Sul,iOS,Confirmacao_Protocolo,Resolvido_Bot,"6,1",5,"4546,59"
CVX-005205,2026-01-24 11:00:58,WhatsApp,Residencial,Premium,Sudeste,Android,Validacao_Apolice,Escalado_Humano,"53,6",3,
CVX-005501,2026-01-24 11:07:07,WhatsApp,Vida,Varejo,Sudeste,Android,Inicio_Saudacao,Abandonado,,,
CVX-004709,2026-01-24 11:07:29,WhatsApp,Auto,Premium,Sudeste,Android,Validacao_Apolice,Abandonado,,,
CVX-002186,2026-01-24 11:26:20,WhatsApp,Auto,Varejo,Nordeste,Android,Confirmacao_Protocolo,Resolvido_Bot,"6,1",,"14853,13"
CVX-001762,2026-01-24 11:33:13,WhatsApp,Residencial,Premium,Nordeste,Android,Upload_Fotos_Documentos,Abandonado,,,"16088,37"
CVX-006536,2026-01-24 11:47:20,WhatsApp,Auto,Varejo,Nordeste,Android,Confirmacao_Protocolo,Resolvido_Bot,12,,"9852,94"
CVX-001298,2026-01-24 12:07:21,WhatsApp,Auto,Corporativo,Sul,Android,Confirmacao_Protocolo,Resolvido_Bot,"12,5",5,"5635,5"
CVX-006245,2026-01-24 12:15:04,WhatsApp,Auto,Varejo,Sul,iOS,Upload_Fotos_Documentos,Abandonado,,,"5606,1"
CVX-005061,2026-01-24 13:05:14,WhatsApp,Residencial,Varejo,Sudeste,iOS,Upload_Fotos_Documentos,Abandonado,,,"12537,4"
CVX-003518,2026-01-24 13:06:10,WhatsApp,Vida,Varejo,Nordeste,Android,Coleta_Dados_Sinistro,Abandonado,,,"64581,39"
CVX-002725,2026-01-24 14:28:53,WhatsApp,Vida,Varejo,Centro-Oeste,Android,Upload_Fotos_Documentos,Abandonado,,,"82901,04"
CVX-000808,2026-01-24 14:41:59,App,Auto,Premium,Sudeste,Android,Validacao_Apolice,Abandonado,,,
CVX-002709,2026-01-24 14:48:13,WhatsApp,Auto,Premium,Sudeste,Android,Validacao_Apolice,Escalado_Humano,"39,1",5,
CVX-005202,2026-01-24 14:52:51,App,Auto,Varejo,Sudeste,Android,Analise_Automatica,abandonado,,,300
CVX-004236,2026-01-24 15:22:46,WhatsApp,Residencial,Varejo,Nordeste,iOS,Confirmacao_Protocolo,Resolvido_Bot,"6,5",4,"4922,77"
CVX-004376,2026-01-24 15:54:19,WhatsApp,Vida,Varejo,Sudeste,iOS,Confirmacao_Protocolo,Resolvido_Bot,"5,2",5,"43498,49"
CVX-001267,2026-01-24 16:07:34,WhatsApp,Auto,Premium,Sudeste,iOS,Confirmacao_Protocolo,Resolvido_Bot,"7,6",3,"9470,26"
CVX-003142,2026-01-24 16:09:45,WhatsApp,Vida,Premium,Nordeste,Android,Inicio_Saudacao,Abandonado,,,
CVX-001590,2026-01-24 16:15:10,WhatsApp,Auto,Varejo,Sul,Android,Coleta_Dados_Sinistro,Abandonado,,,"5726,13"
CVX-005004,2026-01-24 16:16:29,App,Residencial,Varejo,Sudeste,Android,Confirmacao_Protocolo,Resolvido_Bot,"12,6",5,"12161,09"
CVX-003100,2026-01-24 16:36:04,WhatsApp,Auto,Corporativo,Sudeste,Android,Confirmacao_Protocolo,Resolvido_Bot,"6,8",4,"4837,7"
CVX-000539,2026-01-24 16:51:08,WhatsApp,Vida,Varejo,Nordeste,Android,Confirmacao_Protocolo,Resolvido_bot ,"5,9",,"65064,4"
CVX-004012,2026-01-24 17:10:15,App,Auto,Varejo,Sudeste,Android,Coleta_Dados_Sinistro,Abandonado,,,"13882,96"
CVX-002548,2026-01-24 17:26:23,WhatsApp,Auto,Premium,Sul,Android,Upload_Fotos_Documentos,Escalado_Humano,"43,4",4,"8055,52"
CVX-004374,2026-01-24 17:41:55,WhatsApp,Residencial,Varejo,Sudeste,iOS,Coleta_Dados_Sinistro,Abandonado,,,"13072,71"
CVX-005203,2026-01-24 17:46:11,WhatsApp,Auto,Varejo,Norte,iOS,Confirmacao_Protocolo,Resolvido_Bot,"7,8",,"6839,04"
CVX-004997,2026-01-24 17:58:53,WhatsApp,Auto,Varejo,Nordeste,Android,Confirmacao_Protocolo,Resolvido_Bot,"6,6",4,"6359,66"
CVX-002944,2026-01-24 18:25:27,WhatsApp,Auto,Corporativo,Nordeste,iOS,Upload_Fotos_Documentos,Abandonado,,,"8109,82"
CVX-005507,2026-01-24 18:28:41,WhatsApp,Residencial,Varejo,Sul,Android,Upload_Fotos_Documentos,Abandonado,,,"10278,54"
CVX-001470,2026-01-24 18:42:11,WhatsApp,Auto,Corporativo,Nordeste,Android,Confirmacao_Protocolo,Resolvido_Bot,"12,6",,"4202,78"
CVX-002341,2026-01-24 18:51:35,WhatsApp,Auto,Varejo,Norte,Android,Inicio_Saudacao,Abandonado,,,
CVX-003735,2026-01-24 18:55:05,WhatsApp,Auto,Premium,Sudeste,Android,Confirmacao_Protocolo,Resolvido_Bot,7,3,"9131,34"
CVX-001164,2026-01-24 19:00:36,WhatsApp,Residencial,Premium,Sudeste,Android,Upload_Fotos_Documentos,Abandonado,,,"16917,83"
CVX-001845,2026-01-24 19:06:26,WhatsApp,Residencial,Premium,Nordeste,Android,Confirmacao_Protocolo,Resolvido_Bot,"7,6",3,"8873,74"
CVX-006707,2026-01-24 19:11:45,App,Auto,Varejo,Sudeste,iOS,Validacao_Apolice,Abandonado,,,
CVX-000516,2026-01-24 19:48:16,WhatsApp,Residencial,Premium,Nordeste,Android,Upload_Fotos_Documentos,Escalado_Humano,"37,7",2,"19265,59"
CVX-002810,2026-01-24 20:07:16,WhatsApp,Auto,Varejo,Sudeste,Android,Upload_Fotos_Documentos,Abandonado,,,"8205,62"
CVX-000454,2026-01-25 8:20:58,WhatsApp,Auto,Premium,Sudeste,iOS,Confirmacao_Protocolo,RESOLVIDO_BOT,"5,8",5,"10796,89"
CVX-002113,2026-01-25 8:26:32,WhatsApp,Auto,Varejo,Sul,Android,Confirmacao_Protocolo,Resolvido_Bot,"6,5",4,"5065,7"
CVX-003184,2026-01-25 8:33:56,WhatsApp,Residencial,Varejo,Sudeste,Android,Confirmacao_Protocolo,Resolvido_Bot,"7,3",4,"14362,77"
CVX-006242,2026-01-25 8:57:39,WhatsApp,Residencial,Varejo,Sudeste,Android,Validacao_Apolice,Abandonado,,,
CVX-001544,2026-01-25 9:12:14,WhatsApp,Auto,Corporativo,Nordeste,Android,Confirmacao_Protocolo,Resolvido_Bot,"9,3",3,"8339,7"
CVX-006513,2026-01-25 9:17:15,App,Vida,Varejo,Sul,Android,Analise_Automatica,Abandonado,,,"51741,78"
CVX-005554,2026-01-25 9:32:12,WhatsApp,Vida,Premium,Centro-Oeste,Android,Upload_Fotos_Documentos,ABANDONADO ,,,"25426,44"
CVX-004639,2026-01-25 9:39:35,WhatsApp,Residencial,Varejo,Nordeste,iOS,Validacao_Apolice,Escalado_Humano,"37,2",,
CVX-001944,2026-01-25 9:57:01,WhatsApp,Auto,Varejo,Sul,Android,Analise_Automatica,Abandonado,,,"8350,77"
CVX-005081,2026-01-25 10:09:03,WhatsApp,Auto,Varejo,Sudeste,Android,Analise_Automatica,Abandonado,,,"11606,55"
CVX-005632,2026-01-25 10:16:05,App,Residencial,Varejo,Sudeste,iOS,Upload_Fotos_Documentos,Abandonado,,,"16692,63"
CVX-005175,2026-01-25 10:35:32,WhatsApp,Auto,Premium,Sudeste,Android,Confirmacao_Protocolo,Resolvido_Bot,"11,5",4,"12921,05"
CVX-005454,2026-01-25 11:07:23,WhatsApp,Vida,Premium,Sudeste,Android,Upload_Fotos_Documentos,abandonado,,,"48582,85"
CVX-001526,2026-01-25 11:18:40,WhatsApp,Auto,Varejo,Sudeste,Android,Upload_Fotos_Documentos,Abandonado,,,"13139,82"
CVX-004199,2026-01-25 11:30:09,WhatsApp,Residencial,Varejo,Nordeste,iOS,Analise_Automatica,Escalado_Humano,"24,2",5,"10660,01"
CVX-004397,2026-01-25 11:30:17,WhatsApp,Auto,Varejo,Sudeste,Android,Inicio_Saudacao,Abandonado,,,
CVX-001124,2026-01-25 11:48:39,WhatsApp,Residencial,Varejo,Sudeste,iOS,Validacao_Apolice,Escalado_Humano,35,,
CVX-004090,2026-01-25 11:59:55,WhatsApp,Auto,Premium,Nordeste,Android,Coleta_Dados_Sinistro,Escalado_Humano,"22,5",3,"4904,47"
CVX-004903,2026-01-25 12:17:12,WhatsApp,Residencial,Premium,Sudeste,iOS,Confirmacao_Protocolo,Resolvido_Bot,"9,7",,"13389,66"
CVX-000196,2026-01-25 12:21:38,WhatsApp,Vida,Varejo,Sul,Android,Validacao_Apolice,Escalado_Humano,"42,1",3,
CVX-005457,2026-01-25 12:35:31,WhatsApp,Residencial,Varejo,Sudeste,Android,Confirmacao_Protocolo,Resolvido_Bot,"10,7",,"21816,11"
CVX-001598,2026-01-25 12:56:02,WhatsApp,Auto,Varejo,Sul,Android,Confirmacao_Protocolo,Resolvido_Bot,"10,1",4,"7548,15"
CVX-003644,2026-01-25 13:12:02,WhatsApp,Auto,Varejo,Sudeste,Android,Validacao_Apolice,Escalado_Humano,"35,6",4,
CVX-001896,2026-01-25 13:22:49,WhatsApp,Residencial,Varejo,Sudeste,Android,Confirmacao_Protocolo,Resolvido_Bot,9,5,"14993,29"
CVX-002743,2026-01-25 13:24:25,App,Auto,Varejo,Sudeste,Android,Confirmacao_Protocolo,Resolvido_Bot,"12,2",5,"6232,53"
CVX-004228,2026-01-25 14:10:07,WhatsApp,Vida,Varejo,Sudeste,Android,Confirmacao_Protocolo,resolvido_bot,"9,7",,"87821,24"
CVX-000851,2026-01-25 14:21:51,WhatsApp,Auto,Varejo,Nordeste,Android,Confirmacao_Protocolo,Resolvido_Bot,"3,3",3,"7336,06"
CVX-005564,2026-01-25 14:43:04,WhatsApp,Residencial,Varejo,Sudeste,Android,Analise_Automatica,Escalado_Humano,"44,6",2,"23220,89"
CVX-005132,2026-01-25 15:14:13,WhatsApp,Residencial,Varejo,Sul,Android,Inicio_Saudacao,Abandonado,,,
CVX-004827,2026-01-25 15:56:44,WhatsApp,Vida,Premium,Sul,iOS,Upload_Fotos_Documentos,Abandonado,,,"28334,32"
CVX-006385,2026-01-25 16:02:05,WhatsApp,Residencial,Premium,Sul,Android,Confirmacao_Protocolo,Resolvido_Bot,"8,1",4,"28486,93"
CVX-005824,2026-01-25 16:14:31,WhatsApp,Residencial,Varejo,Sul,Android,Confirmacao_Protocolo,Resolvido_Bot,"10,7",5,"15867,33"
CVX-004000,2026-01-25 16:20:58,App,Auto,Varejo,Sul,Android,Confirmacao_Protocolo,Resolvido_Bot,9,5,"12616,27"
CVX-006968,2026-01-25 16:23:39,WhatsApp,Vida,Corporativo,Centro-Oeste,Android,Confirmacao_Protocolo,Resolvido_Bot,"9,8",,"59604,64"
CVX-001975,2026-01-25 16:35:40,WhatsApp,Auto,Varejo,Sudeste,Android,Confirmacao_Protocolo,Resolvido_Bot,"13,8",4,"12349,67"
CVX-000272,2026-01-25 16:47:53,WhatsApp,Auto,Varejo,Sudeste,iOS,Upload_Fotos_Documentos,Escalado_Humano,"49,4",,"11113,75"
CVX-001912,2026-01-25 16:48:44,WhatsApp,Auto,Varejo,Sudeste,Android,Upload_Fotos_Documentos,Escalado_Humano,"24,2",3,"5381,52"
CVX-006584,2026-01-25 17:48:14,App,Auto,Varejo,Nordeste,Android,Validacao_Apolice,Abandonado,,,
CVX-002317,2026-01-25 17:51:46,App,Auto,Varejo,Centro-Oeste,Android,Confirmacao_Protocolo,Resolvido_Bot,"12,6",3,"9818,15"
CVX-005878,2026-01-25 17:58:36,WhatsApp,Auto,Corporativo,Sudeste,Android,Coleta_Dados_Sinistro,Escalado_Humano,"59,3",3,"4137,91"
CVX-005279,2026-01-25 18:17:38,WhatsApp,Auto,Varejo,Nordeste,Android,Confirmacao_Protocolo,Resolvido_Bot,"7,9",,"7084,52"
CVX-000587,2026-01-25 18:21:25,WhatsApp,Auto,Varejo,Sudeste,iOS,Confirmacao_Protocolo,Resolvido_Bot,13,5,"8481,82"
CVX-004465,2026-01-25 18:22:28,WhatsApp,Residencial,Premium,Sudeste,iOS,Coleta_Dados_Sinistro,Escalado_Humano,"37,5",4,"9447,49"
CVX-005683,2026-01-25 18:33:37,WhatsApp,Auto,Varejo,Sudeste,Android,Confirmacao_Protocolo,Resolvido_Bot,"6,9",,"4918,72"
CVX-001016,2026-01-25 19:01:39,WhatsApp,Residencial,Varejo,Sudeste,Android,Confirmacao_Protocolo,Resolvido_Bot,"10,9",,"14133,7"
CVX-005517,2026-01-25 19:10:30,WhatsApp,Auto,Varejo,Sudeste,Android,Confirmacao_Protocolo,Resolvido_Bot,8,3,"2921,05"
CVX-000115,2026-01-25 19:34:39,WhatsApp,Auto,Corporativo,Sudeste,iOS,Validacao_Apolice,Escalado_Humano,"21,1",5,
CVX-004074,2026-01-25 19:42:30,WhatsApp,Auto,Premium,Sudeste,Android,Confirmacao_Protocolo,Resolvido_Bot,6,4,"11765,69"
CVX-003804,2026-01-25 19:43:08,WhatsApp,Vida,Varejo,Sudeste,iOS,Analise_Automatica,Abandonado,,,300
CVX-001184,2026-01-25 19:46:28,App,Auto,Varejo,Nordeste,Android,Upload_Fotos_Documentos,Escalado_Humano,"44,2",4,"8425,35"
CVX-001185,2026-01-25 19:59:29,WhatsApp,Vida,Varejo,Sudeste,iOS,Confirmacao_Protocolo,Resolvido_Bot,"12,9",5,"38470,42"
CVX-006030,2026-01-25 20:09:29,WhatsApp,Auto,Varejo,Centro-Oeste,Android,Analise_Automatica,Abandonado,,,"16666,67"
CVX-004422,2026-01-25 20:17:28,WhatsApp,Auto,Varejo,Sudeste,Android,Confirmacao_Protocolo,Resolvido_Bot,"9,2",,"8563,18"
CVX-001239,2026-01-25 20:19:58,WhatsApp,Auto,Premium,Centro-Oeste,Android,Confirmacao_Protocolo,Resolvido_Bot,"10,3",4,"10776,21"
CVX-003945,2026-01-25 20:32:08,WhatsApp,Residencial,Varejo,Sul,iOS,Validacao_Apolice,Abandonado,,,
CVX-006962,2026-01-25 20:39:50,WhatsApp,Auto,Varejo,Centro-Oeste,iOS,Confirmacao_Protocolo,Resolvido_Bot,"16,4",5,"7324,19"
CVX-000943,2026-01-25 20:50:56,WhatsApp,Auto,Varejo,Sudeste,Android,Validacao_Apolice,Abandonado,,,
CVX-004797,2026-01-26 8:08:45,WhatsApp,Residencial,Premium,Sudeste,Android,Coleta_Dados_Sinistro,Escalado_Humano,"32,2",4,"24536,16"
CVX-005309,2026-01-26 8:16:03,WhatsApp,Auto,Varejo,Sudeste,Android,Upload_Fotos_Documentos,Abandonado,,,"10468,21"
CVX-000980,2026-01-26 8:16:53,WhatsApp,Auto,Varejo,Sudeste,Android,Upload_Fotos_Documentos,Abandonado,,,"4581,53"
CVX-003039,2026-01-26 8:20:57,WhatsApp,Auto,Varejo,Sul,iOS,Validacao_Apolice,Escalado_Humano,"45,5",,
CVX-000553,2026-01-26 9:03:37,App,Vida,Varejo,Sul,Android,Upload_Fotos_Documentos,Escalado_Humano,"59,3",3,"63349,06"
CVX-000663,2026-01-26 9:04:01,WhatsApp,Vida,Premium,Sudeste,iOS,Coleta_Dados_Sinistro,ABANDONADO ,,,"70213,96"
CVX-002078,2026-01-26 9:05:07,App,Residencial,Premium,Sudeste,Android,Confirmacao_Protocolo,Resolvido_Bot,"10,2",5,"2395,16"
CVX-005237,2026-01-26 9:50:04,WhatsApp,Auto,Corporativo,Sudeste,Android,Validacao_Apolice,Escalado_Humano,"45,5",3,
CVX-000716,2026-01-26 9:50:10,WhatsApp,Vida,Varejo,Sudeste,Android,Analise_Automatica,Abandonado,,,"36182,02"
CVX-003564,2026-01-26 10:02:32,WhatsApp,Residencial,Varejo,Norte,Android,Confirmacao_Protocolo,Resolvido_Bot,"12,9",3,"11726,7"
CVX-002204,2026-01-26 10:20:09,WhatsApp,Auto,Varejo,Centro-Oeste,Android,Confirmacao_Protocolo,Resolvido_Bot,"10,7",4,"9163,08"
CVX-003109,2026-01-26 10:52:59,WhatsApp,Auto,Varejo,Sudeste,Android,Confirmacao_Protocolo,Resolvido_Bot,"9,9",,"7317,39"
CVX-004940,2026-01-26 10:56:09,WhatsApp,Auto,Varejo,Sudeste,Android,Confirmacao_Protocolo,Resolvido_Bot,"12,6",5,"9742,64"
CVX-005747,2026-01-26 11:21:12,WhatsApp,Residencial,Varejo,Sudeste,Android,Validacao_Apolice,Escalado_Humano,"15,5",4,
CVX-004094,2026-01-26 11:26:33,App,Auto,Premium,Sudeste,Android,Coleta_Dados_Sinistro,Escalado_Humano,"31,3",4,"6877,05"
CVX-002282,2026-01-26 11:40:25,WhatsApp,Residencial,Varejo,Sudeste,Android,Confirmacao_Protocolo,Resolvido_Bot,"10,1",,"10525,61"
CVX-006139,2026-01-26 11:52:17,WhatsApp,Residencial,Varejo,Nordeste,iOS,Confirmacao_Protocolo,Resolvido_Bot,5,3,"14036,57"
CVX-000456,2026-01-26 12:09:02,App,Auto,Varejo,Sudeste,Android,Confirmacao_Protocolo,Resolvido_Bot,"13,4",4,"8605,65"
CVX-000899,2026-01-26 12:25:38,WhatsApp,Vida,Varejo,Centro-Oeste,iOS,Analise_Automatica,Escalado_Humano,"25,6",3,"35595,83"
CVX-003685,2026-01-26 12:37:18,App,Auto,Varejo,Centro-Oeste,Android,Upload_Fotos_Documentos,Escalado_Humano,"54,2",,"7448,6"
CVX-006326,2026-01-26 12:52:34,WhatsApp,Residencial,Premium,Nordeste,Android,Confirmacao_Protocolo,Resolvido_Bot,"11,2",2,"21013,19"
CVX-005650,2026-01-26 13:00:58,WhatsApp,Auto,Varejo,Sul,Android,Validacao_Apolice,Abandonado,,,
CVX-001472,2026-01-26 13:09:24,WhatsApp,Auto,Varejo,Sul,iOS,Confirmacao_Protocolo,Resolvido_Bot,8,5,"2841,27"
CVX-002748,2026-01-26 13:16:06,WhatsApp,Auto,Varejo,Sudeste,Android,Analise_Automatica,Abandonado,,,"5946,56"
CVX-002084,2026-01-26 13:20:17,WhatsApp,Auto,Varejo,Sudeste,Android,Confirmacao_Protocolo,Resolvido_Bot,"10,9",5,"9372,34"
CVX-000282,2026-01-26 13:29:10,WhatsApp,Vida,Varejo,Nordeste,iOS,Confirmacao_Protocolo,Resolvido_Bot,"13,1",3,"50749,44"
CVX-001337,2026-01-26 13:29:12,WhatsApp,Auto,Varejo,Sudeste,Android,Upload_Fotos_Documentos,Abandonado,,,"5748,28"
CVX-004427,2026-01-26 13:36:29,WhatsApp,Auto,Varejo,Sudeste,iOS,Confirmacao_Protocolo,Resolvido_Bot,"7,7",4,"13297,41"
CVX-004216,2026-01-26 13:50:17,WhatsApp,Auto,Varejo,Sudeste,Android,Confirmacao_Protocolo,Resolvido_Bot,2,5,"4673,25"
CVX-004070,2026-01-26 14:00:41,App,Vida,Premium,Centro-Oeste,Android,Inicio_Saudacao,Abandonado,,,
CVX-004006,2026-01-26 14:21:23,WhatsApp,Auto,Varejo,Sudeste,iOS,Analise_Automatica,Abandonado,,,"12587,3"
CVX-002737,2026-01-26 15:05:30,WhatsApp,Auto,Varejo,Nordeste,Android,Upload_Fotos_Documentos,Escalado_humano,"47,9",2,"12684,05"
CVX-003155,2026-01-26 16:15:13,WhatsApp,Auto,Premium,Sul,iOS,Upload_Fotos_Documentos,Abandonado,,,"10640,13"
CVX-004598,2026-01-26 16:28:47,WhatsApp,Vida,Varejo,Sul,Android,Confirmacao_Protocolo,Resolvido_Bot,"11,5",3,"54589,93"
CVX-004221,2026-01-26 16:51:05,App,Vida,Varejo,Sudeste,Android,Confirmacao_Protocolo,Resolvido_Bot,"4,3",4,"39252,51"
CVX-002809,2026-01-26 16:55:59,WhatsApp,Vida,Varejo,Centro-Oeste,iOS,Confirmacao_Protocolo,Resolvido_Bot,"8,4",5,"71521,19"
CVX-004253,2026-01-26 17:01:42,WhatsApp,Vida,Varejo,Nordeste,Android,Confirmacao_Protocolo,Resolvido_Bot,"4,6",4,"25715,79"
CVX-006204,2026-01-26 18:01:24,WhatsApp,Auto,Varejo,Nordeste,iOS,Confirmacao_Protocolo,Resolvido_Bot,"6,1",,"11849,61"
CVX-002970,2026-01-26 18:03:26,WhatsApp,Auto,Premium,Sul,iOS,Coleta_Dados_Sinistro,Escalado_Humano,50,4,"5378,82"
CVX-004508,2026-01-26 18:06:47,App,Vida,Corporativo,Sul,iOS,Analise_Automatica,Escalado_Humano,"26,1",3,"47032,1"
CVX-003442,2026-01-26 18:26:03,WhatsApp,Residencial,Varejo,Sudeste,iOS,Upload_Fotos_Documentos,Abandonado,,,"13814,79"
CVX-001463,2026-01-26 19:05:18,WhatsApp,Residencial,Corporativo,Sudeste,Android,Upload_Fotos_Documentos,Abandonado,,,"23496,26"
CVX-004796,2026-01-26 19:13:24,WhatsApp,Auto,Varejo,Norte,iOS,Confirmacao_Protocolo,resolvido_bot,"5,8",5,"12184,7"
CVX-003942,2026-01-26 19:15:27,WhatsApp,Residencial,Varejo,Sudeste,Android,Confirmacao_Protocolo,Resolvido_Bot,"9,8",5,"9224,73"
CVX-002314,2026-01-26 19:19:39,WhatsApp,Auto,Varejo,Sudeste,Android,Confirmacao_Protocolo,Resolvido_Bot,11,5,"12542,15"
CVX-001834,2026-01-26 19:30:10,WhatsApp,Auto,Corporativo,Sul,iOS,Upload_Fotos_Documentos,Escalado_Humano,"19,1",5,"5366,76"
CVX-006074,2026-01-26 19:39:20,WhatsApp,Residencial,Varejo,Sul,iOS,Confirmacao_Protocolo,Resolvido_Bot,"8,2",5,"19297,41"
CVX-001645,2026-01-26 20:06:51,WhatsApp,Residencial,Varejo,Nordeste,Android,Coleta_Dados_Sinistro,escalado_humano,"44,4",3,"8401,59"
CVX-003068,2026-01-26 20:07:10,WhatsApp,Residencial,Varejo,Sudeste,Android,Upload_Fotos_Documentos,Abandonado,,,"13536,26"
CVX-003150,2026-01-26 20:21:37,WhatsApp,Auto,Varejo,Sudeste,iOS,Confirmacao_Protocolo,Resolvido_Bot,"10,2",5,"7125,85"
CVX-004351,2026-01-26 20:30:56,WhatsApp,Vida,Varejo,Sul,Android,Confirmacao_Protocolo,Resolvido_Bot,10,5,"76058,42"
CVX-003168,2026-01-27 8:01:27,App,Vida,Corporativo,Sul,Android,Validacao_Apolice,Escalado_Humano,"27,4",4,
CVX-000026,2026-01-27 8:04:17,WhatsApp,Auto,Varejo,Sul,iOS,Confirmacao_Protocolo,Resolvido_Bot,"6,3",5,"13006,65"
CVX-000036,2026-01-27 8:21:16,WhatsApp,Residencial,Varejo,Sudeste,Android,Inicio_Saudacao,Abandonado,,,
CVX-001597,2026-01-27 8:36:08,WhatsApp,Auto,Premium,Sudeste,iOS,Coleta_Dados_Sinistro,Abandonado,,,"8363,55"
CVX-005388,2026-01-27 8:45:16,WhatsApp,Auto,Varejo,Sudeste,Android,Upload_Fotos_Documentos,Escalado_Humano,27,5,"7326,26"
CVX-003228,2026-01-27 8:54:26,WhatsApp,Auto,Varejo,Sudeste,Android,Validacao_Apolice,Escalado_Humano,"41,6",3,
CVX-005518,2026-01-27 8:59:39,WhatsApp,Residencial,Varejo,Centro-Oeste,Android,Validacao_Apolice,Escalado_Humano,"46,1",,
CVX-005569,2026-01-27 9:31:28,WhatsApp,Auto,Varejo,Centro-Oeste,iOS,Confirmacao_Protocolo,resolvido_bot,"7,9",4,"13174,1"
CVX-001591,2026-01-27 10:02:35,WhatsApp,Residencial,Varejo,Nordeste,Android,Coleta_Dados_Sinistro,Escalado_Humano,"31,1",3,"13519,51"
CVX-003900,2026-01-27 10:03:09,WhatsApp,Auto,Varejo,Sudeste,Android,Confirmacao_Protocolo,Resolvido_Bot,"9,5",,"9057,44"
CVX-005384,2026-01-27 10:24:50,WhatsApp,Auto,Varejo,Sudeste,Android,Confirmacao_Protocolo,Resolvido_Bot,"7,2",5,"10880,29"
CVX-000444,2026-01-27 10:34:32,WhatsApp,Auto,Varejo,Sudeste,Android,Coleta_Dados_Sinistro,Abandonado,,,"3836,37"
CVX-000767,2026-01-27 10:40:32,WhatsApp,Auto,Corporativo,Sul,Android,Confirmacao_Protocolo,Resolvido_Bot,"7,4",4,"5990,08"
CVX-003285,2026-01-27 10:50:16,WhatsApp,Residencial,Varejo,Sudeste,Android,Coleta_Dados_Sinistro,Escalado_Humano,"60,5",3,"22280,57"
CVX-006138,2026-01-27 10:52:08,WhatsApp,Residencial,Varejo,Sudeste,Android,Confirmacao_Protocolo,Resolvido_Bot,"13,9",5,"10693,4"
CVX-006405,2026-01-27 11:01:08,WhatsApp,Vida,Varejo,Sudeste,Android,Upload_Fotos_Documentos,Escalado_Humano,"29,7",4,"78400,75"
CVX-002124,2026-01-27 11:01:46,WhatsApp,Auto,Premium,Sudeste,Android,Confirmacao_Protocolo,Resolvido_Bot,"8,4",,"6313,66"
CVX-001628,2026-01-27 11:15:31,WhatsApp,Auto,Varejo,Sudeste,iOS,Confirmacao_Protocolo,Resolvido_Bot,"3,5",,"5286,36"
CVX-004207,2026-01-27 11:18:39,WhatsApp,Residencial,Premium,Nordeste,Android,Validacao_Apolice,Abandonado,,,
CVX-001445,2026-01-27 11:20:10,WhatsApp,Auto,Premium,Nordeste,Android,Confirmacao_Protocolo,Resolvido_Bot,3,4,300
CVX-002224,2026-01-27 11:22:56,App,Auto,Varejo,Sudeste,Android,Confirmacao_Protocolo,Resolvido_Bot,"6,6",4,"11909,12"
CVX-006219,2026-01-27 11:41:38,WhatsApp,Auto,Varejo,Sul,iOS,Confirmacao_Protocolo,Resolvido_Bot,"13,9",,"7975,32"
CVX-005229,2026-01-27 11:44:40,App,Auto,Premium,Sudeste,Android,Coleta_Dados_Sinistro,Escalado_Humano,"33,9",5,"5390,43"
CVX-005038,2026-01-27 11:58:01,WhatsApp,Auto,Varejo,Sudeste,Android,Confirmacao_Protocolo,Resolvido_Bot,"15,9",,"7159,23"
CVX-003191,2026-01-27 12:08:11,WhatsApp,Vida,Varejo,Nordeste,Android,Confirmacao_Protocolo,Resolvido_Bot,"13,3",4,300
CVX-001233,2026-01-27 12:25:26,App,Vida,Varejo,Sudeste,iOS,Confirmacao_Protocolo,Resolvido_Bot,9,3,"70100,89"
CVX-002398,2026-01-27 13:49:23,WhatsApp,Auto,Varejo,Centro-Oeste,Android,Confirmacao_Protocolo,Resolvido_Bot,"11,2",5,"5321,98"
CVX-004022,2026-01-27 13:50:01,WhatsApp,Vida,Varejo,Nordeste,Android,Upload_Fotos_Documentos,Escalado_Humano,"52,6",3,"55024,81"
CVX-001697,2026-01-27 13:53:53,WhatsApp,Auto,Corporativo,Sul,Android,Confirmacao_Protocolo,Resolvido_Bot,"13,8",4,"11913,36"
CVX-006669,2026-01-27 14:09:36,WhatsApp,Auto,Premium,Sudeste,Android,Confirmacao_Protocolo,Resolvido_Bot,"6,4",4,"10248,87"
CVX-001888,2026-01-27 14:40:39,WhatsApp,Auto,Corporativo,Norte,Android,Analise_Automatica,Escalado_humano,"48,9",4,"11347,07"
CVX-000589,2026-01-27 14:58:39,App,Auto,Varejo,Sul,Android,Confirmacao_Protocolo,Resolvido_bot ,"3,9",,"8466,57"
CVX-003742,2026-01-27 15:08:34,WhatsApp,Residencial,Varejo,Sudeste,iOS,Upload_Fotos_Documentos,Abandonado,,,"17607,63"
CVX-001277,2026-01-27 15:11:19,WhatsApp,Auto,Premium,Nordeste,iOS,Confirmacao_Protocolo,Resolvido_Bot,"11,2",3,"7788,91"
CVX-004576,2026-01-27 15:17:13,WhatsApp,Auto,Varejo,Nordeste,iOS,Validacao_Apolice,Abandonado,,,
CVX-004988,2026-01-27 15:40:29,WhatsApp,Residencial,Corporativo,Sul,Android,Confirmacao_Protocolo,Resolvido_Bot,"10,7",,"8053,74"
CVX-003102,2026-01-27 15:54:40,WhatsApp,Vida,Premium,Norte,Android,Analise_Automatica,Escalado_Humano,"19,8",,"71044,18"
CVX-005688,2026-01-27 16:18:45,WhatsApp,Residencial,Varejo,Nordeste,iOS,Confirmacao_Protocolo,Resolvido_Bot,"7,2",4,"12177,13"
CVX-006141,2026-01-27 16:21:54,WhatsApp,Auto,Corporativo,Centro-Oeste,iOS,Upload_Fotos_Documentos,Escalado_Humano,"38,9",4,"13296,77"
CVX-006818,2026-01-27 16:24:48,WhatsApp,Auto,Varejo,Sudeste,iOS,Analise_Automatica,Abandonado,,,"7182,51"
CVX-004716,2026-01-27 16:25:59,WhatsApp,Residencial,Premium,Sudeste,Android,Confirmacao_Protocolo,Resolvido_Bot,"7,3",4,"30689,44"
CVX-005260,2026-01-27 16:35:44,WhatsApp,Auto,Corporativo,Sudeste,Android,Confirmacao_Protocolo,Resolvido_Bot,"8,7",4,"9133,16"
CVX-002478,2026-01-27 16:41:22,WhatsApp,Auto,Premium,Sul,iOS,Upload_Fotos_Documentos,ESCALADO HUMANO,"31,9",4,"11944,95"
CVX-006816,2026-01-27 16:44:02,App,Vida,Varejo,Sul,iOS,Validacao_Apolice,Abandonado,,,
CVX-001110,2026-01-27 16:52:47,WhatsApp,Vida,Varejo,Sudeste,Android,Confirmacao_Protocolo,Resolvido_Bot,3,3,"70539,7"
CVX-001196,2026-01-27 17:08:53,WhatsApp,Residencial,Varejo,Sul,Android,Confirmacao_Protocolo,Resolvido_Bot,"6,8",4,"22927,97"
CVX-005459,2026-01-27 17:36:52,WhatsApp,Auto,Varejo,Sudeste,Android,Confirmacao_Protocolo,Resolvido_Bot,"5,3",5,"8345,26"
CVX-006193,2026-01-27 17:46:16,WhatsApp,Residencial,Varejo,Sudeste,Android,Analise_Automatica,Escalado_Humano,42,,"7413,39"
CVX-004378,2026-01-27 17:48:17,WhatsApp,Auto,Varejo,Sudeste,Android,Analise_Automatica,Escalado_Humano,"30,2",4,"7337,13"
CVX-005414,2026-01-27 17:49:01,WhatsApp,Vida,Varejo,Sudeste,Android,Validacao_Apolice,Abandonado,,,
CVX-004629,2026-01-27 18:03:57,WhatsApp,Residencial,Premium,Nordeste,Android,Confirmacao_Protocolo,Resolvido_Bot,"14,1",3,"7842,83"
CVX-001369,2026-01-27 18:18:01,WhatsApp,Auto,Varejo,Sudeste,Android,Coleta_Dados_Sinistro,Escalado_Humano,31,4,"13185,7"
CVX-001629,2026-01-27 18:29:36,WhatsApp,Auto,Varejo,Sudeste,Android,Coleta_Dados_Sinistro,Escalado_Humano,35,3,"8251,24"
CVX-003943,2026-01-27 19:07:56,WhatsApp,Auto,Premium,Centro-Oeste,Android,Confirmacao_Protocolo,Resolvido_Bot,"6,9",5,"8686,43"
CVX-003126,2026-01-27 19:16:20,WhatsApp,Auto,Premium,Sudeste,Android,Validacao_Apolice,Abandonado,,,
CVX-005870,2026-01-27 19:24:36,WhatsApp,Auto,Premium,Sul,iOS,Upload_Fotos_Documentos,Abandonado,,,"13144,09"
CVX-005177,2026-01-27 19:35:27,WhatsApp,Auto,Varejo,Sudeste,iOS,Confirmacao_Protocolo,Resolvido_Bot,"9,8",,"5824,24"
CVX-006798,2026-01-27 19:42:11,WhatsApp,Residencial,Premium,Nordeste,Android,Confirmacao_Protocolo,RESOLVIDO_BOT,"11,6",5,"8159,3"
CVX-003267,2026-01-27 20:01:07,WhatsApp,Residencial,Varejo,Sudeste,Android,Upload_Fotos_Documentos,Abandonado,,,"9823,51"
CVX-003630,2026-01-27 20:20:05,WhatsApp,Auto,Premium,Nordeste,Android,Confirmacao_Protocolo,Resolvido_Bot,"11,1",,"2819,23"
CVX-002584,2026-01-27 20:20:19,WhatsApp,Auto,Varejo,Sudeste,Android,Confirmacao_Protocolo,Resolvido_Bot,"12,2",,"13986,91"
CVX-003125,2026-01-27 20:24:32,WhatsApp,Auto,Varejo,Sudeste,Android,Upload_Fotos_Documentos,Escalado_Humano,"29,8",4,"9746,64"
CVX-006081,2026-01-27 20:30:41,WhatsApp,Auto,Premium,Sudeste,iOS,Confirmacao_Protocolo,Resolvido_Bot,"5,7",5,"4676,64"
CVX-001405,2026-01-27 20:52:55,WhatsApp,Auto,Varejo,Sudeste,Android,Upload_Fotos_Documentos,Abandonado,,,"3678,07"
CVX-006390,2026-01-28 8:00:21,WhatsApp,Auto,Premium,Nordeste,Android,Validacao_Apolice,Escalado_Humano,"31,7",,
CVX-006102,2026-01-28 8:00:59,WhatsApp,Residencial,Premium,Sudeste,iOS,Analise_Automatica,Escalado_Humano,"36,1",3,"6146,7"
CVX-004325,2026-01-28 8:06:33,WhatsApp,Auto,Corporativo,Sudeste,Android,Validacao_Apolice,Escalado_Humano,"57,6",4,
CVX-003750,2026-01-28 8:17:40,WhatsApp,Residencial,Varejo,Nordeste,Android,Confirmacao_Protocolo,Resolvido_Bot,"5,8",,"25953,93"
CVX-005402,2026-01-28 8:50:33,WhatsApp,Auto,Premium,Sudeste,Android,Coleta_Dados_Sinistro,Escalado_Humano,"30,7",,"5712,2"
CVX-004594,2026-01-28 9:19:04,WhatsApp,Auto,Varejo,Norte,Android,Validacao_Apolice,Escalado_Humano,"43,2",,
CVX-001752,2026-01-28 9:36:29,WhatsApp,Auto,Varejo,Sudeste,Android,Validacao_Apolice,Escalado_Humano,"33,3",,
CVX-004641,2026-01-28 9:38:46,WhatsApp,Auto,Corporativo,Sul,iOS,Coleta_Dados_Sinistro,Escalado_Humano,"32,8",,"8051,83"
CVX-004249,2026-01-28 9:52:07,App,Residencial,Premium,Nordeste,Android,Confirmacao_Protocolo,Resolvido_Bot,"8,4",4,"12675,26"
CVX-002082,2026-01-28 10:12:51,WhatsApp,Auto,Varejo,Sudeste,Android,Analise_Automatica,Escalado_Humano,"40,9",2,"11592,72"
CVX-006185,2026-01-28 10:15:17,WhatsApp,Residencial,Varejo,Sul,Android,Inicio_Saudacao,Abandonado,,,
CVX-000852,2026-01-28 10:25:38,WhatsApp,Residencial,Varejo,Sudeste,Android,Confirmacao_Protocolo,resolvido_bot,"12,9",4,"12699,66"
CVX-003385,2026-01-28 10:29:47,WhatsApp,Residencial,Premium,Nordeste,Android,Confirmacao_Protocolo,Resolvido_Bot,"8,4",5,"19040,9"
CVX-000051,2026-01-28 10:45:49,App,Auto,Varejo,Nordeste,Android,Coleta_Dados_Sinistro,Escalado_Humano,"61,7",4,"11243,24"
CVX-004391,2026-01-28 10:50:37,App,Auto,Premium,Centro-Oeste,Android,Validacao_Apolice,Escalado_Humano,"36,7",4,
CVX-002328,2026-01-28 10:53:25,WhatsApp,Auto,Corporativo,Nordeste,iOS,Validacao_Apolice,Escalado_Humano,"16,4",,
CVX-006629,2026-01-28 11:14:58,WhatsApp,Auto,Varejo,Sudeste,Android,Upload_Fotos_Documentos,Abandonado,,,"14295,83"
CVX-001916,2026-01-28 11:19:57,App,Residencial,Corporativo,Sul,Android,Upload_Fotos_Documentos,Escalado_Humano,"33,1",3,"19887,86"
CVX-006418,2026-01-28 11:21:19,WhatsApp,Auto,Varejo,Sudeste,Android,Upload_Fotos_Documentos,Abandonado,,,"12715,34"
CVX-003974,2026-01-28 11:39:09,WhatsApp,Auto,Varejo,Sudeste,iOS,Confirmacao_Protocolo,RESOLVIDO_BOT,"11,3",5,"3140,53"
CVX-005528,2026-01-28 11:47:42,App,Residencial,Premium,Nordeste,iOS,Confirmacao_Protocolo,Resolvido_Bot,"6,4",5,"13961,98"
CVX-005818,2026-01-28 12:08:42,WhatsApp,Residencial,Varejo,Sul,Android,Analise_Automatica,Abandonado,,,"15084,8"
CVX-000419,2026-01-28 12:36:45,WhatsApp,Residencial,Varejo,Sudeste,Android,Validacao_Apolice,Abandonado,,,
CVX-005036,2026-01-28 12:41:15,WhatsApp,Auto,Varejo,Sudeste,Android,Validacao_Apolice,Escalado_Humano,"34,3",5,
CVX-002131,2026-01-28 12:51:23,WhatsApp,Residencial,Varejo,Nordeste,iOS,Coleta_Dados_Sinistro,Escalado_Humano,"51,4",3,"10631,3"
CVX-000112,2026-01-28 12:58:36,WhatsApp,Auto,Premium,Nordeste,Android,Upload_Fotos_Documentos,Abandonado,,,"11212,33"
CVX-001058,2026-01-28 12:58:41,App,Auto,Premium,Sudeste,Android,Validacao_Apolice,Escalado_Humano,"40,6",,
CVX-003609,2026-01-28 13:07:12,WhatsApp,Auto,Varejo,Nordeste,iOS,Confirmacao_Protocolo,Resolvido_Bot,"10,8",,"14246,63"
CVX-000332,2026-01-28 13:25:35,WhatsApp,Auto,Varejo,Centro-Oeste,Android,Confirmacao_Protocolo,Resolvido_Bot,"9,2",4,"15018,55"
CVX-002640,2026-01-28 13:34:18,WhatsApp,Auto,Varejo,Sudeste,iOS,Confirmacao_Protocolo,Resolvido_Bot,"5,3",5,"13137,78"
CVX-002422,2026-01-28 13:34:20,App,Vida,Varejo,Centro-Oeste,Android,Validacao_Apolice,Escalado_humano,"27,7",4,
CVX-000898,2026-01-28 14:08:41,WhatsApp,Auto,Premium,Sudeste,iOS,Validacao_Apolice,Escalado_Humano,"32,1",3,
CVX-005656,2026-01-28 14:27:01,WhatsApp,Vida,Varejo,Sul,Android,Validacao_Apolice,Abandonado,,,
CVX-000682,2026-01-28 15:06:31,WhatsApp,Auto,Varejo,Sudeste,iOS,Analise_Automatica,Escalado_Humano,"38,6",,"4986,05"
CVX-001520,2026-01-28 15:21:02,WhatsApp,Auto,Varejo,Sul,Android,Validacao_Apolice,Abandonado,,,
CVX-001644,2026-01-28 15:30:52,WhatsApp,Residencial,Varejo,Sul,Android,Confirmacao_Protocolo,Resolvido_Bot,"9,5",5,"15795,09"
CVX-005716,2026-01-28 15:57:50,WhatsApp,Residencial,Premium,Sul,iOS,Confirmacao_Protocolo,resolvido_bot,"10,9",3,"16268,86"
CVX-002617,2026-01-28 16:15:53,WhatsApp,Auto,Varejo,Sudeste,Android,Analise_Automatica,Escalado_Humano,"40,8",4,"14040,31"
CVX-005015,2026-01-28 16:59:32,WhatsApp,Auto,Varejo,Sul,Android,Upload_Fotos_Documentos,Abandonado,,,"7117,86"
CVX-002246,2026-01-28 17:14:11,WhatsApp,Residencial,Varejo,Nordeste,Android,Confirmacao_Protocolo,Resolvido_Bot,"14,9",5,"6552,51"
CVX-001947,2026-01-28 17:16:59,WhatsApp,Auto,Corporativo,Sul,iOS,Upload_Fotos_Documentos,abandono,,,"4123,98"
CVX-000436,2026-01-28 17:18:09,WhatsApp,Auto,Varejo,Sul,iOS,Confirmacao_Protocolo,Resolvido_Bot,13,5,300
CVX-003654,2026-01-28 17:22:38,WhatsApp,Auto,Varejo,Sul,Android,Confirmacao_Protocolo,Resolvido_Bot,"12,2",4,"2200,63"
CVX-004210,2026-01-28 17:29:37,WhatsApp,Residencial,Premium,Sudeste,Android,Confirmacao_Protocolo,Resolvido_Bot,"16,4",,"10167,06"
CVX-005248,2026-01-28 17:39:40,WhatsApp,Residencial,Varejo,Sudeste,iOS,Confirmacao_Protocolo,Resolvido_Bot,"10,4",4,"9141,93"
CVX-002289,2026-01-28 17:48:42,WhatsApp,Residencial,Varejo,Sudeste,Android,Inicio_Saudacao,Abandonado,,,
CVX-000199,2026-01-28 18:10:34,App,Residencial,Varejo,Sudeste,Android,Confirmacao_Protocolo,Resolvido_Bot,"10,3",5,"13916,56"
CVX-000885,2026-01-28 19:05:55,WhatsApp,Residencial,Premium,Norte,Android,Confirmacao_Protocolo,Resolvido_Bot,10,5,"9970,35"
CVX-001450,2026-01-28 19:08:09,WhatsApp,Residencial,Varejo,Centro-Oeste,Android,Confirmacao_Protocolo,Resolvido_Bot,"9,8",4,"5489,46"
CVX-004751,2026-01-28 19:11:02,WhatsApp,Residencial,Varejo,Norte,Android,Upload_Fotos_Documentos,Abandonado,,,"13807,79"
CVX-005285,2026-01-28 19:26:09,WhatsApp,Auto,Premium,Nordeste,Android,Coleta_Dados_Sinistro,Escalado_Humano,"14,6",,"9072,26"
CVX-005840,2026-01-28 19:35:12,WhatsApp,Residencial,Varejo,Sudeste,iOS,Analise_Automatica,Abandonado,,,"13924,69"
CVX-001512,2026-01-28 19:49:01,WhatsApp,Residencial,Varejo,Sudeste,Android,Coleta_Dados_Sinistro,Abandonado,,,"15711,26"
CVX-001047,2026-01-28 20:09:45,WhatsApp,Auto,Varejo,Sudeste,iOS,Confirmacao_Protocolo,Resolvido_Bot,"6,6",5,"5643,2"
CVX-002443,2026-01-28 20:20:00,WhatsApp,Auto,Varejo,Nordeste,Android,Confirmacao_Protocolo,Resolvido_Bot,"10,8",4,"6440,47"
CVX-004851,2026-01-28 20:22:05,WhatsApp,Auto,Varejo,Nordeste,Android,Upload_Fotos_Documentos,Abandonado,,,"8242,34"
CVX-000213,2026-01-28 20:24:09,WhatsApp,Vida,Varejo,Nordeste,Android,Analise_Automatica,Abandonado,,,"12768,48"
CVX-006849,2026-01-28 20:38:59,WhatsApp,Auto,Corporativo,Nordeste,Android,Confirmacao_Protocolo,Resolvido_Bot,"9,3",,"7904,03"
CVX-003976,2026-01-28 20:41:52,WhatsApp,Auto,Varejo,Sudeste,Android,Upload_Fotos_Documentos,Abandonado,,,"11081,93"
CVX-006978,2026-01-28 20:54:55,WhatsApp,Residencial,Premium,Sudeste,Android,Confirmacao_Protocolo,Resolvido_Bot,"12,8",,"12745,15"
CVX-000870,2026-01-29 8:07:32,WhatsApp,Auto,Corporativo,Sudeste,Android,Confirmacao_Protocolo,Resolvido_Bot,"9,8",3,"11245,4"
CVX-006301,2026-01-29 8:11:45,WhatsApp,Residencial,Premium,Norte,Android,Confirmacao_Protocolo,Resolvido_Bot,"7,1",,"16185,88"
CVX-005474,2026-01-29 8:18:55,WhatsApp,Auto,Premium,Centro-Oeste,Android,Analise_Automatica,Abandonado,,,"3995,14"
CVX-006368,2026-01-29 8:38:20,WhatsApp,Auto,Varejo,Nordeste,Android,Confirmacao_Protocolo,Resolvido_Bot,"10,6",3,"2885,14"
CVX-002898,2026-01-29 9:26:07,WhatsApp,Vida,Varejo,Sudeste,Android,Upload_Fotos_Documentos,Abandonado,,,"32092,5"
CVX-001248,2026-01-29 9:47:41,WhatsApp,Auto,Corporativo,Sul,iOS,Upload_Fotos_Documentos,Abandonado,,,"8257,08"
CVX-001868,2026-01-29 10:13:06,WhatsApp,Vida,Varejo,Centro-Oeste,Android,Validacao_Apolice,Escalado_Humano,"29,4",,
CVX-000936,2026-01-29 10:20:33,WhatsApp,Residencial,Corporativo,Centro-Oeste,Android,Validacao_Apolice,Escalado_Humano,"59,6",,
CVX-001237,2026-01-29 10:22:13,WhatsApp,Auto,Varejo,Nordeste,iOS,Confirmacao_Protocolo,Resolvido_Bot,"6,6",4,"11559,47"
CVX-003802,2026-01-29 10:27:11,WhatsApp,Auto,Varejo,Sul,iOS,Validacao_Apolice,Escalado_Humano,"36,3",4,
CVX-004741,2026-01-29 10:40:50,WhatsApp,Auto,Varejo,Sul,iOS,Confirmacao_Protocolo,Resolvido_Bot,"9,4",4,"5121,89"
CVX-001435,2026-01-29 10:54:17,App,Residencial,Corporativo,Nordeste,Android,Confirmacao_Protocolo,Resolvido_Bot,"11,4",,"7127,67"
CVX-003925,2026-01-29 11:32:11,WhatsApp,Auto,Varejo,Sudeste,iOS,Upload_Fotos_Documentos,Abandonado,,,"18836,43"
CVX-000970,2026-01-29 11:49:00,WhatsApp,Auto,Premium,Sul,Android,Validacao_Apolice,Escalado_Humano,30,5,
CVX-006252,2026-01-29 11:55:34,WhatsApp,Auto,Varejo,Sul,iOS,Confirmacao_Protocolo,Resolvido_Bot,"9,1",,"9682,87"
CVX-002638,2026-01-29 11:58:32,WhatsApp,Auto,Varejo,Sudeste,Android,Upload_Fotos_Documentos,Abandonado,,,300
CVX-002327,2026-01-29 11:59:19,App,Vida,Premium,Nordeste,Android,Validacao_Apolice,ESCALADO HUMANO,"26,4",,
CVX-004160,2026-01-29 12:21:45,WhatsApp,Residencial,Premium,Sul,iOS,Confirmacao_Protocolo,Resolvido_Bot,"6,6",4,"3721,9"
CVX-005477,2026-01-29 12:22:28,WhatsApp,Auto,Varejo,Sudeste,iOS,Analise_Automatica,Abandonado,,,"909,98"
CVX-002285,2026-01-29 12:28:04,WhatsApp,Auto,Varejo,Sudeste,Android,Confirmacao_Protocolo,Resolvido_Bot,"10,3",4,"3319,51"
CVX-006376,2026-01-29 12:31:36,WhatsApp,Vida,Premium,Sudeste,Android,Analise_Automatica,Escalado_Humano,"27,8",4,"77770,89"
CVX-004201,2026-01-29 12:54:13,App,Auto,Varejo,Sul,Android,Upload_Fotos_Documentos,Abandonado,,,"8644,62"
CVX-005350,2026-01-29 13:13:37,App,Residencial,Varejo,Sudeste,Android,Analise_Automatica,Abandonado,,,"13060,17"
CVX-000737,2026-01-29 13:42:36,WhatsApp,Residencial,Premium,Nordeste,Android,Confirmacao_Protocolo,Resolvido_Bot,"9,6",5,"9627,98"
CVX-001180,2026-01-29 13:42:43,WhatsApp,Residencial,Varejo,Sudeste,iOS,Confirmacao_Protocolo,Resolvido_Bot,"5,3",5,"23017,35"
CVX-005013,2026-01-29 13:55:06,App,Auto,Varejo,Sul,Android,Validacao_Apolice,Abandonado,,,
CVX-006408,2026-01-29 14:21:11,App,Residencial,Varejo,Sudeste,Android,Coleta_Dados_Sinistro,Abandonado,,,"15411,6"
CVX-002932,2026-01-29 14:32:52,WhatsApp,Vida,Varejo,Sul,iOS,Validacao_Apolice,Escalado_Humano,"47,4",,
CVX-002845,2026-01-29 14:51:03,WhatsApp,Vida,Corporativo,Sudeste,Android,Confirmacao_Protocolo,Resolvido_Bot,"9,1",4,"34727,44"
CVX-002998,2026-01-29 15:14:11,WhatsApp,Residencial,Premium,Sudeste,Android,Coleta_Dados_Sinistro,Escalado_Humano,"27,8",2,"22040,63"
CVX-000536,2026-01-29 16:10:32,App,Auto,Premium,Sudeste,Android,Upload_Fotos_Documentos,Escalado_Humano,"16,9",,"7831,86"
CVX-006402,2026-01-29 16:28:04,WhatsApp,Auto,Premium,Nordeste,Android,Validacao_Apolice,Abandonado,,,
CVX-004802,2026-01-29 16:38:30,WhatsApp,Auto,Varejo,Sul,iOS,Confirmacao_Protocolo,Resolvido_Bot,"14,6",3,"17030,83"
CVX-006277,2026-01-29 16:59:05,WhatsApp,Auto,Varejo,Sudeste,Android,Validacao_Apolice,Escalado_Humano,"36,8",2,
CVX-005665,2026-01-29 16:59:17,WhatsApp,Auto,Varejo,Sudeste,Android,Confirmacao_Protocolo,Resolvido_Bot,"11,3",,"13272,79"
CVX-006643,2026-01-29 17:56:18,WhatsApp,Residencial,Varejo,Sudeste,iOS,Confirmacao_Protocolo,Resolvido_Bot,"10,3",4,"12729,38"
CVX-006519,2026-01-29 18:06:48,WhatsApp,Auto,Premium,Sul,Android,Upload_Fotos_Documentos,Abandonado,,,"6167,01"
CVX-001621,2026-01-29 18:16:47,WhatsApp,Auto,Premium,Sudeste,Android,Validacao_Apolice,Escalado_Humano,"22,8",,
CVX-005438,2026-01-29 19:00:01,WhatsApp,Auto,Varejo,Centro-Oeste,Android,Confirmacao_Protocolo,Resolvido_Bot,"6,2",5,"4880,3"
CVX-003947,2026-01-29 19:00:03,WhatsApp,Auto,Varejo,Sudeste,Android,Upload_Fotos_Documentos,Abandonado,,,"7885,23"
CVX-006894,2026-01-29 19:01:19,WhatsApp,Vida,Varejo,Sudeste,Android,Confirmacao_Protocolo,Resolvido_Bot,"9,4",5,"50362,25"
CVX-003489,2026-01-29 19:08:50,WhatsApp,Auto,Premium,Sudeste,Android,Confirmacao_Protocolo,Resolvido_Bot,"11,7",4,"6030,95"
CVX-003652,2026-01-29 19:23:09,WhatsApp,Vida,Varejo,Sudeste,Android,Analise_Automatica,Escalado_Humano,"24,2",3,"45366,35"
CVX-002747,2026-01-29 19:32:15,App,Auto,Varejo,Sudeste,Android,Confirmacao_Protocolo,Resolvido_Bot,"7,1",4,"11348,85"
CVX-004978,2026-01-29 20:25:59,WhatsApp,Auto,Varejo,Sudeste,Android,Confirmacao_Protocolo,Resolvido_Bot,"11,3",4,"9096,16"
CVX-003872,2026-01-29 20:27:37,WhatsApp,Auto,Premium,Sul,Android,Confirmacao_Protocolo,Resolvido_bot ,7,,"3308,44"
CVX-003087,2026-01-29 20:37:16,WhatsApp,Auto,Varejo,Nordeste,iOS,Coleta_Dados_Sinistro,Escalado_Humano,"16,4",,"10404,91"
CVX-005379,2026-01-30 8:06:06,WhatsApp,Vida,Varejo,Sudeste,Android,Confirmacao_Protocolo,Resolvido_Bot,"12,7",3,"36489,09"
CVX-003661,2026-01-30 8:12:37,WhatsApp,Auto,Varejo,Sudeste,Android,Confirmacao_Protocolo,Resolvido_bot ,10,5,"9117,63"
CVX-004769,2026-01-30 8:29:04,WhatsApp,Auto,Premium,Sudeste,Android,Confirmacao_Protocolo,Resolvido_Bot,13,5,"4466,26"
CVX-005154,2026-01-30 9:53:00,WhatsApp,Auto,Varejo,Sudeste,Android,Confirmacao_Protocolo,Resolvido_Bot,"14,4",,"6479,03"
CVX-004927,2026-01-30 10:25:31,App,Residencial,Premium,Sudeste,Android,Confirmacao_Protocolo,Resolvido_Bot,"11,9",5,"10649,34"
CVX-006861,2026-01-30 11:52:18,App,Residencial,Varejo,Sul,iOS,Confirmacao_Protocolo,Resolvido_Bot,"2,5",,"14441,1"
CVX-000994,2026-01-30 12:19:09,WhatsApp,Vida,Varejo,Sudeste,Android,Validacao_Apolice,Escalado_Humano,"21,5",4,
CVX-001616,2026-01-30 12:24:45,WhatsApp,Auto,Varejo,Sul,iOS,Upload_Fotos_Documentos,Abandonado,,,"8070,44"
CVX-002785,2026-01-30 12:44:28,App,Residencial,Varejo,Sul,iOS,Coleta_Dados_Sinistro,abandono,,,"10472,37"
CVX-006222,2026-01-30 12:51:08,WhatsApp,Vida,Varejo,Nordeste,Android,Confirmacao_Protocolo,Resolvido_Bot,"9,5",,"31338,17"
CVX-002498,2026-01-30 13:05:11,WhatsApp,Residencial,Premium,Centro-Oeste,Android,Confirmacao_Protocolo,Resolvido_Bot,"7,8",4,"20067,74"
CVX-003921,2026-01-30 13:21:42,App,Vida,Premium,Nordeste,iOS,Analise_Automatica,ABANDONADO ,,,"28035,79"
CVX-005001,2026-01-30 13:47:00,WhatsApp,Auto,Premium,Sul,Android,Validacao_Apolice,Escalado_Humano,"26,6",3,
CVX-001763,2026-01-30 13:54:48,WhatsApp,Residencial,Varejo,Sudeste,iOS,Validacao_Apolice,escalado_humano,"33,6",4,
CVX-001793,2026-01-30 14:02:36,WhatsApp,Residencial,Varejo,Sudeste,Android,Confirmacao_Protocolo,resolvido_bot,"6,6",3,"11552,03"
CVX-000071,2026-01-30 14:30:21,WhatsApp,Auto,Premium,Sul,Android,Upload_Fotos_Documentos,Abandonado,,,"11470,98"
CVX-001235,2026-01-30 14:37:06,WhatsApp,Vida,Varejo,Sudeste,Android,Validacao_Apolice,Escalado_Humano,"55,5",3,
CVX-001367,2026-01-30 14:49:35,WhatsApp,Auto,Varejo,Sul,iOS,Coleta_Dados_Sinistro,Escalado_Humano,23,3,300
CVX-004910,2026-01-30 14:55:27,WhatsApp,Auto,Premium,Sul,iOS,Inicio_Saudacao,Abandonado,,,
CVX-000855,2026-01-30 15:01:23,WhatsApp,Auto,Varejo,Sudeste,iOS,Confirmacao_Protocolo,Resolvido_Bot,"11,8",5,"13826,57"
CVX-001835,2026-01-30 15:01:29,WhatsApp,Residencial,Premium,Centro-Oeste,Android,Validacao_Apolice,Escalado_Humano,"64,8",2,
CVX-002520,2026-01-30 15:22:34,WhatsApp,Residencial,Premium,Sudeste,Android,Coleta_Dados_Sinistro,Escalado_Humano,"38,5",4,"25926,54"
CVX-000482,2026-01-30 15:23:51,WhatsApp,Auto,Varejo,Nordeste,Android,Confirmacao_Protocolo,Resolvido_Bot,"15,4",,"8103,67"
CVX-004608,2026-01-30 15:24:35,WhatsApp,Auto,Varejo,Sul,Android,Confirmacao_Protocolo,Resolvido_Bot,"9,6",4,"8339,93"
CVX-003667,2026-01-30 15:26:14,WhatsApp,Auto,Varejo,Nordeste,Android,Confirmacao_Protocolo,Resolvido_Bot,"3,4",4,"8577,47"
CVX-001738,2026-01-30 15:39:14,WhatsApp,Auto,Varejo,Sul,iOS,Coleta_Dados_Sinistro,Escalado_Humano,40,,"9860,9"
CVX-005128,2026-01-30 16:07:46,WhatsApp,Auto,Varejo,Sul,iOS,Confirmacao_Protocolo,Resolvido_Bot,"7,1",3,"10412,06"
CVX-004288,2026-01-30 16:47:09,App,Auto,Varejo,Centro-Oeste,Android,Validacao_Apolice,Escalado_Humano,"48,3",,
CVX-004648,2026-01-30 16:48:59,App,Auto,Varejo,Centro-Oeste,Android,Confirmacao_Protocolo,Resolvido_Bot,"6,1",4,"11006,4"
CVX-001664,2026-01-30 16:55:04,WhatsApp,Auto,Premium,Sudeste,Android,Validacao_Apolice,Escalado_Humano,"57,2",3,
CVX-001301,2026-01-30 16:59:58,WhatsApp,Auto,Corporativo,Nordeste,Android,Coleta_Dados_Sinistro,Escalado_Humano,"40,6",,"7594,26"
CVX-006410,2026-01-30 17:07:17,WhatsApp,Vida,Varejo,Sudeste,iOS,Upload_Fotos_Documentos,Escalado_Humano,"29,7",3,"99486,16"
CVX-002094,2026-01-30 17:17:52,WhatsApp,Auto,Premium,Sudeste,iOS,Confirmacao_Protocolo,Resolvido_Bot,"3,9",4,"5706,95"
CVX-004595,2026-01-30 17:27:48,WhatsApp,Residencial,Premium,Sudeste,Android,Confirmacao_Protocolo,Resolvido_Bot,"7,4",,"22103,75"
CVX-003059,2026-01-30 17:29:01,WhatsApp,Residencial,Premium,Sudeste,Android,Validacao_Apolice,Escalado_Humano,"36,8",,
CVX-004225,2026-01-30 17:35:30,WhatsApp,Auto,Varejo,Sudeste,Android,Validacao_Apolice,Escalado_Humano,"27,6",4,
CVX-004621,2026-01-30 17:53:07,WhatsApp,Residencial,Varejo,Sudeste,Android,Upload_Fotos_Documentos,Abandonado,,,"15265,78"
CVX-003741,2026-01-30 17:55:54,WhatsApp,Auto,Varejo,Centro-Oeste,iOS,Confirmacao_Protocolo,Resolvido_Bot,"5,4",5,"13144,72"
CVX-001222,2026-01-30 17:59:18,WhatsApp,Residencial,Premium,Sudeste,iOS,Upload_Fotos_Documentos,escalado_humano,"53,4",4,"12995,72"
CVX-002278,2026-01-30 18:00:26,WhatsApp,Auto,Varejo,Nordeste,iOS,Confirmacao_Protocolo,Resolvido_Bot,"9,4",5,"6548,41"
CVX-003638,2026-01-30 18:05:07,App,Vida,Varejo,Sudeste,Android,Confirmacao_Protocolo,Resolvido_Bot,"8,9",5,"79457,46"
CVX-002876,2026-01-30 18:22:55,App,Auto,Varejo,Sul,Android,Inicio_Saudacao,Abandonado,,,
CVX-004275,2026-01-30 18:32:03,WhatsApp,Auto,Varejo,Sudeste,Android,Validacao_Apolice,Escalado_humano,"20,9",4,
CVX-001980,2026-01-30 19:08:40,WhatsApp,Auto,Corporativo,Nordeste,Android,Confirmacao_Protocolo,Resolvido_Bot,"6,3",5,"11190,07"
CVX-001231,2026-01-30 19:22:02,WhatsApp,Vida,Varejo,Nordeste,iOS,Analise_Automatica,Abandonado,,,"33249,33"
CVX-006859,2026-01-30 19:50:09,WhatsApp,Vida,Varejo,Sudeste,iOS,Coleta_Dados_Sinistro,Escalado_Humano,"40,9",4,"46584,66"
CVX-001509,2026-01-30 19:59:16,WhatsApp,Auto,Varejo,Sudeste,Android,Validacao_Apolice,Escalado_humano,"30,8",,
CVX-000791,2026-01-30 20:25:57,WhatsApp,Auto,Varejo,Sudeste,iOS,Confirmacao_Protocolo,Resolvido_Bot,"16,7",4,"7937,41"
CVX-005848,2026-01-31 8:31:47,WhatsApp,Vida,Corporativo,Nordeste,iOS,Validacao_Apolice,Escalado_Humano,"36,9",4,
CVX-005381,2026-01-31 8:44:52,WhatsApp,Auto,Premium,Sudeste,Android,Confirmacao_Protocolo,Resolvido_Bot,10,5,"4956,7"
CVX-003081,2026-01-31 8:55:02,WhatsApp,Auto,Corporativo,Sudeste,iOS,Upload_Fotos_Documentos,Abandonado,,,"9329,21"
CVX-003330,2026-01-31 8:59:12,WhatsApp,Vida,Premium,Sudeste,iOS,Coleta_Dados_Sinistro,Abandonado,,,"54180,95"
CVX-004095,2026-01-31 9:09:30,WhatsApp,Auto,Varejo,Sudeste,Android,Confirmacao_Protocolo,Resolvido_Bot,"11,6",,"5148,39"
CVX-004640,2026-01-31 9:14:29,WhatsApp,Auto,Varejo,Sudeste,Android,Coleta_Dados_Sinistro,Abandonado,,,"16599,92"
CVX-004996,2026-01-31 9:24:14,WhatsApp,Residencial,Varejo,Sudeste,Android,Coleta_Dados_Sinistro,Escalado_Humano,"43,1",4,"6560,32"
CVX-004383,2026-01-31 9:31:18,WhatsApp,Residencial,Varejo,Sudeste,Android,Upload_Fotos_Documentos,Abandonado,,,"11199,12"
CVX-006272,2026-01-31 10:44:04,App,Auto,Corporativo,Sudeste,Android,Validacao_Apolice,Abandonado,,,
CVX-001857,2026-01-31 10:51:04,App,Auto,Premium,Norte,Android,Upload_Fotos_Documentos,Abandonado,,,"7887,65"
CVX-005076,2026-01-31 11:03:56,WhatsApp,Residencial,Corporativo,Sudeste,Android,Coleta_Dados_Sinistro,Abandonado,,,"14753,57"
CVX-004897,2026-01-31 11:18:48,WhatsApp,Residencial,Corporativo,Sudeste,iOS,Coleta_Dados_Sinistro,Escalado_Humano,"43,2",3,"11828,02"
CVX-004877,2026-01-31 11:33:10,App,Auto,Varejo,Sul,Android,Analise_Automatica,Escalado_Humano,"43,6",5,"9621,99"
CVX-003604,2026-01-31 11:38:28,App,Auto,Varejo,Centro-Oeste,Android,Upload_Fotos_Documentos,Abandonado,,,"8240,79"
CVX-001925,2026-01-31 11:39:42,WhatsApp,Auto,Varejo,Sudeste,Android,Validacao_Apolice,Escalado_Humano,"37,3",4,
CVX-001097,2026-01-31 11:41:19,WhatsApp,Auto,Premium,Sudeste,iOS,Validacao_Apolice,Escalado_Humano,"15,7",5,
CVX-002831,2026-01-31 11:48:44,WhatsApp,Auto,Varejo,Centro-Oeste,iOS,Upload_Fotos_Documentos,Abandonado,,,"11127,97"
CVX-002828,2026-01-31 11:49:37,WhatsApp,Residencial,Varejo,Sudeste,Android,Validacao_Apolice,escalado_humano,"40,2",3,
CVX-002886,2026-01-31 12:10:45,WhatsApp,Vida,Varejo,Centro-Oeste,iOS,Upload_Fotos_Documentos,Abandonado,,,"55908,48"
CVX-001179,2026-01-31 12:11:56,WhatsApp,Residencial,Varejo,Sudeste,Android,Confirmacao_Protocolo,Resolvido_Bot,"13,7",4,"18223,51"
CVX-001811,2026-01-31 12:36:07,App,Auto,Varejo,Sudeste,Android,Validacao_Apolice,Escalado_Humano,"49,9",,
CVX-001941,2026-01-31 13:00:08,WhatsApp,Auto,Varejo,Sul,iOS,Confirmacao_Protocolo,Resolvido_Bot,"10,4",4,"7316,14"
CVX-004982,2026-01-31 13:09:24,WhatsApp,Auto,Corporativo,Sudeste,Android,Coleta_Dados_Sinistro,Escalado_Humano,"41,5",4,"10674,04"
CVX-004891,2026-01-31 13:10:05,WhatsApp,Auto,Varejo,Sudeste,Android,Confirmacao_Protocolo,Resolvido_Bot,8,3,"5315,46"
CVX-001657,2026-01-31 13:14:04,WhatsApp,Residencial,Varejo,Sudeste,Android,Confirmacao_Protocolo,Resolvido_Bot,"9,6",,"9584,27"
CVX-005133,2026-01-31 13:48:01,WhatsApp,Auto,Premium,Norte,iOS,Inicio_Saudacao,Abandonado,,,
CVX-002942,2026-01-31 13:49:31,WhatsApp,Residencial,Varejo,Centro-Oeste,iOS,Upload_Fotos_Documentos,ABANDONADO ,,,"9597,83"
CVX-006461,2026-01-31 14:02:01,App,Auto,Varejo,Sudeste,Android,Analise_Automatica,Abandonado,,,"7116,91"
CVX-002660,2026-01-31 14:11:00,WhatsApp,Vida,Varejo,Sudeste,Android,Confirmacao_Protocolo,Resolvido_Bot,"11,1",,"45508,54"
CVX-001197,2026-01-31 14:41:05,WhatsApp,Auto,Corporativo,Nordeste,Android,Validacao_Apolice,Escalado_Humano,44,,
CVX-003791,2026-01-31 14:48:40,App,Vida,Varejo,Nordeste,iOS,Upload_Fotos_Documentos,Abandonado,,,300
CVX-006039,2026-01-31 14:53:08,WhatsApp,Vida,Varejo,Sudeste,Android,Confirmacao_Protocolo,Resolvido_bot ,"12,1",3,"44136,83"
CVX-002751,2026-01-31 15:03:00,WhatsApp,Auto,Varejo,Sudeste,Android,Confirmacao_Protocolo,Resolvido_Bot,"11,2",5,"10726,4"
CVX-006608,2026-01-31 15:08:18,WhatsApp,Auto,Varejo,Sul,Android,Validacao_Apolice,Escalado_Humano,"35,6",3,
CVX-005775,2026-01-31 15:21:37,WhatsApp,Auto,Varejo,Sudeste,Android,Validacao_Apolice,Escalado_Humano,"38,6",,
CVX-006847,2026-01-31 15:29:45,WhatsApp,Residencial,Premium,Sudeste,iOS,Coleta_Dados_Sinistro,Abandonado,,,"16891,66"
CVX-001722,2026-01-31 15:58:02,WhatsApp,Auto,Varejo,Centro-Oeste,Android,Analise_Automatica,Escalado_Humano,"28,4",,"6841,21"
CVX-002465,2026-01-31 15:58:05,WhatsApp,Auto,Premium,Sul,Android,Analise_Automatica,Escalado_Humano,42,3,"6450,49"
CVX-006445,2026-01-31 15:59:47,App,Residencial,Varejo,Norte,Android,Confirmacao_Protocolo,Resolvido_Bot,"5,4",,"19192,32"
CVX-004021,2026-01-31 16:59:44,WhatsApp,Vida,Corporativo,Sudeste,iOS,Validacao_Apolice,Escalado_Humano,"40,8",4,
CVX-001437,2026-01-31 17:46:43,App,Auto,Varejo,Sudeste,Android,Confirmacao_Protocolo,Resolvido_Bot,"11,8",4,"4194,79"
CVX-006685,2026-01-31 17:58:14,WhatsApp,Auto,Premium,Sudeste,iOS,Confirmacao_Protocolo,Resolvido_Bot,"13,4",4,"11436,74"
CVX-003610,2026-01-31 18:09:54,WhatsApp,Auto,Varejo,Sul,Android,Upload_Fotos_Documentos,abandonado,,,"8794,98"
CVX-003987,2026-01-31 18:14:06,WhatsApp,Residencial,Varejo,Sudeste,iOS,Coleta_Dados_Sinistro,Abandonado,,,"14107,44"
CVX-005976,2026-01-31 18:35:06,WhatsApp,Auto,Varejo,Sudeste,iOS,Confirmacao_Protocolo,Resolvido_Bot,"3,9",,"1530,7"
CVX-000488,2026-01-31 18:39:39,App,Auto,Premium,Sudeste,iOS,Confirmacao_Protocolo,Resolvido_Bot,"5,9",3,"12793,25"
CVX-001576,2026-01-31 19:00:21,App,Auto,Varejo,Nordeste,Android,Validacao_Apolice,Escalado_Humano,"54,1",3,
CVX-004742,2026-01-31 19:33:02,WhatsApp,Residencial,Premium,Nordeste,Android,Confirmacao_Protocolo,Resolvido_Bot,"2,5",5,"11828,67"
CVX-005882,2026-01-31 19:44:27,WhatsApp,Residencial,Premium,Nordeste,iOS,Confirmacao_Protocolo,Resolvido_Bot,"5,9",4,"14975,76"
CVX-001457,2026-01-31 20:00:01,WhatsApp,Auto,Premium,Sul,Android,Validacao_Apolice,Abandonado,,,
CVX-006054,2026-01-31 20:02:02,App,Auto,Varejo,Norte,Android,Analise_Automatica,Abandonado,,,"16028,75"
CVX-005051,2026-01-31 20:05:26,WhatsApp,Residencial,Premium,Sudeste,Android,Confirmacao_Protocolo,Resolvido_Bot,14,3,"11401,88"
CVX-006234,2026-01-31 20:15:24,WhatsApp,Auto,Varejo,Sudeste,Android,Confirmacao_Protocolo,Resolvido_Bot,"13,2",4,"9631,55"
CVX-001976,2026-01-31 20:18:46,WhatsApp,Vida,Varejo,Sudeste,Android,Upload_Fotos_Documentos,Abandonado,,,"47358,89"
CVX-003856,2026-01-31 20:30:59,WhatsApp,Auto,Varejo,Sudeste,Android,Validacao_Apolice,Escalado_Humano,"43,4",4,
CVX-006524,2026-01-31 20:33:48,WhatsApp,Auto,Premium,Sudeste,Android,Confirmacao_Protocolo,Resolvido_Bot,"10,3",5,"6367,41"
CVX-003544,2026-01-31 20:35:25,App,Auto,Varejo,Sudeste,iOS,Confirmacao_Protocolo,Resolvido_Bot,"11,2",5,"7045,4"
CVX-003266,2026-02-01 8:04:04,WhatsApp,Vida,Varejo,Sul,Android,Upload_Fotos_Documentos,Abandonado,,,"41979,6"
CVX-005139,2026-02-01 8:08:10,WhatsApp,Auto,Varejo,Nordeste,Android,Validacao_Apolice,Escalado_Humano,"42,1",,
CVX-001742,2026-02-01 8:26:04,WhatsApp,Residencial,Corporativo,Sul,Android,Analise_Automatica,Abandonado,,,"17918,84"
CVX-000039,2026-02-01 8:27:08,WhatsApp,Auto,Varejo,Sudeste,Android,Confirmacao_Protocolo,Resolvido_Bot,"8,8",4,"16295,23"
CVX-003416,2026-02-01 8:30:18,WhatsApp,Auto,Premium,Sudeste,Android,Coleta_Dados_Sinistro,Abandonado,,,"7135,82"
CVX-000016,2026-02-01 8:42:00,WhatsApp,Auto,Varejo,Sudeste,iOS,Validacao_Apolice,Escalado_Humano,"29,9",5,
CVX-005616,2026-02-01 8:44:11,WhatsApp,Vida,Varejo,Sudeste,Android,Confirmacao_Protocolo,Resolvido_Bot,"5,7",5,"46868,26"
CVX-001851,2026-02-01 9:02:00,App,Auto,Varejo,Sudeste,iOS,Confirmacao_Protocolo,Resolvido_Bot,"11,7",4,"4370,9"
CVX-003537,2026-02-01 9:18:02,App,Residencial,Varejo,Sudeste,iOS,Confirmacao_Protocolo,resolvido_bot,"9,5",4,"28404,88"
CVX-006068,2026-02-01 9:26:12,WhatsApp,Auto,Corporativo,Centro-Oeste,iOS,Confirmacao_Protocolo,Resolvido_Bot,"14,8",4,"9233,58"
CVX-002716,2026-02-01 9:30:06,WhatsApp,Auto,Varejo,Sudeste,Android,Coleta_Dados_Sinistro,Escalado_Humano,"32,1",3,"11361,42"
CVX-001891,2026-02-01 9:45:15,WhatsApp,Auto,Premium,Sudeste,Android,Confirmacao_Protocolo,Resolvido_Bot,"13,3",5,"11177,54"
CVX-006321,2026-02-01 9:46:44,WhatsApp,Residencial,Corporativo,Centro-Oeste,Android,Upload_Fotos_Documentos,Abandonado,,,"14300,68"
CVX-002708,2026-02-01 10:35:41,App,Residencial,Varejo,Sul,iOS,Confirmacao_Protocolo,Resolvido_Bot,"12,8",5,"18358,94"
CVX-006875,2026-02-01 11:04:02,WhatsApp,Residencial,Varejo,Sudeste,Android,Confirmacao_Protocolo,Resolvido_Bot,"10,4",5,"8105,68"
CVX-001468,2026-02-01 11:07:55,WhatsApp,Auto,Varejo,Sul,Android,Confirmacao_Protocolo,Resolvido_Bot,"10,3",3,"12263,05"
CVX-000163,2026-02-01 11:17:47,App,Auto,Varejo,Sudeste,Android,Confirmacao_Protocolo,Resolvido_Bot,"9,2",4,"9845,06"
CVX-004951,2026-02-01 11:44:54,WhatsApp,Auto,Corporativo,Sul,Android,Confirmacao_Protocolo,Resolvido_Bot,"10,2",,"6431,13"
CVX-002623,2026-02-01 11:53:51,WhatsApp,Vida,Premium,Sudeste,Android,Coleta_Dados_Sinistro,Escalado_Humano,"47,4",,"38953,11"
CVX-000313,2026-02-01 12:54:17,WhatsApp,Auto,Corporativo,Nordeste,Android,Coleta_Dados_Sinistro,Escalado_Humano,"47,1",3,"12660,38"
CVX-004424,2026-02-01 12:57:01,WhatsApp,Vida,Varejo,Centro-Oeste,Android,Analise_Automatica,Abandonado,,,"64216,31"
CVX-006857,2026-02-01 13:28:33,WhatsApp,Vida,Premium,Sudeste,iOS,Upload_Fotos_Documentos,Escalado_Humano,"53,1",3,"28808,08"
CVX-001484,2026-02-01 13:57:07,WhatsApp,Auto,Varejo,Nordeste,Android,Confirmacao_Protocolo,Resolvido_Bot,"7,4",4,"6259,53"
CVX-002608,2026-02-01 14:01:55,WhatsApp,Residencial,Varejo,Sudeste,Android,Validacao_Apolice,Escalado_Humano,"31,9",,
CVX-005409,2026-02-01 14:30:08,WhatsApp,Auto,Varejo,Sudeste,Android,Confirmacao_Protocolo,Resolvido_Bot,"10,7",4,"8253,2"
CVX-005646,2026-02-01 14:56:21,WhatsApp,Auto,Premium,Sudeste,Android,Validacao_Apolice,Escalado_Humano,"58,7",3,
CVX-000206,2026-02-01 15:26:05,WhatsApp,Auto,Varejo,Sudeste,Android,Upload_Fotos_Documentos,Abandonado,,,"5866,96"
CVX-000828,2026-02-01 15:44:05,WhatsApp,Residencial,Premium,Sudeste,iOS,Upload_Fotos_Documentos,Escalado_Humano,"18,7",,"10560,88"
CVX-002515,2026-02-01 15:50:42,WhatsApp,Auto,Premium,Sudeste,Android,Confirmacao_Protocolo,Resolvido_Bot,11,,"10042,59"
CVX-000243,2026-02-01 16:21:40,WhatsApp,Auto,Premium,Sudeste,iOS,Coleta_Dados_Sinistro,Escalado_Humano,"55,4",3,"6921,82"
CVX-002847,2026-02-01 16:29:46,WhatsApp,Residencial,Corporativo,Sul,Android,Validacao_Apolice,Escalado_Humano,"34,6",1,
CVX-000556,2026-02-01 16:32:16,WhatsApp,Auto,Corporativo,Sudeste,Android,Validacao_Apolice,Escalado_humano,"48,4",4,
CVX-001668,2026-02-01 17:00:40,App,Auto,Varejo,Sul,Android,Confirmacao_Protocolo,Resolvido_Bot,"9,8",5,"5971,37"
CVX-003784,2026-02-01 17:10:58,WhatsApp,Auto,Varejo,Nordeste,iOS,Analise_Automatica,Escalado_Humano,"38,3",3,"9741,24"
CVX-002518,2026-02-01 17:52:24,WhatsApp,Auto,Premium,Sudeste,Android,Coleta_Dados_Sinistro,Escalado_Humano,"47,4",,"10821,02"
CVX-005047,2026-02-01 18:37:27,WhatsApp,Auto,Premium,Sul,Android,Coleta_Dados_Sinistro,Escalado_Humano,10,2,"2959,74"
CVX-004955,2026-02-01 19:33:23,WhatsApp,Auto,Varejo,Sudeste,Android,Confirmacao_Protocolo,Resolvido_Bot,"10,2",5,"6745,35"
CVX-003034,2026-02-01 20:04:23,App,Auto,Varejo,Centro-Oeste,Android,Confirmacao_Protocolo,Resolvido_Bot,"9,7",4,"10192,77"
CVX-000756,2026-02-01 20:26:37,WhatsApp,Auto,Varejo,Sudeste,Android,Confirmacao_Protocolo,Resolvido_Bot,"6,7",,"4191,59"
CVX-006560,2026-02-01 20:47:23,WhatsApp,Vida,Premium,Sudeste,Android,Confirmacao_Protocolo,Resolvido_Bot,"8,7",4,"36527,41"
CVX-000693,2026-02-02 8:13:57,WhatsApp,Auto,Varejo,Nordeste,iOS,Confirmacao_Protocolo,Resolvido_Bot,"9,7",4,"10425,27"
CVX-000644,2026-02-02 8:28:44,WhatsApp,Auto,Varejo,Sul,iOS,Confirmacao_Protocolo,Resolvido_Bot,"7,9",5,"7496,84"
CVX-000416,2026-02-02 8:31:36,App,Auto,Varejo,Sudeste,Android,Analise_Automatica,Escalado_Humano,"17,6",5,"9398,8"
CVX-005230,2026-02-02 8:40:22,App,Residencial,Varejo,Sul,Android,Validacao_Apolice,Escalado_Humano,45,4,
CVX-001542,2026-02-02 8:40:43,WhatsApp,Auto,Varejo,Sul,Android,Confirmacao_Protocolo,Resolvido_Bot,"6,1",,"12560,12"
CVX-002482,2026-02-02 8:46:07,WhatsApp,Auto,Varejo,Sudeste,Android,Confirmacao_Protocolo,Resolvido_Bot,"13,6",5,"10030,72"
CVX-001686,2026-02-02 8:54:29,WhatsApp,Residencial,Varejo,Sudeste,Android,Analise_Automatica,Escalado_Humano,"37,7",4,"12565,7"
CVX-000701,2026-02-02 9:03:40,WhatsApp,Residencial,Varejo,Nordeste,Android,Upload_Fotos_Documentos,Abandonado,,,"14527,09"
CVX-000074,2026-02-02 9:20:06,WhatsApp,Residencial,Varejo,Sul,Android,Confirmacao_Protocolo,Resolvido_Bot,"8,4",,"14330,69"
CVX-004429,2026-02-02 9:27:26,WhatsApp,Auto,Varejo,Sudeste,Android,Inicio_Saudacao,Abandonado,,,
CVX-004470,2026-02-02 9:30:27,App,Auto,Varejo,Centro-Oeste,Android,Confirmacao_Protocolo,Resolvido_Bot,"9,6",,"7492,05"
CVX-006552,2026-02-02 9:44:47,WhatsApp,Vida,Premium,Sudeste,Android,Analise_Automatica,Escalado_Humano,"54,5",1,"54627,26"
CVX-003984,2026-02-02 10:20:48,WhatsApp,Auto,Varejo,Nordeste,Android,Analise_Automatica,Abandonado,,,"5163,03"
CVX-005298,2026-02-02 10:36:09,WhatsApp,Residencial,Varejo,Centro-Oeste,Android,Confirmacao_Protocolo,Resolvido_Bot,"9,3",,"18027,99"
CVX-002630,2026-02-02 10:39:40,WhatsApp,Auto,Varejo,Sul,iOS,Upload_Fotos_Documentos,Abandonado,,,"14404,91"
CVX-005493,2026-02-02 11:09:07,WhatsApp,Residencial,Varejo,Sudeste,Android,Upload_Fotos_Documentos,Abandonado,,,"11547,14"
CVX-004004,2026-02-02 11:11:55,App,Residencial,Premium,Nordeste,Android,Confirmacao_Protocolo,Resolvido_Bot,"10,2",5,"14205,45"
CVX-000192,2026-02-02 11:25:31,WhatsApp,Auto,Varejo,Centro-Oeste,Android,Confirmacao_Protocolo,Resolvido_Bot,7,5,"13787,14"
CVX-005759,2026-02-02 11:38:01,WhatsApp,Vida,Varejo,Centro-Oeste,Android,Analise_Automatica,Abandonado,,,"49207,17"
CVX-003995,2026-02-02 11:48:43,WhatsApp,Auto,Varejo,Sudeste,Android,Confirmacao_Protocolo,Resolvido_Bot,"8,8",3,"974,18"
CVX-000283,2026-02-02 12:22:35,WhatsApp,Auto,Varejo,Sudeste,iOS,Confirmacao_Protocolo,Resolvido_Bot,"4,2",5,"15840,39"
CVX-004817,2026-02-02 13:01:16,WhatsApp,Residencial,Premium,Nordeste,Android,Upload_Fotos_Documentos,Escalado_Humano,"36,1",3,"11410,89"
CVX-004529,2026-02-02 13:05:42,WhatsApp,Residencial,Varejo,Sudeste,Android,Validacao_Apolice,Escalado_Humano,"43,6",3,
CVX-002986,2026-02-02 13:15:16,App,Vida,Premium,Sudeste,iOS,Confirmacao_Protocolo,Resolvido_Bot,"10,1",4,"44508,96"
CVX-005385,2026-02-02 13:27:08,WhatsApp,Auto,Varejo,Centro-Oeste,Android,Validacao_Apolice,Escalado_Humano,"23,3",5,
CVX-001441,2026-02-02 13:31:57,WhatsApp,Auto,Premium,Centro-Oeste,Android,Confirmacao_Protocolo,Resolvido_Bot,11,5,"7276,61"
CVX-001555,2026-02-02 13:33:27,App,Auto,Varejo,Nordeste,Android,Confirmacao_Protocolo,Resolvido_Bot,"14,1",,"8164,89"
CVX-004047,2026-02-02 13:38:19,WhatsApp,Vida,Premium,Nordeste,Android,Confirmacao_Protocolo,Resolvido_Bot,"10,8",3,"82708,6"
CVX-006701,2026-02-02 13:49:57,App,Vida,Premium,Sul,Android,Validacao_Apolice,Abandonado,,,
CVX-004868,2026-02-02 13:54:31,WhatsApp,Auto,Varejo,Sul,Android,Confirmacao_Protocolo,Resolvido_Bot,2,,"14595,74"
CVX-004484,2026-02-02 14:25:02,WhatsApp,Residencial,Varejo,Sul,Android,Upload_Fotos_Documentos,Escalado_Humano,"31,8",4,"27284,98"
CVX-006931,2026-02-02 14:32:29,WhatsApp,Auto,Varejo,Sudeste,Android,Confirmacao_Protocolo,Resolvido_Bot,"8,8",5,"12457,88"
CVX-004591,2026-02-02 14:54:50,WhatsApp,Residencial,Corporativo,Sudeste,Android,Validacao_Apolice,escalado_humano,"45,5",,
CVX-003665,2026-02-02 15:07:54,WhatsApp,Auto,Varejo,Nordeste,Android,Upload_Fotos_Documentos,Escalado_Humano,"42,7",4,"5994,05"
CVX-001814,2026-02-02 16:02:40,WhatsApp,Residencial,Varejo,Sudeste,Android,Upload_Fotos_Documentos,Abandonado,,,"10050,1"
CVX-002382,2026-02-02 16:41:23,WhatsApp,Auto,Varejo,Sul,Android,Upload_Fotos_Documentos,Abandonado,,,"10549,96"
CVX-004344,2026-02-02 16:48:08,WhatsApp,Residencial,Varejo,Sudeste,Android,Confirmacao_Protocolo,Resolvido_Bot,"10,2",5,"16781,46"
CVX-001547,2026-02-02 16:48:27,WhatsApp,Residencial,Varejo,Sudeste,iOS,Confirmacao_Protocolo,Resolvido_Bot,"10,2",5,"18688,07"
CVX-003849,2026-02-02 16:51:43,App,Auto,Varejo,Sudeste,iOS,Inicio_Saudacao,Abandonado,,,
CVX-002353,2026-02-02 16:54:33,WhatsApp,Auto,Varejo,Sudeste,iOS,Upload_Fotos_Documentos,Abandonado,,,"8349,74"
CVX-002100,2026-02-02 16:59:54,WhatsApp,Auto,Premium,Sudeste,iOS,Confirmacao_Protocolo,Resolvido_Bot,"12,8",5,"8892,73"
CVX-004734,2026-02-02 17:07:40,WhatsApp,Residencial,Varejo,Sul,Android,Confirmacao_Protocolo,Resolvido_Bot,"10,1",4,"10519,86"
CVX-004953,2026-02-02 17:21:53,App,Auto,Premium,Sudeste,Android,Validacao_Apolice,Escalado_Humano,"30,9",3,
CVX-004956,2026-02-02 17:48:41,App,Vida,Varejo,Sul,Android,Validacao_Apolice,Escalado_Humano,57,3,
CVX-004438,2026-02-02 18:11:40,WhatsApp,Auto,Premium,Sul,Android,Analise_Automatica,Abandonado,,,"11762,54"
CVX-004478,2026-02-02 18:14:26,WhatsApp,Auto,Varejo,Sudeste,Android,Coleta_Dados_Sinistro,Abandonado,,,"8309,59"
CVX-005937,2026-02-02 18:16:58,WhatsApp,Auto,Corporativo,Sudeste,Android,Confirmacao_Protocolo,Resolvido_Bot,"8,1",,"7208,82"
CVX-000255,2026-02-02 18:25:07,WhatsApp,Auto,Varejo,Sudeste,iOS,Upload_Fotos_Documentos,Abandonado,,,"5107,33"
CVX-002417,2026-02-02 18:57:46,WhatsApp,Auto,Varejo,Sul,Android,Validacao_Apolice,Escalado_Humano,41,,
CVX-005041,2026-02-02 19:04:07,WhatsApp,Auto,Premium,Sudeste,iOS,Confirmacao_Protocolo,Resolvido_Bot,"11,2",,"2798,64"
CVX-003020,2026-02-02 19:10:55,WhatsApp,Residencial,Premium,Sudeste,Android,Confirmacao_Protocolo,resolvido_bot,"7,5",5,"28569,04"
CVX-005011,2026-02-02 19:11:43,WhatsApp,Auto,Varejo,Sudeste,Android,Validacao_Apolice,Escalado_Humano,"47,1",4,
CVX-001605,2026-02-02 19:27:09,WhatsApp,Auto,Varejo,Sudeste,Android,Validacao_Apolice,Escalado_Humano,54,5,
CVX-002120,2026-02-02 19:27:55,App,Residencial,Varejo,Sudeste,Android,Validacao_Apolice,Escalado_Humano,52,2,
CVX-001091,2026-02-02 19:44:43,WhatsApp,Auto,Premium,Sudeste,iOS,Coleta_Dados_Sinistro,Escalado_Humano,"45,6",3,"9469,66"
CVX-002687,2026-02-02 19:59:57,WhatsApp,Auto,Premium,Sudeste,Android,Confirmacao_Protocolo,Resolvido_Bot,"11,1",5,"6403,27"
CVX-004965,2026-02-02 20:18:47,WhatsApp,Auto,Varejo,Sudeste,iOS,Confirmacao_Protocolo,Resolvido_Bot,"7,6",,"7681,53"
CVX-000654,2026-02-02 20:35:04,WhatsApp,Auto,Varejo,Sudeste,iOS,Coleta_Dados_Sinistro,Escalado_Humano,25,4,"7712,69"
CVX-000427,2026-02-02 20:43:42,WhatsApp,Auto,Varejo,Sul,iOS,Confirmacao_Protocolo,Resolvido_Bot,"6,3",4,"4776,91"
CVX-005966,2026-02-02 20:49:07,WhatsApp,Residencial,Varejo,Sudeste,Android,Confirmacao_Protocolo,Resolvido_Bot,"4,3",,"11127,75"
CVX-005785,2026-02-03 8:04:48,WhatsApp,Auto,Varejo,Sul,Android,Confirmacao_Protocolo,Resolvido_Bot,"9,8",2,"9041,29"
CVX-005932,2026-02-03 8:07:51,WhatsApp,Auto,Varejo,Sudeste,iOS,Confirmacao_Protocolo,Resolvido_Bot,"6,8",5,"9804,74"
CVX-006760,2026-02-03 8:11:40,WhatsApp,Auto,Varejo,Sudeste,Android,Confirmacao_Protocolo,Resolvido_Bot,"12,2",,"8582,73"
CVX-000953,2026-02-03 8:31:15,WhatsApp,Residencial,Varejo,Sudeste,iOS,Confirmacao_Protocolo,Resolvido_Bot,"6,5",,"30035,56"
CVX-000753,2026-02-03 8:48:56,WhatsApp,Auto,Premium,Sudeste,iOS,Confirmacao_Protocolo,Resolvido_Bot,"6,5",3,"13255,57"
CVX-004166,2026-02-03 9:31:35,WhatsApp,Auto,Varejo,Sul,Android,Analise_Automatica,Escalado_Humano,"46,2",,"8787,93"
CVX-001693,2026-02-03 9:33:00,WhatsApp,Auto,Varejo,Sudeste,Android,Confirmacao_Protocolo,resolvido_bot,"7,1",4,"10039,86"
CVX-006973,2026-02-03 9:44:11,WhatsApp,Auto,Varejo,Sul,iOS,Analise_Automatica,Abandonado,,,"5549,07"
CVX-003050,2026-02-03 9:46:13,WhatsApp,Vida,Varejo,Sul,Android,Validacao_Apolice,Abandonado,,,
CVX-006215,2026-02-03 10:14:28,WhatsApp,Auto,Varejo,Sudeste,iOS,Inicio_Saudacao,Abandonado,,,
CVX-006619,2026-02-03 10:20:51,App,Auto,Varejo,Sudeste,iOS,Coleta_Dados_Sinistro,Escalado_Humano,"42,7",4,"13016,18"
CVX-001050,2026-02-03 10:27:40,WhatsApp,Residencial,Varejo,Centro-Oeste,Android,Confirmacao_Protocolo,Resolvido_Bot,"11,1",4,"13078,08"
CVX-003434,2026-02-03 10:32:07,WhatsApp,Vida,Varejo,Sul,Android,Confirmacao_Protocolo,Resolvido_Bot,"13,6",4,"51226,22"
CVX-003608,2026-02-03 10:45:44,WhatsApp,Auto,Varejo,Sul,iOS,Upload_Fotos_Documentos,Abandonado,,,"9139,81"
CVX-000771,2026-02-03 11:00:28,WhatsApp,Auto,Corporativo,Centro-Oeste,Android,Confirmacao_Protocolo,Resolvido_Bot,"6,7",3,"7231,91"
CVX-005773,2026-02-03 11:08:08,WhatsApp,Residencial,Varejo,Sudeste,Android,Upload_Fotos_Documentos,Abandonado,,,"15408,62"
CVX-005828,2026-02-03 11:17:06,WhatsApp,Auto,Varejo,Sul,iOS,Analise_Automatica,abandonado,,,"9853,75"
CVX-002406,2026-02-03 11:22:08,App,Vida,Premium,Sul,iOS,Validacao_Apolice,Escalado_Humano,"34,7",3,
CVX-005333,2026-02-03 11:28:10,App,Auto,Varejo,Centro-Oeste,Android,Validacao_Apolice,Escalado_Humano,"31,9",3,
CVX-006597,2026-02-03 11:34:04,WhatsApp,Vida,Varejo,Sudeste,Android,Inicio_Saudacao,Abandonado,,,
CVX-004712,2026-02-03 12:02:15,WhatsApp,Residencial,Premium,Centro-Oeste,iOS,Upload_Fotos_Documentos,Abandonado,,,"9660,94"
CVX-000254,2026-02-03 12:07:21,WhatsApp,Auto,Premium,Sul,Android,Confirmacao_Protocolo,Resolvido_Bot,"8,3",5,"13839,37"
CVX-004958,2026-02-03 12:10:46,WhatsApp,Auto,Corporativo,Nordeste,iOS,Upload_Fotos_Documentos,Escalado_Humano,"35,8",4,"8094,82"
CVX-000946,2026-02-03 12:35:42,WhatsApp,Auto,Premium,Sudeste,Android,Validacao_Apolice,Escalado_Humano,"24,4",5,
CVX-004964,2026-02-03 12:39:03,WhatsApp,Vida,Varejo,Sul,iOS,Confirmacao_Protocolo,Resolvido_Bot,"12,7",4,"56657,2"
CVX-000727,2026-02-03 12:40:35,WhatsApp,Auto,Varejo,Nordeste,Android,Confirmacao_Protocolo,Resolvido_Bot,"12,8",4,"7837,08"
CVX-006260,2026-02-03 12:58:51,WhatsApp,Residencial,Premium,Nordeste,Android,Confirmacao_Protocolo,Resolvido_Bot,"6,6",,"17133,75"
CVX-003702,2026-02-03 13:04:56,App,Auto,Varejo,Nordeste,Android,Inicio_Saudacao,Abandonado,,,
CVX-001939,2026-02-03 13:08:11,WhatsApp,Auto,Corporativo,Sul,Android,Confirmacao_Protocolo,resolvido_bot,"9,3",5,"5791,76"
CVX-001785,2026-02-03 13:30:18,WhatsApp,Auto,Varejo,Nordeste,Android,Validacao_Apolice,Escalado_Humano,"64,9",2,
CVX-003063,2026-02-03 13:31:43,WhatsApp,Auto,Varejo,Nordeste,iOS,Validacao_Apolice,Escalado_Humano,"25,5",5,
CVX-004520,2026-02-03 13:35:18,WhatsApp,Auto,Varejo,Sudeste,Android,Confirmacao_Protocolo,Resolvido_Bot,"4,8",5,"11695,45"
CVX-006127,2026-02-03 13:54:12,WhatsApp,Auto,Varejo,Sul,Android,Upload_Fotos_Documentos,Abandonado,,,"9283,63"
CVX-004361,2026-02-03 13:54:14,WhatsApp,Residencial,Varejo,Sudeste,Android,Validacao_Apolice,Escalado_Humano,"48,8",3,
CVX-003334,2026-02-03 13:56:21,WhatsApp,Auto,Premium,Sudeste,Android,Upload_Fotos_Documentos,Escalado_Humano,"43,4",,"11463,43"
CVX-001081,2026-02-03 14:00:02,WhatsApp,Auto,Premium,Nordeste,Android,Analise_Automatica,Abandonado,,,"11520,13"
CVX-000952,2026-02-03 14:46:40,App,Vida,Varejo,Nordeste,Android,Coleta_Dados_Sinistro,Escalado_Humano,"45,6",3,"51455,15"
CVX-002917,2026-02-03 15:03:29,App,Residencial,Varejo,Sudeste,Android,Upload_Fotos_Documentos,Escalado_Humano,"38,3",3,"18912,95"
CVX-004872,2026-02-03 15:13:20,WhatsApp,Auto,Varejo,Nordeste,Android,Analise_Automatica,Abandonado,,,"8634,38"
CVX-004692,2026-02-03 15:30:05,WhatsApp,Auto,Varejo,Sul,Android,Confirmacao_Protocolo,Resolvido_Bot,"7,8",5,"9314,81"
CVX-002806,2026-02-03 15:38:50,WhatsApp,Residencial,Premium,Nordeste,Android,Confirmacao_Protocolo,Resolvido_Bot,"9,9",,"5082,94"
CVX-003728,2026-02-03 15:44:50,WhatsApp,Auto,Varejo,Sudeste,Android,Confirmacao_Protocolo,Resolvido_Bot,"12,1",5,"8431,1"
CVX-002664,2026-02-03 16:19:04,WhatsApp,Residencial,Premium,Sul,iOS,Confirmacao_Protocolo,RESOLVIDO_BOT,"14,1",4,"14318,51"
CVX-006088,2026-02-03 16:33:47,App,Residencial,Varejo,Centro-Oeste,Android,Upload_Fotos_Documentos,Abandonado,,,"16204,99"
CVX-005566,2026-02-03 16:35:26,App,Residencial,Varejo,Norte,Android,Confirmacao_Protocolo,Resolvido_Bot,"15,4",5,"22971,25"
CVX-001639,2026-02-03 16:51:04,WhatsApp,Auto,Varejo,Sul,Android,Validacao_Apolice,Escalado_Humano,"29,9",4,
CVX-006542,2026-02-03 17:03:17,WhatsApp,Auto,Premium,Sudeste,Android,Confirmacao_Protocolo,Resolvido_Bot,"5,4",,"12615,76"
CVX-006479,2026-02-03 17:13:30,App,Auto,Varejo,Sudeste,iOS,Analise_Automatica,Abandonado,,,"5542,92"
CVX-000562,2026-02-03 17:20:33,WhatsApp,Auto,Corporativo,Sudeste,Android,Inicio_Saudacao,Abandonado,,,
CVX-002024,2026-02-03 17:21:22,WhatsApp,Auto,Premium,Nordeste,Android,Upload_Fotos_Documentos,Abandonado,,,"13641,84"
CVX-000893,2026-02-03 17:50:24,WhatsApp,Auto,Varejo,Nordeste,Android,Validacao_Apolice,Abandonado,,,
CVX-002939,2026-02-03 17:50:30,WhatsApp,Auto,Varejo,Sudeste,Android,Upload_Fotos_Documentos,Abandonado,,,"11612,26"
CVX-002712,2026-02-03 18:20:58,WhatsApp,Residencial,Varejo,Sudeste,Android,Confirmacao_Protocolo,Resolvido_Bot,"7,7",4,"22200,85"
CVX-002959,2026-02-03 18:29:39,WhatsApp,Residencial,Premium,Sudeste,Android,Confirmacao_Protocolo,Resolvido_Bot,"6,8",5,"19935,87"
CVX-002844,2026-02-03 18:57:24,WhatsApp,Auto,Corporativo,Nordeste,iOS,Validacao_Apolice,Escalado_Humano,"41,4",3,
CVX-005045,2026-02-03 19:07:24,WhatsApp,Auto,Corporativo,Sudeste,Android,Confirmacao_Protocolo,Resolvido_Bot,13,3,"8312,78"
CVX-003003,2026-02-03 19:07:31,WhatsApp,Auto,Varejo,Sudeste,Android,Confirmacao_Protocolo,Resolvido_Bot,"7,3",5,"8369,04"
CVX-001741,2026-02-03 19:09:18,WhatsApp,Residencial,Varejo,Nordeste,iOS,Validacao_Apolice,Abandonado,,,
CVX-003764,2026-02-03 20:11:07,WhatsApp,Auto,Premium,Sudeste,iOS,Upload_Fotos_Documentos,Abandonado,,,"13740,38"
CVX-005212,2026-02-03 20:16:09,WhatsApp,Vida,Corporativo,Sudeste,Android,Validacao_Apolice,Escalado_Humano,"41,5",3,
CVX-001984,2026-02-03 20:16:25,WhatsApp,Vida,Varejo,Centro-Oeste,iOS,Coleta_Dados_Sinistro,Escalado_Humano,"56,3",3,"24148,96"
CVX-004562,2026-02-03 20:20:48,App,Auto,Varejo,Norte,iOS,Inicio_Saudacao,Abandonado,,,
CVX-006136,2026-02-03 20:28:52,WhatsApp,Residencial,Varejo,Sudeste,Android,Confirmacao_Protocolo,Resolvido_Bot,"6,1",4,"22292,67"
CVX-003649,2026-02-03 20:53:57,WhatsApp,Residencial,Varejo,Sudeste,iOS,Confirmacao_Protocolo,Resolvido_Bot,"3,7",,"12334,45"
CVX-000926,2026-02-04 8:29:57,WhatsApp,Auto,Varejo,Sudeste,Android,Confirmacao_Protocolo,Resolvido_Bot,12,,"7390,15"
CVX-003747,2026-02-04 8:30:27,WhatsApp,Vida,Premium,Sudeste,Android,Confirmacao_Protocolo,Resolvido_Bot,"7,1",4,"48938,18"
CVX-000971,2026-02-04 8:45:12,WhatsApp,Auto,Premium,Nordeste,Android,Confirmacao_Protocolo,Resolvido_Bot,"11,5",3,"8907,05"
CVX-006330,2026-02-04 9:24:02,WhatsApp,Auto,Corporativo,Sudeste,Android,Validacao_Apolice,Escalado_Humano,"47,2",4,
CVX-002713,2026-02-04 9:27:51,WhatsApp,Auto,Varejo,Sul,iOS,Confirmacao_Protocolo,Resolvido_Bot,"7,3",,"12567,52"
CVX-005500,2026-02-04 9:43:55,WhatsApp,Residencial,Varejo,Sudeste,Android,Upload_Fotos_Documentos,Abandonado,,,"5127,32"
CVX-003112,2026-02-04 9:53:33,WhatsApp,Vida,Varejo,Sul,Android,Upload_Fotos_Documentos,ABANDONADO ,,,"53687,36"
CVX-002544,2026-02-04 10:02:25,WhatsApp,Auto,Varejo,Sul,Android,Confirmacao_Protocolo,Resolvido_Bot,"9,1",5,300
CVX-000173,2026-02-04 10:11:23,WhatsApp,Auto,Premium,Sudeste,iOS,Validacao_Apolice,Abandonado,,,
CVX-004555,2026-02-04 10:19:46,WhatsApp,Vida,Premium,Sul,Android,Coleta_Dados_Sinistro,Escalado_Humano,"43,2",3,"22954,52"
CVX-004934,2026-02-04 10:37:01,WhatsApp,Residencial,Varejo,Sul,iOS,Validacao_Apolice,Escalado_Humano,"50,9",3,
CVX-001859,2026-02-04 10:48:47,App,Residencial,Premium,Sul,iOS,Confirmacao_Protocolo,Resolvido_Bot,"10,1",4,"17553,55"
CVX-002179,2026-02-04 11:02:46,WhatsApp,Residencial,Varejo,Nordeste,Android,Confirmacao_Protocolo,Resolvido_Bot,"11,9",,"19007,29"
CVX-003578,2026-02-04 12:16:10,WhatsApp,Auto,Varejo,Sudeste,Android,Confirmacao_Protocolo,Resolvido_Bot,"7,6",4,"6693,57"
CVX-003408,2026-02-04 12:28:03,WhatsApp,Vida,Varejo,Nordeste,iOS,Validacao_Apolice,Escalado_Humano,"34,9",4,
CVX-005934,2026-02-04 12:51:17,App,Auto,Varejo,Sudeste,Android,Validacao_Apolice,Escalado_Humano,"40,5",5,
CVX-002374,2026-02-04 12:51:38,WhatsApp,Auto,Varejo,Sudeste,iOS,Confirmacao_Protocolo,Resolvido_Bot,"8,5",4,"6147,54"
CVX-002874,2026-02-04 13:27:57,WhatsApp,Auto,Premium,Norte,iOS,Confirmacao_Protocolo,Resolvido_Bot,"10,9",5,"5293,02"
CVX-006591,2026-02-04 13:35:09,WhatsApp,Auto,Varejo,Sudeste,Android,Confirmacao_Protocolo,Resolvido_bot ,"10,5",4,"1481,65"
CVX-004230,2026-02-04 13:38:15,WhatsApp,Auto,Varejo,Nordeste,Android,Confirmacao_Protocolo,Resolvido_Bot,"9,8",4,"11648,51"
CVX-003737,2026-02-04 14:06:36,App,Auto,Premium,Sudeste,iOS,Upload_Fotos_Documentos,Abandonado,,,"12783,8"
CVX-005377,2026-02-04 14:27:10,App,Auto,Varejo,Sul,iOS,Confirmacao_Protocolo,Resolvido_Bot,"6,7",3,"7697,23"
CVX-005860,2026-02-04 14:36:39,App,Auto,Premium,Sul,Android,Confirmacao_Protocolo,Resolvido_Bot,"8,3",5,"9954,19"
CVX-002689,2026-02-04 15:10:27,WhatsApp,Residencial,Varejo,Nordeste,iOS,Upload_Fotos_Documentos,Abandonado,,,"15833,44"
CVX-004151,2026-02-04 15:21:53,WhatsApp,Residencial,Premium,Nordeste,Android,Confirmacao_Protocolo,Resolvido_Bot,"5,2",5,"12012,48"
CVX-002244,2026-02-04 15:31:25,WhatsApp,Auto,Varejo,Norte,Android,Inicio_Saudacao,Abandonado,,,
CVX-003303,2026-02-04 15:50:20,WhatsApp,Vida,Varejo,Nordeste,Android,Confirmacao_Protocolo,Resolvido_Bot,"7,6",4,"43522,85"
CVX-006612,2026-02-04 15:51:54,WhatsApp,Auto,Varejo,Sul,Android,Confirmacao_Protocolo,resolvido_bot,"8,9",5,"7907,17"
CVX-003033,2026-02-04 16:04:25,WhatsApp,Auto,Premium,Sudeste,Android,Confirmacao_Protocolo,Resolvido_Bot,8,3,"3261,34"
CVX-004548,2026-02-04 16:04:39,WhatsApp,Auto,Premium,Centro-Oeste,iOS,Validacao_Apolice,Escalado_Humano,"43,8",5,
CVX-000348,2026-02-04 16:26:35,WhatsApp,Auto,Varejo,Nordeste,Android,Confirmacao_Protocolo,Resolvido_Bot,"13,6",4,"7998,14"
CVX-000830,2026-02-04 16:33:23,App,Auto,Premium,Sudeste,iOS,Confirmacao_Protocolo,Resolvido_Bot,"13,1",4,"10007,96"
CVX-004146,2026-02-04 16:37:53,App,Auto,Varejo,Sul,Android,Confirmacao_Protocolo,Resolvido_Bot,"9,9",,"7128,57"
CVX-005854,2026-02-04 16:38:19,App,Auto,Varejo,Nordeste,Android,Confirmacao_Protocolo,Resolvido_bot ,"7,5",5,"6117,6"
CVX-006665,2026-02-04 17:03:36,WhatsApp,Residencial,Varejo,Nordeste,Android,Confirmacao_Protocolo,Resolvido_Bot,"8,2",,"21905,19"
CVX-006467,2026-02-04 17:15:49,WhatsApp,Auto,Varejo,Centro-Oeste,Android,Confirmacao_Protocolo,Resolvido_Bot,"3,5",4,"10180,86"
CVX-000284,2026-02-04 17:16:02,WhatsApp,Vida,Varejo,Sul,Android,Upload_Fotos_Documentos,Escalado_Humano,"34,4",3,"35681,75"
CVX-000909,2026-02-04 17:32:02,WhatsApp,Auto,Premium,Sudeste,Android,Coleta_Dados_Sinistro,Abandonado,,,"3918,37"
CVX-001611,2026-02-04 17:43:34,WhatsApp,Auto,Varejo,Norte,iOS,Confirmacao_Protocolo,Resolvido_Bot,"8,1",4,"9982,72"
CVX-006487,2026-02-04 17:54:57,WhatsApp,Residencial,Varejo,Nordeste,Android,Confirmacao_Protocolo,Resolvido_Bot,"9,7",5,"9736,45"
CVX-001063,2026-02-04 17:57:09,WhatsApp,Auto,Varejo,Centro-Oeste,Android,Upload_Fotos_Documentos,Abandonado,,,"7125,93"
CVX-003890,2026-02-04 18:13:01,WhatsApp,Auto,Varejo,Sul,iOS,Validacao_Apolice,Escalado_Humano,46,3,
CVX-005312,2026-02-04 18:39:25,WhatsApp,Residencial,Varejo,Sudeste,Android,Confirmacao_Protocolo,Resolvido_Bot,"9,9",,"11309,56"
CVX-004017,2026-02-04 19:13:24,WhatsApp,Residencial,Corporativo,Sudeste,Android,Upload_Fotos_Documentos,Escalado_Humano,20,5,"12700,61"
CVX-005522,2026-02-04 19:28:22,WhatsApp,Auto,Varejo,Sudeste,Android,Confirmacao_Protocolo,RESOLVIDO_BOT,"12,7",,"8248,63"
CVX-005496,2026-02-04 19:37:30,WhatsApp,Auto,Premium,Sudeste,iOS,Confirmacao_Protocolo,Resolvido_Bot,"7,7",,"8634,22"
CVX-000781,2026-02-04 19:50:46,WhatsApp,Auto,Varejo,Sul,Android,Confirmacao_Protocolo,Resolvido_Bot,"6,8",,"9310,86"
CVX-001653,2026-02-04 19:58:46,WhatsApp,Auto,Varejo,Sudeste,Android,Coleta_Dados_Sinistro,Abandonado,,,"10470,28"
CVX-002226,2026-02-04 20:18:18,WhatsApp,Residencial,Varejo,Sudeste,iOS,Confirmacao_Protocolo,Resolvido_Bot,"12,2",,"13139,36"
CVX-001734,2026-02-05 8:13:29,WhatsApp,Vida,Corporativo,Sudeste,Android,Upload_Fotos_Documentos,Abandonado,,,"30542,76"
CVX-001173,2026-02-05 8:20:06,WhatsApp,Auto,Varejo,Sudeste,Android,Validacao_Apolice,Escalado_Humano,"28,4",,
CVX-005299,2026-02-05 8:43:36,WhatsApp,Auto,Varejo,Sudeste,iOS,Confirmacao_Protocolo,Resolvido_Bot,"9,3",3,"5698,19"
CVX-005201,2026-02-05 10:20:48,App,Auto,Premium,Centro-Oeste,Android,Upload_Fotos_Documentos,Abandonado,,,"9634,44"
CVX-002325,2026-02-05 10:33:22,WhatsApp,Auto,Varejo,Sul,Android,Validacao_Apolice,Abandonado,,,
CVX-005915,2026-02-05 10:44:52,WhatsApp,Residencial,Premium,Norte,Android,Validacao_Apolice,Abandonado,,,
CVX-001304,2026-02-05 10:53:30,WhatsApp,Auto,Premium,Sul,Android,Upload_Fotos_Documentos,Abandonado,,,300
CVX-002367,2026-02-05 10:54:30,WhatsApp,Vida,Premium,Sudeste,Android,Confirmacao_Protocolo,Resolvido_Bot,11,3,"82628,42"
CVX-002199,2026-02-05 10:55:33,WhatsApp,Auto,Varejo,Sudeste,iOS,Analise_Automatica,Abandonado,,,"3887,1"
CVX-000902,2026-02-05 11:07:08,WhatsApp,Auto,Corporativo,Sul,iOS,Validacao_Apolice,Escalado_Humano,"32,6",3,
CVX-005887,2026-02-05 11:58:23,WhatsApp,Residencial,Corporativo,Centro-Oeste,Android,Coleta_Dados_Sinistro,Escalado_Humano,"17,2",4,"16745,15"
CVX-003936,2026-02-05 12:09:06,WhatsApp,Residencial,Varejo,Sul,Android,Validacao_Apolice,Escalado_Humano,"27,4",,
CVX-001987,2026-02-05 12:20:01,WhatsApp,Residencial,Premium,Sudeste,Android,Upload_Fotos_Documentos,Escalado_Humano,"39,7",3,"8686,77"
CVX-000941,2026-02-05 12:24:41,WhatsApp,Vida,Varejo,Centro-Oeste,iOS,Upload_Fotos_Documentos,Escalado_Humano,"16,3",4,"50259,92"
CVX-006134,2026-02-05 13:09:10,WhatsApp,Auto,Varejo,Centro-Oeste,Android,Validacao_Apolice,Escalado_Humano,"60,4",4,
CVX-001209,2026-02-05 13:38:11,WhatsApp,Vida,Varejo,Centro-Oeste,Android,Confirmacao_Protocolo,Resolvido_Bot,"5,7",5,"82047,71"
CVX-002189,2026-02-05 13:43:19,WhatsApp,Auto,Varejo,Nordeste,Android,Confirmacao_Protocolo,Resolvido_bot ,"16,5",4,"13496,85"
CVX-002069,2026-02-05 13:55:55,App,Vida,Varejo,Sudeste,Android,Confirmacao_Protocolo,Resolvido_bot ,"3,2",5,"70516,55"
CVX-002397,2026-02-05 13:56:30,WhatsApp,Residencial,Premium,Sudeste,Android,Confirmacao_Protocolo,Resolvido_Bot,"7,6",,"19127,76"
CVX-001783,2026-02-05 13:57:44,App,Residencial,Premium,Sul,Android,Confirmacao_Protocolo,Resolvido_Bot,11,5,"6789,01"
CVX-003441,2026-02-05 13:59:22,WhatsApp,Residencial,Premium,Sul,iOS,Validacao_Apolice,Escalado_Humano,"19,1",5,
CVX-001608,2026-02-05 14:17:03,WhatsApp,Auto,Varejo,Sudeste,iOS,Validacao_Apolice,Abandonado,,,
CVX-006636,2026-02-05 14:36:57,App,Auto,Varejo,Sudeste,Android,Upload_Fotos_Documentos,Abandonado,,,"7669,17"
CVX-004728,2026-02-05 14:39:57,WhatsApp,Residencial,Varejo,Nordeste,Android,Confirmacao_Protocolo,Resolvido_Bot,"10,8",,"9248,66"
CVX-003182,2026-02-05 14:49:09,WhatsApp,Residencial,Varejo,Sudeste,iOS,Confirmacao_Protocolo,Resolvido_Bot,"6,1",3,"12979,06"
CVX-001094,2026-02-05 14:54:55,WhatsApp,Auto,Varejo,Nordeste,iOS,Validacao_Apolice,Escalado_Humano,57,3,
CVX-006927,2026-02-05 15:05:54,WhatsApp,Auto,Corporativo,Centro-Oeste,Android,Confirmacao_Protocolo,Resolvido_Bot,"9,2",5,"6100,98"
CVX-006491,2026-02-05 15:18:51,WhatsApp,Residencial,Varejo,Centro-Oeste,iOS,Coleta_Dados_Sinistro,Abandonado,,,300
CVX-002965,2026-02-05 15:28:08,WhatsApp,Auto,Corporativo,Nordeste,iOS,Coleta_Dados_Sinistro,Escalado_Humano,"45,4",3,"7741,47"
CVX-002779,2026-02-05 15:36:46,WhatsApp,Auto,Varejo,Sudeste,Android,Analise_Automatica,Escalado_Humano,"31,5",3,"5174,89"
CVX-005637,2026-02-05 15:44:58,App,Residencial,Varejo,Sul,Android,Upload_Fotos_Documentos,Abandonado,,,"22150,64"
CVX-003757,2026-02-05 15:50:30,WhatsApp,Auto,Premium,Sul,Android,Confirmacao_Protocolo,Resolvido_Bot,"13,5",5,"3911,22"
CVX-006888,2026-02-05 16:02:39,WhatsApp,Residencial,Premium,Sudeste,Android,Confirmacao_Protocolo,Resolvido_Bot,"10,4",5,"20960,68"
CVX-006188,2026-02-05 16:14:30,WhatsApp,Auto,Premium,Sul,Android,Upload_Fotos_Documentos,abandonado,,,"6023,44"
CVX-006113,2026-02-05 16:34:10,WhatsApp,Vida,Corporativo,Sudeste,Android,Validacao_Apolice,Escalado_Humano,"50,5",5,
CVX-000751,2026-02-05 16:34:22,WhatsApp,Auto,Corporativo,Sudeste,Android,Confirmacao_Protocolo,Resolvido_Bot,"7,4",5,"4583,41"
CVX-000190,2026-02-05 16:47:23,App,Auto,Premium,Nordeste,Android,Confirmacao_Protocolo,Resolvido_Bot,"10,3",5,"11090,14"
CVX-001860,2026-02-05 17:00:25,App,Residencial,Premium,Sudeste,Android,Coleta_Dados_Sinistro,Abandonado,,,"9036,5"
CVX-005244,2026-02-05 17:31:21,WhatsApp,Residencial,Corporativo,Sul,Android,Analise_Automatica,abandono,,,"17169,93"
CVX-003099,2026-02-05 17:36:17,WhatsApp,Residencial,Varejo,Sudeste,Android,Upload_Fotos_Documentos,Abandonado,,,"15308,5"
CVX-004313,2026-02-05 17:40:43,App,Residencial,Varejo,Sul,Android,Inicio_Saudacao,Abandonado,,,
CVX-004011,2026-02-05 18:18:25,App,Vida,Varejo,Sul,Android,Confirmacao_Protocolo,Resolvido_Bot,"10,7",5,"75243,47"
CVX-002172,2026-02-05 18:38:33,App,Auto,Varejo,Centro-Oeste,Android,Upload_Fotos_Documentos,Escalado_Humano,"27,6",3,"4511,59"
CVX-002086,2026-02-05 18:55:24,WhatsApp,Residencial,Premium,Sudeste,iOS,Coleta_Dados_Sinistro,Abandonado,,,300
CVX-006545,2026-02-05 18:57:42,WhatsApp,Vida,Corporativo,Sudeste,Android,Confirmacao_Protocolo,Resolvido_Bot,"2,1",5,"75336,31"
CVX-006586,2026-02-05 18:59:52,WhatsApp,Residencial,Varejo,Nordeste,Android,Confirmacao_Protocolo,Resolvido_Bot,"10,9",5,"24161,13"
CVX-006992,2026-02-05 19:17:40,WhatsApp,Auto,Premium,Nordeste,iOS,Upload_Fotos_Documentos,Escalado_Humano,"38,4",4,"9847,24"
CVX-004246,2026-02-05 19:20:17,WhatsApp,Vida,Varejo,Sudeste,Android,Analise_Automatica,Escalado_Humano,31,,"40921,11"
CVX-002247,2026-02-05 19:30:27,WhatsApp,Residencial,Varejo,Centro-Oeste,Android,Validacao_Apolice,Escalado_Humano,"34,8",,
CVX-002117,2026-02-05 19:34:58,WhatsApp,Vida,Premium,Sudeste,iOS,Coleta_Dados_Sinistro,Escalado_Humano,"22,4",4,"60941,47"
CVX-004046,2026-02-05 19:48:43,WhatsApp,Auto,Premium,Sudeste,Android,Validacao_Apolice,Escalado_Humano,27,4,
CVX-002558,2026-02-05 20:02:02,WhatsApp,Vida,Varejo,Sul,Android,Confirmacao_Protocolo,Resolvido_Bot,"11,3",4,"49325,97"
CVX-004415,2026-02-05 20:04:45,WhatsApp,Auto,Varejo,Sudeste,Android,Validacao_Apolice,Escalado_Humano,"34,4",,
CVX-005253,2026-02-05 20:13:07,WhatsApp,Auto,Varejo,Sul,Android,Confirmacao_Protocolo,Resolvido_Bot,"7,4",,"4160,51"
CVX-005667,2026-02-05 20:24:29,WhatsApp,Auto,Varejo,Sul,Android,Confirmacao_Protocolo,Resolvido_Bot,"12,3",4,"6682,47"
CVX-003868,2026-02-05 20:30:00,App,Auto,Premium,Nordeste,Android,Analise_Automatica,Abandonado,,,"10860,25"
CVX-005946,2026-02-05 20:47:50,WhatsApp,Auto,Corporativo,Nordeste,iOS,Confirmacao_Protocolo,Resolvido_Bot,9,4,"3756,6"
CVX-006833,2026-02-05 20:56:25,WhatsApp,Vida,Premium,Nordeste,Android,Validacao_Apolice,Escalado_Humano,"55,5",3,
CVX-006282,2026-02-06 8:06:08,WhatsApp,Auto,Varejo,Sudeste,iOS,Validacao_Apolice,Abandonado,,,
CVX-001877,2026-02-06 8:33:55,WhatsApp,Auto,Varejo,Sul,iOS,Confirmacao_Protocolo,Resolvido_Bot,2,5,"11670,71"
CVX-002166,2026-02-06 8:59:59,WhatsApp,Auto,Varejo,Nordeste,Android,Confirmacao_Protocolo,Resolvido_Bot,"13,1",,"5380,91"
CVX-001246,2026-02-06 9:23:03,App,Vida,Premium,Sudeste,Android,Validacao_Apolice,Escalado_Humano,"57,2",3,
CVX-006620,2026-02-06 9:43:02,WhatsApp,Residencial,Varejo,Nordeste,Android,Confirmacao_Protocolo,Resolvido_Bot,"11,7",,"16065,54"
CVX-001215,2026-02-06 9:49:02,WhatsApp,Residencial,Premium,Nordeste,Android,Analise_Automatica,Escalado_Humano,"43,7",3,"16379,08"
CVX-004723,2026-02-06 10:00:20,WhatsApp,Auto,Varejo,Sudeste,Android,Upload_Fotos_Documentos,ABANDONADO ,,,"3805,04"
CVX-000445,2026-02-06 10:03:22,App,Residencial,Varejo,Sudeste,Android,Upload_Fotos_Documentos,Abandonado,,,"15533,21"
CVX-004630,2026-02-06 10:13:56,WhatsApp,Residencial,Varejo,Sudeste,Android,Upload_Fotos_Documentos,Escalado_Humano,"62,8",1,"10927,77"
CVX-006603,2026-02-06 10:40:07,App,Auto,Varejo,Sudeste,Android,Confirmacao_Protocolo,Resolvido_Bot,"8,4",5,"10092,72"
CVX-002162,2026-02-06 10:44:11,WhatsApp,Vida,Varejo,Sudeste,Android,Confirmacao_Protocolo,Resolvido_Bot,"5,4",,"50427,7"
CVX-006940,2026-02-06 11:19:03,App,Auto,Corporativo,Sudeste,Android,Coleta_Dados_Sinistro,Abandonado,,,"9362,81"
CVX-003080,2026-02-06 11:20:30,WhatsApp,Auto,Premium,Sul,Android,Confirmacao_Protocolo,RESOLVIDO_BOT,"10,2",5,"15345,78"
CVX-001119,2026-02-06 11:21:15,WhatsApp,Auto,Premium,Nordeste,Android,Confirmacao_Protocolo,Resolvido_Bot,"6,4",4,"13395,67"
CVX-003060,2026-02-06 11:26:28,WhatsApp,Auto,Varejo,Norte,iOS,Confirmacao_Protocolo,Resolvido_Bot,"11,1",4,"10761,23"
CVX-001600,2026-02-06 11:31:29,WhatsApp,Auto,Varejo,Sudeste,iOS,Validacao_Apolice,Escalado_Humano,"52,3",2,
CVX-003027,2026-02-06 11:50:03,WhatsApp,Residencial,Varejo,Centro-Oeste,iOS,Confirmacao_Protocolo,Resolvido_Bot,8,,"20686,05"
CVX-000146,2026-02-06 11:56:47,WhatsApp,Auto,Corporativo,Sudeste,Android,Validacao_Apolice,Escalado_Humano,"25,7",,
CVX-002735,2026-02-06 11:59:16,WhatsApp,Auto,Varejo,Sudeste,Android,Confirmacao_Protocolo,Resolvido_Bot,"9,3",4,"11791,99"
CVX-005411,2026-02-06 12:10:00,App,Auto,Varejo,Sul,Android,Confirmacao_Protocolo,Resolvido_Bot,"10,7",,"1242,64"
CVX-000103,2026-02-06 12:18:21,App,Auto,Varejo,Nordeste,Android,Confirmacao_Protocolo,Resolvido_Bot,"11,4",4,"9909,96"
CVX-002838,2026-02-06 12:20:27,App,Auto,Varejo,Sudeste,Android,Coleta_Dados_Sinistro,Escalado_Humano,"36,6",5,"9866,48"
CVX-000372,2026-02-06 13:14:10,WhatsApp,Vida,Premium,Sudeste,Android,Validacao_Apolice,Escalado_Humano,"30,6",4,
CVX-002615,2026-02-06 13:26:49,WhatsApp,Residencial,Premium,Centro-Oeste,Android,Upload_Fotos_Documentos,Abandonado,,,"17466,78"
CVX-000108,2026-02-06 13:34:54,App,Auto,Varejo,Sudeste,Android,Confirmacao_Protocolo,Resolvido_Bot,"17,9",5,"7072,95"
CVX-001329,2026-02-06 14:10:23,WhatsApp,Residencial,Corporativo,Sudeste,Android,Coleta_Dados_Sinistro,Escalado_Humano,"50,9",2,"16545,87"
CVX-005446,2026-02-06 14:15:58,WhatsApp,Auto,Premium,Sul,Android,Confirmacao_Protocolo,Resolvido_Bot,"8,3",,"9511,15"
CVX-004048,2026-02-06 14:18:41,WhatsApp,Residencial,Varejo,Nordeste,iOS,Validacao_Apolice,Escalado_Humano,"22,3",,
CVX-004766,2026-02-06 14:23:10,WhatsApp,Vida,Premium,Sudeste,iOS,Confirmacao_Protocolo,Resolvido_Bot,"6,3",4,"29204,5"
CVX-001584,2026-02-06 14:30:26,WhatsApp,Auto,Varejo,Sudeste,Android,Analise_Automatica,Abandonado,,,"6372,67"
CVX-004894,2026-02-06 15:03:17,WhatsApp,Auto,Varejo,Sudeste,Android,Confirmacao_Protocolo,Resolvido_Bot,"5,4",5,"5000,19"
CVX-006598,2026-02-06 15:34:48,WhatsApp,Auto,Premium,Nordeste,Android,Confirmacao_Protocolo,Resolvido_Bot,"11,5",4,"7958,28"
CVX-006049,2026-02-06 15:39:15,WhatsApp,Residencial,Premium,Sudeste,Android,Upload_Fotos_Documentos,Abandonado,,,"11156,23"
CVX-002062,2026-02-06 15:41:05,WhatsApp,Residencial,Varejo,Sudeste,Android,Coleta_Dados_Sinistro,Escalado_Humano,"61,9",2,"22132,82"
CVX-001651,2026-02-06 15:54:31,WhatsApp,Auto,Varejo,Sudeste,Android,Confirmacao_Protocolo,Resolvido_Bot,"14,5",3,"9748,11"
CVX-005843,2026-02-06 16:21:35,WhatsApp,Residencial,Varejo,Norte,Android,Inicio_Saudacao,Abandonado,,,
CVX-005935,2026-02-06 16:32:01,WhatsApp,Residencial,Varejo,Sudeste,Android,Coleta_Dados_Sinistro,Abandonado,,,"12414,48"
CVX-004863,2026-02-06 17:17:16,WhatsApp,Auto,Varejo,Centro-Oeste,Android,Validacao_Apolice,Escalado_humano,"40,9",4,
CVX-003827,2026-02-06 17:43:11,WhatsApp,Residencial,Corporativo,Sul,Android,Upload_Fotos_Documentos,Abandonado,,,"10747,73"
CVX-006464,2026-02-06 17:54:50,App,Residencial,Premium,Sudeste,iOS,Upload_Fotos_Documentos,Escalado_Humano,"43,2",,"16344,5"
CVX-006752,2026-02-06 18:05:08,App,Residencial,Varejo,Sudeste,Android,Coleta_Dados_Sinistro,Escalado_Humano,"25,9",4,"18320,99"
CVX-003390,2026-02-06 18:18:14,WhatsApp,Residencial,Varejo,Sul,Android,Upload_Fotos_Documentos,Escalado_Humano,"33,6",4,"21884,81"
CVX-003253,2026-02-06 19:06:20,App,Auto,Varejo,Sudeste,iOS,Confirmacao_Protocolo,Resolvido_Bot,"6,3",5,"11882,64"
CVX-004634,2026-02-06 19:31:47,WhatsApp,Auto,Premium,Sul,Android,Confirmacao_Protocolo,Resolvido_Bot,"7,4",,"7587,23"
CVX-000309,2026-02-06 19:49:28,WhatsApp,Auto,Varejo,Sul,Android,Confirmacao_Protocolo,Resolvido_Bot,"8,4",4,"8145,98"
CVX-003119,2026-02-06 19:49:46,WhatsApp,Vida,Varejo,Sudeste,Android,Validacao_Apolice,Abandonado,,,
CVX-004495,2026-02-06 20:20:52,WhatsApp,Vida,Varejo,Sudeste,iOS,Validacao_Apolice,Escalado_Humano,"37,3",4,
CVX-004116,2026-02-06 20:56:02,WhatsApp,Auto,Premium,Sudeste,iOS,Confirmacao_Protocolo,Resolvido_Bot,6,,"13005,75"
CVX-006622,2026-02-07 8:20:43,WhatsApp,Auto,Corporativo,Sudeste,iOS,Validacao_Apolice,Escalado_Humano,49,,
CVX-001516,2026-02-07 8:21:49,WhatsApp,Auto,Premium,Nordeste,Android,Confirmacao_Protocolo,Resolvido_Bot,"14,1",4,"13783,05"
CVX-004486,2026-02-07 8:22:35,WhatsApp,Auto,Varejo,Sudeste,Android,Upload_Fotos_Documentos,Abandonado,,,"10572,33"
CVX-005150,2026-02-07 8:40:42,WhatsApp,Auto,Premium,Sul,Android,Confirmacao_Protocolo,Resolvido_Bot,"8,6",4,"8011,39"
CVX-003641,2026-02-07 8:44:57,WhatsApp,Auto,Varejo,Sudeste,Android,Validacao_Apolice,Escalado_Humano,"35,8",4,
CVX-000596,2026-02-07 9:01:48,WhatsApp,Auto,Premium,Sudeste,Android,Confirmacao_Protocolo,Resolvido_Bot,"7,1",4,"7302,31"
CVX-005069,2026-02-07 9:03:39,WhatsApp,Vida,Premium,Sudeste,iOS,Coleta_Dados_Sinistro,Abandonado,,,"61082,33"
CVX-005056,2026-02-07 9:04:37,WhatsApp,Auto,Varejo,Sudeste,Android,Validacao_Apolice,Escalado_Humano,"35,4",4,
CVX-002121,2026-02-07 9:16:21,WhatsApp,Residencial,Varejo,Sudeste,Android,Confirmacao_Protocolo,Resolvido_Bot,"5,6",4,"8094,01"
CVX-004082,2026-02-07 9:26:31,WhatsApp,Residencial,Varejo,Centro-Oeste,Android,Confirmacao_Protocolo,Resolvido_Bot,8,5,"16692,54"
CVX-004195,2026-02-07 9:31:14,WhatsApp,Auto,Corporativo,Sudeste,Android,Validacao_Apolice,Abandonado,,,
CVX-003510,2026-02-07 9:47:05,WhatsApp,Residencial,Varejo,Sudeste,Android,Confirmacao_Protocolo,Resolvido_Bot,"8,1",4,"10890,36"
CVX-002123,2026-02-07 10:01:52,WhatsApp,Residencial,Premium,Nordeste,Android,Coleta_Dados_Sinistro,Abandonado,,,"11426,27"
CVX-003758,2026-02-07 10:14:09,WhatsApp,Vida,Varejo,Sudeste,Android,Upload_Fotos_Documentos,Abandonado,,,"58862,52"
CVX-003800,2026-02-07 10:16:31,WhatsApp,Auto,Varejo,Centro-Oeste,Android,Analise_Automatica,Abandonado,,,"4729,43"
CVX-006387,2026-02-07 10:20:26,WhatsApp,Residencial,Corporativo,Sudeste,Android,Confirmacao_Protocolo,Resolvido_Bot,"6,7",3,"24227,81"
CVX-006550,2026-02-07 10:26:33,WhatsApp,Auto,Premium,Sudeste,Android,Coleta_Dados_Sinistro,Escalado_Humano,"21,2",4,"11823,12"
CVX-001652,2026-02-07 10:41:20,App,Residencial,Varejo,Nordeste,iOS,Confirmacao_Protocolo,Resolvido_Bot,"7,1",,"16188,28"
CVX-002982,2026-02-07 10:41:28,WhatsApp,Auto,Premium,Sul,Android,Confirmacao_Protocolo,Resolvido_Bot,"3,1",4,"7560,17"
CVX-000820,2026-02-07 10:44:56,WhatsApp,Auto,Varejo,Sudeste,Android,Inicio_Saudacao,Abandonado,,,
CVX-004631,2026-02-07 10:49:55,WhatsApp,Vida,Varejo,Sudeste,iOS,Upload_Fotos_Documentos,Abandonado,,,"41707,45"
CVX-004563,2026-02-07 10:58:28,WhatsApp,Auto,Varejo,Norte,Android,Confirmacao_Protocolo,Resolvido_Bot,"7,4",4,"11228,42"
CVX-003221,2026-02-07 11:15:45,WhatsApp,Auto,Premium,Sudeste,Android,Confirmacao_Protocolo,Resolvido_Bot,"6,9",,300
CVX-001898,2026-02-07 11:43:49,WhatsApp,Auto,Premium,Nordeste,Android,Confirmacao_Protocolo,RESOLVIDO_BOT,"4,8",4,"8378,54"
CVX-004472,2026-02-07 11:57:59,WhatsApp,Auto,Corporativo,Nordeste,Android,Validacao_Apolice,Escalado_Humano,"36,5",4,
CVX-004822,2026-02-07 12:26:57,WhatsApp,Auto,Corporativo,Centro-Oeste,Android,Confirmacao_Protocolo,RESOLVIDO_BOT,"6,6",,"6716,2"
CVX-004923,2026-02-07 12:29:03,WhatsApp,Auto,Varejo,Sudeste,Android,Upload_Fotos_Documentos,Abandonado,,,"12467,79"
CVX-004793,2026-02-07 12:29:35,WhatsApp,Auto,Premium,Norte,Android,Confirmacao_Protocolo,Resolvido_Bot,"3,9",5,"12340,69"
CVX-001606,2026-02-07 12:36:14,WhatsApp,Auto,Premium,Nordeste,Android,Confirmacao_Protocolo,RESOLVIDO_BOT,2,4,"5251,69"
CVX-002017,2026-02-07 13:15:26,WhatsApp,Auto,Premium,Sul,Android,Confirmacao_Protocolo,Resolvido_Bot,"9,1",4,"6315,72"
CVX-002877,2026-02-07 13:18:50,WhatsApp,Vida,Varejo,Sul,Android,Confirmacao_Protocolo,Resolvido_Bot,"13,5",4,"30417,19"
CVX-004645,2026-02-07 13:38:51,WhatsApp,Vida,Premium,Sudeste,Android,Confirmacao_Protocolo,Resolvido_Bot,10,5,"40813,94"
CVX-002459,2026-02-07 13:39:54,App,Auto,Premium,Sul,Android,Validacao_Apolice,Abandonado,,,
CVX-003818,2026-02-07 13:45:27,WhatsApp,Auto,Varejo,Sudeste,Android,Upload_Fotos_Documentos,Abandonado,,,"11389,4"
CVX-004162,2026-02-07 14:04:02,WhatsApp,Vida,Premium,Centro-Oeste,Android,Confirmacao_Protocolo,Resolvido_Bot,"7,2",4,"60101,2"
CVX-003852,2026-02-07 14:06:26,WhatsApp,Residencial,Varejo,Sudeste,Android,Coleta_Dados_Sinistro,Escalado_Humano,"19,1",,"19644,24"
CVX-004843,2026-02-07 14:13:38,WhatsApp,Auto,Varejo,Sul,iOS,Confirmacao_Protocolo,Resolvido_Bot,"11,9",3,"6430,62"
CVX-003283,2026-02-07 14:41:35,WhatsApp,Vida,Varejo,Nordeste,Android,Confirmacao_Protocolo,Resolvido_Bot,"7,6",5,"46545,32"
CVX-006355,2026-02-07 14:46:14,WhatsApp,Auto,Varejo,Sudeste,Android,Validacao_Apolice,Escalado_Humano,"32,9",,
CVX-000475,2026-02-07 14:52:30,WhatsApp,Vida,Varejo,Sudeste,iOS,Confirmacao_Protocolo,Resolvido_Bot,"10,4",4,"38861,26"
CVX-006696,2026-02-07 15:20:25,App,Residencial,Premium,Sul,iOS,Coleta_Dados_Sinistro,Escalado_Humano,"24,6",,"8386,24"
CVX-003964,2026-02-07 15:24:15,WhatsApp,Vida,Premium,Nordeste,iOS,Confirmacao_Protocolo,Resolvido_Bot,16,,"56597,43"
CVX-001053,2026-02-07 15:26:01,WhatsApp,Auto,Varejo,Sudeste,Android,Inicio_Saudacao,Abandonado,,,
CVX-003679,2026-02-07 15:26:42,WhatsApp,Auto,Varejo,Sudeste,iOS,Upload_Fotos_Documentos,Abandonado,,,"10694,89"
CVX-000661,2026-02-07 15:36:58,WhatsApp,Residencial,Corporativo,Centro-Oeste,iOS,Validacao_Apolice,Escalado_Humano,"36,2",5,
CVX-000897,2026-02-07 15:44:59,WhatsApp,Auto,Varejo,Nordeste,Android,Confirmacao_Protocolo,Resolvido_Bot,"6,9",,"3757,87"
CVX-003015,2026-02-07 15:48:49,WhatsApp,Vida,Varejo,Sudeste,Android,Confirmacao_Protocolo,Resolvido_Bot,"8,3",5,"25575,19"
CVX-001530,2026-02-07 16:15:09,WhatsApp,Residencial,Varejo,Norte,iOS,Validacao_Apolice,Escalado_Humano,33,,
CVX-004260,2026-02-07 16:26:39,WhatsApp,Residencial,Varejo,Sul,Android,Upload_Fotos_Documentos,Abandonado,,,"17992,14"
CVX-003332,2026-02-07 16:32:06,WhatsApp,Auto,Varejo,Sudeste,Android,Upload_Fotos_Documentos,Abandonado,,,"10819,97"
CVX-004670,2026-02-07 16:32:12,WhatsApp,Auto,Corporativo,Sudeste,Android,Upload_Fotos_Documentos,Abandonado,,,"9869,67"
CVX-006728,2026-02-07 16:50:07,WhatsApp,Auto,Varejo,Sul,iOS,Confirmacao_Protocolo,Resolvido_Bot,"13,7",4,"5827,41"
CVX-001550,2026-02-07 16:53:33,WhatsApp,Residencial,Varejo,Sul,Android,Upload_Fotos_Documentos,Escalado_Humano,69,2,"15466,75"
CVX-006983,2026-02-07 17:03:01,WhatsApp,Auto,Corporativo,Sudeste,Android,Confirmacao_Protocolo,Resolvido_Bot,"9,1",4,"7068,28"
CVX-006299,2026-02-07 17:24:42,WhatsApp,Auto,Varejo,Nordeste,Android,Confirmacao_Protocolo,Resolvido_Bot,"8,6",5,"2893,46"
CVX-006454,2026-02-07 17:35:38,WhatsApp,Vida,Premium,Sudeste,Android,Confirmacao_Protocolo,Resolvido_Bot,"8,4",5,"35557,44"
CVX-005914,2026-02-07 17:40:46,App,Auto,Varejo,Sul,Android,Confirmacao_Protocolo,Resolvido_bot ,"12,7",,"8476,33"
CVX-006919,2026-02-07 17:56:25,WhatsApp,Residencial,Premium,Sul,Android,Confirmacao_Protocolo,Resolvido_Bot,5,5,"8101,77"
CVX-002073,2026-02-07 18:05:33,WhatsApp,Vida,Varejo,Nordeste,iOS,Validacao_Apolice,Abandonado,,,
CVX-006531,2026-02-07 18:16:54,WhatsApp,Auto,Premium,Norte,iOS,Upload_Fotos_Documentos,Abandonado,,,"5955,94"
CVX-002505,2026-02-07 18:27:45,WhatsApp,Residencial,Varejo,Sudeste,Android,Confirmacao_Protocolo,Resolvido_Bot,"10,7",,"14295,27"
CVX-003622,2026-02-07 18:41:57,WhatsApp,Auto,Varejo,Centro-Oeste,Android,Confirmacao_Protocolo,Resolvido_Bot,"8,4",,"5145,29"
CVX-004860,2026-02-07 18:50:24,WhatsApp,Residencial,Premium,Sudeste,Android,Coleta_Dados_Sinistro,Abandonado,,,"10079,16"
CVX-005340,2026-02-07 19:19:11,WhatsApp,Auto,Varejo,Sudeste,Android,Confirmacao_Protocolo,Resolvido_Bot,2,,"10642,25"
CVX-003120,2026-02-07 19:22:10,WhatsApp,Auto,Varejo,Sudeste,iOS,Upload_Fotos_Documentos,Abandonado,,,"2582,65"
CVX-004546,2026-02-07 19:58:47,App,Auto,Corporativo,Norte,Android,Validacao_Apolice,Abandonado,,,
CVX-005731,2026-02-07 20:11:33,WhatsApp,Auto,Corporativo,Nordeste,iOS,Upload_Fotos_Documentos,Abandonado,,,"5153,21"
CVX-004404,2026-02-07 20:30:39,WhatsApp,Vida,Varejo,Sul,Android,Confirmacao_Protocolo,Resolvido_Bot,"9,7",5,"42584,89"
CVX-004779,2026-02-07 20:42:25,App,Auto,Varejo,Nordeste,Android,Upload_Fotos_Documentos,Abandonado,,,"5770,97"
CVX-002158,2026-02-07 20:43:11,WhatsApp,Auto,Corporativo,Sudeste,iOS,Inicio_Saudacao,Abandonado,,,
CVX-001858,2026-02-08 8:03:42,WhatsApp,Auto,Varejo,Centro-Oeste,Android,Validacao_Apolice,Escalado_Humano,"23,8",4,
CVX-005525,2026-02-08 8:16:12,App,Auto,Varejo,Sul,iOS,Upload_Fotos_Documentos,Abandonado,,,"12292,73"
CVX-001000,2026-02-08 8:18:45,WhatsApp,Residencial,Premium,Nordeste,Android,Confirmacao_Protocolo,Resolvido_Bot,9,5,"18108,34"
CVX-004263,2026-02-08 8:33:10,WhatsApp,Auto,Premium,Sudeste,Android,Confirmacao_Protocolo,Resolvido_Bot,"9,1",4,"12963,76"
CVX-004744,2026-02-08 9:05:39,App,Auto,Varejo,Centro-Oeste,Android,Confirmacao_Protocolo,Resolvido_Bot,11,,"7082,49"
CVX-004067,2026-02-08 9:12:22,WhatsApp,Residencial,Premium,Sul,iOS,Upload_Fotos_Documentos,Abandonado,,,"16563,89"
CVX-005108,2026-02-08 9:20:24,WhatsApp,Vida,Varejo,Sudeste,iOS,Confirmacao_Protocolo,Resolvido_bot ,"9,2",5,"61785,41"
CVX-004371,2026-02-08 9:39:36,WhatsApp,Residencial,Premium,Centro-Oeste,Android,Analise_Automatica,Escalado_Humano,"44,6",3,"12811,65"
CVX-003601,2026-02-08 10:05:31,WhatsApp,Auto,Varejo,Nordeste,iOS,Coleta_Dados_Sinistro,Escalado_Humano,"37,9",,"7913,98"
CVX-003238,2026-02-08 10:18:52,WhatsApp,Auto,Varejo,Sul,iOS,Confirmacao_Protocolo,Resolvido_Bot,"4,4",4,"17317,47"
CVX-005551,2026-02-08 10:26:17,WhatsApp,Auto,Varejo,Sul,Android,Coleta_Dados_Sinistro,Escalado_Humano,33,3,"5276,29"
CVX-001997,2026-02-08 10:35:27,WhatsApp,Auto,Premium,Sudeste,Android,Confirmacao_Protocolo,Resolvido_Bot,"8,7",4,"6879,74"
CVX-006812,2026-02-08 10:36:45,WhatsApp,Vida,Premium,Centro-Oeste,iOS,Validacao_Apolice,Escalado_Humano,"62,7",,
CVX-002316,2026-02-08 10:47:29,WhatsApp,Auto,Varejo,Nordeste,Android,Upload_Fotos_Documentos,Abandonado,,,"7214,93"
CVX-001710,2026-02-08 11:23:46,WhatsApp,Vida,Premium,Sul,Android,Coleta_Dados_Sinistro,Abandonado,,,"19324,41"
CVX-006038,2026-02-08 11:27:02,App,Auto,Varejo,Sudeste,Android,Confirmacao_Protocolo,Resolvido_Bot,"12,2",4,"10008,59"
CVX-001684,2026-02-08 11:29:41,WhatsApp,Auto,Varejo,Sul,Android,Confirmacao_Protocolo,Resolvido_Bot,"12,6",4,"4730,76"
CVX-001353,2026-02-08 11:30:16,WhatsApp,Residencial,Premium,Sul,Android,Confirmacao_Protocolo,Resolvido_Bot,"12,3",4,"18500,36"
CVX-004892,2026-02-08 11:40:25,WhatsApp,Vida,Corporativo,Sul,Android,Upload_Fotos_Documentos,abandono,,,"32431,17"
CVX-002685,2026-02-08 12:20:39,WhatsApp,Auto,Varejo,Sul,Android,Confirmacao_Protocolo,Resolvido_Bot,"11,3",,"11958,06"
CVX-004687,2026-02-08 12:34:39,WhatsApp,Auto,Varejo,Centro-Oeste,Android,Upload_Fotos_Documentos,Abandonado,,,"7888,28"
CVX-000157,2026-02-08 13:11:47,WhatsApp,Residencial,Premium,Sudeste,iOS,Coleta_Dados_Sinistro,Abandonado,,,"19118,43"
CVX-004674,2026-02-08 13:28:10,WhatsApp,Auto,Varejo,Sudeste,Android,Upload_Fotos_Documentos,Escalado_Humano,"47,9",,"8149,1"
CVX-003850,2026-02-08 13:43:26,App,Auto,Varejo,Sudeste,Android,Confirmacao_Protocolo,Resolvido_Bot,11,5,"12534,1"
CVX-000514,2026-02-08 13:49:40,WhatsApp,Auto,Varejo,Sudeste,Android,Coleta_Dados_Sinistro,Escalado_Humano,"33,7",4,"8385,62"
CVX-005613,2026-02-08 14:31:38,WhatsApp,Residencial,Varejo,Sudeste,Android,Upload_Fotos_Documentos,Abandonado,,,"6990,36"
CVX-000407,2026-02-08 15:00:25,WhatsApp,Residencial,Varejo,Sudeste,Android,Upload_Fotos_Documentos,Escalado_Humano,"26,7",4,"16703,24"
CVX-002968,2026-02-08 15:09:30,WhatsApp,Auto,Varejo,Centro-Oeste,iOS,Upload_Fotos_Documentos,Escalado_Humano,"33,1",4,"6217,97"
CVX-001406,2026-02-08 15:10:59,WhatsApp,Residencial,Varejo,Sul,Android,Confirmacao_Protocolo,Resolvido_Bot,8,5,"14852,53"
CVX-006154,2026-02-08 15:14:28,WhatsApp,Residencial,Varejo,Nordeste,iOS,Confirmacao_Protocolo,Resolvido_Bot,"5,2",4,"15772,1"
CVX-000705,2026-02-08 15:27:32,WhatsApp,Auto,Premium,Sul,Android,Coleta_Dados_Sinistro,Abandonado,,,"6668,14"
CVX-005968,2026-02-08 15:46:44,App,Vida,Premium,Sudeste,Android,Coleta_Dados_Sinistro,Escalado_Humano,43,,"9578,36"
CVX-004550,2026-02-08 15:48:40,App,Vida,Premium,Sul,iOS,Analise_Automatica,ESCALADO HUMANO,"37,8",,"44759,6"
CVX-006131,2026-02-08 16:20:38,WhatsApp,Auto,Premium,Norte,iOS,Analise_Automatica,Abandonado,,,"9030,65"
CVX-002041,2026-02-08 16:31:12,WhatsApp,Auto,Premium,Centro-Oeste,Android,Confirmacao_Protocolo,Resolvido_Bot,"10,7",,"4627,41"
CVX-002344,2026-02-08 16:58:12,WhatsApp,Auto,Premium,Sul,iOS,Coleta_Dados_Sinistro,Escalado_Humano,"60,3",3,"6308,99"
CVX-001055,2026-02-08 16:58:26,WhatsApp,Residencial,Varejo,Sudeste,Android,Validacao_Apolice,Escalado_Humano,"49,4",1,
CVX-002012,2026-02-08 17:07:51,WhatsApp,Auto,Varejo,Sudeste,Android,Confirmacao_Protocolo,Resolvido_Bot,"10,9",4,"2072,97"
CVX-000225,2026-02-08 17:08:43,App,Auto,Varejo,Sul,Android,Coleta_Dados_Sinistro,Escalado_Humano,32,4,"7115,23"
CVX-005880,2026-02-08 17:10:46,WhatsApp,Residencial,Premium,Sudeste,Android,Confirmacao_Protocolo,Resolvido_Bot,2,3,"8110,53"
CVX-006452,2026-02-08 17:25:00,WhatsApp,Auto,Premium,Sul,Android,Confirmacao_Protocolo,Resolvido_Bot,"7,2",5,"7143,15"
CVX-000691,2026-02-08 17:27:12,WhatsApp,Vida,Varejo,Centro-Oeste,iOS,Validacao_Apolice,Escalado_Humano,"53,2",,
CVX-000076,2026-02-08 17:36:03,WhatsApp,Auto,Varejo,Centro-Oeste,iOS,Confirmacao_Protocolo,Resolvido_Bot,"8,8",4,"12339,29"
CVX-003840,2026-02-08 17:42:56,WhatsApp,Auto,Varejo,Sudeste,iOS,Confirmacao_Protocolo,Resolvido_Bot,"8,3",4,"14884,92"
CVX-003381,2026-02-08 18:11:12,WhatsApp,Auto,Corporativo,Nordeste,iOS,Confirmacao_Protocolo,Resolvido_Bot,"8,2",4,"7527,72"
CVX-002945,2026-02-08 18:31:35,WhatsApp,Auto,Varejo,Sul,iOS,Confirmacao_Protocolo,Resolvido_Bot,"8,9",4,"14564,93"
CVX-006345,2026-02-08 18:48:35,WhatsApp,Auto,Corporativo,Sudeste,Android,Validacao_Apolice,Escalado_Humano,"42,7",,
CVX-002555,2026-02-08 19:06:48,WhatsApp,Residencial,Varejo,Sudeste,Android,Analise_Automatica,escalado_humano,10,,"28240,81"
CVX-005310,2026-02-08 19:08:19,WhatsApp,Auto,Premium,Norte,Android,Confirmacao_Protocolo,Resolvido_Bot,17,5,"3909,78"
CVX-002817,2026-02-08 19:14:08,WhatsApp,Vida,Varejo,Norte,Android,Validacao_Apolice,Escalado_Humano,"16,8",4,
CVX-003219,2026-02-08 19:17:00,WhatsApp,Vida,Varejo,Sul,Android,Confirmacao_Protocolo,Resolvido_Bot,"13,9",4,"41540,06"
CVX-004616,2026-02-08 20:03:53,WhatsApp,Auto,Premium,Nordeste,iOS,Inicio_Saudacao,Abandonado,,,
CVX-002821,2026-02-08 20:22:30,WhatsApp,Auto,Premium,Sudeste,Android,Confirmacao_Protocolo,Resolvido_Bot,"12,1",4,"11156,78"
CVX-004930,2026-02-08 20:41:01,WhatsApp,Residencial,Varejo,Sudeste,Android,Validacao_Apolice,Abandonado,,,
CVX-000267,2026-02-08 20:47:53,WhatsApp,Auto,Varejo,Sul,Android,Upload_Fotos_Documentos,Abandonado,,,"3371,17"
CVX-006375,2026-02-08 20:50:33,WhatsApp,Auto,Premium,Norte,Android,Confirmacao_Protocolo,Resolvido_Bot,"9,7",4,"6255,55"
CVX-005588,2026-02-09 8:35:03,WhatsApp,Residencial,Premium,Sudeste,Android,Validacao_Apolice,Escalado_Humano,"18,6",5,
CVX-002595,2026-02-09 8:35:29,WhatsApp,Auto,Varejo,Sul,Android,Confirmacao_Protocolo,Resolvido_Bot,"12,6",4,"13595,94"
CVX-001796,2026-02-09 8:57:45,WhatsApp,Auto,Premium,Nordeste,iOS,Coleta_Dados_Sinistro,Escalado_Humano,"39,8",3,"10013,71"
CVX-003190,2026-02-09 9:00:03,WhatsApp,Auto,Varejo,Sul,Android,Coleta_Dados_Sinistro,Escalado_Humano,"25,5",5,"6488,08"
CVX-003555,2026-02-09 9:58:59,WhatsApp,Auto,Premium,Sudeste,Android,Confirmacao_Protocolo,Resolvido_Bot,"6,6",5,"9884,57"
CVX-005242,2026-02-09 10:10:59,WhatsApp,Auto,Varejo,Sudeste,Android,Confirmacao_Protocolo,Resolvido_Bot,"8,2",5,"6546,61"
CVX-005016,2026-02-09 10:25:12,WhatsApp,Auto,Premium,Nordeste,Android,Confirmacao_Protocolo,Resolvido_Bot,"7,6",4,"14482,84"
CVX-005219,2026-02-09 10:36:44,WhatsApp,Auto,Varejo,Sudeste,Android,Validacao_Apolice,Escalado_Humano,"55,3",,
CVX-003339,2026-02-09 11:09:55,WhatsApp,Vida,Varejo,Sudeste,Android,Confirmacao_Protocolo,Resolvido_Bot,"8,8",5,"20879,22"
CVX-000077,2026-02-09 11:23:56,WhatsApp,Residencial,Varejo,Nordeste,Android,Confirmacao_Protocolo,Resolvido_Bot,"15,5",3,"11374,94"
CVX-004174,2026-02-09 11:27:42,WhatsApp,Auto,Premium,Sudeste,Android,Analise_Automatica,Abandonado,,,"2187,15"
CVX-002550,2026-02-09 11:28:11,WhatsApp,Residencial,Varejo,Sudeste,Android,Validacao_Apolice,Escalado_Humano,"62,4",,
CVX-005872,2026-02-09 11:47:16,WhatsApp,Auto,Varejo,Sul,Android,Confirmacao_Protocolo,Resolvido_Bot,"11,6",5,"7749,02"
CVX-000823,2026-02-09 11:50:34,WhatsApp,Residencial,Premium,Sul,Android,Confirmacao_Protocolo,Resolvido_Bot,"10,2",5,"7313,85"
CVX-003950,2026-02-09 11:52:31,WhatsApp,Auto,Varejo,Sul,Android,Confirmacao_Protocolo,Resolvido_Bot,"8,8",4,"4778,48"
CVX-005909,2026-02-09 11:59:21,WhatsApp,Residencial,Premium,Sudeste,Android,Upload_Fotos_Documentos,Escalado_Humano,10,4,"9963,87"
CVX-005920,2026-02-09 12:21:43,WhatsApp,Residencial,Varejo,Nordeste,Android,Confirmacao_Protocolo,Resolvido_Bot,9,2,"13587,44"
CVX-003011,2026-02-09 12:26:19,WhatsApp,Auto,Corporativo,Norte,Android,Coleta_Dados_Sinistro,Abandonado,,,"7930,64"
CVX-005696,2026-02-09 13:04:03,WhatsApp,Auto,Corporativo,Nordeste,Android,Validacao_Apolice,Escalado_Humano,"29,4",5,
CVX-001199,2026-02-09 13:14:13,WhatsApp,Auto,Premium,Nordeste,iOS,Upload_Fotos_Documentos,Escalado_Humano,"10,7",4,"12299,19"
CVX-005655,2026-02-09 13:27:35,WhatsApp,Residencial,Varejo,Sul,iOS,Validacao_Apolice,Escalado_Humano,"27,8",4,
CVX-001647,2026-02-09 13:37:13,WhatsApp,Residencial,Varejo,Sudeste,Android,Validacao_Apolice,ESCALADO HUMANO,"46,1",3,
CVX-006451,2026-02-09 13:48:39,App,Auto,Premium,Nordeste,Android,Confirmacao_Protocolo,Resolvido_Bot,"5,4",,"7667,94"
CVX-001093,2026-02-09 14:08:00,App,Auto,Varejo,Sul,Android,Upload_Fotos_Documentos,ABANDONADO ,,,"12643,32"
CVX-004101,2026-02-09 14:09:10,WhatsApp,Auto,Varejo,Sul,Android,Confirmacao_Protocolo,Resolvido_Bot,"11,7",4,"8654,14"
CVX-000048,2026-02-09 14:16:30,WhatsApp,Residencial,Varejo,Sudeste,iOS,Validacao_Apolice,Escalado_Humano,"33,2",5,
CVX-003464,2026-02-09 14:54:11,WhatsApp,Auto,Varejo,Sudeste,Android,Validacao_Apolice,Escalado_Humano,"38,3",3,
CVX-000557,2026-02-09 14:56:55,WhatsApp,Auto,Varejo,Sudeste,Android,Validacao_Apolice,Escalado_Humano,"33,6",2,
CVX-006379,2026-02-09 14:59:04,WhatsApp,Residencial,Varejo,Nordeste,Android,Confirmacao_Protocolo,Resolvido_Bot,"13,8",,"7949,16"
CVX-003590,2026-02-09 15:16:24,WhatsApp,Auto,Varejo,Nordeste,iOS,Upload_Fotos_Documentos,Abandonado,,,"9584,36"
CVX-005090,2026-02-09 15:46:15,WhatsApp,Auto,Varejo,Sul,iOS,Confirmacao_Protocolo,Resolvido_Bot,"8,4",5,"8492,82"
CVX-002290,2026-02-09 15:51:45,WhatsApp,Auto,Varejo,Nordeste,iOS,Coleta_Dados_Sinistro,Escalado_Humano,"46,8",3,"9768,47"
CVX-004867,2026-02-09 16:25:10,WhatsApp,Auto,Varejo,Nordeste,Android,Confirmacao_Protocolo,Resolvido_Bot,"6,7",4,"15994,63"
CVX-006069,2026-02-09 16:32:30,App,Auto,Premium,Sudeste,iOS,Analise_Automatica,Escalado_Humano,46,,300
CVX-003315,2026-02-09 16:33:27,WhatsApp,Residencial,Varejo,Nordeste,Android,Upload_Fotos_Documentos,Abandonado,,,300
CVX-005308,2026-02-09 16:45:16,WhatsApp,Vida,Varejo,Sul,Android,Upload_Fotos_Documentos,Abandonado,,,"83080,68"
CVX-000398,2026-02-09 17:09:44,WhatsApp,Auto,Corporativo,Sudeste,iOS,Upload_Fotos_Documentos,Abandonado,,,"9889,04"
CVX-005546,2026-02-09 17:22:52,WhatsApp,Vida,Corporativo,Sudeste,Android,Confirmacao_Protocolo,Resolvido_Bot,"4,3",4,"70395,2"
CVX-000171,2026-02-09 17:30:05,WhatsApp,Residencial,Premium,Nordeste,Android,Confirmacao_Protocolo,Resolvido_Bot,"11,7",,"16978,61"
CVX-006957,2026-02-09 17:42:52,WhatsApp,Residencial,Corporativo,Sudeste,Android,Upload_Fotos_Documentos,Escalado_Humano,"42,3",5,"9650,83"
CVX-006208,2026-02-09 18:29:09,WhatsApp,Auto,Premium,Sudeste,iOS,Confirmacao_Protocolo,Resolvido_Bot,"12,4",4,"10221,24"
CVX-000615,2026-02-09 18:33:01,WhatsApp,Auto,Varejo,Sudeste,Android,Upload_Fotos_Documentos,Abandonado,,,"13448,25"
CVX-005071,2026-02-09 18:50:25,WhatsApp,Auto,Varejo,Nordeste,Android,Validacao_Apolice,Abandonado,,,
CVX-001521,2026-02-09 18:54:43,WhatsApp,Vida,Premium,Sul,Android,Confirmacao_Protocolo,Resolvido_Bot,"5,8",5,"33317,38"
CVX-005102,2026-02-09 19:56:57,WhatsApp,Residencial,Varejo,Sudeste,Android,Confirmacao_Protocolo,Resolvido_Bot,"13,2",,"8697,16"
CVX-004057,2026-02-09 20:04:39,WhatsApp,Auto,Premium,Centro-Oeste,Android,Validacao_Apolice,Escalado_Humano,"25,3",4,
CVX-002645,2026-02-09 20:06:32,WhatsApp,Auto,Corporativo,Nordeste,Android,Confirmacao_Protocolo,Resolvido_Bot,"11,3",5,"16033,53"
CVX-000330,2026-02-09 20:06:44,WhatsApp,Auto,Corporativo,Sul,iOS,Validacao_Apolice,ESCALADO HUMANO,"36,9",4,
CVX-004279,2026-02-09 20:14:46,App,Residencial,Varejo,Sul,Android,Confirmacao_Protocolo,Resolvido_Bot,"8,9",5,"12867,69"
CVX-004902,2026-02-09 20:14:54,WhatsApp,Auto,Varejo,Nordeste,Android,Validacao_Apolice,Escalado_Humano,"44,4",4,
CVX-003835,2026-02-09 20:15:57,WhatsApp,Vida,Premium,Sul,Android,Validacao_Apolice,Escalado_Humano,"47,3",2,
CVX-000910,2026-02-09 20:25:32,WhatsApp,Residencial,Corporativo,Sudeste,Android,Validacao_Apolice,Abandonado,,,
CVX-001798,2026-02-09 20:27:34,WhatsApp,Auto,Varejo,Sudeste,Android,Confirmacao_Protocolo,Resolvido_Bot,"11,4",5,"6623,69"
CVX-004489,2026-02-09 20:31:14,WhatsApp,Auto,Varejo,Sudeste,Android,Validacao_Apolice,Escalado_Humano,"37,9",5,
CVX-002629,2026-02-09 20:50:09,WhatsApp,Auto,Premium,Sudeste,Android,Confirmacao_Protocolo,resolvido_bot,"6,1",5,"9279,39"
CVX-005063,2026-02-10 8:00:33,WhatsApp,Auto,Corporativo,Sul,Android,Upload_Fotos_Documentos,Escalado_Humano,"38,5",4,"5037,33"
CVX-006527,2026-02-10 8:17:20,App,Auto,Premium,Centro-Oeste,Android,Validacao_Apolice,Escalado_Humano,"33,9",,
CVX-001871,2026-02-10 8:40:04,App,Residencial,Varejo,Sul,iOS,Upload_Fotos_Documentos,Abandonado,,,"11661,29"
CVX-005730,2026-02-10 8:45:15,App,Auto,Varejo,Nordeste,Android,Analise_Automatica,Escalado_Humano,"44,8",2,"9262,38"
CVX-001026,2026-02-10 8:46:18,WhatsApp,Auto,Varejo,Sudeste,Android,Confirmacao_Protocolo,Resolvido_Bot,"8,5",4,"8433,57"
CVX-005160,2026-02-10 8:57:23,WhatsApp,Residencial,Premium,Sudeste,Android,Confirmacao_Protocolo,Resolvido_Bot,"9,8",,"14407,42"
CVX-003540,2026-02-10 9:01:40,WhatsApp,Auto,Premium,Sul,Android,Validacao_Apolice,Escalado_Humano,43,3,
CVX-000401,2026-02-10 9:10:29,WhatsApp,Auto,Varejo,Sudeste,Android,Confirmacao_Protocolo,Resolvido_Bot,"7,7",4,"12893,27"
CVX-000319,2026-02-10 9:37:33,WhatsApp,Auto,Varejo,Nordeste,iOS,Confirmacao_Protocolo,Resolvido_Bot,"11,5",4,"2142,74"
CVX-000700,2026-02-10 9:41:27,WhatsApp,Auto,Varejo,Sudeste,Android,Confirmacao_Protocolo,Resolvido_Bot,"8,4",5,"7299,72"
CVX-001922,2026-02-10 9:50:41,WhatsApp,Residencial,Corporativo,Sudeste,Android,Analise_Automatica,Escalado_Humano,"38,4",4,"19503,56"
CVX-004440,2026-02-10 10:06:30,WhatsApp,Residencial,Premium,Nordeste,Android,Confirmacao_Protocolo,Resolvido_Bot,"9,6",,"10192,22"
CVX-004571,2026-02-10 10:28:02,WhatsApp,Auto,Corporativo,Sudeste,iOS,Upload_Fotos_Documentos,Abandonado,,,"11679,01"
CVX-002079,2026-02-10 10:46:51,WhatsApp,Auto,Premium,Sudeste,Android,Confirmacao_Protocolo,Resolvido_Bot,"8,1",4,"2556,26"
CVX-000464,2026-02-10 10:53:12,WhatsApp,Vida,Varejo,Nordeste,Android,Confirmacao_Protocolo,Resolvido_Bot,"4,7",5,"52652,85"
CVX-001388,2026-02-10 10:55:20,WhatsApp,Auto,Varejo,Sudeste,Android,Validacao_Apolice,Escalado_Humano,"54,4",3,
CVX-001354,2026-02-10 11:26:59,App,Residencial,Premium,Sudeste,Android,Confirmacao_Protocolo,Resolvido_Bot,"9,6",4,"11748,56"
CVX-000658,2026-02-10 11:35:53,App,Residencial,Varejo,Sudeste,Android,Upload_Fotos_Documentos,Escalado_Humano,"53,2",4,"23478,41"
CVX-001715,2026-02-10 11:47:34,WhatsApp,Auto,Varejo,Sul,Android,Validacao_Apolice,Escalado_Humano,"36,3",4,
CVX-005832,2026-02-10 11:58:14,WhatsApp,Vida,Varejo,Sudeste,Android,Upload_Fotos_Documentos,Escalado_Humano,25,4,"40608,3"
CVX-000095,2026-02-10 12:15:23,WhatsApp,Vida,Premium,Sudeste,Android,Validacao_Apolice,Escalado_Humano,"40,5",3,
CVX-006377,2026-02-10 12:28:56,WhatsApp,Residencial,Premium,Sudeste,Android,Upload_Fotos_Documentos,Abandonado,,,"12464,92"
CVX-004706,2026-02-10 12:30:40,WhatsApp,Residencial,Varejo,Sudeste,iOS,Confirmacao_Protocolo,Resolvido_Bot,"8,2",,15563
CVX-003141,2026-02-10 12:33:19,WhatsApp,Residencial,Varejo,Sul,Android,Confirmacao_Protocolo,Resolvido_Bot,16,,"9277,33"
CVX-000931,2026-02-10 12:35:00,WhatsApp,Residencial,Varejo,Sul,Android,Validacao_Apolice,Escalado_Humano,"37,8",4,
CVX-002241,2026-02-10 12:49:19,App,Auto,Varejo,Sudeste,Android,Analise_Automatica,Escalado_Humano,31,4,"8327,82"
CVX-004518,2026-02-10 13:05:43,App,Auto,Corporativo,Sul,iOS,Validacao_Apolice,Escalado_Humano,"46,9",3,
CVX-005537,2026-02-10 13:08:56,WhatsApp,Vida,Varejo,Sudeste,Android,Validacao_Apolice,Escalado_Humano,"19,2",,
CVX-001553,2026-02-10 13:50:05,WhatsApp,Residencial,Premium,Sudeste,Android,Validacao_Apolice,Escalado_Humano,"47,1",4,
CVX-005924,2026-02-10 13:51:22,WhatsApp,Auto,Varejo,Norte,iOS,Validacao_Apolice,Escalado_Humano,"45,3",4,
CVX-004612,2026-02-10 14:03:00,WhatsApp,Residencial,Varejo,Centro-Oeste,Android,Analise_Automatica,Abandonado,,,"1802,42"
CVX-003468,2026-02-10 14:14:45,WhatsApp,Auto,Varejo,Sul,Android,Confirmacao_Protocolo,Resolvido_Bot,7,4,"5472,35"
CVX-005345,2026-02-10 14:31:54,App,Residencial,Varejo,Sul,Android,Upload_Fotos_Documentos,Abandonado,,,"13926,16"
CVX-005817,2026-02-10 14:35:03,WhatsApp,Auto,Varejo,Nordeste,iOS,Coleta_Dados_Sinistro,Abandonado,,,"4796,94"
CVX-004832,2026-02-10 15:17:37,WhatsApp,Auto,Varejo,Norte,iOS,Confirmacao_Protocolo,resolvido_bot,"13,3",3,"6462,81"
CVX-000669,2026-02-10 15:19:12,WhatsApp,Residencial,Varejo,Nordeste,Android,Upload_Fotos_Documentos,Abandonado,,,"12492,27"
CVX-003415,2026-02-10 15:20:37,App,Auto,Varejo,Sudeste,iOS,Confirmacao_Protocolo,Resolvido_Bot,"11,6",4,"2971,77"
CVX-003673,2026-02-10 15:22:10,WhatsApp,Auto,Premium,Centro-Oeste,Android,Confirmacao_Protocolo,Resolvido_Bot,"10,8",5,"6788,68"
CVX-004846,2026-02-10 15:23:30,App,Vida,Premium,Sudeste,Android,Validacao_Apolice,Escalado_Humano,"15,4",5,
CVX-003651,2026-02-10 15:37:16,WhatsApp,Auto,Varejo,Sudeste,Android,Validacao_Apolice,Escalado_Humano,"31,1",4,
CVX-002408,2026-02-10 15:42:37,WhatsApp,Auto,Varejo,Sudeste,Android,Validacao_Apolice,Escalado_Humano,"31,9",4,
CVX-003244,2026-02-10 15:48:49,WhatsApp,Auto,Premium,Sul,iOS,Coleta_Dados_Sinistro,abandono,,,"8358,84"
CVX-004387,2026-02-10 16:16:08,WhatsApp,Vida,Varejo,Nordeste,iOS,Validacao_Apolice,Escalado_humano,"53,5",,
CVX-004439,2026-02-10 17:24:06,WhatsApp,Auto,Varejo,Sudeste,Android,Confirmacao_Protocolo,Resolvido_Bot,"11,4",,"10821,28"
CVX-005282,2026-02-10 17:24:48,WhatsApp,Auto,Varejo,Nordeste,Android,Confirmacao_Protocolo,Resolvido_Bot,"11,5",,"8415,76"
CVX-003697,2026-02-10 17:58:47,WhatsApp,Auto,Varejo,Sudeste,Android,Confirmacao_Protocolo,Resolvido_Bot,8,4,"8793,12"
CVX-003111,2026-02-10 18:26:01,App,Residencial,Varejo,Nordeste,Android,Confirmacao_Protocolo,Resolvido_Bot,"7,6",4,"13670,99"
CVX-005557,2026-02-10 18:38:38,App,Auto,Corporativo,Sudeste,Android,Coleta_Dados_Sinistro,Escalado_Humano,"45,8",4,"6868,34"
CVX-001589,2026-02-10 19:11:11,WhatsApp,Auto,Varejo,Norte,Android,Confirmacao_Protocolo,Resolvido_Bot,"5,5",3,"7889,08"
CVX-004516,2026-02-10 19:42:00,App,Auto,Varejo,Sul,Android,Validacao_Apolice,Abandonado,,,
CVX-000738,2026-02-10 19:52:47,WhatsApp,Residencial,Varejo,Centro-Oeste,Android,Upload_Fotos_Documentos,Abandonado,,,300
CVX-000221,2026-02-10 20:06:34,WhatsApp,Residencial,Premium,Sudeste,iOS,Upload_Fotos_Documentos,Escalado_Humano,"34,8",3,"2981,51"
CVX-005630,2026-02-10 20:34:12,WhatsApp,Auto,Premium,Sudeste,iOS,Confirmacao_Protocolo,Resolvido_Bot,8,3,"3950,45"
CVX-002732,2026-02-10 20:45:29,WhatsApp,Residencial,Varejo,Sul,Android,Confirmacao_Protocolo,Resolvido_Bot,"9,2",4,"5792,16"
CVX-002295,2026-02-10 20:46:15,WhatsApp,Residencial,Varejo,Sudeste,iOS,Confirmacao_Protocolo,Resolvido_Bot,"17,3",4,"17453,75"
CVX-005131,2026-02-10 20:55:50,WhatsApp,Auto,Varejo,Centro-Oeste,Android,Validacao_Apolice,Escalado_Humano,"37,7",5,
CVX-004421,2026-02-11 8:07:44,WhatsApp,Auto,Varejo,Centro-Oeste,Android,Upload_Fotos_Documentos,Abandonado,,,"4519,44"
CVX-000200,2026-02-11 8:07:59,WhatsApp,Auto,Premium,Sudeste,Android,Confirmacao_Protocolo,Resolvido_Bot,"10,3",5,"11686,4"
CVX-005964,2026-02-11 8:09:18,WhatsApp,Residencial,Varejo,Centro-Oeste,Android,Confirmacao_Protocolo,Resolvido_Bot,"2,4",5,"10587,93"
CVX-002993,2026-02-11 8:09:44,WhatsApp,Auto,Varejo,Nordeste,iOS,Confirmacao_Protocolo,Resolvido_Bot,"8,3",4,"9336,06"
CVX-003653,2026-02-11 8:37:22,App,Vida,Corporativo,Centro-Oeste,iOS,Validacao_Apolice,Escalado_Humano,"46,2",4,
CVX-005933,2026-02-11 9:00:11,WhatsApp,Vida,Premium,Sudeste,Android,Confirmacao_Protocolo,Resolvido_Bot,"8,8",3,"43489,39"
CVX-000068,2026-02-11 9:36:37,WhatsApp,Auto,Premium,Sudeste,Android,Confirmacao_Protocolo,Resolvido_Bot,"10,7",4,"11081,67"
CVX-005960,2026-02-11 9:38:10,WhatsApp,Vida,Varejo,Sudeste,Android,Validacao_Apolice,ESCALADO HUMANO,"31,4",4,
CVX-004084,2026-02-11 9:48:39,WhatsApp,Auto,Varejo,Nordeste,Android,Validacao_Apolice,Escalado_Humano,"47,2",4,
CVX-004985,2026-02-11 9:58:13,WhatsApp,Residencial,Premium,Centro-Oeste,Android,Confirmacao_Protocolo,Resolvido_Bot,"9,4",5,"12894,64"
CVX-006650,2026-02-11 10:50:05,WhatsApp,Residencial,Varejo,Sul,Android,Upload_Fotos_Documentos,Abandonado,,,"9229,64"
CVX-003573,2026-02-11 11:03:26,WhatsApp,Vida,Varejo,Sul,iOS,Confirmacao_Protocolo,resolvido_bot,"11,7",4,"54101,88"
CVX-002294,2026-02-11 11:19:27,WhatsApp,Auto,Varejo,Sudeste,iOS,Confirmacao_Protocolo,Resolvido_Bot,"6,3",5,"5615,65"
CVX-001531,2026-02-11 11:48:43,WhatsApp,Residencial,Varejo,Sudeste,Android,Upload_Fotos_Documentos,Abandonado,,,"8666,89"
CVX-000113,2026-02-11 12:06:52,App,Auto,Varejo,Sudeste,iOS,Validacao_Apolice,Escalado_Humano,"24,6",4,
CVX-004781,2026-02-11 12:35:27,WhatsApp,Residencial,Varejo,Sudeste,iOS,Confirmacao_Protocolo,Resolvido_Bot,"5,6",4,"8798,95"
CVX-000919,2026-02-11 12:36:56,WhatsApp,Residencial,Varejo,Norte,iOS,Validacao_Apolice,Escalado_Humano,"25,4",5,
CVX-003897,2026-02-11 13:01:23,WhatsApp,Auto,Varejo,Centro-Oeste,Android,Confirmacao_Protocolo,Resolvido_Bot,"8,8",5,"4248,87"
CVX-003749,2026-02-11 13:01:49,WhatsApp,Auto,Corporativo,Sudeste,Android,Analise_Automatica,abandono,,,"8174,55"
CVX-003258,2026-02-11 13:20:41,WhatsApp,Residencial,Corporativo,Sudeste,Android,Confirmacao_Protocolo,Resolvido_Bot,"9,6",,300
CVX-003320,2026-02-11 13:32:00,WhatsApp,Vida,Varejo,Sul,iOS,Coleta_Dados_Sinistro,Escalado_Humano,"23,3",4,"47669,78"
CVX-004983,2026-02-11 13:34:07,WhatsApp,Residencial,Premium,Sul,iOS,Upload_Fotos_Documentos,Abandonado,,,"6974,22"
CVX-000263,2026-02-11 13:36:42,WhatsApp,Vida,Varejo,Sudeste,Android,Confirmacao_Protocolo,Resolvido_Bot,"10,7",5,"53979,56"
CVX-001671,2026-02-11 13:41:43,WhatsApp,Residencial,Varejo,Nordeste,Android,Confirmacao_Protocolo,Resolvido_Bot,6,4,"12585,38"
CVX-001404,2026-02-11 14:52:01,WhatsApp,Vida,Varejo,Sudeste,iOS,Confirmacao_Protocolo,Resolvido_Bot,"14,8",4,"46489,47"
CVX-000530,2026-02-11 15:18:41,App,Residencial,Varejo,Sudeste,iOS,Coleta_Dados_Sinistro,Escalado_Humano,"35,1",5,"17468,85"
CVX-004104,2026-02-11 15:33:16,App,Auto,Varejo,Sudeste,Android,Confirmacao_Protocolo,Resolvido_Bot,"10,8",3,"9804,59"
CVX-005881,2026-02-11 16:02:34,App,Residencial,Varejo,Nordeste,Android,Upload_Fotos_Documentos,Escalado_Humano,"40,9",,300
CVX-000476,2026-02-11 16:08:15,WhatsApp,Vida,Corporativo,Nordeste,iOS,Coleta_Dados_Sinistro,Abandonado,,,"27345,25"
CVX-000593,2026-02-11 16:20:11,WhatsApp,Auto,Varejo,Norte,Android,Validacao_Apolice,Abandonado,,,
CVX-003916,2026-02-11 16:27:25,WhatsApp,Residencial,Varejo,Sudeste,Android,Coleta_Dados_Sinistro,Escalado_Humano,"42,8",5,"9380,13"
CVX-001792,2026-02-11 16:31:35,WhatsApp,Vida,Varejo,Nordeste,Android,Confirmacao_Protocolo,Resolvido_Bot,"6,4",5,"49752,18"
CVX-005122,2026-02-11 16:46:30,WhatsApp,Auto,Varejo,Sul,Android,Coleta_Dados_Sinistro,Escalado_Humano,"26,2",,"1904,74"
CVX-003570,2026-02-11 17:26:46,WhatsApp,Residencial,Corporativo,Sul,Android,Confirmacao_Protocolo,Resolvido_Bot,5,5,"22248,22"
CVX-005243,2026-02-11 17:37:28,WhatsApp,Vida,Premium,Nordeste,Android,Confirmacao_Protocolo,Resolvido_Bot,"12,4",5,"45468,35"
CVX-006929,2026-02-11 17:41:59,WhatsApp,Vida,Premium,Nordeste,Android,Upload_Fotos_Documentos,Escalado_Humano,"29,7",5,"24766,94"
CVX-006713,2026-02-11 17:50:00,WhatsApp,Auto,Premium,Sudeste,Android,Upload_Fotos_Documentos,Abandonado,,,"16342,32"
CVX-004431,2026-02-11 18:20:43,WhatsApp,Auto,Varejo,Nordeste,Android,Upload_Fotos_Documentos,Escalado_Humano,"41,1",3,"9029,08"
CVX-004672,2026-02-11 18:46:03,WhatsApp,Residencial,Varejo,Nordeste,Android,Confirmacao_Protocolo,Resolvido_Bot,"6,1",5,"15139,36"
CVX-005498,2026-02-11 18:53:39,WhatsApp,Residencial,Varejo,Sul,Android,Confirmacao_Protocolo,Resolvido_Bot,"10,7",4,"6950,12"
CVX-006228,2026-02-11 19:11:19,WhatsApp,Auto,Varejo,Nordeste,iOS,Validacao_Apolice,Escalado_Humano,"45,7",3,
CVX-005289,2026-02-11 19:38:34,WhatsApp,Residencial,Varejo,Nordeste,Android,Validacao_Apolice,Escalado_Humano,20,4,
CVX-006520,2026-02-11 19:52:58,WhatsApp,Auto,Varejo,Sul,Android,Coleta_Dados_Sinistro,Escalado_Humano,"36,6",4,"14142,34"
CVX-005527,2026-02-11 20:06:06,WhatsApp,Auto,Premium,Nordeste,Android,Upload_Fotos_Documentos,Abandonado,,,"8447,92"
CVX-003469,2026-02-11 20:28:45,WhatsApp,Auto,Varejo,Sudeste,iOS,Validacao_Apolice,Escalado_Humano,"40,3",4,
CVX-002373,2026-02-11 20:36:48,WhatsApp,Residencial,Varejo,Sudeste,Android,Upload_Fotos_Documentos,Abandonado,,,"18282,75"
CVX-004649,2026-02-11 20:38:14,WhatsApp,Auto,Varejo,Sul,Android,Upload_Fotos_Documentos,Escalado_Humano,"40,8",2,"19199,77"
CVX-002145,2026-02-11 20:39:26,WhatsApp,Auto,Premium,Sudeste,iOS,Confirmacao_Protocolo,Resolvido_Bot,"11,6",,"8623,79"
CVX-001895,2026-02-12 8:09:08,WhatsApp,Auto,Premium,Sudeste,Android,Confirmacao_Protocolo,Resolvido_Bot,"3,6",5,"7808,02"
CVX-005143,2026-02-12 8:17:37,WhatsApp,Auto,Varejo,Sudeste,Android,Analise_Automatica,Abandonado,,,"12967,5"
CVX-004731,2026-02-12 8:27:25,WhatsApp,Residencial,Varejo,Centro-Oeste,Android,Validacao_Apolice,Escalado_Humano,46,,
CVX-005491,2026-02-12 8:29:48,WhatsApp,Auto,Varejo,Sul,Android,Coleta_Dados_Sinistro,Abandonado,,,"8299,01"
CVX-006438,2026-02-12 8:46:21,WhatsApp,Auto,Varejo,Sudeste,Android,Upload_Fotos_Documentos,Abandonado,,,"8162,02"
CVX-005397,2026-02-12 8:53:22,WhatsApp,Auto,Varejo,Sul,iOS,Coleta_Dados_Sinistro,Abandonado,,,"2895,14"
CVX-004787,2026-02-12 9:37:38,App,Residencial,Premium,Sudeste,Android,Upload_Fotos_Documentos,Abandonado,,,"13895,07"
CVX-005370,2026-02-12 9:49:53,App,Residencial,Corporativo,Nordeste,iOS,Validacao_Apolice,Escalado_Humano,"41,1",3,
CVX-000731,2026-02-12 9:53:42,WhatsApp,Auto,Corporativo,Sudeste,iOS,Validacao_Apolice,Escalado_Humano,"31,8",3,
CVX-003160,2026-02-12 10:02:18,WhatsApp,Residencial,Premium,Sul,Android,Confirmacao_Protocolo,Resolvido_Bot,"12,7",4,"13017,69"
CVX-003361,2026-02-12 10:26:20,WhatsApp,Auto,Premium,Sudeste,iOS,Validacao_Apolice,Escalado_Humano,"33,7",4,
CVX-002863,2026-02-12 10:43:28,WhatsApp,Vida,Corporativo,Nordeste,Android,Validacao_Apolice,Abandonado,,,
CVX-000878,2026-02-12 10:54:31,WhatsApp,Auto,Corporativo,Sudeste,iOS,Analise_Automatica,Escalado_Humano,"60,9",,"5839,19"
CVX-000374,2026-02-12 11:23:15,WhatsApp,Residencial,Varejo,Sudeste,Android,Analise_Automatica,Abandonado,,,"7399,4"
CVX-000277,2026-02-12 11:30:14,App,Residencial,Varejo,Sudeste,Android,Coleta_Dados_Sinistro,Escalado_Humano,"37,1",3,"3960,74"
CVX-006985,2026-02-12 11:42:32,App,Auto,Corporativo,Sudeste,Android,Validacao_Apolice,Escalado_Humano,"43,7",4,
CVX-000484,2026-02-12 11:46:06,WhatsApp,Residencial,Varejo,Nordeste,iOS,Analise_Automatica,Abandonado,,,"16355,03"
CVX-001549,2026-02-12 12:00:11,WhatsApp,Auto,Varejo,Sudeste,Android,Confirmacao_Protocolo,Resolvido_Bot,"5,6",5,"18611,94"
CVX-005622,2026-02-12 12:02:29,App,Auto,Premium,Sul,Android,Validacao_Apolice,Escalado_Humano,"69,6",2,
CVX-003086,2026-02-12 12:05:01,App,Auto,Premium,Sul,iOS,Confirmacao_Protocolo,Resolvido_Bot,"9,3",4,"7674,09"
CVX-003302,2026-02-12 12:11:24,WhatsApp,Vida,Premium,Sudeste,iOS,Upload_Fotos_Documentos,Escalado_Humano,"28,8",4,"62566,18"
CVX-000507,2026-02-12 12:38:09,WhatsApp,Vida,Varejo,Norte,iOS,Confirmacao_Protocolo,Resolvido_Bot,"10,8",4,"52827,63"
CVX-006393,2026-02-12 13:07:34,WhatsApp,Auto,Varejo,Sudeste,iOS,Confirmacao_Protocolo,Resolvido_Bot,"10,9",,"3252,27"
CVX-001217,2026-02-12 13:09:40,WhatsApp,Auto,Varejo,Centro-Oeste,Android,Coleta_Dados_Sinistro,Escalado_Humano,"25,6",4,"8012,87"
CVX-003803,2026-02-12 13:27:06,WhatsApp,Auto,Varejo,Sudeste,iOS,Confirmacao_Protocolo,Resolvido_Bot,"9,3",5,"7615,55"
CVX-004119,2026-02-12 13:43:04,WhatsApp,Residencial,Premium,Sudeste,Android,Validacao_Apolice,Escalado_Humano,"28,6",5,
CVX-001008,2026-02-12 13:46:09,WhatsApp,Auto,Corporativo,Sul,Android,Confirmacao_Protocolo,Resolvido_Bot,10,,"6403,94"
CVX-000793,2026-02-12 13:55:17,WhatsApp,Vida,Varejo,Sul,Android,Confirmacao_Protocolo,Resolvido_Bot,"6,2",5,"32469,99"
CVX-003655,2026-02-12 14:47:11,WhatsApp,Auto,Varejo,Sudeste,Android,Confirmacao_Protocolo,Resolvido_Bot,"7,9",5,"10114,72"
CVX-000802,2026-02-12 14:59:08,App,Auto,Varejo,Sudeste,iOS,Validacao_Apolice,Escalado_Humano,"44,2",3,
CVX-002764,2026-02-12 15:21:45,WhatsApp,Residencial,Varejo,Nordeste,Android,Confirmacao_Protocolo,Resolvido_Bot,"5,5",,"9347,64"
CVX-000184,2026-02-12 15:27:32,WhatsApp,Vida,Premium,Sudeste,Android,Validacao_Apolice,Escalado_Humano,"55,2",4,
CVX-002220,2026-02-12 15:49:42,WhatsApp,Auto,Premium,Sudeste,iOS,Validacao_Apolice,Escalado_Humano,"46,3",4,
CVX-003365,2026-02-12 16:02:10,WhatsApp,Auto,Varejo,Sudeste,Android,Coleta_Dados_Sinistro,Escalado_Humano,45,4,"10726,07"
CVX-004037,2026-02-12 16:06:01,WhatsApp,Auto,Varejo,Nordeste,iOS,Confirmacao_Protocolo,Resolvido_Bot,"10,7",,"9972,53"
CVX-001136,2026-02-12 16:14:25,WhatsApp,Residencial,Premium,Sudeste,Android,Validacao_Apolice,Abandonado,,,
CVX-004968,2026-02-12 16:17:57,WhatsApp,Auto,Premium,Sul,Android,Analise_Automatica,Escalado_Humano,"60,5",3,"7802,04"
CVX-001582,2026-02-12 17:16:02,App,Auto,Premium,Sudeste,Android,Analise_Automatica,Escalado_Humano,"60,7",3,"7229,11"
CVX-004532,2026-02-12 17:17:16,WhatsApp,Auto,Varejo,Sudeste,Android,Confirmacao_Protocolo,Resolvido_Bot,"9,6",4,"10274,47"
CVX-000788,2026-02-12 17:35:53,App,Residencial,Premium,Nordeste,iOS,Coleta_Dados_Sinistro,Abandonado,,,"7953,8"
CVX-001971,2026-02-12 17:49:19,WhatsApp,Auto,Varejo,Sudeste,Android,Coleta_Dados_Sinistro,Escalado_Humano,"42,2",4,"14264,81"
CVX-004358,2026-02-12 18:03:15,WhatsApp,Auto,Varejo,Sul,Android,Confirmacao_Protocolo,Resolvido_Bot,"11,2",3,"2008,17"
CVX-003961,2026-02-12 18:07:36,WhatsApp,Auto,Varejo,Sul,Android,Confirmacao_Protocolo,Resolvido_Bot,"10,1",4,"4561,37"
CVX-003025,2026-02-12 18:07:40,WhatsApp,Auto,Corporativo,Nordeste,Android,Upload_Fotos_Documentos,Escalado_Humano,"32,4",3,"9039,1"
CVX-006765,2026-02-12 18:31:34,WhatsApp,Vida,Varejo,Nordeste,iOS,Confirmacao_Protocolo,Resolvido_Bot,"9,2",4,"65279,86"
CVX-006126,2026-02-12 18:33:59,WhatsApp,Vida,Varejo,Sudeste,Android,Validacao_Apolice,Escalado_Humano,"32,6",4,
CVX-005043,2026-02-12 18:58:21,WhatsApp,Residencial,Premium,Norte,iOS,Confirmacao_Protocolo,Resolvido_Bot,"10,7",,"13100,07"
CVX-004023,2026-02-12 19:02:24,WhatsApp,Auto,Varejo,Centro-Oeste,iOS,Confirmacao_Protocolo,Resolvido_Bot,"7,3",5,"8707,65"
CVX-002137,2026-02-12 19:06:17,WhatsApp,Residencial,Premium,Sudeste,Android,Confirmacao_Protocolo,Resolvido_Bot,"10,5",4,"22811,01"
CVX-004795,2026-02-12 19:21:38,App,Auto,Corporativo,Sudeste,Android,Confirmacao_Protocolo,Resolvido_Bot,"9,6",5,"7847,36"
CVX-000494,2026-02-12 19:25:41,WhatsApp,Auto,Varejo,Sul,Android,Confirmacao_Protocolo,Resolvido_Bot,"4,4",5,"15415,37"
CVX-006904,2026-02-12 19:38:19,WhatsApp,Residencial,Varejo,Sudeste,iOS,Confirmacao_Protocolo,Resolvido_Bot,"9,4",4,"9923,85"
CVX-002549,2026-02-12 19:38:36,App,Auto,Corporativo,Sudeste,Android,Upload_Fotos_Documentos,Abandonado,,,"5535,42"
CVX-000517,2026-02-12 19:39:46,WhatsApp,Vida,Premium,Sudeste,Android,Coleta_Dados_Sinistro,Escalado_Humano,22,,"36230,67"
CVX-000169,2026-02-12 20:12:01,WhatsApp,Auto,Varejo,Nordeste,Android,Confirmacao_Protocolo,Resolvido_Bot,"6,6",5,"12157,69"
CVX-004973,2026-02-12 20:41:04,WhatsApp,Auto,Varejo,Sudeste,Android,Validacao_Apolice,Escalado_Humano,"21,5",,
CVX-004442,2026-02-12 20:42:36,App,Auto,Varejo,Nordeste,Android,Confirmacao_Protocolo,Resolvido_Bot,7,5,"4690,82"
CVX-000044,2026-02-12 20:44:13,WhatsApp,Auto,Varejo,Norte,iOS,Upload_Fotos_Documentos,Abandonado,,,"3083,03"
CVX-006892,2026-02-13 8:28:00,WhatsApp,Auto,Premium,Sudeste,Android,Confirmacao_Protocolo,Resolvido_Bot,"7,4",4,"5210,52"
CVX-004915,2026-02-13 8:28:32,WhatsApp,Auto,Premium,Sudeste,Android,Upload_Fotos_Documentos,Escalado_Humano,22,5,"3223,27"
CVX-000702,2026-02-13 8:28:44,WhatsApp,Auto,Premium,Centro-Oeste,Android,Confirmacao_Protocolo,Resolvido_Bot,9,3,"11398,09"
CVX-001294,2026-02-13 8:49:44,WhatsApp,Vida,Varejo,Sudeste,Android,Analise_Automatica,Abandonado,,,"17023,05"
CVX-001146,2026-02-13 8:59:00,WhatsApp,Auto,Varejo,Norte,iOS,Confirmacao_Protocolo,Resolvido_Bot,"8,7",5,"13680,59"
CVX-003575,2026-02-13 9:04:16,WhatsApp,Auto,Varejo,Nordeste,Android,Confirmacao_Protocolo,Resolvido_bot ,"8,3",,"10928,09"
CVX-003792,2026-02-13 9:33:24,WhatsApp,Auto,Varejo,Nordeste,Android,Confirmacao_Protocolo,resolvido_bot,"9,5",4,"15352,24"
CVX-003866,2026-02-13 9:50:15,WhatsApp,Vida,Varejo,Sudeste,iOS,Coleta_Dados_Sinistro,Escalado_Humano,"41,3",3,"59859,59"
CVX-000752,2026-02-13 9:53:47,WhatsApp,Auto,Premium,Sul,iOS,Validacao_Apolice,Abandonado,,,
CVX-005398,2026-02-13 9:59:27,WhatsApp,Auto,Premium,Sul,Android,Confirmacao_Protocolo,Resolvido_Bot,"9,4",4,"14312,56"
CVX-003279,2026-02-13 10:21:14,WhatsApp,Auto,Varejo,Sudeste,Android,Confirmacao_Protocolo,Resolvido_Bot,"9,3",4,"8512,1"
CVX-001878,2026-02-13 10:47:33,App,Vida,Premium,Sul,Android,Validacao_Apolice,Escalado_Humano,"43,9",,
CVX-001065,2026-02-13 10:48:37,WhatsApp,Residencial,Varejo,Centro-Oeste,Android,Validacao_Apolice,Escalado_Humano,"32,6",4,
CVX-004606,2026-02-13 11:10:59,WhatsApp,Residencial,Premium,Sudeste,Android,Validacao_Apolice,Escalado_Humano,"38,2",4,
CVX-001242,2026-02-13 12:09:30,WhatsApp,Auto,Varejo,Centro-Oeste,Android,Confirmacao_Protocolo,Resolvido_Bot,"14,7",5,"5658,63"
CVX-000694,2026-02-13 12:25:03,WhatsApp,Auto,Premium,Sudeste,Android,Confirmacao_Protocolo,Resolvido_Bot,"10,9",,"8214,15"
CVX-004111,2026-02-13 12:46:08,WhatsApp,Auto,Varejo,Sudeste,Android,Confirmacao_Protocolo,Resolvido_Bot,"12,4",5,"9914,04"
CVX-002238,2026-02-13 13:09:46,App,Vida,Premium,Nordeste,iOS,Confirmacao_Protocolo,Resolvido_Bot,"5,4",,"28866,86"
CVX-004096,2026-02-13 13:18:46,WhatsApp,Auto,Premium,Sudeste,Android,Confirmacao_Protocolo,Resolvido_Bot,"8,3",,"12532,98"
CVX-004633,2026-02-13 13:27:43,WhatsApp,Auto,Varejo,Nordeste,Android,Validacao_Apolice,Escalado_Humano,"27,1",,
CVX-001464,2026-02-13 13:41:45,WhatsApp,Auto,Varejo,Centro-Oeste,Android,Validacao_Apolice,Abandonado,,,
CVX-006792,2026-02-13 13:43:39,WhatsApp,Auto,Premium,Sul,Android,Confirmacao_Protocolo,Resolvido_Bot,"10,9",,"11356,44"
CVX-002205,2026-02-13 13:53:33,WhatsApp,Auto,Premium,Sul,Android,Confirmacao_Protocolo,Resolvido_Bot,"10,1",5,"11081,94"
CVX-005157,2026-02-13 13:54:40,WhatsApp,Auto,Premium,Sudeste,Android,Confirmacao_Protocolo,Resolvido_Bot,11,3,"8252,08"
CVX-001046,2026-02-13 14:00:26,WhatsApp,Residencial,Premium,Nordeste,Android,Upload_Fotos_Documentos,Abandonado,,,"19307,01"
CVX-004382,2026-02-13 14:01:58,WhatsApp,Auto,Premium,Sudeste,Android,Upload_Fotos_Documentos,Escalado_Humano,"50,7",4,"19404,96"
CVX-000033,2026-02-13 14:36:45,WhatsApp,Auto,Varejo,Sudeste,Android,Confirmacao_Protocolo,Resolvido_Bot,"7,8",3,300
CVX-003019,2026-02-13 14:41:36,WhatsApp,Vida,Corporativo,Nordeste,Android,Coleta_Dados_Sinistro,Escalado_Humano,"26,2",5,"63764,82"
CVX-003438,2026-02-13 14:54:26,WhatsApp,Vida,Varejo,Sudeste,Android,Validacao_Apolice,Escalado_Humano,40,,
CVX-003612,2026-02-13 15:08:52,WhatsApp,Residencial,Varejo,Sudeste,iOS,Validacao_Apolice,Escalado_Humano,"60,7",,
CVX-004615,2026-02-13 15:18:40,WhatsApp,Residencial,Premium,Sul,iOS,Upload_Fotos_Documentos,Abandonado,,,"16047,24"
CVX-001263,2026-02-13 15:24:40,WhatsApp,Residencial,Varejo,Sudeste,Android,Inicio_Saudacao,Abandonado,,,
CVX-002306,2026-02-13 15:27:49,WhatsApp,Residencial,Varejo,Sudeste,Android,Coleta_Dados_Sinistro,Escalado_Humano,34,4,"25328,42"
CVX-005575,2026-02-13 15:46:53,WhatsApp,Auto,Varejo,Sul,Android,Analise_Automatica,Abandonado,,,"9264,14"
CVX-006864,2026-02-13 16:08:35,WhatsApp,Auto,Premium,Sul,iOS,Confirmacao_Protocolo,Resolvido_Bot,"11,6",5,"14978,1"
CVX-004463,2026-02-13 16:20:02,WhatsApp,Auto,Premium,Sudeste,Android,Confirmacao_Protocolo,Resolvido_Bot,"9,2",5,"3035,36"
CVX-005494,2026-02-13 16:38:32,WhatsApp,Auto,Varejo,Nordeste,Android,Analise_Automatica,Escalado_Humano,40,3,"3610,05"
CVX-002937,2026-02-13 16:56:27,WhatsApp,Vida,Varejo,Sudeste,iOS,Confirmacao_Protocolo,Resolvido_Bot,"9,1",4,"61581,73"
CVX-003762,2026-02-13 17:23:05,WhatsApp,Auto,Corporativo,Centro-Oeste,Android,Validacao_Apolice,Escalado_humano,51,2,
CVX-003240,2026-02-13 17:26:44,WhatsApp,Auto,Premium,Sudeste,iOS,Confirmacao_Protocolo,RESOLVIDO_BOT,"11,4",4,"11949,32"
CVX-005514,2026-02-13 17:44:39,WhatsApp,Residencial,Varejo,Nordeste,Android,Validacao_Apolice,Escalado_Humano,"41,5",3,
CVX-002967,2026-02-13 18:14:06,WhatsApp,Residencial,Varejo,Sudeste,Android,Validacao_Apolice,Escalado_Humano,"39,1",3,
CVX-002854,2026-02-13 18:16:13,WhatsApp,Auto,Varejo,Sudeste,iOS,Confirmacao_Protocolo,Resolvido_Bot,"13,6",,"6938,47"
CVX-006502,2026-02-13 18:16:21,WhatsApp,Auto,Premium,Norte,iOS,Confirmacao_Protocolo,Resolvido_Bot,"10,2",5,"7581,88"
CVX-002947,2026-02-13 18:18:11,App,Auto,Varejo,Nordeste,Android,Confirmacao_Protocolo,Resolvido_Bot,"10,7",4,"12552,12"
CVX-006148,2026-02-13 18:24:07,WhatsApp,Vida,Premium,Nordeste,iOS,Validacao_Apolice,Escalado_Humano,"45,8",3,
CVX-005028,2026-02-13 18:29:45,WhatsApp,Residencial,Varejo,Sudeste,iOS,Inicio_Saudacao,Abandonado,,,
CVX-001076,2026-02-13 18:41:39,WhatsApp,Auto,Varejo,Nordeste,Android,Confirmacao_Protocolo,Resolvido_Bot,"9,2",4,"10624,36"
CVX-004510,2026-02-13 18:43:48,WhatsApp,Vida,Varejo,Nordeste,Android,Coleta_Dados_Sinistro,Escalado_Humano,"33,8",3,"74356,07"
CVX-005583,2026-02-13 18:50:02,WhatsApp,Auto,Premium,Norte,Android,Confirmacao_Protocolo,Resolvido_Bot,"6,8",,"5041,19"
CVX-003994,2026-02-13 18:52:10,App,Vida,Premium,Centro-Oeste,Android,Confirmacao_Protocolo,RESOLVIDO_BOT,"11,9",5,"58957,25"
CVX-000975,2026-02-13 18:58:33,WhatsApp,Residencial,Corporativo,Nordeste,Android,Validacao_Apolice,Escalado_Humano,10,,
CVX-002434,2026-02-13 19:04:30,WhatsApp,Auto,Varejo,Sudeste,iOS,Analise_Automatica,Escalado_Humano,"42,3",4,"13156,93"
CVX-002055,2026-02-13 19:39:28,App,Auto,Varejo,Centro-Oeste,Android,Coleta_Dados_Sinistro,Escalado_Humano,"45,4",3,"10797,04"
CVX-005728,2026-02-13 20:02:10,App,Auto,Varejo,Sul,Android,Confirmacao_Protocolo,Resolvido_Bot,"12,2",4,"7670,94"
CVX-003619,2026-02-13 20:03:22,WhatsApp,Auto,Varejo,Nordeste,Android,Validacao_Apolice,Escalado_Humano,"41,7",,
CVX-002372,2026-02-13 20:04:18,WhatsApp,Residencial,Varejo,Sul,iOS,Confirmacao_Protocolo,Resolvido_Bot,"12,3",,"9016,86"
CVX-006672,2026-02-13 20:06:23,WhatsApp,Auto,Varejo,Sudeste,Android,Coleta_Dados_Sinistro,Escalado_Humano,"44,2",2,"6345,27"
CVX-003677,2026-02-13 20:11:40,WhatsApp,Auto,Premium,Sudeste,Android,Validacao_Apolice,Escalado_Humano,"36,6",,
CVX-001847,2026-02-13 20:14:58,WhatsApp,Residencial,Varejo,Sul,Android,Confirmacao_Protocolo,Resolvido_Bot,"6,2",4,"9558,9"
CVX-001276,2026-02-13 20:20:24,WhatsApp,Auto,Premium,Nordeste,Android,Coleta_Dados_Sinistro,Abandonado,,,"4905,3"
CVX-000316,2026-02-13 20:24:31,WhatsApp,Residencial,Varejo,Sudeste,iOS,Upload_Fotos_Documentos,Escalado_Humano,"19,2",5,"12332,64"
CVX-004223,2026-02-14 8:09:16,WhatsApp,Auto,Varejo,Sudeste,Android,Confirmacao_Protocolo,Resolvido_Bot,"10,7",5,"11579,47"
CVX-000747,2026-02-14 8:55:20,WhatsApp,Residencial,Premium,Sudeste,Android,Validacao_Apolice,Escalado_Humano,51,3,
CVX-001885,2026-02-14 8:56:01,WhatsApp,Auto,Premium,Sul,Android,Confirmacao_Protocolo,Resolvido_Bot,"11,4",,"11266,88"
CVX-003437,2026-02-14 9:11:01,WhatsApp,Auto,Varejo,Norte,Android,Confirmacao_Protocolo,Resolvido_Bot,"11,2",5,300
CVX-002734,2026-02-14 9:33:18,WhatsApp,Residencial,Varejo,Sul,Android,Confirmacao_Protocolo,Resolvido_Bot,"12,3",4,"15491,47"
CVX-001761,2026-02-14 9:38:47,WhatsApp,Auto,Varejo,Nordeste,iOS,Confirmacao_Protocolo,Resolvido_Bot,"7,4",4,"12480,57"
CVX-006925,2026-02-14 9:47:03,App,Auto,Premium,Sudeste,Android,Coleta_Dados_Sinistro,Escalado_Humano,"22,5",5,"3579,84"
CVX-000127,2026-02-14 9:51:59,WhatsApp,Auto,Varejo,Norte,Android,Validacao_Apolice,Abandonado,,,
CVX-003220,2026-02-14 10:06:38,WhatsApp,Auto,Varejo,Sudeste,Android,Validacao_Apolice,Abandonado,,,
CVX-005842,2026-02-14 10:39:38,WhatsApp,Auto,Varejo,Norte,Android,Analise_Automatica,abandono,,,"6327,35"
CVX-000369,2026-02-14 10:57:18,WhatsApp,Residencial,Varejo,Sul,Android,Confirmacao_Protocolo,Resolvido_Bot,"10,2",4,"15660,04"
CVX-001998,2026-02-14 11:01:09,WhatsApp,Residencial,Corporativo,Nordeste,Android,Confirmacao_Protocolo,Resolvido_Bot,"13,4",4,"13199,12"
CVX-003156,2026-02-14 11:22:48,WhatsApp,Auto,Varejo,Sudeste,iOS,Validacao_Apolice,Abandonado,,,
CVX-001080,2026-02-14 11:29:06,WhatsApp,Auto,Premium,Sul,Android,Upload_Fotos_Documentos,Abandonado,,,"14703,42"
CVX-006135,2026-02-14 11:32:13,WhatsApp,Auto,Varejo,Sudeste,Android,Confirmacao_Protocolo,Resolvido_Bot,2,4,"7428,31"
CVX-003122,2026-02-14 11:57:40,WhatsApp,Residencial,Varejo,Sul,Android,Confirmacao_Protocolo,Resolvido_Bot,"4,9",4,"19995,95"
CVX-002884,2026-02-14 12:00:04,WhatsApp,Vida,Premium,Sudeste,iOS,Validacao_Apolice,Escalado_Humano,"63,4",2,
CVX-000323,2026-02-14 12:34:24,WhatsApp,Auto,Premium,Sul,iOS,Confirmacao_Protocolo,Resolvido_Bot,"7,5",4,"5977,27"
CVX-005833,2026-02-14 13:06:48,App,Residencial,Varejo,Sudeste,iOS,Confirmacao_Protocolo,Resolvido_Bot,"4,3",5,"27606,59"
CVX-000515,2026-02-14 13:07:29,App,Auto,Varejo,Sudeste,Android,Upload_Fotos_Documentos,Abandonado,,,"2112,05"
CVX-005320,2026-02-14 13:08:47,WhatsApp,Auto,Premium,Sudeste,Android,Confirmacao_Protocolo,Resolvido_Bot,"9,3",,"10824,43"
CVX-005145,2026-02-14 13:10:14,WhatsApp,Auto,Premium,Nordeste,Android,Coleta_Dados_Sinistro,Abandonado,,,"4913,32"
CVX-000147,2026-02-14 13:10:41,WhatsApp,Auto,Varejo,Sudeste,iOS,Validacao_Apolice,Escalado_Humano,"53,7",,
CVX-003828,2026-02-14 13:16:22,WhatsApp,Residencial,Premium,Sudeste,Android,Confirmacao_Protocolo,Resolvido_Bot,"5,7",4,"18283,13"
CVX-005413,2026-02-14 13:30:15,WhatsApp,Auto,Varejo,Sul,Android,Confirmacao_Protocolo,Resolvido_Bot,"8,5",5,"11871,56"
CVX-006858,2026-02-14 13:32:10,WhatsApp,Residencial,Varejo,Norte,Android,Validacao_Apolice,Escalado_Humano,"35,1",,
CVX-000757,2026-02-14 13:32:55,WhatsApp,Auto,Varejo,Sudeste,iOS,Validacao_Apolice,Escalado_Humano,"56,5",2,
CVX-003123,2026-02-14 13:40:24,WhatsApp,Residencial,Premium,Sudeste,Android,Confirmacao_Protocolo,Resolvido_Bot,"5,5",4,"6032,56"
CVX-004835,2026-02-14 13:45:19,WhatsApp,Auto,Varejo,Nordeste,Android,Confirmacao_Protocolo,Resolvido_Bot,"10,4",4,"8618,31"
CVX-006357,2026-02-14 14:09:58,WhatsApp,Auto,Varejo,Centro-Oeste,Android,Upload_Fotos_Documentos,Abandonado,,,"10167,51"
CVX-005866,2026-02-14 14:29:29,WhatsApp,Residencial,Varejo,Nordeste,iOS,Confirmacao_Protocolo,Resolvido_Bot,"12,2",3,"15110,13"
CVX-004599,2026-02-14 14:37:01,WhatsApp,Vida,Corporativo,Sudeste,iOS,Confirmacao_Protocolo,Resolvido_Bot,"11,6",,"30288,49"
CVX-002807,2026-02-14 14:45:45,App,Auto,Varejo,Sudeste,Android,Upload_Fotos_Documentos,Escalado_Humano,"39,1",4,"11365,73"
CVX-003545,2026-02-14 15:13:45,WhatsApp,Residencial,Varejo,Sul,iOS,Confirmacao_Protocolo,Resolvido_Bot,"9,2",5,"17055,88"
CVX-003107,2026-02-14 15:25:39,WhatsApp,Auto,Varejo,Sudeste,Android,Upload_Fotos_Documentos,Escalado_Humano,"28,6",4,"8015,3"
CVX-004628,2026-02-14 15:25:39,WhatsApp,Auto,Premium,Nordeste,iOS,Confirmacao_Protocolo,Resolvido_Bot,"6,9",3,300
CVX-003592,2026-02-14 15:42:15,WhatsApp,Vida,Varejo,Sul,Android,Upload_Fotos_Documentos,Escalado_Humano,"40,9",,"23740,66"
CVX-006289,2026-02-14 16:43:09,WhatsApp,Auto,Corporativo,Nordeste,Android,Confirmacao_Protocolo,Resolvido_Bot,"11,5",3,"17019,14"
CVX-003449,2026-02-14 16:47:05,App,Auto,Varejo,Sudeste,Android,Upload_Fotos_Documentos,Abandonado,,,"12662,22"
CVX-001886,2026-02-14 16:56:33,WhatsApp,Vida,Premium,Sul,Android,Validacao_Apolice,Escalado_Humano,"26,7",4,
CVX-005558,2026-02-14 17:00:48,WhatsApp,Auto,Premium,Norte,iOS,Coleta_Dados_Sinistro,Abandonado,,,"7255,78"
CVX-001787,2026-02-14 17:03:47,WhatsApp,Residencial,Varejo,Sudeste,Android,Confirmacao_Protocolo,Resolvido_Bot,11,4,"14789,69"
CVX-001288,2026-02-14 17:09:43,WhatsApp,Auto,Varejo,Sul,Android,Confirmacao_Protocolo,Resolvido_Bot,"10,3",5,"3471,87"
CVX-005267,2026-02-14 17:26:53,WhatsApp,Residencial,Varejo,Sudeste,iOS,Confirmacao_Protocolo,Resolvido_bot ,"11,3",4,"7049,23"
CVX-003707,2026-02-14 17:31:33,WhatsApp,Auto,Premium,Sudeste,Android,Upload_Fotos_Documentos,ABANDONADO ,,,"7374,08"
CVX-002587,2026-02-14 17:40:46,WhatsApp,Vida,Corporativo,Nordeste,Android,Confirmacao_Protocolo,Resolvido_Bot,"10,4",3,"60555,09"
CVX-002128,2026-02-14 17:49:37,WhatsApp,Vida,Varejo,Centro-Oeste,Android,Upload_Fotos_Documentos,Abandonado,,,"23359,35"
CVX-006661,2026-02-14 17:52:19,WhatsApp,Auto,Varejo,Nordeste,Android,Validacao_Apolice,Escalado_Humano,"34,2",3,
CVX-005291,2026-02-14 17:58:43,WhatsApp,Auto,Varejo,Sudeste,Android,Confirmacao_Protocolo,Resolvido_Bot,"2,6",5,11133
CVX-002169,2026-02-14 18:03:25,WhatsApp,Residencial,Varejo,Nordeste,Android,Inicio_Saudacao,Abandonado,,,
CVX-004456,2026-02-14 18:04:33,WhatsApp,Auto,Varejo,Norte,iOS,Confirmacao_Protocolo,Resolvido_Bot,"11,1",5,"9192,35"
CVX-003366,2026-02-14 18:05:57,WhatsApp,Auto,Varejo,Sudeste,Android,Validacao_Apolice,escalado_humano,"45,6",2,
CVX-003354,2026-02-14 18:06:23,WhatsApp,Residencial,Varejo,Sudeste,iOS,Confirmacao_Protocolo,Resolvido_Bot,"5,5",4,"16477,73"
CVX-005304,2026-02-14 18:24:44,App,Vida,Premium,Sul,iOS,Confirmacao_Protocolo,Resolvido_Bot,"6,8",4,"39575,48"
CVX-005170,2026-02-14 18:31:33,WhatsApp,Residencial,Corporativo,Sul,iOS,Confirmacao_Protocolo,Resolvido_Bot,"11,3",4,"7330,85"
CVX-006065,2026-02-14 19:27:09,App,Vida,Varejo,Sul,Android,Validacao_Apolice,Escalado_Humano,"46,6",4,
CVX-004986,2026-02-14 19:30:09,WhatsApp,Auto,Premium,Norte,iOS,Confirmacao_Protocolo,Resolvido_Bot,"6,8",5,"7746,87"
CVX-001325,2026-02-14 19:45:33,WhatsApp,Auto,Varejo,Sudeste,iOS,Confirmacao_Protocolo,Resolvido_Bot,"14,6",5,"10423,51"
CVX-002409,2026-02-14 19:47:07,WhatsApp,Vida,Corporativo,Sul,Android,Upload_Fotos_Documentos,Escalado_Humano,"46,4",4,"55347,89"
CVX-006878,2026-02-14 19:56:00,WhatsApp,Residencial,Premium,Sul,Android,Confirmacao_Protocolo,Resolvido_Bot,"6,1",2,"17805,76"
CVX-006740,2026-02-14 20:50:10,WhatsApp,Auto,Varejo,Sudeste,Android,Confirmacao_Protocolo,Resolvido_Bot,"8,6",5,"5950,6"
CVX-000989,2026-02-15 8:12:47,WhatsApp,Residencial,Varejo,Sudeste,iOS,Confirmacao_Protocolo,Resolvido_Bot,"18,7",5,"11322,6"
CVX-003768,2026-02-15 8:19:14,WhatsApp,Auto,Varejo,Sul,iOS,Validacao_Apolice,Escalado_Humano,"61,3",3,
CVX-005531,2026-02-15 8:45:47,App,Vida,Corporativo,Sudeste,Android,Analise_Automatica,Escalado_Humano,"48,6",,"21730,61"
CVX-003341,2026-02-15 9:06:02,WhatsApp,Auto,Premium,Sudeste,iOS,Inicio_Saudacao,Abandonado,,,
CVX-000987,2026-02-15 9:09:53,App,Vida,Premium,Nordeste,Android,Validacao_Apolice,Abandonado,,,
CVX-006813,2026-02-15 9:14:43,WhatsApp,Auto,Varejo,Nordeste,Android,Confirmacao_Protocolo,Resolvido_Bot,"8,6",4,"5627,99"
CVX-006525,2026-02-15 9:30:24,WhatsApp,Auto,Varejo,Nordeste,iOS,Validacao_Apolice,Escalado_Humano,"56,4",2,
CVX-000588,2026-02-15 9:52:40,WhatsApp,Vida,Corporativo,Sul,iOS,Validacao_Apolice,Abandonado,,,
CVX-000571,2026-02-15 10:18:18,App,Residencial,Varejo,Sudeste,Android,Validacao_Apolice,Escalado_Humano,"37,9",3,
CVX-000580,2026-02-15 10:26:02,WhatsApp,Vida,Varejo,Nordeste,Android,Confirmacao_Protocolo,Resolvido_Bot,"8,9",4,"2264,89"
CVX-006844,2026-02-15 10:26:29,WhatsApp,Vida,Varejo,Sudeste,iOS,Upload_Fotos_Documentos,Abandonado,,,"43183,64"
CVX-002050,2026-02-15 11:11:05,WhatsApp,Auto,Premium,Centro-Oeste,iOS,Validacao_Apolice,Escalado_Humano,"33,2",3,
CVX-004926,2026-02-15 11:33:30,WhatsApp,Vida,Varejo,Sudeste,Android,Confirmacao_Protocolo,Resolvido_Bot,8,4,"14838,04"
CVX-002283,2026-02-15 11:53:02,WhatsApp,Auto,Varejo,Sudeste,Android,Confirmacao_Protocolo,Resolvido_Bot,"7,2",5,"8205,46"
CVX-002628,2026-02-15 12:00:28,WhatsApp,Residencial,Varejo,Sul,iOS,Confirmacao_Protocolo,Resolvido_Bot,"9,2",5,"13863,88"
CVX-001993,2026-02-15 12:27:19,WhatsApp,Auto,Varejo,Sudeste,iOS,Confirmacao_Protocolo,Resolvido_Bot,"6,1",5,"7449,59"
CVX-005984,2026-02-15 12:30:25,WhatsApp,Auto,Premium,Sul,Android,Analise_Automatica,Abandonado,,,"15121,92"
CVX-003265,2026-02-15 12:55:44,WhatsApp,Auto,Premium,Sudeste,iOS,Coleta_Dados_Sinistro,Abandonado,,,"11078,16"
CVX-002543,2026-02-15 13:01:43,WhatsApp,Vida,Varejo,Sul,iOS,Confirmacao_Protocolo,Resolvido_Bot,"9,1",4,"31889,3"
CVX-000950,2026-02-15 13:02:05,WhatsApp,Auto,Varejo,Sudeste,iOS,Confirmacao_Protocolo,Resolvido_Bot,"12,6",,"8032,6"
CVX-004733,2026-02-15 13:08:47,WhatsApp,Vida,Premium,Centro-Oeste,Android,Upload_Fotos_Documentos,Abandonado,,,"77624,95"
CVX-004703,2026-02-15 13:34:00,WhatsApp,Auto,Premium,Sul,Android,Validacao_Apolice,Escalado_Humano,13,4,
CVX-000665,2026-02-15 13:36:59,WhatsApp,Auto,Premium,Sul,Android,Validacao_Apolice,Escalado_Humano,"35,3",5,
CVX-002956,2026-02-15 13:50:26,WhatsApp,Residencial,Premium,Sudeste,Android,Validacao_Apolice,Escalado_Humano,"33,7",4,
CVX-004251,2026-02-15 14:08:54,WhatsApp,Vida,Varejo,Sul,iOS,Confirmacao_Protocolo,Resolvido_Bot,"11,3",,"35113,14"
CVX-006124,2026-02-15 14:17:34,WhatsApp,Auto,Varejo,Sudeste,Android,Upload_Fotos_Documentos,Escalado_Humano,"32,1",3,"10648,24"
CVX-006644,2026-02-15 14:50:16,WhatsApp,Auto,Varejo,Sul,Android,Confirmacao_Protocolo,Resolvido_Bot,8,5,"7646,36"
CVX-005341,2026-02-15 15:06:43,WhatsApp,Auto,Varejo,Sudeste,iOS,Validacao_Apolice,Escalado_Humano,"27,4",4,
CVX-004668,2026-02-15 15:58:01,WhatsApp,Vida,Premium,Sudeste,Android,Confirmacao_Protocolo,Resolvido_Bot,"8,6",,"56296,21"
CVX-002127,2026-02-15 16:10:39,WhatsApp,Residencial,Varejo,Sul,Android,Confirmacao_Protocolo,Resolvido_Bot,"7,9",,"10264,24"
CVX-004726,2026-02-15 16:11:53,WhatsApp,Auto,Corporativo,Sudeste,Android,Confirmacao_Protocolo,Resolvido_Bot,"11,2",5,"14480,33"
CVX-006697,2026-02-15 16:39:45,WhatsApp,Vida,Varejo,Sul,Android,Analise_Automatica,Abandonado,,,"32658,24"
CVX-001015,2026-02-15 16:46:25,WhatsApp,Auto,Varejo,Sudeste,Android,Confirmacao_Protocolo,Resolvido_Bot,"5,4",,"14863,74"
CVX-003422,2026-02-15 17:20:39,WhatsApp,Auto,Premium,Nordeste,iOS,Confirmacao_Protocolo,Resolvido_Bot,"7,7",,"8945,06"
CVX-003937,2026-02-15 17:22:52,WhatsApp,Auto,Corporativo,Sul,Android,Validacao_Apolice,Escalado_Humano,"44,8",5,
CVX-003446,2026-02-15 17:27:48,WhatsApp,Auto,Corporativo,Nordeste,Android,Upload_Fotos_Documentos,abandono,,,"7318,71"
CVX-002680,2026-02-15 17:32:08,App,Residencial,Varejo,Centro-Oeste,Android,Confirmacao_Protocolo,Resolvido_Bot,"14,1",,"14436,97"
CVX-000891,2026-02-15 17:35:10,WhatsApp,Auto,Premium,Sudeste,Android,Coleta_Dados_Sinistro,Abandonado,,,"7746,65"
CVX-002231,2026-02-15 17:36:54,App,Residencial,Varejo,Sudeste,Android,Validacao_Apolice,Escalado_Humano,"40,7",,
CVX-001717,2026-02-15 17:37:57,WhatsApp,Vida,Varejo,Sudeste,iOS,Confirmacao_Protocolo,Resolvido_Bot,"8,8",3,"49146,48"
CVX-003077,2026-02-15 17:39:24,WhatsApp,Auto,Varejo,Sudeste,Android,Validacao_Apolice,Escalado_Humano,"40,2",3,
CVX-006421,2026-02-15 17:50:46,WhatsApp,Auto,Varejo,Sudeste,iOS,Upload_Fotos_Documentos,Abandonado,,,"10642,37"
CVX-002109,2026-02-15 17:59:36,WhatsApp,Auto,Varejo,Centro-Oeste,iOS,Confirmacao_Protocolo,Resolvido_Bot,"6,3",5,"9958,25"
CVX-006856,2026-02-15 18:12:05,App,Auto,Varejo,Sul,iOS,Coleta_Dados_Sinistro,Abandonado,,,"5046,92"
CVX-003999,2026-02-15 18:16:23,WhatsApp,Residencial,Varejo,Sul,Android,Validacao_Apolice,Escalado_Humano,42,3,
CVX-000686,2026-02-15 19:24:46,WhatsApp,Auto,Premium,Centro-Oeste,Android,Confirmacao_Protocolo,Resolvido_Bot,"4,7",,"6993,98"
CVX-001102,2026-02-15 19:29:41,WhatsApp,Auto,Varejo,Sudeste,Android,Confirmacao_Protocolo,Resolvido_Bot,10,,"7008,64"
CVX-006338,2026-02-15 19:36:22,WhatsApp,Residencial,Varejo,Sul,iOS,Upload_Fotos_Documentos,Abandonado,,,"13016,81"
CVX-002470,2026-02-15 19:37:06,WhatsApp,Auto,Varejo,Sul,Android,Confirmacao_Protocolo,Resolvido_Bot,"5,7",5,"6748,94"
CVX-001037,2026-02-15 19:50:30,WhatsApp,Auto,Varejo,Centro-Oeste,iOS,Confirmacao_Protocolo,Resolvido_Bot,"5,5",,"6703,49"
CVX-004884,2026-02-15 20:19:41,WhatsApp,Residencial,Varejo,Sul,Android,Confirmacao_Protocolo,Resolvido_Bot,10,5,"15484,24"
CVX-004637,2026-02-15 20:20:37,WhatsApp,Vida,Varejo,Sul,iOS,Validacao_Apolice,Escalado_Humano,"25,7",3,
CVX-002484,2026-02-15 20:27:13,WhatsApp,Auto,Varejo,Nordeste,iOS,Confirmacao_Protocolo,Resolvido_Bot,"4,5",,"4598,95"
CVX-002096,2026-02-15 20:42:50,WhatsApp,Vida,Varejo,Nordeste,Android,Confirmacao_Protocolo,Resolvido_Bot,"9,3",4,"48167,79"
CVX-006163,2026-02-15 20:45:41,WhatsApp,Residencial,Corporativo,Sudeste,Android,Confirmacao_Protocolo,Resolvido_Bot,"9,1",5,"16396,31"
CVX-001370,2026-02-16 8:18:34,WhatsApp,Auto,Varejo,Nordeste,Android,Confirmacao_Protocolo,Resolvido_Bot,9,4,"11733,83"
CVX-001755,2026-02-16 8:38:24,WhatsApp,Auto,Premium,Sudeste,Android,Coleta_Dados_Sinistro,Escalado_Humano,"35,7",3,"7599,59"
CVX-006771,2026-02-16 8:51:53,WhatsApp,Vida,Varejo,Sul,Android,Coleta_Dados_Sinistro,Escalado_Humano,"32,5",4,"60929,6"
CVX-005330,2026-02-16 8:59:19,WhatsApp,Auto,Premium,Sudeste,Android,Confirmacao_Protocolo,Resolvido_Bot,"12,6",4,"10281,49"
CVX-005313,2026-02-16 9:00:48,WhatsApp,Residencial,Corporativo,Nordeste,Android,Coleta_Dados_Sinistro,Escalado_Humano,"21,3",,"15439,56"
CVX-006089,2026-02-16 9:22:55,WhatsApp,Auto,Varejo,Centro-Oeste,iOS,Upload_Fotos_Documentos,Abandonado,,,"7853,03"
CVX-000618,2026-02-16 9:38:36,WhatsApp,Auto,Varejo,Norte,Android,Confirmacao_Protocolo,Resolvido_Bot,"9,3",,"6744,1"
CVX-006169,2026-02-16 9:41:15,WhatsApp,Residencial,Varejo,Nordeste,iOS,Confirmacao_Protocolo,Resolvido_Bot,"10,4",,"21437,97"
CVX-003362,2026-02-16 9:45:54,WhatsApp,Residencial,Varejo,Centro-Oeste,Android,Validacao_Apolice,Abandonado,,,
CVX-003789,2026-02-16 10:34:49,WhatsApp,Auto,Premium,Sudeste,iOS,Confirmacao_Protocolo,Resolvido_Bot,"8,7",4,"7765,22"
CVX-005079,2026-02-16 10:44:37,WhatsApp,Auto,Varejo,Sudeste,Android,Confirmacao_Protocolo,Resolvido_Bot,"11,3",4,"12054,09"
CVX-006874,2026-02-16 11:00:03,WhatsApp,Auto,Varejo,Sul,Android,Confirmacao_Protocolo,Resolvido_Bot,"12,6",,"7349,02"
CVX-005534,2026-02-16 11:15:03,WhatsApp,Auto,Varejo,Sudeste,Android,Confirmacao_Protocolo,Resolvido_Bot,"5,2",,"10527,36"
CVX-003864,2026-02-16 11:39:22,WhatsApp,Residencial,Varejo,Sul,Android,Confirmacao_Protocolo,Resolvido_Bot,"10,6",,12211
CVX-005093,2026-02-16 11:48:02,WhatsApp,Auto,Premium,Sul,Android,Confirmacao_Protocolo,resolvido_bot,"8,8",,"10710,37"
CVX-000796,2026-02-16 12:09:08,WhatsApp,Vida,Varejo,Sudeste,Android,Confirmacao_Protocolo,Resolvido_Bot,"4,1",,"64232,06"
CVX-003965,2026-02-16 12:13:10,WhatsApp,Auto,Varejo,Sudeste,iOS,Confirmacao_Protocolo,Resolvido_Bot,"3,2",5,"4651,99"
CVX-005978,2026-02-16 12:24:48,WhatsApp,Auto,Varejo,Nordeste,iOS,Upload_Fotos_Documentos,Abandonado,,,"11534,54"
CVX-001295,2026-02-16 12:27:41,WhatsApp,Auto,Corporativo,Nordeste,iOS,Coleta_Dados_Sinistro,Abandonado,,,"6991,27"
CVX-004304,2026-02-16 12:33:05,WhatsApp,Auto,Premium,Sudeste,Android,Confirmacao_Protocolo,Resolvido_Bot,"6,7",,"6679,71"
CVX-005769,2026-02-16 12:36:33,WhatsApp,Auto,Premium,Nordeste,Android,Upload_Fotos_Documentos,Abandonado,,,"15971,4"
CVX-005072,2026-02-16 12:36:47,App,Auto,Varejo,Sudeste,Android,Confirmacao_Protocolo,Resolvido_Bot,"5,3",4,"3009,86"
CVX-001455,2026-02-16 12:50:44,WhatsApp,Residencial,Varejo,Nordeste,iOS,Upload_Fotos_Documentos,Abandonado,,,"20363,01"
CVX-006480,2026-02-16 13:12:50,App,Vida,Varejo,Sudeste,Android,Confirmacao_Protocolo,Resolvido_Bot,"7,9",5,"62989,18"
CVX-005553,2026-02-16 13:20:32,App,Residencial,Premium,Sul,Android,Confirmacao_Protocolo,Resolvido_Bot,"7,3",5,"13216,27"
CVX-006596,2026-02-16 13:30:43,WhatsApp,Vida,Premium,Sudeste,Android,Confirmacao_Protocolo,Resolvido_Bot,"10,4",4,"54282,22"
CVX-000656,2026-02-16 13:34:25,WhatsApp,Auto,Varejo,Sul,Android,Confirmacao_Protocolo,Resolvido_Bot,11,4,"14399,03"
CVX-002784,2026-02-16 13:39:15,WhatsApp,Auto,Varejo,Sul,iOS,Validacao_Apolice,Escalado_Humano,"36,5",5,
CVX-006309,2026-02-16 13:45:40,WhatsApp,Auto,Corporativo,Nordeste,Android,Validacao_Apolice,Abandonado,,,
CVX-002088,2026-02-16 13:57:04,WhatsApp,Auto,Varejo,Sul,Android,Upload_Fotos_Documentos,Abandonado,,,"5190,3"
CVX-005315,2026-02-16 13:57:29,WhatsApp,Vida,Varejo,Sudeste,Android,Confirmacao_Protocolo,Resolvido_bot ,"10,4",4,"48169,65"
CVX-005483,2026-02-16 13:58:05,WhatsApp,Residencial,Varejo,Sudeste,iOS,Inicio_Saudacao,Abandonado,,,
CVX-001779,2026-02-16 14:07:33,WhatsApp,Auto,Premium,Nordeste,Android,Upload_Fotos_Documentos,Escalado_Humano,32,3,"9155,86"
CVX-003553,2026-02-16 14:34:52,App,Residencial,Varejo,Sudeste,iOS,Validacao_Apolice,Escalado_Humano,"42,5",2,
CVX-002033,2026-02-16 14:39:48,WhatsApp,Residencial,Varejo,Sudeste,iOS,Validacao_Apolice,Escalado_Humano,"29,9",,
CVX-001499,2026-02-16 15:24:05,WhatsApp,Residencial,Varejo,Sudeste,Android,Analise_Automatica,Abandonado,,,"21742,87"
CVX-004717,2026-02-16 15:24:24,WhatsApp,Residencial,Premium,Sul,Android,Validacao_Apolice,Escalado_Humano,29,5,
CVX-006361,2026-02-16 15:41:11,WhatsApp,Auto,Varejo,Nordeste,iOS,Validacao_Apolice,Escalado_Humano,55,4,
CVX-003247,2026-02-16 16:21:32,WhatsApp,Auto,Varejo,Sudeste,Android,Confirmacao_Protocolo,Resolvido_Bot,"4,8",5,"8729,32"
CVX-003674,2026-02-16 16:25:31,WhatsApp,Vida,Varejo,Nordeste,Android,Upload_Fotos_Documentos,Abandonado,,,"40819,16"
CVX-004710,2026-02-16 16:55:07,WhatsApp,Residencial,Premium,Nordeste,Android,Confirmacao_Protocolo,Resolvido_Bot,"8,3",4,"25141,27"
CVX-003336,2026-02-16 16:57:16,WhatsApp,Residencial,Varejo,Sul,Android,Coleta_Dados_Sinistro,Abandonado,,,"14937,21"
CVX-003756,2026-02-16 16:58:31,App,Auto,Corporativo,Sul,iOS,Validacao_Apolice,Escalado_Humano,"46,2",3,
CVX-000134,2026-02-16 17:21:21,WhatsApp,Vida,Premium,Sudeste,Android,Upload_Fotos_Documentos,Abandonado,,,"58335,51"
CVX-005198,2026-02-16 17:27:09,WhatsApp,Auto,Premium,Sudeste,iOS,Confirmacao_Protocolo,Resolvido_Bot,"8,8",5,"7811,01"
CVX-002610,2026-02-16 17:46:49,WhatsApp,Auto,Varejo,Sudeste,Android,Upload_Fotos_Documentos,Abandonado,,,"7433,61"
CVX-003647,2026-02-16 17:47:20,WhatsApp,Auto,Varejo,Sudeste,Android,Upload_Fotos_Documentos,Abandonado,,,"5809,6"
CVX-001587,2026-02-16 18:26:25,WhatsApp,Residencial,Varejo,Sudeste,iOS,Validacao_Apolice,Abandonado,,,
CVX-004686,2026-02-16 18:52:10,WhatsApp,Auto,Varejo,Nordeste,Android,Confirmacao_Protocolo,Resolvido_Bot,"9,9",3,"14310,36"
CVX-005819,2026-02-16 18:53:01,WhatsApp,Auto,Corporativo,Sul,Android,Validacao_Apolice,Abandonado,,,
CVX-003687,2026-02-16 19:39:21,WhatsApp,Residencial,Varejo,Sul,Android,Confirmacao_Protocolo,Resolvido_Bot,"4,9",3,"8178,06"
CVX-001727,2026-02-16 19:39:39,WhatsApp,Auto,Corporativo,Centro-Oeste,Android,Confirmacao_Protocolo,Resolvido_Bot,"5,2",5,"12864,56"
CVX-006917,2026-02-16 19:52:59,WhatsApp,Vida,Corporativo,Sudeste,Android,Upload_Fotos_Documentos,ABANDONADO ,,,"66715,6"
CVX-005951,2026-02-16 20:04:41,WhatsApp,Residencial,Varejo,Sudeste,iOS,Analise_Automatica,Abandonado,,,"13737,81"
CVX-002250,2026-02-16 20:16:30,WhatsApp,Residencial,Varejo,Nordeste,iOS,Analise_Automatica,Escalado_Humano,"32,5",3,"12407,83"
CVX-004308,2026-02-16 20:38:26,WhatsApp,Auto,Premium,Sudeste,iOS,Upload_Fotos_Documentos,Escalado_Humano,"36,4",3,"10895,5"
CVX-003923,2026-02-16 20:43:42,WhatsApp,Auto,Varejo,Sudeste,Android,Confirmacao_Protocolo,Resolvido_Bot,"6,2",4,"4393,27"
CVX-005407,2026-02-17 8:04:36,WhatsApp,Residencial,Corporativo,Nordeste,Android,Upload_Fotos_Documentos,Abandonado,,,"11816,18"
CVX-006254,2026-02-17 8:08:35,WhatsApp,Auto,Varejo,Nordeste,Android,Confirmacao_Protocolo,RESOLVIDO_BOT,"8,1",5,"5694,92"
CVX-006686,2026-02-17 8:14:10,WhatsApp,Auto,Premium,Sudeste,Android,Confirmacao_Protocolo,Resolvido_Bot,"7,5",,"6385,55"
CVX-000022,2026-02-17 8:57:25,WhatsApp,Auto,Varejo,Sudeste,iOS,Validacao_Apolice,Escalado_Humano,"60,3",3,
CVX-004994,2026-02-17 8:59:57,WhatsApp,Residencial,Corporativo,Sul,iOS,Confirmacao_Protocolo,Resolvido_Bot,"4,5",5,"25340,04"
CVX-001281,2026-02-17 9:09:19,WhatsApp,Residencial,Premium,Sul,iOS,Confirmacao_Protocolo,RESOLVIDO_BOT,"7,5",5,"9393,79"
CVX-001141,2026-02-17 9:28:54,WhatsApp,Auto,Varejo,Sudeste,iOS,Confirmacao_Protocolo,Resolvido_Bot,"9,2",4,"5338,55"
CVX-006235,2026-02-17 9:42:01,WhatsApp,Auto,Varejo,Sul,iOS,Upload_Fotos_Documentos,Escalado_Humano,"52,2",4,"13764,38"
CVX-006178,2026-02-17 10:06:44,WhatsApp,Auto,Corporativo,Sul,Android,Coleta_Dados_Sinistro,Escalado_Humano,"31,6",3,"8401,19"
CVX-006961,2026-02-17 10:19:55,WhatsApp,Residencial,Varejo,Sul,iOS,Confirmacao_Protocolo,Resolvido_Bot,2,5,"20682,72"
CVX-002175,2026-02-17 10:45:19,WhatsApp,Residencial,Premium,Sudeste,Android,Upload_Fotos_Documentos,Abandonado,,,"8769,31"
CVX-006366,2026-02-17 10:45:53,WhatsApp,Residencial,Varejo,Sudeste,Android,Validacao_Apolice,Abandonado,,,
CVX-006153,2026-02-17 11:14:56,WhatsApp,Vida,Varejo,Nordeste,Android,Validacao_Apolice,Escalado_Humano,"29,6",5,
CVX-004395,2026-02-17 11:38:31,WhatsApp,Vida,Premium,Nordeste,Android,Confirmacao_Protocolo,Resolvido_Bot,"7,4",,"56530,16"
CVX-006866,2026-02-17 11:40:37,WhatsApp,Auto,Premium,Sul,Android,Confirmacao_Protocolo,Resolvido_Bot,"8,8",5,"3767,3"
CVX-004496,2026-02-17 12:44:17,App,Auto,Varejo,Sudeste,iOS,Confirmacao_Protocolo,Resolvido_Bot,"12,5",5,"3547,74"
CVX-005448,2026-02-17 12:49:34,WhatsApp,Residencial,Varejo,Sudeste,Android,Confirmacao_Protocolo,Resolvido_Bot,"11,9",,"6459,89"
CVX-004999,2026-02-17 13:22:56,WhatsApp,Residencial,Varejo,Sudeste,Android,Upload_Fotos_Documentos,Abandonado,,,"6849,44"
CVX-005767,2026-02-17 13:35:55,WhatsApp,Auto,Varejo,Sudeste,Android,Confirmacao_Protocolo,Resolvido_Bot,"8,6",,"6309,49"
CVX-004282,2026-02-17 13:39:38,WhatsApp,Auto,Varejo,Sul,iOS,Confirmacao_Protocolo,Resolvido_Bot,"9,4",5,"10554,2"
CVX-001245,2026-02-17 13:54:46,WhatsApp,Auto,Varejo,Sul,Android,Validacao_Apolice,Escalado_Humano,"36,7",,
CVX-005068,2026-02-17 14:25:10,WhatsApp,Auto,Corporativo,Sudeste,Android,Inicio_Saudacao,Abandonado,,,
CVX-006078,2026-02-17 14:47:46,WhatsApp,Auto,Varejo,Nordeste,Android,Coleta_Dados_Sinistro,Escalado_Humano,"37,6",2,"11404,57"
CVX-002221,2026-02-17 15:14:27,WhatsApp,Auto,Corporativo,Sul,Android,Upload_Fotos_Documentos,Escalado_Humano,"48,6",4,"12708,95"
CVX-002776,2026-02-17 15:34:31,App,Auto,Varejo,Sudeste,Android,Confirmacao_Protocolo,Resolvido_Bot,"13,1",,"8508,04"
CVX-005420,2026-02-17 15:57:50,App,Auto,Varejo,Nordeste,Android,Confirmacao_Protocolo,Resolvido_Bot,"10,1",4,"8530,9"
CVX-002315,2026-02-17 16:13:03,WhatsApp,Residencial,Premium,Norte,Android,Upload_Fotos_Documentos,Abandonado,,,"7208,46"
CVX-003211,2026-02-17 16:22:40,WhatsApp,Vida,Corporativo,Nordeste,Android,Analise_Automatica,Abandonado,,,"51204,98"
CVX-005431,2026-02-17 16:28:03,WhatsApp,Auto,Varejo,Centro-Oeste,Android,Confirmacao_Protocolo,Resolvido_Bot,"5,6",5,"7408,38"
CVX-003217,2026-02-17 16:29:58,WhatsApp,Auto,Corporativo,Centro-Oeste,Android,Validacao_Apolice,Escalado_Humano,"41,4",3,
CVX-006562,2026-02-17 16:43:36,WhatsApp,Residencial,Varejo,Sul,Android,Confirmacao_Protocolo,Resolvido_Bot,13,4,"9980,81"
CVX-003356,2026-02-17 16:44:22,WhatsApp,Auto,Varejo,Norte,Android,Upload_Fotos_Documentos,Abandonado,,,"11495,8"
CVX-001527,2026-02-17 16:48:37,App,Auto,Varejo,Nordeste,iOS,Confirmacao_Protocolo,Resolvido_Bot,"9,4",5,"12033,62"
CVX-003153,2026-02-17 16:50:03,WhatsApp,Vida,Premium,Sudeste,Android,Coleta_Dados_Sinistro,Escalado_Humano,"41,5",,"40105,55"
CVX-001703,2026-02-17 16:52:48,WhatsApp,Auto,Premium,Sudeste,Android,Validacao_Apolice,Abandonado,,,
CVX-002723,2026-02-17 17:07:32,WhatsApp,Auto,Varejo,Sul,Android,Inicio_Saudacao,Abandonado,,,
CVX-002393,2026-02-17 17:26:11,WhatsApp,Residencial,Varejo,Nordeste,Android,Confirmacao_Protocolo,Resolvido_Bot,"8,8",,"7956,23"
CVX-004212,2026-02-17 17:28:40,WhatsApp,Residencial,Varejo,Sudeste,Android,Validacao_Apolice,Escalado_Humano,"45,1",,
CVX-004032,2026-02-17 18:58:44,WhatsApp,Auto,Varejo,Sul,iOS,Confirmacao_Protocolo,Resolvido_Bot,"8,6",,"5781,28"
CVX-003239,2026-02-17 19:20:02,App,Residencial,Corporativo,Sul,iOS,Analise_Automatica,Escalado_Humano,"30,4",4,"19422,23"
CVX-004002,2026-02-17 19:21:27,App,Auto,Premium,Norte,Android,Confirmacao_Protocolo,Resolvido_Bot,10,5,"6154,46"
CVX-002087,2026-02-17 19:29:21,WhatsApp,Auto,Varejo,Centro-Oeste,Android,Validacao_Apolice,escalado_humano,"40,1",,
CVX-001927,2026-02-17 19:38:06,WhatsApp,Residencial,Premium,Sudeste,iOS,Confirmacao_Protocolo,Resolvido_Bot,12,,"6559,07"
CVX-004545,2026-02-17 20:02:32,WhatsApp,Residencial,Varejo,Nordeste,Android,Confirmacao_Protocolo,Resolvido_Bot,"7,5",5,"17111,67"
CVX-006779,2026-02-17 20:08:32,WhatsApp,Vida,Premium,Nordeste,Android,Analise_Automatica,Escalado_Humano,"29,3",4,"7341,83"
CVX-005335,2026-02-17 20:22:26,WhatsApp,Vida,Premium,Norte,iOS,Confirmacao_Protocolo,Resolvido_Bot,"3,1",5,"66585,29"
CVX-003291,2026-02-17 20:35:51,WhatsApp,Residencial,Corporativo,Sudeste,iOS,Validacao_Apolice,Escalado_Humano,"20,1",,
CVX-002798,2026-02-17 20:46:27,WhatsApp,Vida,Varejo,Centro-Oeste,iOS,Validacao_Apolice,Escalado_Humano,"22,2",4,
CVX-005359,2026-02-18 9:31:33,WhatsApp,Residencial,Premium,Sudeste,Android,Upload_Fotos_Documentos,Escalado_Humano,"22,5",,"10467,96"
CVX-000569,2026-02-18 9:54:25,WhatsApp,Vida,Corporativo,Sudeste,Android,Confirmacao_Protocolo,Resolvido_Bot,"9,4",4,"49087,68"
CVX-004880,2026-02-18 10:18:29,App,Residencial,Varejo,Centro-Oeste,Android,Upload_Fotos_Documentos,Abandonado,,,"11648,25"
CVX-005562,2026-02-18 10:21:12,WhatsApp,Residencial,Premium,Norte,iOS,Validacao_Apolice,Escalado_Humano,"43,8",4,
CVX-000786,2026-02-18 10:48:33,WhatsApp,Auto,Varejo,Sudeste,iOS,Upload_Fotos_Documentos,Abandonado,,,"10135,48"
CVX-002929,2026-02-18 10:54:58,WhatsApp,Residencial,Premium,Nordeste,iOS,Coleta_Dados_Sinistro,Abandonado,,,"13398,59"
CVX-006742,2026-02-18 11:03:26,WhatsApp,Auto,Varejo,Sudeste,Android,Validacao_Apolice,Abandonado,,,
CVX-001543,2026-02-18 11:12:35,App,Residencial,Premium,Sudeste,Android,Validacao_Apolice,Abandonado,,,
CVX-003853,2026-02-18 11:16:17,WhatsApp,Residencial,Varejo,Sul,Android,Confirmacao_Protocolo,Resolvido_Bot,"12,8",4,"9555,62"
CVX-001924,2026-02-18 11:22:21,WhatsApp,Vida,Varejo,Norte,Android,Coleta_Dados_Sinistro,Escalado_Humano,"41,1",5,"59071,43"
CVX-003617,2026-02-18 11:24:56,WhatsApp,Auto,Varejo,Sudeste,iOS,Confirmacao_Protocolo,Resolvido_Bot,9,4,"12369,74"
CVX-002745,2026-02-18 11:32:55,WhatsApp,Residencial,Varejo,Nordeste,Android,Confirmacao_Protocolo,Resolvido_Bot,11,5,"17238,44"
CVX-005506,2026-02-18 12:10:19,App,Vida,Varejo,Sudeste,iOS,Coleta_Dados_Sinistro,Escalado_Humano,"44,9",,"55018,35"
CVX-001243,2026-02-18 12:12:19,App,Auto,Varejo,Sudeste,Android,Confirmacao_Protocolo,Resolvido_Bot,"8,7",,"6541,32"
CVX-003671,2026-02-18 12:31:21,WhatsApp,Auto,Varejo,Sudeste,iOS,Confirmacao_Protocolo,Resolvido_Bot,"6,9",5,"6108,91"
CVX-005986,2026-02-18 12:48:13,App,Auto,Varejo,Sudeste,iOS,Analise_Automatica,Escalado_Humano,"40,5",,"5254,66"
CVX-005484,2026-02-18 12:59:19,WhatsApp,Residencial,Premium,Sudeste,Android,Confirmacao_Protocolo,Resolvido_Bot,"12,9",,"5799,77"
CVX-000097,2026-02-18 13:24:57,WhatsApp,Auto,Premium,Sul,Android,Confirmacao_Protocolo,RESOLVIDO_BOT,"10,5",3,"2972,41"
CVX-003178,2026-02-18 14:19:13,WhatsApp,Residencial,Corporativo,Sudeste,Android,Confirmacao_Protocolo,Resolvido_Bot,"9,7",5,"11814,82"
CVX-003444,2026-02-18 14:24:30,WhatsApp,Residencial,Varejo,Nordeste,iOS,Upload_Fotos_Documentos,Abandonado,,,"13338,13"
CVX-003335,2026-02-18 14:25:26,WhatsApp,Auto,Varejo,Centro-Oeste,Android,Inicio_Saudacao,Abandonado,,,
CVX-005167,2026-02-18 14:41:36,WhatsApp,Auto,Premium,Sudeste,Android,Confirmacao_Protocolo,Resolvido_Bot,"8,1",5,"6744,28"
CVX-006901,2026-02-18 14:54:34,WhatsApp,Vida,Premium,Sudeste,Android,Upload_Fotos_Documentos,Abandonado,,,"64766,68"
CVX-002369,2026-02-18 14:57:14,WhatsApp,Vida,Varejo,Nordeste,Android,Coleta_Dados_Sinistro,Escalado_Humano,"36,7",,"41589,01"
CVX-000526,2026-02-18 15:06:24,WhatsApp,Vida,Varejo,Sudeste,iOS,Confirmacao_Protocolo,Resolvido_Bot,"8,3",5,"18474,48"
CVX-004753,2026-02-18 15:13:30,App,Residencial,Premium,Sudeste,iOS,Analise_Automatica,Escalado_Humano,"36,6",3,"14105,91"
CVX-005673,2026-02-18 15:31:39,WhatsApp,Residencial,Premium,Centro-Oeste,iOS,Confirmacao_Protocolo,Resolvido_Bot,"6,8",,"6617,42"
CVX-006972,2026-02-18 16:15:25,WhatsApp,Residencial,Corporativo,Sudeste,Android,Confirmacao_Protocolo,Resolvido_Bot,"8,1",4,"7510,95"
CVX-006671,2026-02-18 16:28:02,WhatsApp,Auto,Varejo,Nordeste,Android,Confirmacao_Protocolo,Resolvido_Bot,"11,2",5,"5382,14"
CVX-002375,2026-02-18 16:41:04,WhatsApp,Auto,Varejo,Sudeste,Android,Upload_Fotos_Documentos,Escalado_Humano,"36,5",,"5609,86"
CVX-005094,2026-02-18 16:46:05,WhatsApp,Residencial,Premium,Sudeste,Android,Confirmacao_Protocolo,Resolvido_Bot,"11,4",4,"16255,14"
CVX-001028,2026-02-18 17:04:40,WhatsApp,Auto,Varejo,Sudeste,iOS,Validacao_Apolice,Abandonado,,,
CVX-001425,2026-02-18 17:28:09,WhatsApp,Auto,Varejo,Centro-Oeste,iOS,Upload_Fotos_Documentos,Abandonado,,,"7564,33"
CVX-002091,2026-02-18 18:05:58,WhatsApp,Auto,Varejo,Sudeste,iOS,Coleta_Dados_Sinistro,Abandonado,,,"7178,89"
CVX-006109,2026-02-18 18:30:50,WhatsApp,Residencial,Varejo,Sudeste,Android,Validacao_Apolice,Escalado_Humano,"41,8",,
CVX-004049,2026-02-18 18:44:05,WhatsApp,Auto,Premium,Sul,Android,Upload_Fotos_Documentos,Abandonado,,,"939,04"
CVX-000314,2026-02-18 19:07:31,WhatsApp,Auto,Varejo,Nordeste,iOS,Confirmacao_Protocolo,Resolvido_Bot,"5,4",4,"10635,49"
CVX-000315,2026-02-18 19:13:46,WhatsApp,Residencial,Premium,Nordeste,iOS,Confirmacao_Protocolo,Resolvido_Bot,"9,2",4,"11799,95"
CVX-004540,2026-02-18 19:20:32,WhatsApp,Vida,Varejo,Sudeste,iOS,Upload_Fotos_Documentos,Abandonado,,,"50986,27"
CVX-004574,2026-02-18 19:20:34,WhatsApp,Residencial,Varejo,Nordeste,Android,Validacao_Apolice,Escalado_Humano,"57,9",3,
CVX-006122,2026-02-18 19:29:15,WhatsApp,Auto,Varejo,Nordeste,Android,Confirmacao_Protocolo,RESOLVIDO_BOT,"9,5",5,"7224,58"
CVX-006959,2026-02-18 19:35:05,WhatsApp,Residencial,Varejo,Sudeste,Android,Upload_Fotos_Documentos,Abandonado,,,"10991,22"
CVX-000680,2026-02-18 19:43:29,WhatsApp,Residencial,Varejo,Norte,Android,Upload_Fotos_Documentos,Abandonado,,,"20907,94"
CVX-005654,2026-02-18 19:49:25,WhatsApp,Vida,Premium,Sudeste,Android,Confirmacao_Protocolo,Resolvido_Bot,2,4,"66540,53"
CVX-004937,2026-02-18 20:03:35,WhatsApp,Auto,Varejo,Sudeste,Android,Validacao_Apolice,Escalado_Humano,"36,9",2,
CVX-005825,2026-02-18 20:08:34,WhatsApp,Auto,Varejo,Nordeste,Android,Validacao_Apolice,Escalado_Humano,"53,3",3,
CVX-000499,2026-02-18 20:38:44,WhatsApp,Vida,Varejo,Sudeste,Android,Validacao_Apolice,Escalado_Humano,"52,6",,
CVX-004959,2026-02-18 20:49:09,WhatsApp,Auto,Varejo,Sudeste,Android,Confirmacao_Protocolo,RESOLVIDO_BOT,"10,9",4,"5845,23"
CVX-000373,2026-02-18 20:56:18,WhatsApp,Auto,Premium,Sudeste,Android,Confirmacao_Protocolo,Resolvido_Bot,"6,2",,"12925,09"
CVX-000932,2026-02-19 8:02:42,WhatsApp,Residencial,Varejo,Sudeste,Android,Confirmacao_Protocolo,resolvido_bot,"6,6",4,"13040,86"
CVX-002523,2026-02-19 8:34:30,WhatsApp,Auto,Corporativo,Sul,Android,Confirmacao_Protocolo,Resolvido_Bot,"5,5",3,"8588,55"
CVX-002839,2026-02-19 8:44:50,WhatsApp,Residencial,Varejo,Sul,Android,Confirmacao_Protocolo,resolvido_bot,"9,6",,"20932,08"
CVX-000288,2026-02-19 9:14:00,WhatsApp,Auto,Varejo,Sudeste,Android,Confirmacao_Protocolo,Resolvido_Bot,"10,9",4,"2995,99"
CVX-004967,2026-02-19 9:35:08,App,Residencial,Premium,Sul,Android,Confirmacao_Protocolo,Resolvido_Bot,"9,3",5,"21290,34"
CVX-006179,2026-02-19 10:12:08,App,Auto,Premium,Sudeste,Android,Confirmacao_Protocolo,Resolvido_Bot,"12,2",3,"8216,9"
CVX-001554,2026-02-19 10:36:22,WhatsApp,Residencial,Varejo,Sudeste,iOS,Coleta_Dados_Sinistro,Escalado_Humano,"51,3",3,"16310,59"
CVX-002338,2026-02-19 10:37:53,WhatsApp,Auto,Premium,Sudeste,iOS,Confirmacao_Protocolo,Resolvido_Bot,"6,4",4,"7860,93"
CVX-000249,2026-02-19 10:49:45,WhatsApp,Auto,Varejo,Sul,iOS,Validacao_Apolice,Abandonado,,,
CVX-002475,2026-02-19 12:11:05,WhatsApp,Auto,Varejo,Centro-Oeste,Android,Validacao_Apolice,Abandonado,,,
CVX-002239,2026-02-19 12:21:36,WhatsApp,Auto,Corporativo,Nordeste,Android,Validacao_Apolice,Escalado_Humano,"39,4",3,
CVX-004408,2026-02-19 12:34:46,WhatsApp,Auto,Premium,Nordeste,iOS,Upload_Fotos_Documentos,Abandonado,,,"3427,02"
CVX-006910,2026-02-19 12:50:13,WhatsApp,Vida,Varejo,Nordeste,Android,Coleta_Dados_Sinistro,Escalado_Humano,"36,1",5,"60099,05"
CVX-000034,2026-02-19 12:57:36,WhatsApp,Auto,Corporativo,Nordeste,Android,Coleta_Dados_Sinistro,Escalado_Humano,"32,2",4,"7848,44"
CVX-005539,2026-02-19 13:12:35,WhatsApp,Auto,Varejo,Nordeste,Android,Confirmacao_Protocolo,Resolvido_Bot,"9,6",4,"7535,8"
CVX-001348,2026-02-19 13:13:13,WhatsApp,Vida,Premium,Sudeste,Android,Upload_Fotos_Documentos,Escalado_Humano,"27,3",3,"83473,92"
CVX-006096,2026-02-19 13:34:04,WhatsApp,Auto,Varejo,Centro-Oeste,Android,Coleta_Dados_Sinistro,Escalado_Humano,"32,2",2,"8313,88"
CVX-003871,2026-02-19 14:06:00,WhatsApp,Residencial,Premium,Sudeste,iOS,Confirmacao_Protocolo,Resolvido_Bot,"15,4",4,"2888,4"
CVX-003905,2026-02-19 14:11:41,App,Auto,Premium,Centro-Oeste,iOS,Analise_Automatica,Escalado_Humano,"33,6",,"6079,24"
CVX-006852,2026-02-19 14:18:50,WhatsApp,Auto,Varejo,Sudeste,Android,Confirmacao_Protocolo,Resolvido_Bot,"7,7",5,"12394,08"
CVX-000187,2026-02-19 14:26:50,WhatsApp,Auto,Premium,Norte,Android,Validacao_Apolice,ESCALADO HUMANO,"46,6",,
CVX-004704,2026-02-19 14:35:27,WhatsApp,Auto,Varejo,Sudeste,iOS,Coleta_Dados_Sinistro,Escalado_Humano,"34,8",3,"10652,14"
CVX-001340,2026-02-19 14:39:07,WhatsApp,Auto,Varejo,Nordeste,Android,Confirmacao_Protocolo,Resolvido_Bot,"13,9",4,"6101,47"
CVX-005217,2026-02-19 15:36:47,WhatsApp,Residencial,Varejo,Sul,Android,Validacao_Apolice,Abandonado,,,
CVX-002020,2026-02-19 15:38:33,WhatsApp,Auto,Varejo,Sul,Android,Confirmacao_Protocolo,Resolvido_Bot,"8,9",5,"4922,94"
CVX-006791,2026-02-19 15:42:01,WhatsApp,Auto,Varejo,Sul,Android,Confirmacao_Protocolo,Resolvido_Bot,"11,6",5,"9648,39"
CVX-005682,2026-02-19 15:43:59,WhatsApp,Auto,Varejo,Sudeste,Android,Coleta_Dados_Sinistro,Escalado_Humano,"38,5",5,"9663,76"
CVX-001627,2026-02-19 15:51:50,WhatsApp,Auto,Varejo,Norte,Android,Confirmacao_Protocolo,Resolvido_Bot,"14,8",5,"10538,77"
CVX-001178,2026-02-19 16:02:01,App,Auto,Premium,Sudeste,iOS,Validacao_Apolice,Escalado_Humano,"36,7",4,
CVX-006499,2026-02-19 16:08:21,WhatsApp,Auto,Varejo,Nordeste,Android,Confirmacao_Protocolo,Resolvido_Bot,"10,3",4,"6762,96"
CVX-005949,2026-02-19 16:36:46,WhatsApp,Residencial,Varejo,Norte,Android,Upload_Fotos_Documentos,Abandonado,,,"9965,59"
CVX-005265,2026-02-19 16:57:18,WhatsApp,Auto,Premium,Sul,iOS,Confirmacao_Protocolo,Resolvido_Bot,7,3,"4292,04"
CVX-001327,2026-02-19 17:02:27,WhatsApp,Residencial,Varejo,Sul,iOS,Inicio_Saudacao,Abandonado,,,
CVX-000011,2026-02-19 17:44:07,WhatsApp,Residencial,Premium,Sudeste,iOS,Validacao_Apolice,Escalado_Humano,"36,2",4,
CVX-002479,2026-02-19 17:45:17,WhatsApp,Residencial,Varejo,Nordeste,iOS,Upload_Fotos_Documentos,Abandonado,,,300
CVX-004411,2026-02-19 18:05:33,WhatsApp,Residencial,Varejo,Sudeste,iOS,Confirmacao_Protocolo,Resolvido_Bot,"15,1",4,"21058,12"
CVX-000166,2026-02-19 18:20:02,WhatsApp,Auto,Varejo,Sudeste,Android,Validacao_Apolice,Abandonado,,,
CVX-001503,2026-02-19 18:20:46,WhatsApp,Vida,Varejo,Nordeste,Android,Confirmacao_Protocolo,Resolvido_Bot,"8,5",4,"51420,85"
CVX-003985,2026-02-19 18:46:40,WhatsApp,Residencial,Varejo,Sul,iOS,Confirmacao_Protocolo,Resolvido_Bot,"10,7",4,"16244,03"
CVX-000634,2026-02-19 19:18:06,App,Auto,Varejo,Sudeste,iOS,Confirmacao_Protocolo,Resolvido_Bot,"8,8",4,"9241,8"
CVX-000522,2026-02-19 19:29:30,App,Residencial,Varejo,Nordeste,Android,Upload_Fotos_Documentos,Abandonado,,,"10847,7"
CVX-006031,2026-02-19 19:46:50,WhatsApp,Residencial,Corporativo,Sudeste,Android,Confirmacao_Protocolo,Resolvido_Bot,"14,8",4,"10259,4"
CVX-004081,2026-02-19 19:48:12,WhatsApp,Auto,Corporativo,Sudeste,Android,Validacao_Apolice,Escalado_Humano,"42,8",3,
CVX-005644,2026-02-19 19:51:23,App,Auto,Corporativo,Sudeste,Android,Coleta_Dados_Sinistro,Abandonado,,,"12499,73"
CVX-003065,2026-02-19 19:51:41,WhatsApp,Residencial,Varejo,Sudeste,Android,Confirmacao_Protocolo,Resolvido_Bot,10,3,"14393,24"
CVX-002243,2026-02-19 20:16:42,WhatsApp,Auto,Varejo,Sudeste,Android,Upload_Fotos_Documentos,Abandonado,,,"9114,33"
CVX-001974,2026-02-19 20:17:03,WhatsApp,Auto,Varejo,Sul,Android,Coleta_Dados_Sinistro,Escalado_Humano,"46,4",3,"10717,76"
CVX-005680,2026-02-19 20:32:47,App,Residencial,Varejo,Sudeste,Android,Confirmacao_Protocolo,Resolvido_Bot,"7,2",3,"16105,66"
CVX-002546,2026-02-19 20:40:19,WhatsApp,Residencial,Varejo,Sudeste,Android,Confirmacao_Protocolo,Resolvido_Bot,"10,1",5,"21626,72"
CVX-004434,2026-02-19 20:45:29,WhatsApp,Auto,Premium,Sudeste,Android,Inicio_Saudacao,Abandonado,,,
CVX-001272,2026-02-20 8:02:00,WhatsApp,Auto,Premium,Sudeste,Android,Upload_Fotos_Documentos,Escalado_Humano,"37,6",3,"6566,74"
CVX-004447,2026-02-20 8:04:08,WhatsApp,Vida,Varejo,Sudeste,Android,Confirmacao_Protocolo,Resolvido_Bot,"7,6",,"27949,88"
CVX-006945,2026-02-20 8:09:25,WhatsApp,Residencial,Varejo,Sul,Android,Confirmacao_Protocolo,Resolvido_Bot,"7,5",4,"11523,91"
CVX-000874,2026-02-20 9:09:49,App,Auto,Varejo,Sudeste,Android,Confirmacao_Protocolo,Resolvido_bot ,"10,2",4,300
CVX-003524,2026-02-20 9:19:15,WhatsApp,Residencial,Varejo,Sul,iOS,Confirmacao_Protocolo,Resolvido_Bot,"2,4",5,"7023,72"
CVX-004426,2026-02-20 9:45:12,WhatsApp,Auto,Varejo,Sudeste,Android,Coleta_Dados_Sinistro,Abandonado,,,"14185,75"
CVX-005988,2026-02-20 9:49:12,App,Residencial,Corporativo,Centro-Oeste,Android,Confirmacao_Protocolo,RESOLVIDO_BOT,"7,7",,"3506,02"
CVX-005284,2026-02-20 9:53:54,WhatsApp,Auto,Varejo,Sudeste,iOS,Confirmacao_Protocolo,Resolvido_Bot,"11,5",,"9790,83"
CVX-006322,2026-02-20 9:54:14,App,Auto,Corporativo,Sul,Android,Coleta_Dados_Sinistro,Abandonado,,,"7217,85"
CVX-001460,2026-02-20 9:58:35,WhatsApp,Auto,Varejo,Norte,Android,Validacao_Apolice,Escalado_Humano,"42,1",,
CVX-006804,2026-02-20 9:59:12,WhatsApp,Auto,Varejo,Sudeste,Android,Confirmacao_Protocolo,Resolvido_Bot,"14,7",4,"9028,43"
CVX-006250,2026-02-20 10:07:32,WhatsApp,Residencial,Varejo,Nordeste,Android,Upload_Fotos_Documentos,Abandonado,,,"7607,06"
CVX-005996,2026-02-20 10:08:58,WhatsApp,Auto,Varejo,Centro-Oeste,Android,Analise_Automatica,Escalado_Humano,"25,6",5,"14822,49"
CVX-006112,2026-02-20 10:14:57,WhatsApp,Auto,Premium,Sudeste,iOS,Confirmacao_Protocolo,Resolvido_Bot,"10,2",4,"10190,98"
CVX-002125,2026-02-20 10:24:25,App,Auto,Varejo,Sudeste,Android,Upload_Fotos_Documentos,Escalado_Humano,"18,8",4,"8056,29"
CVX-006656,2026-02-20 10:30:39,WhatsApp,Auto,Varejo,Sudeste,iOS,Upload_Fotos_Documentos,Abandonado,,,"3533,15"
CVX-002851,2026-02-20 12:00:32,WhatsApp,Residencial,Premium,Nordeste,Android,Confirmacao_Protocolo,Resolvido_Bot,"13,5",,"12556,85"
CVX-004144,2026-02-20 12:10:54,WhatsApp,Auto,Corporativo,Sudeste,Android,Confirmacao_Protocolo,Resolvido_Bot,"10,9",4,"8264,93"
CVX-002850,2026-02-20 12:27:17,WhatsApp,Auto,Corporativo,Sudeste,iOS,Validacao_Apolice,Escalado_Humano,"40,8",2,
CVX-005752,2026-02-20 12:38:59,WhatsApp,Vida,Varejo,Sudeste,Android,Confirmacao_Protocolo,Resolvido_Bot,"8,3",4,"42629,65"
CVX-002028,2026-02-20 12:41:54,WhatsApp,Residencial,Premium,Sul,Android,Confirmacao_Protocolo,Resolvido_Bot,"7,4",,"15804,8"
CVX-000094,2026-02-20 12:57:53,WhatsApp,Residencial,Corporativo,Centro-Oeste,iOS,Validacao_Apolice,Escalado_Humano,"70,4",2,
CVX-001296,2026-02-20 13:00:18,WhatsApp,Vida,Premium,Sudeste,iOS,Upload_Fotos_Documentos,Abandonado,,,47040
CVX-003030,2026-02-20 13:07:20,WhatsApp,Vida,Corporativo,Sudeste,Android,Upload_Fotos_Documentos,Abandonado,,,"25823,84"
CVX-002253,2026-02-20 13:22:22,WhatsApp,Auto,Varejo,Nordeste,Android,Coleta_Dados_Sinistro,Abandonado,,,"7825,85"
CVX-000317,2026-02-20 13:51:46,WhatsApp,Residencial,Varejo,Sudeste,Android,Validacao_Apolice,Escalado_Humano,"19,8",3,
CVX-006556,2026-02-20 14:05:55,WhatsApp,Auto,Varejo,Sudeste,Android,Confirmacao_Protocolo,Resolvido_Bot,"7,3",5,"7317,61"
CVX-003041,2026-02-20 14:10:48,WhatsApp,Auto,Premium,Sudeste,Android,Inicio_Saudacao,Abandonado,,,
CVX-005841,2026-02-20 14:23:46,WhatsApp,Residencial,Corporativo,Sul,Android,Confirmacao_Protocolo,Resolvido_Bot,"6,2",4,"19680,72"
CVX-002692,2026-02-20 14:38:18,App,Residencial,Premium,Nordeste,Android,Confirmacao_Protocolo,Resolvido_Bot,"12,7",5,"22868,57"
CVX-006781,2026-02-20 14:50:32,WhatsApp,Auto,Premium,Nordeste,Android,Confirmacao_Protocolo,Resolvido_Bot,"6,1",3,"6828,68"
CVX-001982,2026-02-20 15:17:43,WhatsApp,Auto,Varejo,Norte,Android,Validacao_Apolice,Escalado_Humano,"51,3",3,
CVX-000379,2026-02-20 15:19:28,WhatsApp,Auto,Corporativo,Nordeste,Android,Confirmacao_Protocolo,Resolvido_Bot,"11,8",4,"7876,73"
CVX-005275,2026-02-20 16:42:36,WhatsApp,Auto,Varejo,Sudeste,iOS,Confirmacao_Protocolo,Resolvido_Bot,"9,7",5,"10421,68"
CVX-002332,2026-02-20 16:44:10,WhatsApp,Vida,Premium,Sudeste,Android,Validacao_Apolice,Abandonado,,,
CVX-000385,2026-02-20 16:59:32,App,Auto,Premium,Norte,iOS,Confirmacao_Protocolo,Resolvido_Bot,"14,7",5,"13376,9"
CVX-000886,2026-02-20 17:16:52,WhatsApp,Auto,Varejo,Sudeste,iOS,Confirmacao_Protocolo,Resolvido_Bot,"6,2",4,"5575,84"
CVX-002538,2026-02-20 17:30:20,WhatsApp,Auto,Varejo,Sudeste,iOS,Confirmacao_Protocolo,Resolvido_Bot,"10,4",5,"8553,99"
CVX-006213,2026-02-20 17:59:39,WhatsApp,Residencial,Premium,Sudeste,Android,Coleta_Dados_Sinistro,Escalado_Humano,"46,8",,"28322,24"
CVX-003690,2026-02-20 18:07:27,WhatsApp,Residencial,Premium,Sudeste,Android,Validacao_Apolice,Abandonado,,,
CVX-001614,2026-02-20 18:09:12,WhatsApp,Auto,Premium,Sudeste,iOS,Confirmacao_Protocolo,Resolvido_Bot,"7,3",5,"6379,05"
CVX-001712,2026-02-20 18:17:48,WhatsApp,Auto,Varejo,Sul,iOS,Confirmacao_Protocolo,Resolvido_Bot,"6,9",5,"11239,35"
CVX-003140,2026-02-20 18:19:21,WhatsApp,Auto,Corporativo,Nordeste,iOS,Confirmacao_Protocolo,Resolvido_Bot,"8,6",5,"10010,06"
CVX-006722,2026-02-20 18:42:10,WhatsApp,Residencial,Premium,Sul,Android,Validacao_Apolice,Escalado_Humano,"21,2",3,
CVX-006336,2026-02-20 18:44:35,WhatsApp,Auto,Premium,Centro-Oeste,Android,Coleta_Dados_Sinistro,Abandonado,,,"10170,62"
CVX-003669,2026-02-20 19:02:26,WhatsApp,Residencial,Varejo,Sudeste,Android,Confirmacao_Protocolo,RESOLVIDO_BOT,"5,9",5,"12192,93"
CVX-004039,2026-02-20 19:20:32,App,Auto,Varejo,Sul,Android,Confirmacao_Protocolo,Resolvido_Bot,"9,9",5,"5201,9"
CVX-005740,2026-02-20 20:01:26,App,Residencial,Varejo,Sul,iOS,Confirmacao_Protocolo,Resolvido_Bot,"17,7",,"18629,71"
CVX-002905,2026-02-20 20:34:49,WhatsApp,Auto,Varejo,Nordeste,iOS,Inicio_Saudacao,Abandonado,,,
CVX-002486,2026-02-20 20:55:47,WhatsApp,Auto,Varejo,Sudeste,iOS,Upload_Fotos_Documentos,Abandonado,,,"13151,25"
CVX-001362,2026-02-20 20:57:35,App,Auto,Premium,Sudeste,Android,Confirmacao_Protocolo,Resolvido_Bot,"12,3",5,"6289,56"
CVX-000859,2026-02-20 20:59:31,WhatsApp,Auto,Premium,Sudeste,Android,Confirmacao_Protocolo,Resolvido_Bot,"2,9",2,"10032,53"
CVX-006436,2026-02-21 8:00:00,WhatsApp,Auto,Varejo,Sul,Android,Confirmacao_Protocolo,Resolvido_Bot,"13,9",4,"5085,02"
CVX-002075,2026-02-21 8:35:10,WhatsApp,Vida,Varejo,Sul,Android,Validacao_Apolice,Abandonado,,,
CVX-002790,2026-02-21 8:47:28,App,Auto,Varejo,Centro-Oeste,Android,Validacao_Apolice,Escalado_Humano,33,4,
CVX-001546,2026-02-21 9:08:46,WhatsApp,Residencial,Varejo,Nordeste,Android,Confirmacao_Protocolo,Resolvido_Bot,"6,1",5,"9353,04"
CVX-000734,2026-02-21 10:12:09,WhatsApp,Residencial,Varejo,Sudeste,Android,Upload_Fotos_Documentos,Abandonado,,,"8163,73"
CVX-006726,2026-02-21 10:30:45,WhatsApp,Residencial,Varejo,Sul,iOS,Confirmacao_Protocolo,Resolvido_bot ,7,4,"17798,05"
CVX-001108,2026-02-21 10:52:30,WhatsApp,Residencial,Corporativo,Centro-Oeste,iOS,Validacao_Apolice,Escalado_Humano,59,3,
CVX-005582,2026-02-21 11:04:42,WhatsApp,Auto,Varejo,Centro-Oeste,Android,Confirmacao_Protocolo,Resolvido_Bot,"8,5",4,"4781,66"
CVX-002313,2026-02-21 11:16:12,WhatsApp,Residencial,Varejo,Norte,Android,Validacao_Apolice,Escalado_Humano,"46,5",,
CVX-006046,2026-02-21 12:03:13,WhatsApp,Residencial,Premium,Centro-Oeste,Android,Validacao_Apolice,Abandonado,,,
CVX-006283,2026-02-21 12:58:14,WhatsApp,Auto,Varejo,Centro-Oeste,Android,Confirmacao_Protocolo,Resolvido_Bot,"12,5",3,"10371,77"
CVX-005392,2026-02-21 12:58:34,WhatsApp,Auto,Corporativo,Sudeste,iOS,Validacao_Apolice,Escalado_Humano,"43,5",,
CVX-004921,2026-02-21 13:00:53,WhatsApp,Residencial,Varejo,Sudeste,Android,Confirmacao_Protocolo,Resolvido_Bot,"8,8",5,15240
CVX-002703,2026-02-21 13:19:34,WhatsApp,Vida,Varejo,Sudeste,Android,Coleta_Dados_Sinistro,Escalado_Humano,"50,2",,"34526,99"
CVX-006640,2026-02-21 13:25:33,WhatsApp,Vida,Varejo,Sudeste,Android,Validacao_Apolice,Escalado_Humano,"29,6",4,
CVX-001426,2026-02-21 13:32:16,WhatsApp,Auto,Varejo,Nordeste,iOS,Validacao_Apolice,Escalado_Humano,"50,2",,
CVX-002126,2026-02-21 15:04:24,WhatsApp,Auto,Varejo,Sudeste,Android,Validacao_Apolice,Escalado_Humano,"30,8",,
CVX-004879,2026-02-21 15:11:19,WhatsApp,Auto,Corporativo,Sul,iOS,Upload_Fotos_Documentos,Abandonado,,,"13688,92"
CVX-003587,2026-02-21 15:13:18,WhatsApp,Auto,Varejo,Sul,Android,Confirmacao_Protocolo,Resolvido_Bot,"10,7",,"9341,51"
CVX-002081,2026-02-21 15:23:11,WhatsApp,Auto,Corporativo,Sul,iOS,Upload_Fotos_Documentos,Escalado_Humano,"49,7",2,"8301,82"
CVX-005421,2026-02-21 15:30:57,WhatsApp,Vida,Varejo,Sudeste,Android,Coleta_Dados_Sinistro,Escalado_Humano,35,,"58528,33"
CVX-004913,2026-02-21 15:41:45,WhatsApp,Residencial,Premium,Sudeste,Android,Upload_Fotos_Documentos,Abandonado,,,"12267,08"
CVX-006776,2026-02-21 15:49:09,WhatsApp,Residencial,Varejo,Norte,Android,Validacao_Apolice,Escalado_Humano,"23,4",,
CVX-001287,2026-02-21 15:54:24,WhatsApp,Residencial,Corporativo,Sudeste,Android,Validacao_Apolice,Escalado_Humano,"63,8",3,
CVX-005403,2026-02-21 15:55:50,WhatsApp,Auto,Varejo,Centro-Oeste,iOS,Validacao_Apolice,Escalado_Humano,"45,4",5,
CVX-004141,2026-02-21 16:25:49,WhatsApp,Residencial,Premium,Centro-Oeste,iOS,Confirmacao_Protocolo,Resolvido_Bot,"6,9",,"5931,72"
CVX-003196,2026-02-21 16:26:33,WhatsApp,Auto,Corporativo,Sul,iOS,Confirmacao_Protocolo,Resolvido_Bot,"5,1",3,"10973,51"
CVX-003576,2026-02-21 16:34:13,WhatsApp,Auto,Varejo,Nordeste,Android,Confirmacao_Protocolo,Resolvido_Bot,9,5,"374,13"
CVX-006998,2026-02-21 16:35:11,WhatsApp,Auto,Premium,Nordeste,Android,Confirmacao_Protocolo,Resolvido_Bot,"11,3",5,"10037,41"
CVX-003914,2026-02-21 16:45:04,WhatsApp,Auto,Varejo,Sul,Android,Confirmacao_Protocolo,Resolvido_Bot,5,,"7323,64"
CVX-006782,2026-02-21 16:52:54,App,Auto,Premium,Sudeste,Android,Upload_Fotos_Documentos,Abandonado,,,"12120,38"
CVX-001300,2026-02-21 17:06:11,WhatsApp,Auto,Varejo,Sul,Android,Validacao_Apolice,Escalado_Humano,"49,9",3,
CVX-005182,2026-02-21 17:25:01,WhatsApp,Auto,Varejo,Sul,Android,Confirmacao_Protocolo,Resolvido_Bot,"8,1",,"12307,15"
CVX-003648,2026-02-21 17:35:29,App,Auto,Varejo,Nordeste,Android,Confirmacao_Protocolo,Resolvido_Bot,"9,6",4,"7878,57"
CVX-005641,2026-02-21 17:38:44,WhatsApp,Residencial,Varejo,Sudeste,Android,Confirmacao_Protocolo,Resolvido_Bot,"13,8",4,"17420,64"
CVX-003098,2026-02-21 17:40:00,WhatsApp,Auto,Premium,Sudeste,Android,Confirmacao_Protocolo,Resolvido_Bot,"11,1",5,"4133,95"
CVX-003854,2026-02-21 17:44:00,WhatsApp,Residencial,Premium,Norte,Android,Upload_Fotos_Documentos,Escalado_Humano,"28,3",4,"12259,27"
CVX-005971,2026-02-21 17:48:53,WhatsApp,Auto,Varejo,Sudeste,Android,Confirmacao_Protocolo,Resolvido_Bot,9,3,"8553,13"
CVX-006117,2026-02-21 17:52:49,WhatsApp,Auto,Corporativo,Sudeste,Android,Validacao_Apolice,Escalado_Humano,"45,1",4,
CVX-006770,2026-02-21 17:55:28,WhatsApp,Residencial,Varejo,Sul,Android,Confirmacao_Protocolo,Resolvido_Bot,"8,7",,"19492,72"
CVX-001214,2026-02-21 18:07:18,WhatsApp,Auto,Premium,Sudeste,iOS,Coleta_Dados_Sinistro,Abandonado,,,"11804,05"
CVX-001424,2026-02-21 18:07:53,WhatsApp,Auto,Corporativo,Nordeste,Android,Confirmacao_Protocolo,Resolvido_Bot,"8,1",,"6336,3"
CVX-003499,2026-02-21 18:18:08,WhatsApp,Residencial,Varejo,Sudeste,Android,Confirmacao_Protocolo,Resolvido_Bot,"11,4",5,"15482,63"
CVX-003816,2026-02-21 18:34:32,WhatsApp,Residencial,Varejo,Sudeste,Android,Validacao_Apolice,Escalado_Humano,"32,5",4,
CVX-000307,2026-02-21 18:54:23,WhatsApp,Auto,Varejo,Centro-Oeste,Android,Upload_Fotos_Documentos,Escalado_Humano,"30,7",3,"4723,9"
CVX-004124,2026-02-21 19:55:01,WhatsApp,Vida,Varejo,Centro-Oeste,Android,Coleta_Dados_Sinistro,escalado_humano,52,3,"54293,51"
CVX-000047,2026-02-21 20:02:24,WhatsApp,Auto,Varejo,Sudeste,Android,Coleta_Dados_Sinistro,Abandonado,,,"9376,15"
CVX-002245,2026-02-21 20:04:54,WhatsApp,Auto,Premium,Sudeste,Android,Confirmacao_Protocolo,Resolvido_Bot,"8,4",5,"6574,33"
CVX-002249,2026-02-21 20:11:46,WhatsApp,Auto,Varejo,Sul,Android,Confirmacao_Protocolo,Resolvido_Bot,"11,7",5,"10476,35"
CVX-000533,2026-02-21 20:36:11,App,Auto,Premium,Sudeste,Android,Analise_Automatica,ESCALADO HUMANO,"71,9",,"6736,7"
CVX-002901,2026-02-21 20:49:31,WhatsApp,Auto,Varejo,Sudeste,Android,Confirmacao_Protocolo,Resolvido_Bot,"9,1",,"8038,13"
CVX-004237,2026-02-21 20:56:32,WhatsApp,Auto,Varejo,Sudeste,Android,Upload_Fotos_Documentos,Escalado_Humano,"38,6",4,"4794,9"
CVX-002699,2026-02-22 8:09:24,WhatsApp,Auto,Corporativo,Sul,iOS,Confirmacao_Protocolo,Resolvido_Bot,"9,6",4,"4826,8"
CVX-005508,2026-02-22 8:15:44,WhatsApp,Auto,Premium,Sul,Android,Confirmacao_Protocolo,Resolvido_Bot,"12,4",5,"16269,44"
CVX-001187,2026-02-22 8:16:46,WhatsApp,Auto,Corporativo,Sudeste,iOS,Confirmacao_Protocolo,Resolvido_Bot,"8,5",3,"8615,09"
CVX-005316,2026-02-22 8:37:30,WhatsApp,Auto,Premium,Sudeste,Android,Validacao_Apolice,Escalado_Humano,"33,2",,
CVX-006964,2026-02-22 8:40:21,WhatsApp,Auto,Varejo,Norte,iOS,Coleta_Dados_Sinistro,Abandonado,,,"7455,67"
CVX-006047,2026-02-22 8:49:27,WhatsApp,Auto,Varejo,Centro-Oeste,Android,Analise_Automatica,Abandonado,,,"13623,95"
CVX-002663,2026-02-22 9:09:25,WhatsApp,Auto,Varejo,Sudeste,Android,Upload_Fotos_Documentos,Abandonado,,,"6854,39"
CVX-004071,2026-02-22 9:11:59,App,Residencial,Varejo,Centro-Oeste,Android,Validacao_Apolice,Escalado_Humano,"31,6",,
CVX-004600,2026-02-22 9:13:57,WhatsApp,Auto,Varejo,Centro-Oeste,Android,Confirmacao_Protocolo,Resolvido_Bot,2,5,"1868,48"
CVX-000877,2026-02-22 9:16:12,App,Residencial,Varejo,Nordeste,Android,Confirmacao_Protocolo,Resolvido_Bot,"5,4",3,"14747,71"
CVX-001690,2026-02-22 9:23:30,WhatsApp,Residencial,Premium,Sudeste,Android,Confirmacao_Protocolo,Resolvido_Bot,8,,"14897,85"
CVX-003350,2026-02-22 9:39:19,WhatsApp,Auto,Premium,Sul,iOS,Upload_Fotos_Documentos,Abandonado,,,"8064,96"
CVX-000220,2026-02-22 9:54:55,WhatsApp,Auto,Varejo,Nordeste,iOS,Validacao_Apolice,Escalado_Humano,"29,4",3,
CVX-005938,2026-02-22 10:20:07,App,Auto,Varejo,Sudeste,Android,Validacao_Apolice,Escalado_Humano,51,5,
CVX-001006,2026-02-22 10:26:48,WhatsApp,Residencial,Varejo,Nordeste,Android,Confirmacao_Protocolo,Resolvido_Bot,"5,1",,"12196,05"
CVX-002662,2026-02-22 10:29:34,WhatsApp,Auto,Varejo,Nordeste,Android,Validacao_Apolice,Escalado_Humano,"28,2",2,
CVX-001311,2026-02-22 10:41:18,App,Residencial,Varejo,Sudeste,Android,Validacao_Apolice,Escalado_Humano,47,4,
CVX-000276,2026-02-22 11:01:31,WhatsApp,Auto,Varejo,Centro-Oeste,iOS,Upload_Fotos_Documentos,Escalado_Humano,"50,4",,"6296,25"
CVX-000584,2026-02-22 11:28:19,WhatsApp,Residencial,Premium,Centro-Oeste,Android,Upload_Fotos_Documentos,Escalado_Humano,"42,4",4,"9991,1"
CVX-002673,2026-02-22 11:52:57,WhatsApp,Residencial,Premium,Sudeste,iOS,Confirmacao_Protocolo,Resolvido_Bot,"12,3",5,"21804,55"
CVX-004695,2026-02-22 11:57:09,WhatsApp,Auto,Premium,Sudeste,Android,Confirmacao_Protocolo,Resolvido_Bot,"9,2",5,"13537,49"
CVX-003021,2026-02-22 12:17:32,WhatsApp,Vida,Varejo,Sudeste,iOS,Upload_Fotos_Documentos,Escalado_Humano,"35,1",,"49490,48"
CVX-001070,2026-02-22 12:20:14,WhatsApp,Auto,Varejo,Sul,Android,Confirmacao_Protocolo,Resolvido_Bot,"6,2",,"14758,91"
CVX-004845,2026-02-22 12:25:54,WhatsApp,Auto,Premium,Sul,iOS,Confirmacao_Protocolo,Resolvido_Bot,"14,4",4,"8060,15"
CVX-004164,2026-02-22 12:41:16,WhatsApp,Residencial,Varejo,Nordeste,iOS,Confirmacao_Protocolo,Resolvido_Bot,"6,6",5,"5537,96"
CVX-002729,2026-02-22 12:56:26,WhatsApp,Auto,Varejo,Sul,iOS,Upload_Fotos_Documentos,Abandonado,,,"9068,18"
CVX-004036,2026-02-22 13:05:42,WhatsApp,Auto,Varejo,Sudeste,Android,Coleta_Dados_Sinistro,Abandonado,,,"7175,5"
CVX-002566,2026-02-22 13:06:48,WhatsApp,Residencial,Varejo,Sudeste,iOS,Analise_Automatica,Abandonado,,,"5712,57"
CVX-004320,2026-02-22 13:17:51,WhatsApp,Vida,Corporativo,Sul,Android,Validacao_Apolice,Escalado_Humano,"33,8",4,
CVX-000660,2026-02-22 13:32:33,WhatsApp,Auto,Premium,Sudeste,Android,Coleta_Dados_Sinistro,Escalado_Humano,"38,5",3,"7167,99"
CVX-006721,2026-02-22 13:38:14,WhatsApp,Auto,Varejo,Centro-Oeste,Android,Upload_Fotos_Documentos,Escalado_Humano,"29,9",4,"2948,49"
CVX-000833,2026-02-22 13:47:36,WhatsApp,Auto,Corporativo,Nordeste,iOS,Confirmacao_Protocolo,Resolvido_Bot,"3,9",5,"13563,38"
CVX-003898,2026-02-22 13:49:55,WhatsApp,Auto,Corporativo,Sudeste,Android,Upload_Fotos_Documentos,Abandonado,,,"10118,48"
CVX-004889,2026-02-22 14:19:28,WhatsApp,Auto,Varejo,Norte,Android,Confirmacao_Protocolo,Resolvido_Bot,"6,4",,"11713,45"
CVX-000676,2026-02-22 14:20:50,WhatsApp,Auto,Varejo,Nordeste,iOS,Upload_Fotos_Documentos,Abandonado,,,"9951,5"
CVX-004772,2026-02-22 14:41:24,WhatsApp,Auto,Corporativo,Sul,Android,Confirmacao_Protocolo,Resolvido_Bot,"9,9",4,"8643,07"
CVX-006883,2026-02-22 15:04:09,App,Residencial,Varejo,Nordeste,Android,Validacao_Apolice,Escalado_Humano,"35,7",3,
CVX-006173,2026-02-22 15:06:21,WhatsApp,Residencial,Premium,Sul,Android,Confirmacao_Protocolo,Resolvido_Bot,"5,8",,"5778,46"
CVX-006428,2026-02-22 15:20:42,WhatsApp,Vida,Varejo,Sudeste,Android,Analise_Automatica,Abandonado,,,"35372,29"
CVX-001659,2026-02-22 15:30:08,WhatsApp,Auto,Varejo,Sudeste,Android,Confirmacao_Protocolo,Resolvido_Bot,"6,2",5,"9802,74"
CVX-001400,2026-02-22 15:30:33,App,Residencial,Varejo,Sudeste,Android,Confirmacao_Protocolo,Resolvido_Bot,"13,4",4,"16325,17"
CVX-003960,2026-02-22 16:07:35,WhatsApp,Auto,Varejo,Nordeste,Android,Confirmacao_Protocolo,Resolvido_Bot,"8,2",3,"8227,24"
CVX-005044,2026-02-22 16:09:28,WhatsApp,Auto,Premium,Sul,Android,Upload_Fotos_Documentos,Abandonado,,,"6231,52"
CVX-004059,2026-02-22 16:11:42,WhatsApp,Residencial,Premium,Sul,iOS,Validacao_Apolice,ESCALADO HUMANO,"51,4",,
CVX-002657,2026-02-22 16:30:24,WhatsApp,Auto,Premium,Centro-Oeste,iOS,Confirmacao_Protocolo,Resolvido_Bot,"14,6",,"1334,52"
CVX-002026,2026-02-22 16:47:57,WhatsApp,Residencial,Varejo,Sudeste,Android,Upload_Fotos_Documentos,Abandonado,,,"16186,56"
CVX-001625,2026-02-22 16:56:27,App,Auto,Premium,Sudeste,Android,Upload_Fotos_Documentos,Abandonado,,,"8186,03"
CVX-002163,2026-02-22 17:00:14,WhatsApp,Auto,Varejo,Sul,Android,Confirmacao_Protocolo,Resolvido_Bot,"6,1",4,"8852,46"
CVX-001067,2026-02-22 17:01:41,WhatsApp,Residencial,Varejo,Sul,iOS,Confirmacao_Protocolo,Resolvido_Bot,9,4,"14142,93"
CVX-001273,2026-02-22 17:04:34,WhatsApp,Auto,Varejo,Nordeste,iOS,Confirmacao_Protocolo,Resolvido_Bot,"11,1",,"6759,54"
CVX-000847,2026-02-22 17:05:32,WhatsApp,Residencial,Varejo,Sudeste,Android,Confirmacao_Protocolo,Resolvido_Bot,"7,2",3,"10015,95"
CVX-004506,2026-02-22 17:09:50,WhatsApp,Residencial,Premium,Nordeste,Android,Upload_Fotos_Documentos,Abandonado,,,"15858,8"
CVX-006777,2026-02-22 17:15:00,App,Vida,Varejo,Sudeste,Android,Confirmacao_Protocolo,Resolvido_Bot,"5,9",5,"10774,17"
CVX-000887,2026-02-22 17:32:04,WhatsApp,Vida,Premium,Sudeste,Android,Inicio_Saudacao,Abandonado,,,
CVX-001730,2026-02-22 17:42:08,WhatsApp,Auto,Premium,Sudeste,iOS,Upload_Fotos_Documentos,Abandonado,,,"7827,48"
CVX-003915,2026-02-22 18:01:04,WhatsApp,Vida,Varejo,Sudeste,iOS,Inicio_Saudacao,Abandonado,,,
CVX-001192,2026-02-22 19:32:36,WhatsApp,Auto,Varejo,Nordeste,Android,Confirmacao_Protocolo,Resolvido_Bot,"8,5",4,"8351,52"
CVX-000547,2026-02-22 19:41:18,App,Auto,Varejo,Sudeste,iOS,Confirmacao_Protocolo,Resolvido_Bot,"7,6",4,"546,74"
CVX-000739,2026-02-22 19:48:28,WhatsApp,Auto,Varejo,Sudeste,Android,Upload_Fotos_Documentos,Abandonado,,,"11469,87"
CVX-006207,2026-02-22 19:57:38,WhatsApp,Auto,Varejo,Sudeste,Android,Confirmacao_Protocolo,Resolvido_Bot,9,4,"11163,98"
CVX-005800,2026-02-22 19:58:21,WhatsApp,Vida,Varejo,Sudeste,Android,Confirmacao_Protocolo,Resolvido_Bot,"9,7",5,"72854,31"
CVX-001171,2026-02-22 20:31:51,WhatsApp,Vida,Varejo,Sul,Android,Analise_Automatica,Abandonado,,,48029
CVX-004697,2026-02-22 20:42:16,App,Residencial,Varejo,Centro-Oeste,Android,Inicio_Saudacao,Abandonado,,,
CVX-006600,2026-02-22 20:50:08,App,Vida,Premium,Sudeste,Android,Confirmacao_Protocolo,Resolvido_Bot,"11,2",4,"49382,02"
CVX-006329,2026-02-23 8:00:45,WhatsApp,Auto,Varejo,Sul,Android,Confirmacao_Protocolo,Resolvido_Bot,"5,3",5,"11512,36"
CVX-002598,2026-02-23 8:01:52,WhatsApp,Auto,Varejo,Centro-Oeste,Android,Upload_Fotos_Documentos,Escalado_Humano,"39,7",,"9840,52"
CVX-005234,2026-02-23 8:07:56,WhatsApp,Auto,Corporativo,Sudeste,Android,Coleta_Dados_Sinistro,Abandonado,,,"8319,25"
CVX-001583,2026-02-23 8:16:17,WhatsApp,Residencial,Varejo,Nordeste,Android,Upload_Fotos_Documentos,Abandonado,,,"12624,52"
CVX-006854,2026-02-23 9:26:55,WhatsApp,Residencial,Premium,Centro-Oeste,Android,Upload_Fotos_Documentos,Abandonado,,,"14246,18"
CVX-003424,2026-02-23 9:42:22,App,Auto,Premium,Sudeste,Android,Upload_Fotos_Documentos,Escalado_Humano,"48,9",,"3353,02"
CVX-005233,2026-02-23 9:49:35,WhatsApp,Auto,Varejo,Sudeste,Android,Confirmacao_Protocolo,Resolvido_Bot,"8,7",5,"6662,32"
CVX-001656,2026-02-23 9:54:20,WhatsApp,Vida,Varejo,Sudeste,iOS,Confirmacao_Protocolo,Resolvido_Bot,8,5,"33353,52"
CVX-005215,2026-02-23 10:00:58,WhatsApp,Residencial,Premium,Sul,Android,Confirmacao_Protocolo,Resolvido_Bot,"5,3",5,"16406,62"
CVX-000978,2026-02-23 10:05:22,WhatsApp,Residencial,Varejo,Sudeste,iOS,Analise_Automatica,Abandonado,,,"12893,84"
CVX-002492,2026-02-23 10:10:49,WhatsApp,Auto,Varejo,Sudeste,Android,Validacao_Apolice,Escalado_Humano,"42,5",4,
CVX-000844,2026-02-23 10:34:17,WhatsApp,Residencial,Varejo,Centro-Oeste,Android,Confirmacao_Protocolo,Resolvido_Bot,"10,1",4,"4821,2"
CVX-004168,2026-02-23 10:41:43,WhatsApp,Residencial,Varejo,Sul,Android,Confirmacao_Protocolo,Resolvido_Bot,"11,4",5,"10676,64"
CVX-003583,2026-02-23 11:02:26,WhatsApp,Auto,Premium,Sul,iOS,Validacao_Apolice,Abandonado,,,
CVX-001594,2026-02-23 11:09:42,WhatsApp,Residencial,Varejo,Centro-Oeste,Android,Validacao_Apolice,Escalado_Humano,"26,8",5,
CVX-004826,2026-02-23 11:12:26,WhatsApp,Vida,Varejo,Sudeste,Android,Validacao_Apolice,Escalado_Humano,30,3,
CVX-003327,2026-02-23 12:27:45,WhatsApp,Residencial,Varejo,Sudeste,Android,Confirmacao_Protocolo,Resolvido_Bot,"7,6",,"11088,04"
CVX-001038,2026-02-23 12:42:52,WhatsApp,Residencial,Varejo,Nordeste,Android,Inicio_Saudacao,Abandonado,,,
CVX-001637,2026-02-23 12:44:19,WhatsApp,Vida,Varejo,Sudeste,Android,Validacao_Apolice,Escalado_Humano,"46,2",3,
CVX-000670,2026-02-23 13:03:27,WhatsApp,Residencial,Varejo,Sudeste,Android,Confirmacao_Protocolo,Resolvido_Bot,"4,1",,"14153,72"
CVX-004296,2026-02-23 13:52:10,WhatsApp,Auto,Varejo,Sudeste,iOS,Confirmacao_Protocolo,Resolvido_Bot,"11,1",4,"7068,58"
CVX-001262,2026-02-23 14:36:55,WhatsApp,Auto,Varejo,Sudeste,Android,Validacao_Apolice,Escalado_Humano,"25,4",4,
CVX-005319,2026-02-23 15:01:39,WhatsApp,Residencial,Varejo,Sul,Android,Confirmacao_Protocolo,Resolvido_Bot,"8,4",5,"21584,26"
CVX-000651,2026-02-23 15:03:27,WhatsApp,Residencial,Varejo,Nordeste,Android,Confirmacao_Protocolo,Resolvido_Bot,"7,7",,"11715,67"
CVX-004076,2026-02-23 15:17:19,WhatsApp,Auto,Premium,Sudeste,iOS,Confirmacao_Protocolo,Resolvido_Bot,"12,8",4,"6426,72"
CVX-002323,2026-02-23 15:23:55,WhatsApp,Auto,Varejo,Centro-Oeste,Android,Validacao_Apolice,Escalado_Humano,"50,8",,
CVX-006062,2026-02-23 15:29:57,WhatsApp,Residencial,Premium,Nordeste,Android,Validacao_Apolice,Escalado_Humano,"18,1",,
CVX-006801,2026-02-23 15:30:55,WhatsApp,Residencial,Varejo,Sudeste,Android,Validacao_Apolice,Abandonado,,,
CVX-005010,2026-02-23 15:31:53,WhatsApp,Residencial,Varejo,Nordeste,Android,Upload_Fotos_Documentos,Escalado_Humano,"34,6",,"11033,01"
CVX-000471,2026-02-23 15:36:41,WhatsApp,Residencial,Varejo,Nordeste,iOS,Confirmacao_Protocolo,Resolvido_Bot,"8,4",4,"16691,63"
CVX-000082,2026-02-23 16:34:56,WhatsApp,Vida,Varejo,Sudeste,Android,Validacao_Apolice,Escalado_Humano,38,4,
CVX-006835,2026-02-23 16:42:59,WhatsApp,Residencial,Premium,Norte,iOS,Confirmacao_Protocolo,Resolvido_Bot,"7,9",4,"14227,1"
CVX-000933,2026-02-23 16:52:00,WhatsApp,Auto,Varejo,Sul,Android,Validacao_Apolice,Escalado_Humano,"40,1",,
CVX-006471,2026-02-23 16:52:21,WhatsApp,Vida,Premium,Norte,Android,Upload_Fotos_Documentos,Abandonado,,,"53164,11"
CVX-002590,2026-02-23 16:56:45,WhatsApp,Auto,Varejo,Sudeste,Android,Confirmacao_Protocolo,Resolvido_Bot,"2,2",4,"13627,28"
CVX-001030,2026-02-23 17:18:44,WhatsApp,Auto,Varejo,Sudeste,Android,Upload_Fotos_Documentos,Abandonado,,,"11510,22"
CVX-001883,2026-02-23 17:28:30,WhatsApp,Auto,Varejo,Sudeste,Android,Validacao_Apolice,Escalado_Humano,"11,5",4,
CVX-001373,2026-02-23 17:40:25,WhatsApp,Residencial,Varejo,Norte,Android,Confirmacao_Protocolo,Resolvido_Bot,9,5,"15911,05"
CVX-004277,2026-02-23 17:45:14,WhatsApp,Auto,Varejo,Centro-Oeste,Android,Analise_Automatica,Escalado_Humano,"59,9",3,11332
CVX-006064,2026-02-23 17:46:02,WhatsApp,Auto,Varejo,Centro-Oeste,Android,Coleta_Dados_Sinistro,Escalado_Humano,"27,8",,"11631,94"
CVX-001571,2026-02-23 19:08:40,WhatsApp,Auto,Premium,Sudeste,iOS,Confirmacao_Protocolo,Resolvido_Bot,"7,1",4,"6263,66"
CVX-002448,2026-02-23 19:58:17,WhatsApp,Auto,Varejo,Sudeste,iOS,Analise_Automatica,Abandonado,,,"6512,45"
CVX-002878,2026-02-23 20:11:16,WhatsApp,Residencial,Varejo,Sudeste,Android,Confirmacao_Protocolo,Resolvido_Bot,"10,4",,"17406,54"
CVX-004920,2026-02-23 20:39:14,WhatsApp,Auto,Premium,Norte,Android,Confirmacao_Protocolo,RESOLVIDO_BOT,"7,7",5,"12476,42"
CVX-000124,2026-02-24 8:09:37,WhatsApp,Residencial,Varejo,Sudeste,Android,Validacao_Apolice,escalado_humano,"34,9",4,
CVX-003876,2026-02-24 8:13:53,WhatsApp,Residencial,Varejo,Sul,Android,Upload_Fotos_Documentos,Abandonado,,,"15199,16"
CVX-001282,2026-02-24 8:24:07,WhatsApp,Vida,Varejo,Sudeste,Android,Confirmacao_Protocolo,Resolvido_Bot,"10,7",5,"71034,77"
CVX-005091,2026-02-24 8:30:14,WhatsApp,Auto,Premium,Nordeste,Android,Upload_Fotos_Documentos,abandonado,,,"6957,43"
CVX-004825,2026-02-24 8:40:36,App,Residencial,Corporativo,Sudeste,iOS,Confirmacao_Protocolo,Resolvido_Bot,"12,5",4,"12846,71"
CVX-001096,2026-02-24 8:42:37,WhatsApp,Auto,Varejo,Nordeste,Android,Upload_Fotos_Documentos,Escalado_Humano,"57,6",5,"10958,73"
CVX-005598,2026-02-24 8:45:22,WhatsApp,Auto,Varejo,Sul,Android,Analise_Automatica,Abandonado,,,"11108,6"
CVX-005164,2026-02-24 8:49:33,WhatsApp,Auto,Varejo,Nordeste,Android,Upload_Fotos_Documentos,Abandonado,,,"13097,29"
CVX-004462,2026-02-24 8:51:25,WhatsApp,Vida,Varejo,Sudeste,Android,Upload_Fotos_Documentos,Escalado_Humano,"40,7",,"62320,59"
CVX-001849,2026-02-24 9:00:25,App,Residencial,Varejo,Sudeste,iOS,Confirmacao_Protocolo,Resolvido_Bot,"8,2",4,10631
CVX-005801,2026-02-24 9:12:57,WhatsApp,Auto,Corporativo,Nordeste,Android,Upload_Fotos_Documentos,Abandonado,,,"4758,15"
CVX-004757,2026-02-24 9:53:56,WhatsApp,Residencial,Varejo,Sudeste,Android,Validacao_Apolice,Escalado_Humano,"27,4",5,
CVX-002861,2026-02-24 10:17:16,WhatsApp,Auto,Premium,Nordeste,iOS,Analise_Automatica,Abandonado,,,"6637,48"
CVX-001943,2026-02-24 10:42:33,WhatsApp,Auto,Premium,Sul,Android,Validacao_Apolice,Escalado_Humano,"39,2",,
CVX-006617,2026-02-24 10:45:03,WhatsApp,Auto,Varejo,Centro-Oeste,iOS,Analise_Automatica,Escalado_Humano,"29,9",,"10827,72"
CVX-002015,2026-02-24 10:50:18,WhatsApp,Auto,Corporativo,Sudeste,Android,Confirmacao_Protocolo,Resolvido_Bot,"12,6",,"4852,6"
CVX-006431,2026-02-24 11:36:56,App,Residencial,Varejo,Nordeste,Android,Confirmacao_Protocolo,Resolvido_Bot,"10,2",,"16518,33"
CVX-005706,2026-02-24 12:41:06,WhatsApp,Residencial,Premium,Sudeste,iOS,Confirmacao_Protocolo,Resolvido_Bot,"6,8",4,"11281,75"
CVX-004666,2026-02-24 12:55:10,WhatsApp,Auto,Varejo,Sudeste,Android,Validacao_Apolice,Escalado_Humano,"45,5",3,
CVX-000881,2026-02-24 13:02:48,WhatsApp,Auto,Corporativo,Sudeste,iOS,Confirmacao_Protocolo,Resolvido_Bot,"8,5",4,"14879,07"
CVX-000626,2026-02-24 13:13:57,WhatsApp,Auto,Varejo,Centro-Oeste,Android,Confirmacao_Protocolo,Resolvido_Bot,"8,2",3,"8587,06"
CVX-005396,2026-02-24 13:31:18,WhatsApp,Auto,Varejo,Sudeste,Android,Analise_Automatica,Abandonado,,,"9880,93"
CVX-005086,2026-02-24 13:44:55,WhatsApp,Auto,Varejo,Sudeste,Android,Upload_Fotos_Documentos,Abandonado,,,"6884,17"
CVX-002867,2026-02-24 13:48:27,WhatsApp,Auto,Premium,Nordeste,iOS,Confirmacao_Protocolo,Resolvido_Bot,4,,"12888,87"
CVX-002865,2026-02-24 13:52:45,WhatsApp,Auto,Varejo,Sul,Android,Upload_Fotos_Documentos,Abandonado,,,"10393,23"
CVX-001708,2026-02-24 14:17:05,WhatsApp,Residencial,Premium,Sudeste,Android,Confirmacao_Protocolo,Resolvido_Bot,"8,9",5,"10818,31"
CVX-001809,2026-02-24 14:30:19,WhatsApp,Residencial,Varejo,Norte,Android,Validacao_Apolice,Escalado_Humano,"39,2",3,
CVX-004976,2026-02-24 14:38:35,WhatsApp,Auto,Varejo,Sudeste,Android,Confirmacao_Protocolo,Resolvido_Bot,"10,3",5,"8216,82"
CVX-003501,2026-02-24 14:45:18,WhatsApp,Auto,Premium,Sudeste,Android,Confirmacao_Protocolo,Resolvido_Bot,"12,8",4,"7343,34"
CVX-005088,2026-02-24 14:48:40,WhatsApp,Auto,Varejo,Sudeste,iOS,Confirmacao_Protocolo,Resolvido_Bot,"10,7",4,"11028,9"
CVX-003474,2026-02-24 14:59:13,WhatsApp,Auto,Varejo,Sul,Android,Inicio_Saudacao,Abandonado,,,
CVX-001630,2026-02-24 15:12:10,App,Residencial,Varejo,Sul,Android,Confirmacao_Protocolo,Resolvido_Bot,11,4,"11879,4"
CVX-006759,2026-02-24 15:20:11,WhatsApp,Auto,Varejo,Sudeste,Android,Validacao_Apolice,Escalado_Humano,"57,3",4,
CVX-002177,2026-02-24 15:29:17,WhatsApp,Residencial,Varejo,Centro-Oeste,Android,Confirmacao_Protocolo,RESOLVIDO_BOT,"4,4",4,"13304,25"
CVX-000072,2026-02-24 16:08:12,WhatsApp,Auto,Varejo,Sudeste,iOS,Confirmacao_Protocolo,Resolvido_Bot,"5,5",5,"8237,68"
CVX-002159,2026-02-24 16:15:24,App,Auto,Corporativo,Nordeste,iOS,Coleta_Dados_Sinistro,Escalado_Humano,"37,9",4,"8538,93"
CVX-005766,2026-02-24 16:24:13,WhatsApp,Auto,Varejo,Sul,iOS,Confirmacao_Protocolo,Resolvido_Bot,"3,6",5,"2886,29"
CVX-002223,2026-02-24 16:28:05,WhatsApp,Auto,Varejo,Centro-Oeste,Android,Validacao_Apolice,Escalado_Humano,"23,4",,
CVX-004807,2026-02-24 16:28:26,WhatsApp,Auto,Premium,Nordeste,Android,Confirmacao_Protocolo,RESOLVIDO_BOT,7,5,"9043,35"
CVX-001636,2026-02-24 16:34:16,WhatsApp,Residencial,Varejo,Sudeste,Android,Confirmacao_Protocolo,Resolvido_Bot,"10,7",4,"22211,35"
CVX-003833,2026-02-24 17:09:41,WhatsApp,Vida,Corporativo,Sudeste,Android,Upload_Fotos_Documentos,Abandonado,,,"35016,65"
CVX-004150,2026-02-24 17:38:13,WhatsApp,Vida,Varejo,Nordeste,Android,Confirmacao_Protocolo,Resolvido_Bot,"7,2",5,"47225,26"
CVX-005489,2026-02-24 17:41:43,WhatsApp,Auto,Corporativo,Nordeste,iOS,Confirmacao_Protocolo,Resolvido_Bot,"9,8",3,"5519,67"
CVX-004730,2026-02-24 17:55:09,WhatsApp,Vida,Premium,Sudeste,Android,Upload_Fotos_Documentos,Escalado_Humano,"42,9",4,"34709,45"
CVX-000286,2026-02-24 17:57:03,App,Auto,Premium,Sudeste,Android,Coleta_Dados_Sinistro,Escalado_Humano,16,3,"6704,61"
CVX-000944,2026-02-24 18:34:53,WhatsApp,Residencial,Varejo,Sudeste,Android,Analise_Automatica,Abandonado,,,"17232,85"
CVX-000480,2026-02-24 19:00:15,WhatsApp,Auto,Premium,Sudeste,Android,Confirmacao_Protocolo,Resolvido_Bot,"7,3",3,"8534,62"
CVX-005820,2026-02-24 19:10:00,WhatsApp,Auto,Premium,Centro-Oeste,Android,Confirmacao_Protocolo,Resolvido_Bot,8,,"9223,16"
CVX-003634,2026-02-24 19:13:28,WhatsApp,Residencial,Varejo,Sul,Android,Confirmacao_Protocolo,Resolvido_Bot,"11,1",,"26643,36"
CVX-000248,2026-02-24 19:17:23,WhatsApp,Residencial,Varejo,Nordeste,Android,Confirmacao_Protocolo,Resolvido_Bot,"13,8",,"18745,55"
CVX-003799,2026-02-24 19:19:37,WhatsApp,Residencial,Corporativo,Centro-Oeste,iOS,Inicio_Saudacao,Abandonado,,,
CVX-006115,2026-02-24 19:36:42,WhatsApp,Vida,Varejo,Sudeste,Android,Coleta_Dados_Sinistro,Abandonado,,,"38190,24"
CVX-000792,2026-02-24 19:40:37,WhatsApp,Auto,Corporativo,Sudeste,Android,Upload_Fotos_Documentos,Abandonado,,,"5280,87"
CVX-004507,2026-02-24 19:40:51,WhatsApp,Residencial,Premium,Centro-Oeste,Android,Confirmacao_Protocolo,Resolvido_Bot,"10,5",4,"27026,61"
CVX-002724,2026-02-24 19:42:47,WhatsApp,Vida,Varejo,Sudeste,Android,Coleta_Dados_Sinistro,Escalado_Humano,"42,6",3,"29901,54"
CVX-000481,2026-02-24 20:23:29,WhatsApp,Vida,Varejo,Nordeste,Android,Validacao_Apolice,Escalado_Humano,36,4,
CVX-004828,2026-02-24 20:30:17,WhatsApp,Vida,Premium,Sudeste,iOS,Confirmacao_Protocolo,Resolvido_Bot,"11,9",3,"57576,04"
CVX-006196,2026-02-24 20:36:56,WhatsApp,Residencial,Varejo,Sudeste,Android,Confirmacao_Protocolo,Resolvido_Bot,"12,8",,"23153,33"
CVX-003067,2026-02-24 20:39:17,WhatsApp,Residencial,Premium,Centro-Oeste,Android,Analise_Automatica,Escalado_Humano,"31,9",3,"22452,31"
CVX-004522,2026-02-24 20:48:09,App,Auto,Premium,Sul,Android,Confirmacao_Protocolo,Resolvido_Bot,"8,4",,"4868,58"
CVX-002601,2026-02-24 20:55:10,WhatsApp,Auto,Varejo,Sudeste,Android,Confirmacao_Protocolo,Resolvido_Bot,"9,9",5,"8927,68"
CVX-006809,2026-02-25 8:12:26,App,Vida,Varejo,Sudeste,Android,Validacao_Apolice,Abandonado,,,
CVX-002626,2026-02-25 8:24:15,WhatsApp,Vida,Varejo,Sudeste,Android,Upload_Fotos_Documentos,Abandonado,,,300
CVX-002368,2026-02-25 8:26:28,WhatsApp,Auto,Varejo,Nordeste,iOS,Confirmacao_Protocolo,Resolvido_Bot,"10,5",4,"8006,29"
CVX-003666,2026-02-25 9:10:21,WhatsApp,Auto,Varejo,Sudeste,iOS,Confirmacao_Protocolo,Resolvido_Bot,5,5,"8878,93"
CVX-004267,2026-02-25 9:34:38,WhatsApp,Auto,Varejo,Sudeste,iOS,Validacao_Apolice,Escalado_Humano,45,4,
CVX-001125,2026-02-25 9:36:48,WhatsApp,Auto,Varejo,Norte,iOS,Upload_Fotos_Documentos,abandonado,,,"8391,44"
CVX-002065,2026-02-25 9:52:14,WhatsApp,Auto,Premium,Nordeste,Android,Confirmacao_Protocolo,Resolvido_Bot,"8,6",4,"9456,78"
CVX-002281,2026-02-25 10:07:56,WhatsApp,Residencial,Varejo,Sudeste,iOS,Coleta_Dados_Sinistro,Abandonado,,,"13542,92"
CVX-003658,2026-02-25 10:19:19,WhatsApp,Vida,Corporativo,Sudeste,Android,Confirmacao_Protocolo,Resolvido_Bot,"10,4",4,"32203,36"
CVX-005633,2026-02-25 10:35:41,WhatsApp,Residencial,Varejo,Sudeste,Android,Confirmacao_Protocolo,Resolvido_Bot,"14,6",4,"6050,02"
CVX-002512,2026-02-25 10:36:23,WhatsApp,Vida,Varejo,Sudeste,Android,Upload_Fotos_Documentos,Abandonado,,,"52164,81"
CVX-000839,2026-02-25 10:43:15,WhatsApp,Residencial,Corporativo,Nordeste,Android,Coleta_Dados_Sinistro,Abandonado,,,"11546,61"
CVX-002652,2026-02-25 10:47:03,WhatsApp,Auto,Premium,Sudeste,iOS,Upload_Fotos_Documentos,abandonado,,,"10256,18"
CVX-000687,2026-02-25 11:06:36,App,Auto,Varejo,Sul,Android,Validacao_Apolice,escalado_humano,28,4,
CVX-003376,2026-02-25 11:20:06,WhatsApp,Auto,Premium,Sudeste,Android,Upload_Fotos_Documentos,abandono,,,"11367,07"
CVX-006848,2026-02-25 11:25:58,WhatsApp,Vida,Premium,Sul,Android,Upload_Fotos_Documentos,Abandonado,,,"29144,2"
CVX-005661,2026-02-25 11:31:28,WhatsApp,Auto,Varejo,Sudeste,Android,Confirmacao_Protocolo,Resolvido_Bot,"9,6",4,"12938,96"
CVX-006237,2026-02-25 11:45:22,WhatsApp,Vida,Varejo,Norte,Android,Confirmacao_Protocolo,Resolvido_Bot,7,4,"60164,83"
CVX-003206,2026-02-25 11:53:11,WhatsApp,Residencial,Varejo,Sudeste,Android,Confirmacao_Protocolo,Resolvido_Bot,"6,1",3,"11038,55"
CVX-003288,2026-02-25 12:09:07,WhatsApp,Auto,Varejo,Sul,Android,Validacao_Apolice,Escalado_Humano,"30,9",3,
CVX-005631,2026-02-25 12:26:36,WhatsApp,Residencial,Varejo,Nordeste,Android,Upload_Fotos_Documentos,Abandonado,,,"12329,57"
CVX-001349,2026-02-25 12:31:50,WhatsApp,Vida,Corporativo,Sudeste,Android,Coleta_Dados_Sinistro,Escalado_Humano,"48,4",3,"37174,54"
CVX-006478,2026-02-25 12:40:23,WhatsApp,Auto,Varejo,Sudeste,Android,Confirmacao_Protocolo,Resolvido_Bot,"8,3",5,"8568,92"
CVX-001962,2026-02-25 13:10:42,WhatsApp,Residencial,Varejo,Sudeste,Android,Confirmacao_Protocolo,Resolvido_Bot,"12,5",5,"15698,83"
CVX-005358,2026-02-25 13:15:07,WhatsApp,Residencial,Varejo,Nordeste,Android,Upload_Fotos_Documentos,Escalado_Humano,"39,4",4,"5048,43"
CVX-002946,2026-02-25 13:24:52,WhatsApp,Auto,Premium,Sul,Android,Confirmacao_Protocolo,Resolvido_Bot,"8,5",5,"4914,83"
CVX-001035,2026-02-25 14:04:03,WhatsApp,Auto,Varejo,Sudeste,iOS,Validacao_Apolice,Escalado_Humano,"41,7",5,
CVX-006723,2026-02-25 14:55:07,WhatsApp,Residencial,Varejo,Sul,iOS,Validacao_Apolice,Escalado_Humano,"36,9",,
CVX-002171,2026-02-25 15:00:13,WhatsApp,Auto,Varejo,Sul,Android,Confirmacao_Protocolo,Resolvido_Bot,15,,"7748,32"
CVX-001481,2026-02-25 15:04:17,WhatsApp,Auto,Premium,Sudeste,Android,Validacao_Apolice,Escalado_Humano,52,5,
CVX-004073,2026-02-25 15:11:36,WhatsApp,Residencial,Varejo,Centro-Oeste,iOS,Analise_Automatica,Abandonado,,,"16899,24"
CVX-006155,2026-02-25 15:19:39,WhatsApp,Residencial,Premium,Sudeste,Android,Confirmacao_Protocolo,Resolvido_Bot,"13,8",4,"15698,61"
CVX-005052,2026-02-25 15:27:31,WhatsApp,Residencial,Varejo,Norte,Android,Confirmacao_Protocolo,Resolvido_Bot,"4,2",5,"15989,95"
CVX-003696,2026-02-25 15:41:21,WhatsApp,Auto,Varejo,Nordeste,Android,Confirmacao_Protocolo,Resolvido_Bot,"11,6",3,"3962,62"
CVX-001145,2026-02-25 15:53:55,WhatsApp,Residencial,Varejo,Sudeste,Android,Confirmacao_Protocolo,Resolvido_Bot,"10,7",5,"12417,04"
CVX-003851,2026-02-25 16:02:20,WhatsApp,Auto,Varejo,Sul,Android,Analise_Automatica,Escalado_Humano,"25,1",3,"6187,18"
CVX-000366,2026-02-25 16:58:09,WhatsApp,Residencial,Premium,Sudeste,Android,Confirmacao_Protocolo,RESOLVIDO_BOT,"6,8",5,"22280,55"
CVX-000486,2026-02-25 17:08:47,WhatsApp,Auto,Varejo,Sudeste,Android,Coleta_Dados_Sinistro,Escalado_Humano,32,4,"7470,51"
CVX-006923,2026-02-25 17:11:19,WhatsApp,Auto,Premium,Nordeste,iOS,Inicio_Saudacao,Abandonado,,,
CVX-002413,2026-02-25 17:19:08,WhatsApp,Auto,Premium,Sul,iOS,Confirmacao_Protocolo,Resolvido_Bot,"5,1",5,"7813,74"
CVX-001238,2026-02-25 17:26:26,WhatsApp,Residencial,Varejo,Sudeste,Android,Confirmacao_Protocolo,Resolvido_Bot,"3,4",5,"13904,63"
CVX-000312,2026-02-25 17:40:32,WhatsApp,Vida,Varejo,Nordeste,Android,Analise_Automatica,Escalado_Humano,"37,8",4,"49310,32"
CVX-002034,2026-02-25 17:55:51,WhatsApp,Residencial,Varejo,Nordeste,iOS,Confirmacao_Protocolo,resolvido_bot,"10,7",5,"7194,06"
CVX-002900,2026-02-25 18:17:57,WhatsApp,Auto,Corporativo,Sul,iOS,Confirmacao_Protocolo,Resolvido_Bot,"7,6",,"9840,34"
CVX-006172,2026-02-25 18:31:12,App,Auto,Varejo,Sul,Android,Confirmacao_Protocolo,Resolvido_Bot,"12,2",4,"10168,08"
CVX-006725,2026-02-25 19:04:39,WhatsApp,Residencial,Varejo,Sudeste,Android,Confirmacao_Protocolo,Resolvido_Bot,"11,7",4,"2811,69"
CVX-005083,2026-02-25 19:20:49,WhatsApp,Vida,Corporativo,Sudeste,Android,Validacao_Apolice,Escalado_Humano,"28,5",,
CVX-006660,2026-02-25 19:33:06,WhatsApp,Residencial,Varejo,Sudeste,Android,Confirmacao_Protocolo,Resolvido_Bot,"8,4",5,"21551,17"
CVX-000232,2026-02-25 19:39:10,WhatsApp,Auto,Premium,Centro-Oeste,Android,Confirmacao_Protocolo,Resolvido_Bot,"9,9",4,"6024,26"
CVX-001210,2026-02-25 19:39:54,WhatsApp,Residencial,Premium,Sudeste,iOS,Confirmacao_Protocolo,Resolvido_Bot,16,,"22147,11"
CVX-001138,2026-02-25 19:46:49,WhatsApp,Residencial,Varejo,Sul,Android,Coleta_Dados_Sinistro,Escalado_Humano,"44,6",4,"26915,61"
CVX-005685,2026-02-25 19:48:59,WhatsApp,Residencial,Varejo,Sudeste,Android,Confirmacao_Protocolo,Resolvido_Bot,"7,2",5,"12151,81"
CVX-001112,2026-02-25 19:57:14,WhatsApp,Residencial,Varejo,Sul,Android,Validacao_Apolice,Escalado_Humano,58,2,
CVX-000740,2026-02-25 20:01:51,WhatsApp,Auto,Corporativo,Sudeste,iOS,Confirmacao_Protocolo,Resolvido_Bot,"11,4",4,"12280,12"
CVX-004461,2026-02-25 20:04:43,WhatsApp,Auto,Varejo,Sudeste,iOS,Confirmacao_Protocolo,Resolvido_Bot,"8,2",5,"7762,27"
CVX-003992,2026-02-25 20:08:02,WhatsApp,Residencial,Varejo,Sudeste,Android,Confirmacao_Protocolo,Resolvido_Bot,"11,3",5,"25850,25"
CVX-003880,2026-02-25 20:08:12,WhatsApp,Vida,Varejo,Sudeste,Android,Validacao_Apolice,Escalado_Humano,"34,3",5,
CVX-005258,2026-02-25 20:20:25,WhatsApp,Vida,Varejo,Sul,iOS,Upload_Fotos_Documentos,Escalado_Humano,"59,7",3,"63703,41"
CVX-004655,2026-02-25 20:27:40,WhatsApp,Auto,Varejo,Sul,Android,Coleta_Dados_Sinistro,Abandonado,,,"8138,8"
CVX-006051,2026-02-26 8:00:15,WhatsApp,Auto,Varejo,Sudeste,Android,Confirmacao_Protocolo,Resolvido_Bot,"11,8",5,"9292,59"
CVX-004844,2026-02-26 8:26:44,WhatsApp,Residencial,Varejo,Sul,Android,Inicio_Saudacao,Abandonado,,,
CVX-001381,2026-02-26 8:35:05,WhatsApp,Auto,Premium,Sudeste,Android,Validacao_Apolice,Escalado_Humano,"27,7",3,
CVX-004842,2026-02-26 8:42:59,App,Vida,Corporativo,Nordeste,Android,Confirmacao_Protocolo,Resolvido_Bot,"7,5",4,"67350,29"
CVX-003815,2026-02-26 9:02:09,App,Residencial,Corporativo,Sul,iOS,Coleta_Dados_Sinistro,Escalado_Humano,"56,8",3,"10587,62"
CVX-001609,2026-02-26 9:23:43,WhatsApp,Residencial,Varejo,Sul,Android,Confirmacao_Protocolo,resolvido_bot,"11,8",,"7150,58"
CVX-005591,2026-02-26 10:45:31,WhatsApp,Residencial,Varejo,Sudeste,Android,Confirmacao_Protocolo,Resolvido_Bot,"15,3",,"12946,15"
CVX-005123,2026-02-26 10:46:14,WhatsApp,Auto,Premium,Sudeste,Android,Upload_Fotos_Documentos,Abandonado,,,"10127,04"
CVX-001610,2026-02-26 10:53:47,WhatsApp,Auto,Varejo,Sudeste,Android,Confirmacao_Protocolo,Resolvido_Bot,11,5,"3981,37"
CVX-002355,2026-02-26 11:07:11,App,Auto,Varejo,Nordeste,iOS,Confirmacao_Protocolo,Resolvido_Bot,"7,1",4,"9773,79"
CVX-004777,2026-02-26 11:10:17,WhatsApp,Auto,Varejo,Sul,Android,Confirmacao_Protocolo,Resolvido_Bot,"8,6",,"16644,64"
CVX-005609,2026-02-26 11:22:08,App,Auto,Premium,Nordeste,Android,Upload_Fotos_Documentos,Abandonado,,,"9372,48"
CVX-005434,2026-02-26 11:26:24,App,Auto,Premium,Nordeste,Android,Confirmacao_Protocolo,Resolvido_Bot,"7,2",5,"6276,81"
CVX-001504,2026-02-26 11:28:25,App,Auto,Premium,Sudeste,Android,Validacao_Apolice,Escalado_Humano,"30,3",3,
CVX-003526,2026-02-26 11:30:32,WhatsApp,Auto,Premium,Nordeste,Android,Upload_Fotos_Documentos,Abandonado,,,"9619,05"
CVX-004133,2026-02-26 11:30:36,WhatsApp,Residencial,Varejo,Sudeste,iOS,Coleta_Dados_Sinistro,Escalado_Humano,"22,5",5,"21086,62"
CVX-004517,2026-02-26 11:30:48,WhatsApp,Auto,Premium,Sudeste,Android,Confirmacao_Protocolo,Resolvido_Bot,2,4,"6664,85"
CVX-002842,2026-02-26 11:38:30,WhatsApp,Residencial,Premium,Sudeste,Android,Confirmacao_Protocolo,Resolvido_Bot,"3,2",,"3540,73"
CVX-006367,2026-02-26 11:39:38,WhatsApp,Residencial,Varejo,Sul,Android,Confirmacao_Protocolo,Resolvido_Bot,"9,3",4,"21742,13"
CVX-000250,2026-02-26 11:46:51,WhatsApp,Auto,Varejo,Sudeste,iOS,Confirmacao_Protocolo,Resolvido_Bot,"7,1",4,"10667,63"
CVX-006253,2026-02-26 11:47:13,WhatsApp,Vida,Varejo,Sudeste,Android,Confirmacao_Protocolo,Resolvido_Bot,"6,7",4,"48291,04"
CVX-006887,2026-02-26 11:56:29,WhatsApp,Auto,Premium,Sudeste,iOS,Validacao_Apolice,Abandonado,,,
CVX-000119,2026-02-26 11:59:18,App,Vida,Varejo,Sudeste,Android,Coleta_Dados_Sinistro,Escalado_Humano,"32,8",3,"50769,52"
CVX-006105,2026-02-26 12:08:40,WhatsApp,Residencial,Corporativo,Sul,Android,Upload_Fotos_Documentos,Abandonado,,,"7241,95"
CVX-003476,2026-02-26 12:21:25,WhatsApp,Residencial,Premium,Nordeste,Android,Confirmacao_Protocolo,RESOLVIDO_BOT,"6,2",5,"18758,94"
CVX-005955,2026-02-26 12:32:13,WhatsApp,Auto,Corporativo,Nordeste,Android,Confirmacao_Protocolo,Resolvido_Bot,"7,7",,"5788,4"
CVX-001380,2026-02-26 12:47:31,WhatsApp,Auto,Premium,Centro-Oeste,iOS,Upload_Fotos_Documentos,Escalado_Humano,"33,4",,"10677,26"
CVX-003724,2026-02-26 13:02:11,App,Vida,Varejo,Sudeste,Android,Coleta_Dados_Sinistro,Escalado_Humano,"43,8",4,"55072,11"
CVX-003683,2026-02-26 13:08:35,WhatsApp,Residencial,Varejo,Nordeste,Android,Confirmacao_Protocolo,Resolvido_Bot,"12,8",5,"16864,58"
CVX-005311,2026-02-26 13:42:04,WhatsApp,Vida,Premium,Sul,Android,Validacao_Apolice,Escalado_Humano,"48,7",,
CVX-002260,2026-02-26 13:43:17,WhatsApp,Residencial,Varejo,Centro-Oeste,Android,Confirmacao_Protocolo,RESOLVIDO_BOT,"4,6",3,"24140,51"
CVX-005259,2026-02-26 13:47:47,WhatsApp,Auto,Premium,Sudeste,Android,Upload_Fotos_Documentos,abandono,,,"8624,22"
CVX-003131,2026-02-26 13:58:43,WhatsApp,Auto,Varejo,Nordeste,Android,Confirmacao_Protocolo,Resolvido_Bot,"10,2",,"7965,34"
CVX-000722,2026-02-26 14:13:40,WhatsApp,Residencial,Varejo,Nordeste,iOS,Confirmacao_Protocolo,Resolvido_Bot,"12,4",4,"19046,3"
CVX-006624,2026-02-26 14:21:03,App,Vida,Varejo,Nordeste,Android,Validacao_Apolice,Escalado_Humano,"49,5",4,
CVX-005523,2026-02-26 14:24:01,App,Residencial,Varejo,Sudeste,Android,Confirmacao_Protocolo,Resolvido_Bot,"13,1",4,"13109,49"
CVX-006180,2026-02-26 14:27:37,WhatsApp,Auto,Varejo,Sudeste,Android,Validacao_Apolice,Escalado_Humano,"59,8",2,
CVX-003969,2026-02-26 14:28:48,WhatsApp,Vida,Varejo,Sudeste,Android,Confirmacao_Protocolo,Resolvido_Bot,"11,6",4,"48777,01"
CVX-002335,2026-02-26 15:09:55,WhatsApp,Residencial,Varejo,Sudeste,Android,Confirmacao_Protocolo,Resolvido_Bot,"10,5",3,"21253,13"
CVX-002852,2026-02-26 15:10:08,App,Auto,Varejo,Nordeste,iOS,Upload_Fotos_Documentos,Abandonado,,,"17349,77"
CVX-002168,2026-02-26 15:30:24,WhatsApp,Auto,Premium,Nordeste,Android,Analise_Automatica,Escalado_Humano,"27,7",3,"10518,09"
CVX-001347,2026-02-26 15:54:46,WhatsApp,Vida,Varejo,Sudeste,iOS,Validacao_Apolice,Escalado_Humano,"52,9",3,
CVX-002164,2026-02-26 15:59:54,WhatsApp,Auto,Premium,Sudeste,Android,Confirmacao_Protocolo,Resolvido_Bot,"8,6",4,"7898,12"
CVX-003920,2026-02-26 16:02:24,WhatsApp,Vida,Varejo,Centro-Oeste,Android,Coleta_Dados_Sinistro,Abandonado,,,"69378,68"
CVX-006174,2026-02-26 17:03:38,WhatsApp,Vida,Varejo,Nordeste,Android,Validacao_Apolice,Abandonado,,,
CVX-004815,2026-02-26 17:17:42,WhatsApp,Auto,Corporativo,Sudeste,iOS,Upload_Fotos_Documentos,Escalado_Humano,"33,7",5,"9152,48"
CVX-001283,2026-02-26 17:23:56,WhatsApp,Auto,Varejo,Nordeste,iOS,Validacao_Apolice,Escalado_Humano,"46,1",,
CVX-006040,2026-02-26 17:25:33,WhatsApp,Residencial,Corporativo,Sudeste,Android,Validacao_Apolice,Escalado_Humano,"37,6",5,
CVX-004708,2026-02-26 17:26:58,WhatsApp,Residencial,Varejo,Sudeste,Android,Confirmacao_Protocolo,Resolvido_Bot,"10,8",5,"12345,6"
CVX-004370,2026-02-26 17:47:50,WhatsApp,Auto,Varejo,Sudeste,Android,Confirmacao_Protocolo,Resolvido_Bot,"7,2",,"12635,05"
CVX-003951,2026-02-26 17:53:47,WhatsApp,Auto,Varejo,Nordeste,Android,Upload_Fotos_Documentos,Abandonado,,,"11285,13"
CVX-000748,2026-02-26 18:41:46,WhatsApp,Residencial,Corporativo,Sudeste,Android,Validacao_Apolice,Escalado_Humano,"42,9",4,
CVX-000477,2026-02-26 18:41:59,WhatsApp,Residencial,Varejo,Sul,Android,Coleta_Dados_Sinistro,Abandonado,,,"19659,48"
CVX-000497,2026-02-26 19:00:39,WhatsApp,Residencial,Varejo,Norte,iOS,Confirmacao_Protocolo,Resolvido_Bot,"10,2",4,"16692,81"
CVX-001495,2026-02-26 19:09:36,WhatsApp,Auto,Varejo,Sudeste,Android,Analise_Automatica,Abandonado,,,"4363,31"
CVX-003817,2026-02-26 19:17:36,WhatsApp,Auto,Varejo,Nordeste,Android,Validacao_Apolice,Escalado_Humano,"39,2",4,
CVX-002636,2026-02-26 19:18:51,App,Auto,Corporativo,Sul,iOS,Confirmacao_Protocolo,Resolvido_Bot,"5,9",4,"8511,23"
CVX-006337,2026-02-26 19:28:08,WhatsApp,Auto,Varejo,Sudeste,Android,Confirmacao_Protocolo,Resolvido_Bot,2,4,"13169,83"
CVX-002308,2026-02-26 19:30:48,App,Residencial,Varejo,Sul,Android,Confirmacao_Protocolo,Resolvido_Bot,"7,7",3,"18900,9"
CVX-006175,2026-02-26 19:37:25,WhatsApp,Auto,Varejo,Sudeste,iOS,Confirmacao_Protocolo,Resolvido_Bot,"10,9",5,"2782,13"
CVX-005367,2026-02-26 19:45:12,WhatsApp,Residencial,Varejo,Sudeste,iOS,Upload_Fotos_Documentos,Escalado_Humano,"38,2",,"23312,41"
CVX-001838,2026-02-26 20:05:13,WhatsApp,Vida,Varejo,Centro-Oeste,Android,Upload_Fotos_Documentos,Abandonado,,,"44027,4"
CVX-002858,2026-02-26 20:31:59,WhatsApp,Vida,Premium,Norte,Android,Confirmacao_Protocolo,Resolvido_Bot,"12,7",4,"32204,31"
CVX-003700,2026-02-26 20:41:41,WhatsApp,Residencial,Varejo,Nordeste,iOS,Upload_Fotos_Documentos,Escalado_Humano,"37,1",,"16925,18"
CVX-006230,2026-02-27 8:08:11,WhatsApp,Auto,Varejo,Sul,Android,Validacao_Apolice,Escalado_Humano,"18,4",,
CVX-002843,2026-02-27 8:12:00,WhatsApp,Vida,Varejo,Sudeste,Android,Coleta_Dados_Sinistro,Escalado_Humano,"54,2",5,"52971,97"
CVX-005027,2026-02-27 8:13:51,WhatsApp,Residencial,Premium,Norte,iOS,Coleta_Dados_Sinistro,Abandonado,,,"5741,35"
CVX-005617,2026-02-27 8:29:47,WhatsApp,Vida,Varejo,Sul,Android,Validacao_Apolice,Abandonado,,,
CVX-006677,2026-02-27 8:29:47,WhatsApp,Auto,Varejo,Nordeste,iOS,Confirmacao_Protocolo,Resolvido_Bot,"3,9",3,8528
CVX-006413,2026-02-27 8:30:16,WhatsApp,Residencial,Premium,Sudeste,iOS,Inicio_Saudacao,Abandonado,,,
CVX-005020,2026-02-27 8:57:07,WhatsApp,Auto,Corporativo,Sul,Android,Upload_Fotos_Documentos,Abandonado,,,"3345,97"
CVX-003471,2026-02-27 8:58:44,WhatsApp,Vida,Varejo,Norte,Android,Validacao_Apolice,Escalado_Humano,"15,8",,
CVX-006354,2026-02-27 9:09:20,WhatsApp,Auto,Varejo,Sul,Android,Validacao_Apolice,Escalado_Humano,"40,9",3,
CVX-003389,2026-02-27 9:21:55,WhatsApp,Auto,Varejo,Centro-Oeste,Android,Confirmacao_Protocolo,Resolvido_bot ,"13,5",5,"10150,84"
CVX-000177,2026-02-27 9:30:54,WhatsApp,Residencial,Varejo,Sudeste,Android,Validacao_Apolice,Escalado_Humano,"54,4",4,
CVX-000709,2026-02-27 9:31:09,WhatsApp,Auto,Corporativo,Sudeste,iOS,Confirmacao_Protocolo,Resolvido_Bot,"9,8",4,"4305,87"
CVX-004597,2026-02-27 9:41:51,WhatsApp,Auto,Varejo,Sudeste,Android,Confirmacao_Protocolo,Resolvido_Bot,"13,2",5,"7649,9"
CVX-001930,2026-02-27 10:05:23,WhatsApp,Vida,Varejo,Sudeste,iOS,Coleta_Dados_Sinistro,Escalado_Humano,"46,1",4,"42063,57"
CVX-000378,2026-02-27 10:07:06,WhatsApp,Vida,Varejo,Norte,iOS,Coleta_Dados_Sinistro,Escalado_Humano,45,,"34219,96"
CVX-000070,2026-02-27 10:09:33,App,Residencial,Premium,Norte,Android,Confirmacao_Protocolo,Resolvido_Bot,"11,5",5,"16369,7"
CVX-005649,2026-02-27 10:21:25,WhatsApp,Residencial,Varejo,Centro-Oeste,Android,Validacao_Apolice,Escalado_Humano,"29,6",3,
CVX-004801,2026-02-27 10:26:01,WhatsApp,Residencial,Varejo,Sudeste,Android,Inicio_Saudacao,Abandonado,,,
CVX-001812,2026-02-27 10:26:19,WhatsApp,Residencial,Varejo,Nordeste,Android,Analise_Automatica,Abandonado,,,300
CVX-006575,2026-02-27 10:27:59,WhatsApp,Auto,Varejo,Nordeste,Android,Confirmacao_Protocolo,Resolvido_Bot,"10,6",4,"10946,07"
CVX-004871,2026-02-27 10:29:48,App,Auto,Premium,Sudeste,Android,Validacao_Apolice,Escalado_Humano,"30,4",3,
CVX-004149,2026-02-27 10:31:39,App,Auto,Varejo,Centro-Oeste,iOS,Coleta_Dados_Sinistro,Escalado_Humano,"40,9",4,"10084,12"
CVX-006873,2026-02-27 10:51:06,WhatsApp,Auto,Premium,Sul,Android,Confirmacao_Protocolo,Resolvido_Bot,"7,9",5,"4650,92"
CVX-003836,2026-02-27 10:51:10,WhatsApp,Vida,Varejo,Norte,Android,Validacao_Apolice,Escalado_Humano,"49,9",,
CVX-004396,2026-02-27 11:11:19,App,Residencial,Varejo,Sudeste,Android,Confirmacao_Protocolo,Resolvido_Bot,"9,4",4,25618
CVX-005395,2026-02-27 11:11:44,WhatsApp,Auto,Varejo,Sul,iOS,Upload_Fotos_Documentos,Abandonado,,,"6095,2"
CVX-003370,2026-02-27 11:12:03,App,Vida,Varejo,Sudeste,Android,Validacao_Apolice,Escalado_Humano,"61,9",3,
CVX-000149,2026-02-27 11:14:35,WhatsApp,Auto,Varejo,Nordeste,Android,Coleta_Dados_Sinistro,Abandonado,,,"6926,55"
CVX-001477,2026-02-27 11:18:18,WhatsApp,Auto,Corporativo,Nordeste,Android,Validacao_Apolice,Escalado_Humano,"25,7",4,
CVX-003322,2026-02-27 11:32:35,App,Auto,Corporativo,Nordeste,Android,Upload_Fotos_Documentos,Abandonado,,,"4150,29"
CVX-001872,2026-02-27 11:58:25,WhatsApp,Vida,Varejo,Sudeste,Android,Upload_Fotos_Documentos,Abandonado,,,"52563,97"
CVX-003290,2026-02-27 12:10:42,WhatsApp,Auto,Varejo,Sul,Android,Validacao_Apolice,Escalado_Humano,"31,9",,
CVX-004153,2026-02-27 12:33:08,WhatsApp,Auto,Varejo,Sudeste,Android,Confirmacao_Protocolo,Resolvido_Bot,"9,2",4,"7903,67"
CVX-006220,2026-02-27 12:40:24,WhatsApp,Auto,Premium,Nordeste,Android,Confirmacao_Protocolo,Resolvido_Bot,"13,1",4,"4345,61"
CVX-006755,2026-02-27 12:49:31,WhatsApp,Auto,Premium,Centro-Oeste,iOS,Confirmacao_Protocolo,Resolvido_Bot,"9,2",4,"9578,13"
CVX-003858,2026-02-27 12:56:23,App,Residencial,Varejo,Centro-Oeste,iOS,Confirmacao_Protocolo,Resolvido_Bot,"13,5",4,"8699,47"
CVX-003709,2026-02-27 13:04:13,WhatsApp,Residencial,Corporativo,Nordeste,iOS,Coleta_Dados_Sinistro,Escalado_Humano,"25,9",,"15333,16"
CVX-003600,2026-02-27 13:18:54,WhatsApp,Residencial,Corporativo,Sul,Android,Analise_Automatica,Escalado_Humano,"47,8",2,"22645,09"
CVX-002142,2026-02-27 13:30:57,WhatsApp,Auto,Premium,Sul,Android,Validacao_Apolice,Escalado_humano,"24,4",3,
CVX-001552,2026-02-27 13:33:31,WhatsApp,Auto,Varejo,Sul,Android,Upload_Fotos_Documentos,Abandonado,,,"4489,12"
CVX-005127,2026-02-27 13:54:20,WhatsApp,Auto,Premium,Sudeste,Android,Confirmacao_Protocolo,Resolvido_Bot,2,4,"5180,6"
CVX-006593,2026-02-27 14:03:39,WhatsApp,Residencial,Premium,Sudeste,iOS,Upload_Fotos_Documentos,Abandonado,,,"13342,43"
CVX-002542,2026-02-27 14:20:15,WhatsApp,Auto,Varejo,Centro-Oeste,Android,Confirmacao_Protocolo,Resolvido_Bot,"9,3",5,"13585,29"
CVX-000996,2026-02-27 14:31:46,WhatsApp,Residencial,Varejo,Sul,Android,Validacao_Apolice,Escalado_Humano,"64,9",,
CVX-000962,2026-02-27 14:32:15,WhatsApp,Auto,Premium,Nordeste,Android,Confirmacao_Protocolo,Resolvido_Bot,"9,1",,"7735,31"
CVX-000041,2026-02-27 14:38:25,App,Vida,Varejo,Sul,iOS,Coleta_Dados_Sinistro,Escalado_Humano,"36,6",3,"31054,07"
CVX-005329,2026-02-27 14:52:23,WhatsApp,Auto,Premium,Norte,Android,Coleta_Dados_Sinistro,abandono,,,"9246,51"
CVX-000610,2026-02-27 14:54:25,WhatsApp,Residencial,Varejo,Sudeste,iOS,Confirmacao_Protocolo,Resolvido_Bot,"12,2",3,"11826,27"
CVX-002014,2026-02-27 15:05:29,WhatsApp,Vida,Varejo,Sudeste,Android,Confirmacao_Protocolo,Resolvido_Bot,"8,8",,"53844,37"
CVX-001458,2026-02-27 15:48:01,WhatsApp,Auto,Premium,Sudeste,iOS,Validacao_Apolice,Escalado_Humano,"26,4",,
CVX-006674,2026-02-27 15:51:15,WhatsApp,Auto,Varejo,Centro-Oeste,Android,Confirmacao_Protocolo,Resolvido_Bot,"12,3",4,"6201,25"
CVX-001467,2026-02-27 16:03:39,WhatsApp,Residencial,Premium,Sudeste,Android,Confirmacao_Protocolo,Resolvido_Bot,"12,2",,"14679,02"
CVX-001039,2026-02-27 16:05:09,WhatsApp,Residencial,Varejo,Nordeste,Android,Upload_Fotos_Documentos,Abandonado,,,"14958,23"
CVX-005006,2026-02-27 16:12:17,WhatsApp,Residencial,Premium,Norte,iOS,Validacao_Apolice,Escalado_Humano,"38,9",4,
CVX-003740,2026-02-27 16:25:42,WhatsApp,Vida,Varejo,Nordeste,Android,Confirmacao_Protocolo,Resolvido_Bot,"7,9",4,"29917,38"
CVX-002819,2026-02-27 16:53:30,WhatsApp,Auto,Premium,Sudeste,iOS,Confirmacao_Protocolo,RESOLVIDO_BOT,"7,7",5,"10622,08"
CVX-002305,2026-02-27 16:54:54,WhatsApp,Auto,Varejo,Sudeste,Android,Coleta_Dados_Sinistro,ESCALADO HUMANO,"47,2",3,"7253,74"
CVX-000550,2026-02-27 17:13:41,WhatsApp,Auto,Premium,Sudeste,iOS,Coleta_Dados_Sinistro,Escalado_Humano,"31,8",5,"10688,96"
CVX-001678,2026-02-27 17:38:15,App,Auto,Varejo,Sul,Android,Confirmacao_Protocolo,Resolvido_Bot,"8,2",4,"4612,37"
CVX-000002,2026-02-27 17:39:39,WhatsApp,Vida,Varejo,Nordeste,iOS,Confirmacao_Protocolo,Resolvido_Bot,12,4,"56672,5"
CVX-004809,2026-02-27 18:03:23,WhatsApp,Vida,Varejo,Sudeste,Android,Confirmacao_Protocolo,Resolvido_Bot,"8,5",5,"46635,57"
CVX-006565,2026-02-27 18:11:43,App,Residencial,Varejo,Sul,Android,Analise_Automatica,Abandonado,,,"16054,99"
CVX-006331,2026-02-27 18:15:32,WhatsApp,Auto,Varejo,Sul,Android,Validacao_Apolice,Escalado_Humano,21,,
CVX-002439,2026-02-27 18:16:46,WhatsApp,Auto,Varejo,Sudeste,iOS,Upload_Fotos_Documentos,Abandonado,,,"12217,24"
CVX-001159,2026-02-27 18:36:52,WhatsApp,Auto,Varejo,Nordeste,iOS,Analise_Automatica,Abandonado,,,"11357,16"
CVX-003982,2026-02-27 19:27:59,WhatsApp,Residencial,Premium,Norte,Android,Confirmacao_Protocolo,Resolvido_Bot,"14,9",5,"25287,05"
CVX-005239,2026-02-27 19:59:01,WhatsApp,Auto,Varejo,Centro-Oeste,iOS,Confirmacao_Protocolo,Resolvido_Bot,"12,1",5,"10448,82"
CVX-003231,2026-02-27 20:25:25,WhatsApp,Residencial,Premium,Sudeste,Android,Upload_Fotos_Documentos,Escalado_Humano,"35,6",4,"15019,86"
CVX-004765,2026-02-27 20:37:05,WhatsApp,Residencial,Varejo,Sudeste,iOS,Confirmacao_Protocolo,Resolvido_Bot,"8,7",5,"9656,31"
CVX-002471,2026-02-28 8:06:01,WhatsApp,Vida,Premium,Sul,Android,Confirmacao_Protocolo,Resolvido_Bot,10,4,"36825,19"
CVX-000546,2026-02-28 8:16:24,WhatsApp,Auto,Corporativo,Sul,Android,Validacao_Apolice,Escalado_Humano,"33,8",4,
CVX-001907,2026-02-28 8:26:34,WhatsApp,Residencial,Varejo,Centro-Oeste,Android,Upload_Fotos_Documentos,Abandonado,,,"20227,37"
CVX-005652,2026-02-28 8:36:12,WhatsApp,Vida,Varejo,Sul,iOS,Confirmacao_Protocolo,Resolvido_Bot,"7,2",5,"55041,12"
CVX-004297,2026-02-28 8:44:34,WhatsApp,Residencial,Varejo,Nordeste,Android,Confirmacao_Protocolo,Resolvido_Bot,"5,8",5,"7329,14"
CVX-002047,2026-02-28 9:18:43,WhatsApp,Residencial,Varejo,Sul,Android,Confirmacao_Protocolo,Resolvido_Bot,"7,3",,"20794,25"
CVX-006140,2026-02-28 9:22:23,WhatsApp,Vida,Corporativo,Nordeste,Android,Upload_Fotos_Documentos,Abandonado,,,"33027,43"
CVX-000015,2026-02-28 9:32:52,App,Residencial,Premium,Sudeste,Android,Inicio_Saudacao,Abandonado,,,
CVX-004747,2026-02-28 9:51:46,WhatsApp,Auto,Premium,Centro-Oeste,iOS,Confirmacao_Protocolo,Resolvido_Bot,"10,9",5,"5177,16"
CVX-004893,2026-02-28 9:52:18,WhatsApp,Residencial,Corporativo,Nordeste,Android,Validacao_Apolice,Escalado_humano,"41,9",5,
CVX-000093,2026-02-28 10:00:11,WhatsApp,Auto,Varejo,Sudeste,Android,Confirmacao_Protocolo,Resolvido_Bot,"9,1",5,"11513,83"
CVX-003066,2026-02-28 10:33:34,WhatsApp,Auto,Premium,Nordeste,iOS,Analise_Automatica,Escalado_Humano,"37,9",,"11859,81"
CVX-006535,2026-02-28 11:01:14,WhatsApp,Auto,Premium,Nordeste,iOS,Confirmacao_Protocolo,Resolvido_Bot,"5,6",5,"7167,61"
CVX-001430,2026-02-28 11:33:28,WhatsApp,Auto,Premium,Sudeste,iOS,Inicio_Saudacao,Abandonado,,,
CVX-003472,2026-02-28 11:33:44,WhatsApp,Auto,Premium,Centro-Oeste,iOS,Analise_Automatica,Abandonado,,,"10809,01"
CVX-006577,2026-02-28 11:42:24,WhatsApp,Residencial,Varejo,Sul,Android,Confirmacao_Protocolo,Resolvido_Bot,"8,4",5,"13707,4"
CVX-004213,2026-02-28 12:25:38,App,Residencial,Varejo,Sudeste,Android,Confirmacao_Protocolo,Resolvido_Bot,"15,8",4,"15492,83"
CVX-006221,2026-02-28 12:27:46,WhatsApp,Auto,Varejo,Sudeste,Android,Validacao_Apolice,Escalado_Humano,"29,9",3,
CVX-003044,2026-02-28 12:45:13,WhatsApp,Residencial,Varejo,Sudeste,iOS,Validacao_Apolice,Escalado_Humano,"44,3",3,
CVX-003481,2026-02-28 13:15:24,WhatsApp,Vida,Varejo,Sudeste,Android,Confirmacao_Protocolo,Resolvido_Bot,"12,9",,"40107,08"
CVX-002586,2026-02-28 13:58:06,WhatsApp,Residencial,Premium,Sudeste,Android,Analise_Automatica,Abandonado,,,"17724,52"
CVX-005432,2026-02-28 14:20:28,WhatsApp,Residencial,Varejo,Sul,Android,Confirmacao_Protocolo,Resolvido_Bot,"11,4",4,"24034,85"
CVX-005292,2026-02-28 14:28:17,App,Vida,Varejo,Sul,Android,Confirmacao_Protocolo,Resolvido_Bot,"9,7",5,"48586,8"
CVX-005521,2026-02-28 14:35:05,WhatsApp,Residencial,Premium,Sudeste,Android,Validacao_Apolice,Escalado_Humano,"26,8",,
CVX-004041,2026-02-28 14:44:33,WhatsApp,Residencial,Varejo,Nordeste,iOS,Validacao_Apolice,Abandonado,,,
CVX-005216,2026-02-28 14:51:52,WhatsApp,Residencial,Varejo,Sul,iOS,Confirmacao_Protocolo,Resolvido_Bot,11,3,"2798,45"
CVX-001750,2026-02-28 15:02:43,WhatsApp,Auto,Varejo,Norte,Android,Confirmacao_Protocolo,Resolvido_Bot,"15,2",5,"4484,53"
CVX-002002,2026-02-28 15:16:16,WhatsApp,Auto,Varejo,Sudeste,iOS,Confirmacao_Protocolo,Resolvido_Bot,"11,2",,"8578,19"
CVX-006432,2026-02-28 15:18:28,WhatsApp,Auto,Varejo,Norte,Android,Confirmacao_Protocolo,Resolvido_Bot,16,,"2463,68"
CVX-004209,2026-02-28 15:27:29,WhatsApp,Auto,Varejo,Sudeste,iOS,Confirmacao_Protocolo,Resolvido_Bot,"8,1",5,"12776,73"
CVX-001020,2026-02-28 15:35:14,WhatsApp,Auto,Varejo,Norte,iOS,Confirmacao_Protocolo,Resolvido_Bot,"9,1",5,"10733,07"
CVX-001890,2026-02-28 15:45:52,WhatsApp,Auto,Corporativo,Centro-Oeste,Android,Coleta_Dados_Sinistro,Abandonado,,,"9262,13"
CVX-002161,2026-02-28 15:50:42,App,Auto,Varejo,Nordeste,Android,Confirmacao_Protocolo,Resolvido_Bot,"7,4",4,"13094,72"
CVX-005450,2026-02-28 15:52:32,WhatsApp,Residencial,Corporativo,Sudeste,Android,Upload_Fotos_Documentos,Abandonado,,,"15044,68"
CVX-001073,2026-02-28 15:59:03,WhatsApp,Auto,Varejo,Centro-Oeste,Android,Confirmacao_Protocolo,Resolvido_Bot,"10,4",,"11830,57"
CVX-003574,2026-02-28 16:00:31,WhatsApp,Residencial,Varejo,Sudeste,Android,Confirmacao_Protocolo,Resolvido_Bot,"7,5",4,"24686,54"
CVX-005226,2026-02-28 16:13:48,WhatsApp,Auto,Varejo,Sudeste,Android,Validacao_Apolice,Escalado_Humano,"50,4",5,
CVX-003062,2026-02-28 16:20:48,WhatsApp,Residencial,Varejo,Nordeste,Android,Validacao_Apolice,Escalado_Humano,10,,
CVX-001808,2026-02-28 16:36:53,WhatsApp,Auto,Premium,Sul,Android,Validacao_Apolice,Escalado_Humano,"24,5",4,
CVX-005197,2026-02-28 16:54:08,App,Auto,Varejo,Sudeste,Android,Coleta_Dados_Sinistro,abandonado,,,"7174,7"
CVX-002672,2026-02-28 16:54:15,WhatsApp,Vida,Varejo,Nordeste,Android,Upload_Fotos_Documentos,Escalado_Humano,"35,8",4,"58940,22"
CVX-001540,2026-02-28 16:59:18,WhatsApp,Residencial,Corporativo,Sudeste,iOS,Validacao_Apolice,Escalado_Humano,"47,3",4,
CVX-000400,2026-02-28 17:00:11,WhatsApp,Auto,Premium,Sul,Android,Confirmacao_Protocolo,Resolvido_Bot,"5,1",4,"6444,31"
CVX-001778,2026-02-28 17:10:46,WhatsApp,Auto,Varejo,Centro-Oeste,Android,Coleta_Dados_Sinistro,Escalado_Humano,"56,5",,"6413,93"
CVX-006720,2026-02-28 17:13:21,WhatsApp,Residencial,Corporativo,Sul,Android,Confirmacao_Protocolo,Resolvido_Bot,"8,2",3,"19135,05"
CVX-002208,2026-02-28 17:26:03,WhatsApp,Residencial,Varejo,Sudeste,Android,Confirmacao_Protocolo,Resolvido_Bot,2,,"11034,67"
CVX-003070,2026-02-28 17:36:36,App,Vida,Varejo,Sudeste,iOS,Confirmacao_Protocolo,Resolvido_Bot,14,,"51951,12"
CVX-004721,2026-02-28 17:36:37,WhatsApp,Auto,Varejo,Sudeste,Android,Analise_Automatica,Escalado_Humano,"51,1",4,"503,49"
CVX-004054,2026-02-28 17:53:31,WhatsApp,Auto,Premium,Sudeste,iOS,Confirmacao_Protocolo,Resolvido_Bot,"10,6",4,"8003,99"
CVX-004702,2026-02-28 18:05:49,WhatsApp,Vida,Corporativo,Sudeste,Android,Validacao_Apolice,Abandonado,,,
CVX-005621,2026-02-28 18:14:57,WhatsApp,Vida,Corporativo,Nordeste,Android,Upload_Fotos_Documentos,Escalado_Humano,"39,4",5,55316
CVX-006497,2026-02-28 18:30:25,App,Auto,Varejo,Sudeste,iOS,Confirmacao_Protocolo,Resolvido_Bot,"10,1",5,"6390,22"
CVX-006522,2026-02-28 18:52:39,WhatsApp,Auto,Premium,Sudeste,iOS,Confirmacao_Protocolo,Resolvido_Bot,"8,3",4,"2566,39"
CVX-002767,2026-02-28 18:55:08,WhatsApp,Auto,Varejo,Sul,iOS,Confirmacao_Protocolo,Resolvido_Bot,"19,4",3,"8644,11"
CVX-002072,2026-02-28 19:15:33,App,Residencial,Varejo,Nordeste,iOS,Confirmacao_Protocolo,Resolvido_Bot,"6,8",5,"18567,03"
CVX-004774,2026-02-28 19:31:36,WhatsApp,Auto,Corporativo,Sudeste,iOS,Validacao_Apolice,Escalado_Humano,"43,1",4,
CVX-001906,2026-02-28 19:31:39,WhatsApp,Residencial,Premium,Nordeste,iOS,Validacao_Apolice,Escalado_Humano,"56,6",3,
CVX-004619,2026-02-28 19:59:41,WhatsApp,Residencial,Premium,Sudeste,Android,Confirmacao_Protocolo,Resolvido_Bot,8,,"1992,72"
CVX-004869,2026-02-28 20:09:22,WhatsApp,Residencial,Varejo,Norte,Android,Validacao_Apolice,Escalado_Humano,"26,5",4,
CVX-004632,2026-02-28 20:14:09,WhatsApp,Auto,Varejo,Sul,Android,Confirmacao_Protocolo,Resolvido_Bot,"10,6",3,"6281,68"
CVX-001191,2026-02-28 20:18:10,WhatsApp,Auto,Varejo,Sudeste,iOS,Validacao_Apolice,Escalado_Humano,"38,5",3,
CVX-001401,2026-02-28 20:28:33,WhatsApp,Residencial,Varejo,Sudeste,Android,Upload_Fotos_Documentos,Abandonado,,,"18193,12"
CVX-000592,2026-02-28 20:47:26,WhatsApp,Residencial,Varejo,Nordeste,Android,Validacao_Apolice,Escalado_Humano,"56,2",4,
CVX-000107,2026-02-28 20:49:58,WhatsApp,Residencial,Premium,Sudeste,iOS,Upload_Fotos_Documentos,Abandonado,,,"10886,92"
CVX-006157,2026-03-01 8:07:06,WhatsApp,Residencial,Premium,Sudeste,Android,Confirmacao_Protocolo,Resolvido_Bot,"11,4",5,"20557,47"
CVX-002655,2026-03-01 8:09:48,App,Residencial,Varejo,Centro-Oeste,Android,Validacao_Apolice,Escalado_Humano,"46,2",5,
CVX-002212,2026-03-01 8:20:22,WhatsApp,Auto,Premium,Nordeste,Android,Inicio_Saudacao,Abandonado,,,
CVX-006695,2026-03-01 8:23:07,WhatsApp,Auto,Varejo,Sul,Android,Confirmacao_Protocolo,Resolvido_Bot,"15,2",,"8438,4"
CVX-006001,2026-03-01 8:26:38,WhatsApp,Auto,Varejo,Sudeste,Android,Confirmacao_Protocolo,Resolvido_Bot,"10,9",,"12368,04"
CVX-004080,2026-03-01 8:34:38,WhatsApp,Auto,Varejo,Norte,Android,Confirmacao_Protocolo,Resolvido_Bot,"8,5",5,"12941,28"
CVX-000111,2026-03-01 8:58:10,WhatsApp,Auto,Varejo,Sul,iOS,Validacao_Apolice,Escalado_Humano,"37,8",,
CVX-002025,2026-03-01 9:07:13,WhatsApp,Residencial,Varejo,Sudeste,iOS,Validacao_Apolice,Escalado_Humano,"40,2",4,
CVX-003379,2026-03-01 9:09:42,WhatsApp,Residencial,Varejo,Sudeste,Android,Upload_Fotos_Documentos,Escalado_Humano,"47,1",3,"15308,01"
CVX-006032,2026-03-01 9:20:28,WhatsApp,Vida,Corporativo,Sudeste,iOS,Inicio_Saudacao,Abandonado,,,
CVX-003461,2026-03-01 9:26:08,App,Auto,Varejo,Sudeste,iOS,Validacao_Apolice,Escalado_Humano,"45,1",4,
CVX-005952,2026-03-01 9:26:21,WhatsApp,Auto,Varejo,Nordeste,Android,Confirmacao_Protocolo,Resolvido_Bot,"3,8",5,"3427,98"
CVX-002603,2026-03-01 9:55:10,WhatsApp,Auto,Premium,Centro-Oeste,Android,Upload_Fotos_Documentos,Escalado_Humano,"41,8",,"10165,23"
CVX-000783,2026-03-01 10:36:07,WhatsApp,Vida,Varejo,Sudeste,Android,Confirmacao_Protocolo,Resolvido_Bot,"7,4",5,"34684,58"
CVX-004688,2026-03-01 10:36:10,WhatsApp,Auto,Varejo,Sudeste,iOS,Confirmacao_Protocolo,Resolvido_Bot,13,5,"11841,54"
CVX-004502,2026-03-01 11:08:30,WhatsApp,Auto,Premium,Sudeste,iOS,Upload_Fotos_Documentos,Abandonado,,,"4508,54"
CVX-003124,2026-03-01 11:10:11,App,Residencial,Varejo,Sudeste,Android,Upload_Fotos_Documentos,Abandonado,,,"21899,48"
CVX-000684,2026-03-01 11:42:20,App,Residencial,Varejo,Sudeste,Android,Coleta_Dados_Sinistro,Escalado_Humano,"16,7",4,"13438,58"
CVX-006749,2026-03-01 11:49:35,WhatsApp,Residencial,Premium,Sudeste,Android,Confirmacao_Protocolo,Resolvido_Bot,"6,5",5,"17074,1"
CVX-002222,2026-03-01 11:50:48,WhatsApp,Residencial,Varejo,Sudeste,Android,Coleta_Dados_Sinistro,Abandonado,,,"11085,2"
CVX-002915,2026-03-01 11:52:52,WhatsApp,Auto,Corporativo,Norte,Android,Validacao_Apolice,Escalado_Humano,"37,1",3,
CVX-006344,2026-03-01 12:07:58,WhatsApp,Vida,Varejo,Sudeste,Android,Validacao_Apolice,ESCALADO HUMANO,"34,5",,
CVX-000945,2026-03-01 12:43:30,WhatsApp,Residencial,Varejo,Sudeste,Android,Confirmacao_Protocolo,Resolvido_Bot,"11,3",5,"9066,91"
CVX-001423,2026-03-01 12:49:08,WhatsApp,Vida,Premium,Nordeste,iOS,Confirmacao_Protocolo,resolvido_bot,"9,2",,"54738,81"
CVX-003623,2026-03-01 12:59:06,WhatsApp,Auto,Varejo,Nordeste,iOS,Confirmacao_Protocolo,Resolvido_Bot,"7,3",4,"4359,01"
CVX-006787,2026-03-01 13:25:21,WhatsApp,Auto,Varejo,Sudeste,iOS,Upload_Fotos_Documentos,Abandonado,,,"6466,82"
CVX-000729,2026-03-01 13:28:11,WhatsApp,Auto,Premium,Sudeste,Android,Confirmacao_Protocolo,Resolvido_Bot,"9,1",5,"7099,64"
CVX-004663,2026-03-01 13:39:51,WhatsApp,Auto,Premium,Centro-Oeste,Android,Confirmacao_Protocolo,Resolvido_Bot,7,5,"7017,66"
CVX-006229,2026-03-01 13:40:58,App,Auto,Varejo,Sul,iOS,Coleta_Dados_Sinistro,Abandonado,,,"440,76"
CVX-002589,2026-03-01 13:52:35,App,Auto,Varejo,Sudeste,Android,Analise_Automatica,Escalado_Humano,"35,3",3,"4651,22"
CVX-005073,2026-03-01 13:59:10,WhatsApp,Auto,Varejo,Nordeste,iOS,Validacao_Apolice,Escalado_Humano,"40,1",5,
CVX-006265,2026-03-01 14:22:35,App,Auto,Premium,Sudeste,Android,Upload_Fotos_Documentos,Abandonado,,,"6335,72"
CVX-005953,2026-03-01 14:41:53,WhatsApp,Auto,Varejo,Sul,Android,Upload_Fotos_Documentos,Abandonado,,,"15066,89"
CVX-001090,2026-03-01 15:09:36,WhatsApp,Auto,Varejo,Sudeste,Android,Confirmacao_Protocolo,Resolvido_Bot,"7,2",4,"7168,03"
CVX-005211,2026-03-01 15:24:22,App,Residencial,Premium,Sudeste,Android,Coleta_Dados_Sinistro,Escalado_Humano,"18,7",4,"12827,12"
CVX-002860,2026-03-01 15:42:04,WhatsApp,Residencial,Varejo,Sudeste,Android,Upload_Fotos_Documentos,Abandonado,,,"3298,11"
CVX-005159,2026-03-01 15:55:25,WhatsApp,Auto,Varejo,Sudeste,Android,Confirmacao_Protocolo,Resolvido_Bot,"3,8",5,"3093,04"
CVX-005478,2026-03-01 16:05:19,App,Auto,Premium,Sudeste,iOS,Confirmacao_Protocolo,Resolvido_Bot,"8,6",4,"13538,31"
CVX-005106,2026-03-01 16:10:45,WhatsApp,Residencial,Premium,Sudeste,Android,Confirmacao_Protocolo,Resolvido_Bot,"10,5",5,300
CVX-001942,2026-03-01 16:16:51,WhatsApp,Auto,Premium,Norte,Android,Confirmacao_Protocolo,Resolvido_Bot,"7,1",,"9009,55"
CVX-006561,2026-03-01 16:17:57,App,Auto,Premium,Nordeste,Android,Upload_Fotos_Documentos,Escalado_Humano,"34,5",4,"10001,65"
CVX-006041,2026-03-01 16:52:29,App,Vida,Premium,Sul,iOS,Confirmacao_Protocolo,Resolvido_Bot,"7,5",5,"55022,3"
CVX-004018,2026-03-01 17:02:53,WhatsApp,Residencial,Premium,Sudeste,Android,Confirmacao_Protocolo,Resolvido_Bot,"6,3",4,"9441,68"
CVX-006680,2026-03-01 17:18:55,WhatsApp,Residencial,Varejo,Sudeste,Android,Inicio_Saudacao,abandonado,,,
CVX-002053,2026-03-01 17:21:08,WhatsApp,Residencial,Corporativo,Nordeste,Android,Confirmacao_Protocolo,Resolvido_Bot,"10,1",,"2710,4"
CVX-001833,2026-03-01 17:21:29,WhatsApp,Residencial,Varejo,Sul,iOS,Analise_Automatica,Abandonado,,,"14879,46"
CVX-001289,2026-03-01 17:33:31,WhatsApp,Vida,Premium,Nordeste,Android,Inicio_Saudacao,Abandonado,,,
CVX-005550,2026-03-01 18:06:35,WhatsApp,Auto,Premium,Sudeste,iOS,Confirmacao_Protocolo,RESOLVIDO_BOT,"6,9",4,"10119,61"
CVX-002872,2026-03-01 18:11:31,WhatsApp,Auto,Varejo,Sudeste,iOS,Confirmacao_Protocolo,RESOLVIDO_BOT,"6,4",,"7553,4"
CVX-002832,2026-03-01 18:45:37,WhatsApp,Auto,Varejo,Norte,Android,Confirmacao_Protocolo,Resolvido_Bot,"10,4",3,"12636,41"
CVX-003115,2026-03-01 19:21:21,App,Auto,Premium,Sudeste,iOS,Confirmacao_Protocolo,Resolvido_Bot,"6,7",4,"9130,27"
CVX-000253,2026-03-01 19:23:56,WhatsApp,Vida,Premium,Sudeste,iOS,Coleta_Dados_Sinistro,Escalado_Humano,"26,9",4,"46670,54"
CVX-000396,2026-03-01 19:29:27,App,Vida,Premium,Sudeste,iOS,Upload_Fotos_Documentos,Abandonado,,,"33308,74"
CVX-000010,2026-03-01 19:34:19,WhatsApp,Auto,Varejo,Sudeste,iOS,Confirmacao_Protocolo,Resolvido_Bot,"6,6",,"6175,46"
CVX-005389,2026-03-01 19:44:33,App,Residencial,Premium,Sul,iOS,Validacao_Apolice,Escalado_Humano,"20,3",4,
CVX-004159,2026-03-01 20:06:33,WhatsApp,Residencial,Corporativo,Centro-Oeste,Android,Coleta_Dados_Sinistro,Escalado_Humano,36,2,"16232,87"
CVX-006691,2026-03-01 20:37:02,WhatsApp,Residencial,Varejo,Sudeste,iOS,Confirmacao_Protocolo,Resolvido_Bot,"6,7",4,"11459,97"
CVX-003998,2026-03-01 20:38:55,WhatsApp,Auto,Premium,Nordeste,Android,Validacao_Apolice,Escalado_Humano,"23,2",,
CVX-003088,2026-03-01 20:39:51,WhatsApp,Residencial,Varejo,Sudeste,Android,Analise_Automatica,Escalado_Humano,"48,1",3,"11316,45"
CVX-003753,2026-03-01 20:42:48,WhatsApp,Residencial,Varejo,Sul,iOS,Confirmacao_Protocolo,Resolvido_Bot,"8,9",,"16129,87"
CVX-006417,2026-03-01 20:52:50,WhatsApp,Auto,Varejo,Centro-Oeste,iOS,Confirmacao_Protocolo,Resolvido_Bot,"9,5",5,"11637,79"
CVX-004481,2026-03-02 8:05:05,WhatsApp,Auto,Varejo,Sul,Android,Upload_Fotos_Documentos,Abandonado,,,"11586,98"
CVX-004170,2026-03-02 8:19:09,WhatsApp,Auto,Varejo,Sudeste,iOS,Validacao_Apolice,Escalado_Humano,"42,9",3,
CVX-003755,2026-03-02 8:37:34,App,Residencial,Corporativo,Sudeste,Android,Validacao_Apolice,Escalado_Humano,"31,9",4,
CVX-001291,2026-03-02 9:05:24,WhatsApp,Auto,Premium,Sudeste,Android,Confirmacao_Protocolo,Resolvido_Bot,"11,4",,"13304,12"
CVX-006773,2026-03-02 9:24:03,WhatsApp,Auto,Corporativo,Sul,iOS,Validacao_Apolice,Abandonado,,,
CVX-002371,2026-03-02 9:28:40,App,Auto,Varejo,Sudeste,Android,Confirmacao_Protocolo,resolvido_bot,"13,3",4,"5827,43"
CVX-003884,2026-03-02 9:31:24,WhatsApp,Auto,Premium,Norte,Android,Confirmacao_Protocolo,Resolvido_Bot,"11,7",3,"8620,34"
CVX-001137,2026-03-02 9:43:33,WhatsApp,Residencial,Varejo,Nordeste,Android,Confirmacao_Protocolo,Resolvido_Bot,"7,4",4,"16241,98"
CVX-004977,2026-03-02 9:44:06,WhatsApp,Residencial,Varejo,Nordeste,Android,Confirmacao_Protocolo,Resolvido_Bot,"9,4",4,"10094,66"
CVX-004912,2026-03-02 9:47:15,WhatsApp,Residencial,Premium,Centro-Oeste,Android,Validacao_Apolice,Escalado_Humano,"38,5",3,
CVX-000458,2026-03-02 10:29:39,WhatsApp,Vida,Varejo,Sudeste,iOS,Validacao_Apolice,Escalado_Humano,"43,1",3,
CVX-005204,2026-03-02 10:32:17,WhatsApp,Residencial,Varejo,Nordeste,iOS,Confirmacao_Protocolo,Resolvido_Bot,"8,9",,"21603,16"
CVX-006380,2026-03-02 10:51:03,WhatsApp,Vida,Varejo,Sudeste,iOS,Confirmacao_Protocolo,Resolvido_Bot,"4,2",5,"31153,85"
CVX-000088,2026-03-02 11:00:58,App,Auto,Varejo,Sudeste,iOS,Confirmacao_Protocolo,Resolvido_Bot,"12,3",4,"15048,21"
CVX-005921,2026-03-02 11:08:36,App,Auto,Varejo,Sudeste,Android,Confirmacao_Protocolo,Resolvido_Bot,"7,7",4,"3988,83"
CVX-004857,2026-03-02 11:12:24,WhatsApp,Residencial,Premium,Sudeste,Android,Validacao_Apolice,Escalado_Humano,"35,8",2,
CVX-006705,2026-03-02 11:22:24,WhatsApp,Auto,Varejo,Sul,Android,Confirmacao_Protocolo,Resolvido_Bot,"9,2",5,"10604,18"
CVX-006271,2026-03-02 11:25:46,App,Auto,Varejo,Norte,Android,Confirmacao_Protocolo,Resolvido_Bot,"5,7",4,"11144,85"
CVX-000624,2026-03-02 11:38:25,WhatsApp,Auto,Corporativo,Norte,Android,Validacao_Apolice,Escalado_Humano,"33,2",,
CVX-004258,2026-03-02 11:39:48,App,Auto,Varejo,Sudeste,Android,Validacao_Apolice,Abandonado,,,
CVX-006482,2026-03-02 11:53:37,WhatsApp,Residencial,Premium,Sudeste,Android,Confirmacao_Protocolo,Resolvido_Bot,"7,7",5,"23685,94"
CVX-001646,2026-03-02 12:07:41,WhatsApp,Vida,Varejo,Sul,Android,Validacao_Apolice,Abandonado,,,
CVX-004446,2026-03-02 12:20:13,WhatsApp,Residencial,Varejo,Sudeste,Android,Upload_Fotos_Documentos,Abandonado,,,"9151,81"
CVX-005905,2026-03-02 12:20:45,WhatsApp,Auto,Premium,Sul,Android,Validacao_Apolice,Abandonado,,,
CVX-004504,2026-03-02 12:27:26,WhatsApp,Auto,Varejo,Sudeste,Android,Upload_Fotos_Documentos,Abandonado,,,"8438,37"
CVX-000760,2026-03-02 12:33:24,WhatsApp,Residencial,Varejo,Centro-Oeste,iOS,Upload_Fotos_Documentos,ESCALADO HUMANO,"37,8",4,"23942,87"
CVX-005245,2026-03-02 13:05:00,WhatsApp,Vida,Varejo,Sudeste,Android,Confirmacao_Protocolo,Resolvido_Bot,12,5,"92189,98"
CVX-006199,2026-03-02 13:06:16,WhatsApp,Residencial,Varejo,Sul,Android,Confirmacao_Protocolo,Resolvido_Bot,9,3,"12905,36"
CVX-001322,2026-03-02 13:29:42,WhatsApp,Residencial,Varejo,Sudeste,Android,Confirmacao_Protocolo,Resolvido_Bot,"7,4",5,"23632,79"
CVX-005394,2026-03-02 14:02:39,WhatsApp,Residencial,Premium,Sudeste,Android,Upload_Fotos_Documentos,Abandonado,,,"15986,14"
CVX-000977,2026-03-02 14:05:41,WhatsApp,Vida,Varejo,Sudeste,Android,Upload_Fotos_Documentos,Escalado_Humano,"31,8",,"52884,87"
CVX-004650,2026-03-02 14:06:26,App,Residencial,Varejo,Sudeste,iOS,Upload_Fotos_Documentos,Escalado_Humano,"38,5",2,"11770,68"
CVX-003047,2026-03-02 14:23:01,App,Residencial,Varejo,Nordeste,iOS,Analise_Automatica,Abandonado,,,"14934,48"
CVX-001002,2026-03-02 14:31:12,WhatsApp,Residencial,Premium,Centro-Oeste,Android,Validacao_Apolice,Escalado_Humano,"37,2",3,
CVX-001566,2026-03-02 14:33:50,WhatsApp,Residencial,Varejo,Sudeste,Android,Validacao_Apolice,Escalado_Humano,"42,4",4,
CVX-001010,2026-03-02 14:55:22,WhatsApp,Vida,Varejo,Sudeste,Android,Upload_Fotos_Documentos,abandono,,,"32742,31"
CVX-005790,2026-03-02 15:04:14,WhatsApp,Auto,Varejo,Nordeste,Android,Confirmacao_Protocolo,Resolvido_Bot,"3,8",4,"12093,17"
CVX-005845,2026-03-02 15:09:57,WhatsApp,Auto,Premium,Sudeste,Android,Confirmacao_Protocolo,Resolvido_Bot,"15,1",4,"14009,14"
CVX-001365,2026-03-02 15:19:18,WhatsApp,Residencial,Varejo,Sul,Android,Confirmacao_Protocolo,Resolvido_Bot,"5,5",5,"12893,7"
CVX-002827,2026-03-02 16:15:57,App,Auto,Varejo,Nordeste,Android,Upload_Fotos_Documentos,abandonado,,,"8376,06"
CVX-002833,2026-03-02 16:31:00,WhatsApp,Auto,Varejo,Nordeste,Android,Coleta_Dados_Sinistro,Abandonado,,,"5266,89"
CVX-004804,2026-03-02 16:36:31,WhatsApp,Auto,Varejo,Sul,Android,Confirmacao_Protocolo,Resolvido_Bot,"11,4",4,"3825,06"
CVX-000057,2026-03-02 16:38:49,WhatsApp,Vida,Varejo,Nordeste,iOS,Validacao_Apolice,Escalado_Humano,50,3,
CVX-001177,2026-03-02 17:37:07,WhatsApp,Residencial,Corporativo,Sul,Android,Confirmacao_Protocolo,Resolvido_Bot,8,4,"12944,76"
CVX-002637,2026-03-02 17:40:06,WhatsApp,Auto,Varejo,Nordeste,Android,Upload_Fotos_Documentos,Escalado_Humano,10,4,"1606,53"
CVX-002511,2026-03-02 17:46:58,WhatsApp,Auto,Varejo,Sudeste,iOS,Coleta_Dados_Sinistro,Abandonado,,,"11854,11"
CVX-005783,2026-03-02 17:47:24,WhatsApp,Residencial,Premium,Sudeste,iOS,Coleta_Dados_Sinistro,Abandonado,,,"7275,1"
CVX-002736,2026-03-02 17:50:25,WhatsApp,Residencial,Premium,Sudeste,Android,Confirmacao_Protocolo,Resolvido_Bot,"10,2",5,"12436,17"
CVX-000399,2026-03-02 18:11:01,WhatsApp,Residencial,Varejo,Nordeste,Android,Confirmacao_Protocolo,Resolvido_Bot,"6,4",4,"13264,64"
CVX-002559,2026-03-02 18:16:41,WhatsApp,Residencial,Premium,Sul,Android,Confirmacao_Protocolo,Resolvido_bot ,"8,6",,"19929,79"
CVX-001977,2026-03-02 18:59:56,WhatsApp,Residencial,Premium,Sudeste,Android,Upload_Fotos_Documentos,Abandonado,,,"17826,64"
CVX-001508,2026-03-02 19:02:00,App,Residencial,Varejo,Sudeste,Android,Validacao_Apolice,Abandonado,,,
CVX-000355,2026-03-02 19:27:50,App,Residencial,Corporativo,Sudeste,iOS,Confirmacao_Protocolo,Resolvido_Bot,"7,7",5,"19198,25"
CVX-003095,2026-03-02 19:47:07,WhatsApp,Auto,Corporativo,Sudeste,Android,Confirmacao_Protocolo,Resolvido_Bot,"13,7",5,"8621,73"
CVX-001358,2026-03-02 19:50:57,WhatsApp,Vida,Varejo,Centro-Oeste,Android,Analise_Automatica,Escalado_Humano,"23,7",3,"49596,29"
CVX-002263,2026-03-02 20:01:28,WhatsApp,Residencial,Premium,Sudeste,Android,Confirmacao_Protocolo,Resolvido_Bot,"9,5",5,"18882,11"
CVX-006168,2026-03-02 20:26:39,WhatsApp,Residencial,Varejo,Sudeste,Android,Validacao_Apolice,Escalado_Humano,"45,1",3,
CVX-000306,2026-03-02 20:59:25,WhatsApp,Vida,Corporativo,Sudeste,iOS,Analise_Automatica,Escalado_Humano,"46,5",4,"20284,44"
CVX-000062,2026-03-03 8:00:44,WhatsApp,Residencial,Varejo,Nordeste,iOS,Confirmacao_Protocolo,RESOLVIDO_BOT,"8,9",5,"18244,58"
CVX-004691,2026-03-03 8:11:37,WhatsApp,Residencial,Varejo,Sudeste,Android,Upload_Fotos_Documentos,Abandonado,,,"4822,15"
CVX-006498,2026-03-03 8:29:15,WhatsApp,Residencial,Varejo,Sul,Android,Confirmacao_Protocolo,Resolvido_Bot,"14,1",,"19389,84"
CVX-002677,2026-03-03 9:14:28,WhatsApp,Residencial,Varejo,Sul,Android,Validacao_Apolice,Escalado_Humano,"45,2",4,
CVX-003533,2026-03-03 9:24:52,WhatsApp,Auto,Varejo,Sul,iOS,Confirmacao_Protocolo,Resolvido_Bot,"10,6",5,"4888,5"
CVX-004925,2026-03-03 9:25:59,WhatsApp,Residencial,Corporativo,Sudeste,iOS,Confirmacao_Protocolo,Resolvido_Bot,"5,2",5,300
CVX-004301,2026-03-03 9:38:12,WhatsApp,Residencial,Varejo,Sudeste,Android,Confirmacao_Protocolo,Resolvido_Bot,"8,8",5,"30102,96"
CVX-004643,2026-03-03 9:51:41,WhatsApp,Vida,Premium,Sul,iOS,Confirmacao_Protocolo,Resolvido_Bot,"9,8",4,"59420,85"
CVX-000856,2026-03-03 10:05:59,WhatsApp,Auto,Corporativo,Centro-Oeste,iOS,Upload_Fotos_Documentos,Abandonado,,,"4993,61"
CVX-006429,2026-03-03 10:19:54,WhatsApp,Residencial,Varejo,Sudeste,Android,Validacao_Apolice,Escalado_Humano,"37,1",2,
CVX-001705,2026-03-03 10:24:44,WhatsApp,Auto,Premium,Sudeste,iOS,Coleta_Dados_Sinistro,Escalado_Humano,"32,8",3,"7113,06"
CVX-002670,2026-03-03 10:45:54,WhatsApp,Auto,Varejo,Sul,Android,Confirmacao_Protocolo,Resolvido_Bot,"4,6",5,"3575,96"
CVX-002303,2026-03-03 10:51:41,WhatsApp,Residencial,Varejo,Sul,iOS,Validacao_Apolice,Escalado_Humano,"51,4",3,
CVX-000551,2026-03-03 11:00:47,WhatsApp,Vida,Varejo,Norte,iOS,Validacao_Apolice,Escalado_Humano,"29,4",3,
CVX-003023,2026-03-03 11:40:25,WhatsApp,Auto,Varejo,Sudeste,Android,Validacao_Apolice,Escalado_Humano,"35,5",,
CVX-004384,2026-03-03 11:48:11,WhatsApp,Residencial,Premium,Norte,Android,Confirmacao_Protocolo,Resolvido_Bot,"14,4",4,"13956,12"
CVX-003250,2026-03-03 12:27:36,WhatsApp,Residencial,Corporativo,Sudeste,iOS,Coleta_Dados_Sinistro,Abandonado,,,"15044,45"
CVX-001013,2026-03-03 12:42:32,WhatsApp,Vida,Premium,Sudeste,iOS,Confirmacao_Protocolo,Resolvido_Bot,"10,6",,"14329,98"
CVX-003988,2026-03-03 12:45:02,WhatsApp,Residencial,Premium,Norte,Android,Validacao_Apolice,Escalado_Humano,"43,6",4,
CVX-003912,2026-03-03 12:50:16,WhatsApp,Residencial,Varejo,Sudeste,iOS,Confirmacao_Protocolo,Resolvido_Bot,"11,8",4,"14455,42"
CVX-001227,2026-03-03 12:58:04,WhatsApp,Residencial,Varejo,Sudeste,iOS,Confirmacao_Protocolo,Resolvido_Bot,"9,2",5,"24698,29"
CVX-000027,2026-03-03 13:08:51,App,Vida,Varejo,Sudeste,Android,Confirmacao_Protocolo,Resolvido_Bot,"6,5",5,"55427,69"
CVX-006516,2026-03-03 13:20:23,WhatsApp,Vida,Varejo,Centro-Oeste,iOS,Validacao_Apolice,escalado_humano,"51,6",3,
CVX-006457,2026-03-03 13:40:32,WhatsApp,Auto,Premium,Nordeste,Android,Analise_Automatica,Escalado_Humano,"49,2",,"7281,9"
CVX-002936,2026-03-03 14:32:26,WhatsApp,Auto,Premium,Sul,Android,Confirmacao_Protocolo,Resolvido_Bot,"8,6",4,"1484,07"
CVX-001818,2026-03-03 14:37:02,WhatsApp,Auto,Varejo,Centro-Oeste,Android,Analise_Automatica,Abandonado,,,"5559,46"
CVX-000035,2026-03-03 14:50:22,WhatsApp,Auto,Varejo,Sudeste,iOS,Confirmacao_Protocolo,Resolvido_Bot,"10,1",5,"5820,29"
CVX-003834,2026-03-03 14:57:34,WhatsApp,Vida,Premium,Norte,Android,Confirmacao_Protocolo,Resolvido_bot ,"7,5",3,"44476,61"
CVX-000901,2026-03-03 14:58:32,WhatsApp,Residencial,Varejo,Sudeste,iOS,Confirmacao_Protocolo,Resolvido_Bot,"11,9",5,"9961,94"
CVX-001969,2026-03-03 15:50:15,WhatsApp,Residencial,Varejo,Nordeste,Android,Coleta_Dados_Sinistro,Abandonado,,,"12602,05"
CVX-005153,2026-03-03 15:50:26,WhatsApp,Residencial,Corporativo,Sudeste,iOS,Confirmacao_Protocolo,Resolvido_Bot,"10,9",,"17035,2"
CVX-000145,2026-03-03 15:57:22,WhatsApp,Auto,Varejo,Sul,Android,Confirmacao_Protocolo,Resolvido_Bot,6,5,"8229,11"
CVX-004334,2026-03-03 15:57:30,WhatsApp,Auto,Varejo,Nordeste,iOS,Validacao_Apolice,Escalado_Humano,"59,2",3,
CVX-001643,2026-03-03 16:04:01,WhatsApp,Auto,Varejo,Sul,Android,Confirmacao_Protocolo,Resolvido_Bot,"5,9",4,"9422,55"
CVX-001780,2026-03-03 16:34:05,WhatsApp,Residencial,Varejo,Sul,Android,Confirmacao_Protocolo,Resolvido_Bot,"7,7",,"25234,15"
CVX-006360,2026-03-03 16:35:31,WhatsApp,Vida,Premium,Sudeste,Android,Coleta_Dados_Sinistro,Abandonado,,,"68019,35"
CVX-000487,2026-03-03 16:42:24,WhatsApp,Auto,Premium,Sudeste,iOS,Coleta_Dados_Sinistro,Abandonado,,,"4694,49"
CVX-004145,2026-03-03 16:49:24,WhatsApp,Auto,Varejo,Sul,iOS,Confirmacao_Protocolo,Resolvido_Bot,"6,9",5,"7432,37"
CVX-003546,2026-03-03 16:49:48,WhatsApp,Residencial,Premium,Norte,Android,Coleta_Dados_Sinistro,Escalado_Humano,"31,4",5,"18920,01"
CVX-002971,2026-03-03 17:01:53,WhatsApp,Residencial,Varejo,Sul,Android,Upload_Fotos_Documentos,Escalado_Humano,"60,4",3,"16360,53"
CVX-006448,2026-03-03 17:11:45,WhatsApp,Residencial,Varejo,Sudeste,Android,Confirmacao_Protocolo,Resolvido_Bot,"10,1",3,"14103,01"
CVX-004405,2026-03-03 17:41:29,WhatsApp,Auto,Premium,Nordeste,Android,Upload_Fotos_Documentos,Abandonado,,,"15823,93"
CVX-000472,2026-03-03 18:09:55,App,Residencial,Varejo,Nordeste,iOS,Upload_Fotos_Documentos,Abandonado,,,"5599,5"
CVX-001831,2026-03-03 18:10:43,WhatsApp,Residencial,Corporativo,Sul,Android,Confirmacao_Protocolo,Resolvido_Bot,"7,6",5,"15121,56"
CVX-005839,2026-03-03 18:13:37,WhatsApp,Residencial,Premium,Sul,iOS,Confirmacao_Protocolo,Resolvido_Bot,"10,5",5,"21779,88"
CVX-001545,2026-03-03 18:15:48,WhatsApp,Auto,Varejo,Sudeste,Android,Upload_Fotos_Documentos,Abandonado,,,"7974,36"
CVX-002706,2026-03-03 18:29:55,WhatsApp,Residencial,Varejo,Sudeste,Android,Confirmacao_Protocolo,Resolvido_Bot,"5,3",5,"12214,29"
CVX-003870,2026-03-03 18:31:26,App,Vida,Varejo,Norte,Android,Analise_Automatica,Abandonado,,,"32662,85"
CVX-004154,2026-03-03 18:38:26,WhatsApp,Residencial,Varejo,Sul,iOS,Upload_Fotos_Documentos,Abandonado,,,"13247,11"
CVX-000884,2026-03-03 18:38:46,WhatsApp,Residencial,Varejo,Sudeste,Android,Validacao_Apolice,Escalado_Humano,"28,9",,
CVX-002674,2026-03-03 18:45:52,WhatsApp,Auto,Varejo,Sudeste,Android,Confirmacao_Protocolo,Resolvido_Bot,"11,4",4,"5047,19"
CVX-004614,2026-03-03 18:58:10,App,Auto,Varejo,Nordeste,Android,Confirmacao_Protocolo,Resolvido_Bot,"11,3",5,"7905,21"
CVX-003861,2026-03-03 19:20:48,WhatsApp,Auto,Varejo,Sul,Android,Confirmacao_Protocolo,Resolvido_Bot,"4,3",5,"2326,05"
CVX-000237,2026-03-03 19:31:27,WhatsApp,Auto,Premium,Sudeste,Android,Confirmacao_Protocolo,Resolvido_Bot,"9,1",5,"11596,27"
CVX-006334,2026-03-03 19:46:50,WhatsApp,Auto,Premium,Sudeste,Android,Confirmacao_Protocolo,Resolvido_Bot,"14,8",4,"12762,01"
CVX-001488,2026-03-03 19:50:27,WhatsApp,Auto,Corporativo,Sul,Android,Inicio_Saudacao,Abandonado,,,
CVX-002996,2026-03-03 19:53:10,WhatsApp,Residencial,Varejo,Sul,iOS,Confirmacao_Protocolo,Resolvido_Bot,"8,2",5,"1968,83"
CVX-005416,2026-03-03 20:00:49,WhatsApp,Auto,Varejo,Sudeste,iOS,Validacao_Apolice,Escalado_Humano,"53,1",,
CVX-002090,2026-03-03 20:06:17,WhatsApp,Auto,Premium,Sul,iOS,Validacao_Apolice,Escalado_Humano,"40,9",,
CVX-005765,2026-03-03 20:25:39,App,Auto,Varejo,Sudeste,iOS,Confirmacao_Protocolo,Resolvido_Bot,"11,3",4,"16096,21"
CVX-004998,2026-03-03 20:42:01,WhatsApp,Residencial,Varejo,Centro-Oeste,Android,Confirmacao_Protocolo,Resolvido_Bot,"15,1",2,"14240,53"
CVX-005513,2026-03-03 20:43:51,WhatsApp,Residencial,Premium,Sudeste,Android,Confirmacao_Protocolo,Resolvido_Bot,"6,5",4,"4299,19"
CVX-000984,2026-03-03 20:59:58,WhatsApp,Residencial,Varejo,Sudeste,iOS,Upload_Fotos_Documentos,Abandonado,,,"8811,39"
CVX-006668,2026-03-04 8:05:56,WhatsApp,Residencial,Varejo,Sudeste,Android,Validacao_Apolice,Escalado_Humano,"25,3",5,
CVX-003299,2026-03-04 8:10:16,WhatsApp,Auto,Varejo,Sudeste,Android,Upload_Fotos_Documentos,Abandonado,,,"8514,67"
CVX-000038,2026-03-04 8:21:00,WhatsApp,Auto,Varejo,Sudeste,iOS,Confirmacao_Protocolo,Resolvido_Bot,"7,5",,"10741,05"
CVX-000754,2026-03-04 9:01:47,WhatsApp,Auto,Varejo,Sul,iOS,Validacao_Apolice,Abandonado,,,
CVX-000311,2026-03-04 9:51:21,WhatsApp,Vida,Corporativo,Sudeste,Android,Confirmacao_Protocolo,Resolvido_Bot,"14,4",5,"32038,95"
CVX-005251,2026-03-04 9:55:46,WhatsApp,Residencial,Corporativo,Sul,Android,Confirmacao_Protocolo,Resolvido_Bot,"7,1",4,"8591,29"
CVX-003720,2026-03-04 10:41:22,WhatsApp,Auto,Premium,Sudeste,iOS,Validacao_Apolice,Escalado_Humano,"40,9",3,
CVX-000601,2026-03-04 10:43:51,WhatsApp,Auto,Varejo,Sudeste,iOS,Upload_Fotos_Documentos,abandonado,,,"14910,4"
CVX-004029,2026-03-04 10:49:06,WhatsApp,Residencial,Varejo,Centro-Oeste,Android,Confirmacao_Protocolo,Resolvido_Bot,"7,5",,"7347,96"
CVX-004243,2026-03-04 11:09:35,WhatsApp,Auto,Varejo,Sul,Android,Confirmacao_Protocolo,Resolvido_Bot,"8,2",,"7505,35"
CVX-005134,2026-03-04 11:11:41,App,Auto,Premium,Sudeste,Android,Confirmacao_Protocolo,Resolvido_Bot,"14,8",,"13161,57"
CVX-003568,2026-03-04 11:16:43,WhatsApp,Auto,Premium,Sudeste,Android,Confirmacao_Protocolo,Resolvido_bot ,"13,9",4,"9616,2"
CVX-001343,2026-03-04 11:17:54,WhatsApp,Auto,Premium,Nordeste,iOS,Confirmacao_Protocolo,Resolvido_Bot,"7,6",,"11269,69"
CVX-001569,2026-03-04 11:19:33,WhatsApp,Vida,Varejo,Nordeste,Android,Confirmacao_Protocolo,Resolvido_Bot,"11,2",3,"81176,92"
CVX-002214,2026-03-04 11:22:46,WhatsApp,Auto,Premium,Sudeste,Android,Confirmacao_Protocolo,Resolvido_Bot,"13,2",4,"10260,06"
CVX-000384,2026-03-04 11:31:16,App,Auto,Premium,Sudeste,Android,Confirmacao_Protocolo,Resolvido_Bot,"8,5",5,"9274,79"
CVX-005876,2026-03-04 11:32:45,WhatsApp,Auto,Varejo,Sudeste,Android,Confirmacao_Protocolo,Resolvido_Bot,"8,3",,"10962,4"
CVX-001528,2026-03-04 11:39:20,WhatsApp,Auto,Varejo,Nordeste,Android,Coleta_Dados_Sinistro,Escalado_Humano,"21,6",4,"1873,56"
CVX-006259,2026-03-04 11:41:17,WhatsApp,Auto,Varejo,Sudeste,Android,Confirmacao_Protocolo,Resolvido_Bot,"5,9",,"8621,37"
CVX-001923,2026-03-04 11:43:17,WhatsApp,Vida,Varejo,Sudeste,Android,Validacao_Apolice,Escalado_Humano,"29,7",,
CVX-000904,2026-03-04 12:05:02,WhatsApp,Auto,Premium,Sudeste,Android,Upload_Fotos_Documentos,Abandonado,,,"15162,86"
CVX-006905,2026-03-04 12:12:31,WhatsApp,Auto,Premium,Nordeste,Android,Coleta_Dados_Sinistro,Abandonado,,,"7114,92"
CVX-002445,2026-03-04 12:24:07,WhatsApp,Auto,Premium,Sul,Android,Validacao_Apolice,Abandonado,,,
CVX-000573,2026-03-04 12:31:32,App,Auto,Varejo,Norte,Android,Validacao_Apolice,Escalado_Humano,32,2,
CVX-001536,2026-03-04 12:54:25,App,Residencial,Varejo,Sul,Android,Analise_Automatica,Abandonado,,,"17310,93"
CVX-006690,2026-03-04 13:05:26,WhatsApp,Auto,Premium,Centro-Oeste,Android,Confirmacao_Protocolo,Resolvido_Bot,"15,9",4,"11416,56"
CVX-004497,2026-03-04 13:10:12,WhatsApp,Auto,Varejo,Sudeste,Android,Confirmacao_Protocolo,resolvido_bot,"6,5",5,"6247,73"
CVX-005600,2026-03-04 13:14:51,App,Auto,Premium,Sudeste,iOS,Confirmacao_Protocolo,Resolvido_Bot,"8,6",5,5695
CVX-001228,2026-03-04 13:23:54,WhatsApp,Auto,Varejo,Sudeste,Android,Confirmacao_Protocolo,Resolvido_Bot,"7,4",4,"16039,48"
CVX-000138,2026-03-04 13:33:04,App,Auto,Varejo,Norte,iOS,Confirmacao_Protocolo,Resolvido_Bot,"11,7",4,"9795,28"
CVX-006956,2026-03-04 13:38:20,App,Residencial,Corporativo,Sudeste,Android,Validacao_Apolice,Escalado_Humano,10,5,
CVX-001422,2026-03-04 13:39:09,WhatsApp,Auto,Varejo,Centro-Oeste,iOS,Confirmacao_Protocolo,Resolvido_Bot,"12,3",,"6442,27"
CVX-001480,2026-03-04 13:43:35,App,Residencial,Corporativo,Sudeste,iOS,Validacao_Apolice,Abandonado,,,
CVX-001749,2026-03-04 13:59:31,WhatsApp,Residencial,Varejo,Sudeste,Android,Validacao_Apolice,abandonado,,,
CVX-004534,2026-03-04 14:06:23,WhatsApp,Auto,Varejo,Norte,iOS,Confirmacao_Protocolo,Resolvido_Bot,"9,6",3,"8247,95"
CVX-001089,2026-03-04 14:12:37,WhatsApp,Auto,Varejo,Sudeste,Android,Confirmacao_Protocolo,Resolvido_Bot,4,4,"10378,32"
CVX-000710,2026-03-04 14:21:23,WhatsApp,Auto,Varejo,Sudeste,iOS,Validacao_Apolice,Escalado_Humano,"33,1",,
CVX-003547,2026-03-04 14:25:05,App,Auto,Premium,Sudeste,Android,Confirmacao_Protocolo,Resolvido_Bot,"17,8",5,"10742,44"
CVX-001995,2026-03-04 14:25:25,WhatsApp,Vida,Corporativo,Sudeste,Android,Coleta_Dados_Sinistro,escalado_humano,"12,7",4,"63915,05"
CVX-003264,2026-03-04 14:43:14,WhatsApp,Vida,Premium,Sul,Android,Upload_Fotos_Documentos,Abandonado,,,"66171,97"
CVX-004896,2026-03-04 14:50:44,App,Auto,Premium,Sul,Android,Upload_Fotos_Documentos,Escalado_Humano,"58,5",3,"13728,57"
CVX-001631,2026-03-04 15:05:08,WhatsApp,Auto,Varejo,Sudeste,Android,Inicio_Saudacao,Abandonado,,,
CVX-006585,2026-03-04 15:06:03,App,Auto,Varejo,Sul,iOS,Confirmacao_Protocolo,Resolvido_Bot,"5,6",5,"12018,28"
CVX-000966,2026-03-04 15:09:05,WhatsApp,Auto,Varejo,Sul,iOS,Coleta_Dados_Sinistro,Escalado_Humano,"54,6",,"6667,25"
CVX-000322,2026-03-04 15:37:21,WhatsApp,Auto,Varejo,Sudeste,Android,Validacao_Apolice,Escalado_Humano,49,3,
CVX-004045,2026-03-04 15:54:28,WhatsApp,Auto,Varejo,Sul,iOS,Confirmacao_Protocolo,Resolvido_Bot,"7,4",4,"9715,17"
CVX-004272,2026-03-04 17:02:26,WhatsApp,Auto,Corporativo,Sul,Android,Confirmacao_Protocolo,Resolvido_Bot,"8,8",3,"11862,31"
CVX-004698,2026-03-04 17:04:45,WhatsApp,Auto,Varejo,Centro-Oeste,Android,Confirmacao_Protocolo,Resolvido_Bot,"6,3",,"2734,2"
CVX-002056,2026-03-04 17:29:01,WhatsApp,Auto,Varejo,Sul,Android,Confirmacao_Protocolo,Resolvido_Bot,4,4,"10019,19"
CVX-004367,2026-03-04 17:36:26,WhatsApp,Residencial,Corporativo,Sul,iOS,Analise_Automatica,Escalado_Humano,36,5,"14697,44"
CVX-003358,2026-03-04 18:05:25,WhatsApp,Auto,Varejo,Sudeste,Android,Confirmacao_Protocolo,Resolvido_Bot,"8,6",4,"9216,52"
CVX-004798,2026-03-04 18:11:42,WhatsApp,Vida,Varejo,Sudeste,Android,Upload_Fotos_Documentos,Escalado_Humano,"54,1",,"54483,89"
CVX-001490,2026-03-04 18:13:41,WhatsApp,Auto,Varejo,Sul,Android,Confirmacao_Protocolo,Resolvido_Bot,"8,7",4,"10067,28"
CVX-004128,2026-03-04 18:14:26,WhatsApp,Vida,Corporativo,Sudeste,Android,Coleta_Dados_Sinistro,Escalado_Humano,"40,9",4,"68176,48"
CVX-001937,2026-03-04 18:34:46,WhatsApp,Residencial,Varejo,Norte,Android,Upload_Fotos_Documentos,Abandonado,,,"19048,36"
CVX-006768,2026-03-04 18:37:16,WhatsApp,Residencial,Corporativo,Sudeste,Android,Validacao_Apolice,Escalado_Humano,"27,2",4,
CVX-001828,2026-03-04 19:21:13,WhatsApp,Auto,Varejo,Norte,iOS,Confirmacao_Protocolo,Resolvido_Bot,"10,6",4,"8399,64"
CVX-005225,2026-03-04 19:25:53,App,Vida,Varejo,Centro-Oeste,Android,Confirmacao_Protocolo,Resolvido_Bot,"8,4",4,"39211,23"
CVX-002363,2026-03-04 20:29:53,WhatsApp,Vida,Premium,Sudeste,iOS,Confirmacao_Protocolo,Resolvido_Bot,"14,5",,"42660,68"
CVX-002058,2026-03-04 20:30:27,WhatsApp,Vida,Premium,Nordeste,iOS,Analise_Automatica,Abandonado,,,"57169,54"
CVX-003831,2026-03-04 20:36:45,WhatsApp,Residencial,Varejo,Sudeste,Android,Validacao_Apolice,Abandonado,,,
CVX-004754,2026-03-04 20:59:01,WhatsApp,Residencial,Premium,Sudeste,Android,Confirmacao_Protocolo,Resolvido_Bot,"9,8",4,"14806,43"
CVX-003277,2026-03-05 8:08:38,WhatsApp,Residencial,Corporativo,Sul,iOS,Confirmacao_Protocolo,Resolvido_Bot,"6,3",3,"10207,54"
CVX-001149,2026-03-05 8:10:01,WhatsApp,Auto,Varejo,Sudeste,iOS,Confirmacao_Protocolo,Resolvido_Bot,"7,3",5,"11850,18"
CVX-001479,2026-03-05 8:28:03,WhatsApp,Auto,Corporativo,Sudeste,iOS,Confirmacao_Protocolo,Resolvido_Bot,"8,6",5,"12385,67"
CVX-006194,2026-03-05 8:28:14,WhatsApp,Auto,Varejo,Centro-Oeste,Android,Validacao_Apolice,Escalado_Humano,"42,4",5,
CVX-000141,2026-03-05 9:12:08,WhatsApp,Residencial,Varejo,Sudeste,Android,Confirmacao_Protocolo,Resolvido_Bot,"10,7",3,"17229,04"
CVX-003230,2026-03-05 9:29:44,App,Auto,Varejo,Sudeste,Android,Confirmacao_Protocolo,Resolvido_Bot,"11,6",5,"14205,8"
CVX-001078,2026-03-05 9:40:49,WhatsApp,Auto,Premium,Sudeste,Android,Validacao_Apolice,Escalado_Humano,42,2,
CVX-003295,2026-03-05 9:41:30,WhatsApp,Auto,Varejo,Sudeste,Android,Upload_Fotos_Documentos,Abandonado,,,"5717,57"
CVX-003684,2026-03-05 9:47:10,WhatsApp,Auto,Corporativo,Sudeste,Android,Confirmacao_Protocolo,Resolvido_Bot,"4,3",5,"9792,29"
CVX-004928,2026-03-05 10:02:39,WhatsApp,Vida,Premium,Sudeste,iOS,Coleta_Dados_Sinistro,Escalado_Humano,"40,1",3,"24752,84"
CVX-004579,2026-03-05 10:22:42,WhatsApp,Vida,Varejo,Sudeste,Android,Analise_Automatica,Escalado_Humano,"64,3",,"11303,63"
CVX-004791,2026-03-05 10:38:06,WhatsApp,Auto,Varejo,Sudeste,Android,Confirmacao_Protocolo,Resolvido_Bot,"10,5",5,"11666,91"
CVX-005077,2026-03-05 11:08:44,App,Auto,Corporativo,Sudeste,Android,Coleta_Dados_Sinistro,Escalado_Humano,"36,2",4,"4231,15"
CVX-003254,2026-03-05 11:55:49,WhatsApp,Residencial,Varejo,Sudeste,Android,Confirmacao_Protocolo,Resolvido_Bot,7,5,"13617,87"
CVX-004359,2026-03-05 12:22:24,WhatsApp,Auto,Premium,Sudeste,Android,Confirmacao_Protocolo,Resolvido_Bot,"10,4",5,"6744,69"
CVX-005990,2026-03-05 12:37:38,WhatsApp,Auto,Varejo,Sul,Android,Validacao_Apolice,Escalado_Humano,"24,5",4,
CVX-000959,2026-03-05 12:45:32,App,Residencial,Varejo,Sul,Android,Confirmacao_Protocolo,Resolvido_Bot,"10,8",4,"16670,65"
CVX-000622,2026-03-05 13:01:43,WhatsApp,Auto,Premium,Sudeste,iOS,Upload_Fotos_Documentos,Abandonado,,,"7404,43"
CVX-003530,2026-03-05 13:10:51,WhatsApp,Residencial,Premium,Sudeste,iOS,Confirmacao_Protocolo,Resolvido_Bot,8,4,"11620,57"
CVX-002007,2026-03-05 13:12:16,WhatsApp,Residencial,Premium,Sul,Android,Confirmacao_Protocolo,Resolvido_Bot,"13,5",5,"14786,34"
CVX-006232,2026-03-05 13:40:07,WhatsApp,Auto,Varejo,Nordeste,Android,Validacao_Apolice,Escalado_Humano,"39,2",4,
CVX-006227,2026-03-05 13:44:22,App,Residencial,Varejo,Sudeste,Android,Analise_Automatica,Abandonado,,,"18103,18"
CVX-002304,2026-03-05 14:46:02,WhatsApp,Residencial,Premium,Sudeste,Android,Confirmacao_Protocolo,Resolvido_Bot,"14,6",4,"14713,42"
CVX-000746,2026-03-05 14:58:15,WhatsApp,Residencial,Premium,Norte,Android,Upload_Fotos_Documentos,Abandonado,,,"13663,75"
CVX-004184,2026-03-05 15:02:22,WhatsApp,Vida,Varejo,Sudeste,iOS,Confirmacao_Protocolo,Resolvido_Bot,"5,9",4,"64318,66"
CVX-005589,2026-03-05 15:06:04,WhatsApp,Residencial,Varejo,Sudeste,Android,Coleta_Dados_Sinistro,Escalado_Humano,"44,8",4,"14648,43"
CVX-004963,2026-03-05 15:08:25,WhatsApp,Auto,Premium,Sudeste,Android,Validacao_Apolice,Escalado_Humano,"31,1",4,
CVX-001208,2026-03-05 15:27:36,WhatsApp,Auto,Varejo,Sudeste,Android,Confirmacao_Protocolo,Resolvido_Bot,"5,8",5,"13046,6"
CVX-003776,2026-03-05 15:46:50,WhatsApp,Residencial,Varejo,Sudeste,Android,Confirmacao_Protocolo,Resolvido_Bot,"13,5",4,"16990,2"
CVX-000558,2026-03-05 15:57:29,WhatsApp,Auto,Premium,Sudeste,Android,Confirmacao_Protocolo,Resolvido_Bot,"8,6",5,"3001,8"
CVX-005270,2026-03-05 16:22:56,WhatsApp,Residencial,Varejo,Sul,Android,Analise_Automatica,Abandonado,,,"8260,76"
CVX-000142,2026-03-05 16:38:57,WhatsApp,Vida,Premium,Sul,Android,Upload_Fotos_Documentos,Abandonado,,,"24922,13"
CVX-002415,2026-03-05 16:43:47,WhatsApp,Auto,Corporativo,Sudeste,Android,Confirmacao_Protocolo,Resolvido_Bot,8,,"8764,69"
CVX-004448,2026-03-05 16:56:07,WhatsApp,Auto,Varejo,Sudeste,Android,Confirmacao_Protocolo,Resolvido_Bot,"15,4",5,"13091,81"
CVX-005148,2026-03-05 17:20:07,WhatsApp,Auto,Premium,Sudeste,iOS,Confirmacao_Protocolo,Resolvido_Bot,"13,9",4,"14358,12"
CVX-005018,2026-03-05 17:23:59,WhatsApp,Auto,Varejo,Sul,Android,Validacao_Apolice,Escalado_Humano,28,4,
CVX-003588,2026-03-05 17:40:35,WhatsApp,Auto,Varejo,Nordeste,iOS,Upload_Fotos_Documentos,Abandonado,,,"4088,08"
CVX-002357,2026-03-05 17:43:30,WhatsApp,Residencial,Varejo,Sudeste,Android,Upload_Fotos_Documentos,Abandonado,,,"20070,59"
CVX-006823,2026-03-05 17:50:23,App,Residencial,Varejo,Sudeste,Android,Validacao_Apolice,Escalado_Humano,"35,3",4,
CVX-005422,2026-03-05 18:34:19,WhatsApp,Auto,Premium,Nordeste,Android,Analise_Automatica,Abandonado,,,"4142,78"
CVX-004120,2026-03-05 18:51:10,WhatsApp,Auto,Varejo,Sudeste,Android,Confirmacao_Protocolo,Resolvido_Bot,"10,9",4,"12694,24"
CVX-006453,2026-03-05 18:56:53,App,Auto,Premium,Norte,Android,Confirmacao_Protocolo,RESOLVIDO_BOT,"10,7",5,11341
CVX-006067,2026-03-05 19:44:27,WhatsApp,Auto,Premium,Nordeste,Android,Upload_Fotos_Documentos,Abandonado,,,"6115,9"
CVX-006319,2026-03-05 19:47:05,App,Auto,Varejo,Sul,iOS,Confirmacao_Protocolo,Resolvido_Bot,"4,1",4,"5310,94"
CVX-000222,2026-03-05 20:27:10,WhatsApp,Auto,Varejo,Sudeste,Android,Confirmacao_Protocolo,Resolvido_Bot,"9,8",4,"7510,15"
CVX-002500,2026-03-06 8:40:47,WhatsApp,Auto,Corporativo,Sudeste,iOS,Validacao_Apolice,Escalado_Humano,"52,7",3,
CVX-000907,2026-03-06 9:20:33,WhatsApp,Auto,Premium,Nordeste,Android,Analise_Automatica,Escalado_Humano,41,4,300
CVX-003979,2026-03-06 9:29:46,WhatsApp,Vida,Premium,Sul,iOS,Confirmacao_Protocolo,Resolvido_Bot,"7,2",5,"14642,41"
CVX-001270,2026-03-06 9:30:44,WhatsApp,Vida,Varejo,Sudeste,Android,Confirmacao_Protocolo,Resolvido_Bot,"12,1",5,"37265,28"
CVX-000678,2026-03-06 9:43:04,WhatsApp,Auto,Varejo,Sudeste,Android,Validacao_Apolice,Escalado_Humano,13,,
CVX-001819,2026-03-06 10:04:06,WhatsApp,Residencial,Varejo,Sul,iOS,Upload_Fotos_Documentos,Escalado_Humano,"44,5",4,"14594,5"
CVX-005758,2026-03-06 10:16:43,WhatsApp,Vida,Varejo,Sudeste,Android,Confirmacao_Protocolo,Resolvido_Bot,"8,5",5,"40834,2"
CVX-000581,2026-03-06 10:25:40,WhatsApp,Vida,Varejo,Sudeste,Android,Coleta_Dados_Sinistro,Abandonado,,,"69410,4"
CVX-001558,2026-03-06 10:37:12,App,Auto,Varejo,Sul,Android,Confirmacao_Protocolo,Resolvido_Bot,"11,4",5,"3351,14"
CVX-006006,2026-03-06 10:38:06,WhatsApp,Residencial,Varejo,Norte,Android,Confirmacao_Protocolo,Resolvido_Bot,"9,4",5,"18356,93"
CVX-004901,2026-03-06 10:38:56,WhatsApp,Auto,Varejo,Sudeste,Android,Confirmacao_Protocolo,Resolvido_Bot,"11,8",5,"12030,55"
CVX-003507,2026-03-06 10:41:24,App,Auto,Premium,Centro-Oeste,iOS,Validacao_Apolice,Escalado_Humano,"20,7",,
CVX-004475,2026-03-06 10:51:29,WhatsApp,Residencial,Varejo,Sudeste,Android,Confirmacao_Protocolo,Resolvido_Bot,"17,6",4,"15872,95"
CVX-004190,2026-03-06 10:53:34,App,Auto,Premium,Centro-Oeste,Android,Validacao_Apolice,ESCALADO HUMANO,"16,8",4,
CVX-003355,2026-03-06 10:58:16,WhatsApp,Residencial,Premium,Centro-Oeste,Android,Confirmacao_Protocolo,Resolvido_Bot,"13,3",3,"14573,51"
CVX-006942,2026-03-06 11:03:56,WhatsApp,Auto,Corporativo,Sul,Android,Coleta_Dados_Sinistro,Escalado_humano,"43,3",3,"9102,1"
CVX-006349,2026-03-06 11:08:39,WhatsApp,Auto,Premium,Nordeste,iOS,Confirmacao_Protocolo,Resolvido_Bot,"9,9",4,"4035,64"
CVX-002749,2026-03-06 11:18:42,App,Auto,Varejo,Sudeste,iOS,Confirmacao_Protocolo,Resolvido_Bot,"8,1",4,"4007,03"
CVX-002319,2026-03-06 11:24:36,WhatsApp,Residencial,Varejo,Sudeste,Android,Validacao_Apolice,Abandonado,,,
CVX-000126,2026-03-06 11:33:12,WhatsApp,Residencial,Varejo,Nordeste,Android,Upload_Fotos_Documentos,Abandonado,,,"8217,77"
CVX-003557,2026-03-06 11:55:27,WhatsApp,Vida,Varejo,Nordeste,iOS,Confirmacao_Protocolo,Resolvido_Bot,"8,9",5,"44305,05"
CVX-006087,2026-03-06 12:41:13,WhatsApp,Auto,Varejo,Sudeste,iOS,Validacao_Apolice,Escalado_Humano,"33,9",4,
CVX-001269,2026-03-06 12:41:34,WhatsApp,Residencial,Corporativo,Norte,Android,Confirmacao_Protocolo,Resolvido_Bot,"6,3",4,"19461,19"
CVX-002552,2026-03-06 12:49:44,WhatsApp,Residencial,Premium,Nordeste,Android,Validacao_Apolice,Escalado_Humano,44,3,
CVX-001570,2026-03-06 12:55:33,WhatsApp,Auto,Premium,Sudeste,Android,Confirmacao_Protocolo,Resolvido_Bot,8,,"8377,67"
CVX-002330,2026-03-06 12:57:29,WhatsApp,Vida,Premium,Sudeste,iOS,Coleta_Dados_Sinistro,Escalado_Humano,"40,3",,"42112,15"
CVX-004592,2026-03-06 13:06:00,WhatsApp,Vida,Varejo,Sudeste,iOS,Upload_Fotos_Documentos,Escalado_Humano,"32,1",5,"19755,02"
CVX-003935,2026-03-06 13:25:15,WhatsApp,Auto,Varejo,Sul,Android,Upload_Fotos_Documentos,Abandonado,,,"7905,46"
CVX-006441,2026-03-06 13:33:45,WhatsApp,Residencial,Varejo,Sudeste,iOS,Analise_Automatica,Abandonado,,,"7084,6"
CVX-001332,2026-03-06 13:51:40,WhatsApp,Residencial,Premium,Norte,Android,Validacao_Apolice,Abandonado,,,
CVX-002613,2026-03-06 13:53:59,WhatsApp,Auto,Varejo,Sudeste,Android,Validacao_Apolice,Escalado_Humano,"23,6",2,
CVX-003298,2026-03-06 13:59:00,WhatsApp,Auto,Varejo,Nordeste,Android,Validacao_Apolice,Abandonado,,,
CVX-006302,2026-03-06 14:11:21,WhatsApp,Auto,Premium,Sudeste,Android,Inicio_Saudacao,Abandonado,,,
CVX-004007,2026-03-06 14:25:25,WhatsApp,Auto,Varejo,Sudeste,iOS,Confirmacao_Protocolo,Resolvido_Bot,"4,5",4,"8795,11"
CVX-002802,2026-03-06 14:32:57,App,Residencial,Premium,Norte,Android,Validacao_Apolice,Abandonado,,,
CVX-002632,2026-03-06 15:06:51,WhatsApp,Residencial,Varejo,Nordeste,iOS,Confirmacao_Protocolo,Resolvido_Bot,"5,4",,"18228,61"
CVX-002098,2026-03-06 15:08:41,WhatsApp,Auto,Varejo,Sudeste,iOS,Upload_Fotos_Documentos,Abandonado,,,"11462,27"
CVX-006706,2026-03-06 15:16:56,App,Vida,Varejo,Sudeste,iOS,Validacao_Apolice,Escalado_Humano,56,3,
CVX-003490,2026-03-06 15:22:31,WhatsApp,Auto,Premium,Norte,Android,Confirmacao_Protocolo,Resolvido_Bot,"13,9",5,"8600,33"
CVX-003183,2026-03-06 15:34:35,WhatsApp,Auto,Premium,Sudeste,Android,Coleta_Dados_Sinistro,Escalado_Humano,"44,1",,"10237,45"
CVX-000359,2026-03-06 15:37:38,WhatsApp,Auto,Varejo,Nordeste,iOS,Coleta_Dados_Sinistro,Abandonado,,,"4551,14"
CVX-005885,2026-03-06 15:39:07,WhatsApp,Vida,Corporativo,Sudeste,Android,Upload_Fotos_Documentos,Abandonado,,,"32597,03"
CVX-006831,2026-03-06 15:53:18,WhatsApp,Auto,Varejo,Sudeste,Android,Upload_Fotos_Documentos,Abandonado,,,"10284,44"
CVX-004498,2026-03-06 16:06:46,WhatsApp,Auto,Premium,Sudeste,iOS,Coleta_Dados_Sinistro,Escalado_Humano,"40,1",4,"11747,25"
CVX-002616,2026-03-06 16:40:31,WhatsApp,Auto,Varejo,Sudeste,Android,Confirmacao_Protocolo,Resolvido_Bot,"6,5",4,"11164,13"
CVX-000509,2026-03-06 16:42:00,WhatsApp,Auto,Premium,Sudeste,Android,Confirmacao_Protocolo,Resolvido_Bot,"3,9",5,"2256,45"
CVX-003294,2026-03-06 16:54:07,WhatsApp,Residencial,Varejo,Nordeste,iOS,Confirmacao_Protocolo,Resolvido_Bot,"6,9",5,"10764,94"
CVX-005963,2026-03-06 16:56:44,WhatsApp,Auto,Varejo,Sudeste,Android,Confirmacao_Protocolo,Resolvido_Bot,"10,5",4,"4710,6"
CVX-003056,2026-03-06 17:01:59,WhatsApp,Residencial,Varejo,Sudeste,iOS,Confirmacao_Protocolo,resolvido_bot,"10,4",4,"19652,84"
CVX-001725,2026-03-06 17:05:48,WhatsApp,Auto,Premium,Sul,Android,Validacao_Apolice,escalado_humano,"38,1",4,
CVX-001921,2026-03-06 17:11:24,WhatsApp,Vida,Varejo,Centro-Oeste,Android,Analise_Automatica,Escalado_Humano,"48,3",,"33813,96"
CVX-006356,2026-03-06 17:31:14,WhatsApp,Auto,Premium,Centro-Oeste,Android,Confirmacao_Protocolo,Resolvido_Bot,"10,3",4,"8725,59"
CVX-001474,2026-03-06 17:36:00,WhatsApp,Auto,Varejo,Sul,Android,Validacao_Apolice,Abandonado,,,
CVX-000560,2026-03-06 17:37:01,WhatsApp,Residencial,Varejo,Sudeste,Android,Validacao_Apolice,Escalado_Humano,"51,6",3,
CVX-004544,2026-03-06 17:50:20,WhatsApp,Auto,Varejo,Sudeste,iOS,Coleta_Dados_Sinistro,Escalado_Humano,"52,6",3,"12289,73"
CVX-003939,2026-03-06 17:59:46,WhatsApp,Auto,Corporativo,Norte,iOS,Confirmacao_Protocolo,Resolvido_Bot,"2,6",5,"14113,45"
CVX-001321,2026-03-06 18:07:06,WhatsApp,Auto,Premium,Sul,Android,Coleta_Dados_Sinistro,Abandonado,,,"4311,95"
CVX-001830,2026-03-06 19:42:22,WhatsApp,Vida,Varejo,Nordeste,Android,Confirmacao_Protocolo,Resolvido_Bot,"7,2",3,"84716,05"
CVX-006803,2026-03-06 20:12:50,WhatsApp,Auto,Varejo,Sudeste,Android,Upload_Fotos_Documentos,Escalado_Humano,"18,3",,"10276,9"
CVX-003967,2026-03-06 20:15:38,WhatsApp,Residencial,Varejo,Nordeste,Android,Analise_Automatica,Abandonado,,,"13409,17"
CVX-002665,2026-03-06 20:28:37,WhatsApp,Auto,Varejo,Norte,Android,Validacao_Apolice,Escalado_Humano,"51,3",3,
CVX-006202,2026-03-06 20:40:28,WhatsApp,Auto,Varejo,Sudeste,Android,Upload_Fotos_Documentos,Escalado_Humano,"53,2",4,"2753,01"
CVX-001822,2026-03-06 20:48:06,WhatsApp,Auto,Varejo,Sudeste,Android,Confirmacao_Protocolo,Resolvido_Bot,"7,9",5,"6886,38"
CVX-002070,2026-03-07 8:00:51,WhatsApp,Vida,Varejo,Nordeste,Android,Analise_Automatica,Abandonado,,,"68496,15"
CVX-003846,2026-03-07 8:05:27,WhatsApp,Auto,Varejo,Sul,Android,Confirmacao_Protocolo,Resolvido_Bot,"8,4",3,"11697,58"
CVX-001127,2026-03-07 8:41:27,WhatsApp,Auto,Varejo,Nordeste,Android,Confirmacao_Protocolo,Resolvido_Bot,"10,4",5,"11506,3"
CVX-004587,2026-03-07 9:05:47,WhatsApp,Auto,Premium,Sudeste,iOS,Validacao_Apolice,Escalado_Humano,"50,2",,
CVX-002676,2026-03-07 9:25:25,WhatsApp,Vida,Varejo,Sul,Android,Validacao_Apolice,Escalado_Humano,"36,2",4,
CVX-000576,2026-03-07 9:31:02,WhatsApp,Residencial,Varejo,Sudeste,Android,Validacao_Apolice,Abandonado,,,
CVX-002170,2026-03-07 9:38:13,App,Auto,Varejo,Sul,iOS,Analise_Automatica,Escalado_Humano,"38,5",4,"9780,63"
CVX-006050,2026-03-07 10:47:21,WhatsApp,Auto,Varejo,Sudeste,iOS,Coleta_Dados_Sinistro,Escalado_humano,31,3,"6388,2"
CVX-000809,2026-03-07 10:52:44,WhatsApp,Auto,Premium,Centro-Oeste,Android,Analise_Automatica,Escalado_Humano,"37,7",4,"5719,23"
CVX-004898,2026-03-07 11:12:57,WhatsApp,Residencial,Premium,Sudeste,Android,Confirmacao_Protocolo,Resolvido_Bot,"6,5",4,"18864,24"
CVX-006437,2026-03-07 11:27:20,WhatsApp,Residencial,Varejo,Sul,Android,Confirmacao_Protocolo,Resolvido_Bot,"6,9",5,"9943,35"
CVX-004861,2026-03-07 11:29:50,WhatsApp,Auto,Premium,Nordeste,iOS,Upload_Fotos_Documentos,Abandonado,,,"4147,43"
CVX-000210,2026-03-07 11:31:00,WhatsApp,Residencial,Varejo,Sudeste,Android,Confirmacao_Protocolo,Resolvido_Bot,"12,3",4,"5588,77"
CVX-000438,2026-03-07 11:34:37,WhatsApp,Residencial,Premium,Nordeste,Android,Upload_Fotos_Documentos,Abandonado,,,"13558,93"
CVX-001853,2026-03-07 11:42:26,WhatsApp,Residencial,Varejo,Sudeste,Android,Confirmacao_Protocolo,Resolvido_Bot,"11,9",4,"7639,5"
CVX-003409,2026-03-07 12:26:15,WhatsApp,Auto,Varejo,Sudeste,Android,Analise_Automatica,Escalado_Humano,"17,8",4,"6978,78"
CVX-005981,2026-03-07 13:09:43,WhatsApp,Auto,Varejo,Sudeste,iOS,Confirmacao_Protocolo,RESOLVIDO_BOT,"7,3",5,"12304,73"
CVX-002717,2026-03-07 13:23:40,App,Vida,Premium,Centro-Oeste,iOS,Confirmacao_Protocolo,Resolvido_Bot,"10,7",5,"53857,54"
CVX-004764,2026-03-07 13:26:43,WhatsApp,Residencial,Premium,Sudeste,Android,Confirmacao_Protocolo,Resolvido_Bot,"13,1",4,"18852,1"
CVX-005573,2026-03-07 13:43:03,WhatsApp,Auto,Varejo,Sudeste,Android,Validacao_Apolice,Escalado_Humano,"27,5",4,
CVX-001476,2026-03-07 13:43:28,WhatsApp,Auto,Varejo,Sudeste,Android,Confirmacao_Protocolo,Resolvido_Bot,"5,4",5,"7550,4"
CVX-002135,2026-03-07 13:47:11,WhatsApp,Residencial,Varejo,Centro-Oeste,iOS,Upload_Fotos_Documentos,Abandonado,,,"16354,95"
CVX-006201,2026-03-07 13:51:37,WhatsApp,Auto,Varejo,Nordeste,Android,Validacao_Apolice,Escalado_Humano,"38,5",4,
CVX-001687,2026-03-07 13:56:01,WhatsApp,Vida,Varejo,Sudeste,iOS,Validacao_Apolice,Escalado_Humano,"26,5",,
CVX-005017,2026-03-07 14:00:26,WhatsApp,Residencial,Varejo,Sul,Android,Confirmacao_Protocolo,Resolvido_Bot,"8,5",4,"10057,14"
CVX-004762,2026-03-07 14:02:19,App,Vida,Premium,Sudeste,iOS,Confirmacao_Protocolo,Resolvido_Bot,"11,2",3,"65144,05"
CVX-006815,2026-03-07 14:25:25,WhatsApp,Residencial,Varejo,Nordeste,iOS,Coleta_Dados_Sinistro,Abandonado,,,"9227,24"
CVX-000504,2026-03-07 14:40:52,App,Auto,Varejo,Centro-Oeste,Android,Validacao_Apolice,Escalado_Humano,"47,1",3,
CVX-002358,2026-03-07 15:00:48,WhatsApp,Residencial,Varejo,Sudeste,Android,Inicio_Saudacao,Abandonado,,,
CVX-006786,2026-03-07 15:29:30,WhatsApp,Auto,Premium,Sul,Android,Upload_Fotos_Documentos,Abandonado,,,"8205,76"
CVX-006539,2026-03-07 15:37:43,WhatsApp,Vida,Varejo,Sudeste,iOS,Confirmacao_Protocolo,Resolvido_Bot,"7,8",4,"54397,09"
CVX-006359,2026-03-07 15:41:55,WhatsApp,Residencial,Varejo,Centro-Oeste,Android,Confirmacao_Protocolo,Resolvido_Bot,"5,9",3,"10203,97"
CVX-003562,2026-03-07 15:44:51,WhatsApp,Auto,Varejo,Sudeste,Android,Upload_Fotos_Documentos,Abandonado,,,"10486,24"
CVX-001688,2026-03-07 15:47:53,WhatsApp,Residencial,Varejo,Norte,Android,Upload_Fotos_Documentos,Escalado_Humano,"33,2",4,"7491,01"
CVX-001175,2026-03-07 15:48:14,WhatsApp,Vida,Varejo,Sudeste,iOS,Confirmacao_Protocolo,Resolvido_Bot,"4,9",5,"36721,34"
CVX-000470,2026-03-07 15:52:33,WhatsApp,Auto,Varejo,Sudeste,Android,Confirmacao_Protocolo,Resolvido_Bot,"10,9",5,"9873,95"
CVX-003345,2026-03-07 15:52:52,WhatsApp,Auto,Varejo,Nordeste,Android,Confirmacao_Protocolo,Resolvido_Bot,10,,"9650,74"
CVX-004114,2026-03-07 16:16:30,WhatsApp,Auto,Varejo,Nordeste,Android,Validacao_Apolice,Escalado_Humano,"54,5",,
CVX-003180,2026-03-07 16:17:10,WhatsApp,Auto,Varejo,Sul,Android,Validacao_Apolice,Escalado_Humano,17,4,
CVX-005120,2026-03-07 16:46:08,WhatsApp,Residencial,Varejo,Norte,Android,Validacao_Apolice,Escalado_Humano,"28,8",4,
CVX-002063,2026-03-07 16:58:51,WhatsApp,Auto,Varejo,Nordeste,Android,Confirmacao_Protocolo,Resolvido_bot ,"5,7",,"8903,7"
CVX-004818,2026-03-07 17:07:30,WhatsApp,Residencial,Varejo,Sudeste,Android,Validacao_Apolice,Abandonado,,,
CVX-000278,2026-03-07 17:14:52,WhatsApp,Auto,Corporativo,Nordeste,iOS,Validacao_Apolice,Abandonado,,,
CVX-004137,2026-03-07 17:16:58,WhatsApp,Auto,Corporativo,Sudeste,Android,Confirmacao_Protocolo,Resolvido_Bot,"16,1",4,"3532,59"
CVX-004535,2026-03-07 17:32:35,WhatsApp,Auto,Varejo,Sul,iOS,Validacao_Apolice,Abandonado,,,
CVX-004813,2026-03-07 17:50:05,WhatsApp,Residencial,Varejo,Centro-Oeste,iOS,Validacao_Apolice,Abandonado,,,
CVX-002975,2026-03-07 18:00:23,WhatsApp,Residencial,Varejo,Sudeste,Android,Validacao_Apolice,Escalado_Humano,"28,1",5,
CVX-003375,2026-03-07 18:01:27,WhatsApp,Residencial,Varejo,Sul,Android,Confirmacao_Protocolo,Resolvido_Bot,11,5,"18529,03"
CVX-004719,2026-03-07 18:13:42,WhatsApp,Auto,Premium,Sul,Android,Confirmacao_Protocolo,Resolvido_Bot,14,4,"5426,14"
CVX-006316,2026-03-07 18:16:39,WhatsApp,Auto,Premium,Sudeste,iOS,Confirmacao_Protocolo,Resolvido_Bot,8,5,15142
CVX-002067,2026-03-07 18:25:10,WhatsApp,Vida,Varejo,Sudeste,iOS,Confirmacao_Protocolo,Resolvido_Bot,"6,8",4,"40409,73"
CVX-000203,2026-03-07 18:30:08,WhatsApp,Auto,Varejo,Sudeste,iOS,Confirmacao_Protocolo,RESOLVIDO_BOT,"8,9",4,"2330,78"
CVX-005136,2026-03-07 18:32:23,App,Auto,Varejo,Sudeste,Android,Upload_Fotos_Documentos,Abandonado,,,"8278,02"
CVX-003525,2026-03-07 18:34:52,WhatsApp,Auto,Varejo,Sudeste,Android,Coleta_Dados_Sinistro,Abandonado,,,"9815,32"
CVX-002268,2026-03-07 18:42:55,WhatsApp,Auto,Varejo,Sul,Android,Upload_Fotos_Documentos,Abandonado,,,"10838,15"
CVX-004761,2026-03-07 19:05:05,WhatsApp,Auto,Varejo,Nordeste,iOS,Confirmacao_Protocolo,Resolvido_Bot,6,5,"12018,67"
CVX-003329,2026-03-07 19:05:48,WhatsApp,Auto,Varejo,Sudeste,Android,Analise_Automatica,Abandonado,,,"9404,15"
CVX-005074,2026-03-07 19:08:48,WhatsApp,Auto,Varejo,Sudeste,Android,Confirmacao_Protocolo,Resolvido_Bot,"12,6",5,"8135,23"
CVX-002541,2026-03-07 19:12:03,App,Vida,Corporativo,Sudeste,Android,Upload_Fotos_Documentos,Escalado_Humano,"34,4",4,"9755,8"
CVX-000745,2026-03-07 19:20:54,WhatsApp,Auto,Varejo,Nordeste,Android,Confirmacao_Protocolo,Resolvido_Bot,"14,2",5,"4277,12"
CVX-006287,2026-03-07 19:30:45,WhatsApp,Auto,Varejo,Nordeste,iOS,Confirmacao_Protocolo,Resolvido_Bot,"2,5",,"10073,42"
CVX-002481,2026-03-07 19:34:08,WhatsApp,Auto,Varejo,Sudeste,Android,Coleta_Dados_Sinistro,Escalado_Humano,"18,3",3,"8384,17"
CVX-002173,2026-03-07 19:35:10,WhatsApp,Vida,Premium,Sudeste,iOS,Validacao_Apolice,Escalado_Humano,"24,4",4,
CVX-001506,2026-03-07 19:44:11,WhatsApp,Residencial,Varejo,Sudeste,Android,Confirmacao_Protocolo,Resolvido_Bot,"9,7",5,"15263,89"
CVX-006876,2026-03-07 19:52:01,WhatsApp,Auto,Premium,Nordeste,Android,Confirmacao_Protocolo,Resolvido_Bot,"14,4",3,"9666,49"
CVX-005070,2026-03-07 19:55:30,WhatsApp,Auto,Varejo,Sul,Android,Confirmacao_Protocolo,Resolvido_Bot,"11,2",,"11495,91"
CVX-003603,2026-03-07 20:21:46,App,Auto,Corporativo,Sul,iOS,Confirmacao_Protocolo,Resolvido_Bot,"7,9",,"7782,09"
CVX-006568,2026-03-07 20:25:14,WhatsApp,Auto,Corporativo,Sul,Android,Validacao_Apolice,Escalado_Humano,34,4,
CVX-005502,2026-03-07 20:26:12,WhatsApp,Auto,Varejo,Nordeste,iOS,Upload_Fotos_Documentos,Abandonado,,,"6172,64"
CVX-000090,2026-03-07 20:30:19,WhatsApp,Auto,Varejo,Sudeste,iOS,Confirmacao_Protocolo,Resolvido_Bot,"9,5",4,"5101,22"
CVX-001881,2026-03-07 20:38:48,WhatsApp,Auto,Varejo,Sudeste,Android,Confirmacao_Protocolo,Resolvido_Bot,"9,5",5,"14979,73"
CVX-005179,2026-03-07 20:58:40,WhatsApp,Residencial,Premium,Nordeste,Android,Coleta_Dados_Sinistro,Escalado_Humano,"41,7",4,"14085,8"
CVX-005811,2026-03-08 8:02:39,WhatsApp,Auto,Varejo,Sudeste,Android,Upload_Fotos_Documentos,Abandonado,,,"9610,04"
CVX-001033,2026-03-08 8:37:11,WhatsApp,Auto,Varejo,Sudeste,iOS,Confirmacao_Protocolo,Resolvido_Bot,"9,7",5,"6723,63"
CVX-006590,2026-03-08 8:47:45,WhatsApp,Auto,Varejo,Nordeste,Android,Validacao_Apolice,Escalado_Humano,"37,3",5,
CVX-000840,2026-03-08 9:15:17,WhatsApp,Auto,Varejo,Sudeste,iOS,Validacao_Apolice,Abandonado,,,
CVX-006459,2026-03-08 9:20:58,WhatsApp,Residencial,Varejo,Sudeste,Android,Confirmacao_Protocolo,Resolvido_Bot,"7,6",,"19370,29"
CVX-005838,2026-03-08 9:24:12,App,Auto,Premium,Sudeste,Android,Validacao_Apolice,Escalado_Humano,"43,4",3,
CVX-003767,2026-03-08 9:33:25,WhatsApp,Residencial,Varejo,Sudeste,iOS,Upload_Fotos_Documentos,Abandonado,,,"15676,14"
CVX-006613,2026-03-08 9:45:31,WhatsApp,Residencial,Corporativo,Sudeste,Android,Coleta_Dados_Sinistro,Abandonado,,,"18208,43"
CVX-004031,2026-03-08 9:59:29,WhatsApp,Vida,Premium,Norte,Android,Upload_Fotos_Documentos,Abandonado,,,"17711,87"
CVX-000730,2026-03-08 10:23:40,WhatsApp,Residencial,Varejo,Sudeste,Android,Confirmacao_Protocolo,Resolvido_Bot,"8,4",4,"19111,55"
CVX-004512,2026-03-08 10:43:16,WhatsApp,Auto,Varejo,Sudeste,Android,Upload_Fotos_Documentos,Abandonado,,,"7978,36"
CVX-003722,2026-03-08 10:46:51,WhatsApp,Auto,Varejo,Sul,Android,Confirmacao_Protocolo,Resolvido_Bot,"12,3",5,"9573,22"
CVX-003560,2026-03-08 11:05:07,WhatsApp,Auto,Varejo,Sudeste,Android,Validacao_Apolice,Abandonado,,,
CVX-002032,2026-03-08 11:07:56,WhatsApp,Residencial,Varejo,Sul,Android,Confirmacao_Protocolo,Resolvido_Bot,"9,7",5,"19817,87"
CVX-003752,2026-03-08 11:57:20,WhatsApp,Auto,Premium,Sul,Android,Analise_Automatica,Abandonado,,,"10130,66"
CVX-004135,2026-03-08 12:17:29,WhatsApp,Auto,Premium,Centro-Oeste,Android,Validacao_Apolice,Escalado_Humano,44,4,
CVX-002540,2026-03-08 12:32:27,App,Auto,Premium,Sul,Android,Confirmacao_Protocolo,Resolvido_Bot,"10,1",4,2465
CVX-004134,2026-03-08 12:39:44,WhatsApp,Residencial,Premium,Centro-Oeste,iOS,Confirmacao_Protocolo,Resolvido_Bot,"6,4",5,"6771,34"
CVX-005675,2026-03-08 13:24:27,App,Residencial,Varejo,Centro-Oeste,Android,Validacao_Apolice,Escalado_Humano,"35,9",5,
CVX-004266,2026-03-08 13:27:27,WhatsApp,Auto,Varejo,Sudeste,iOS,Validacao_Apolice,Escalado_Humano,"51,4",2,
CVX-002778,2026-03-08 13:34:55,App,Auto,Varejo,Sul,iOS,Confirmacao_Protocolo,Resolvido_Bot,"12,5",4,"9221,16"
CVX-001827,2026-03-08 13:37:36,WhatsApp,Vida,Varejo,Sudeste,Android,Confirmacao_Protocolo,Resolvido_Bot,"11,3",3,"48582,74"
CVX-002198,2026-03-08 13:52:39,WhatsApp,Auto,Varejo,Nordeste,Android,Upload_Fotos_Documentos,Abandonado,,,"7555,84"
CVX-004373,2026-03-08 14:15:09,App,Auto,Premium,Sudeste,Android,Validacao_Apolice,Escalado_Humano,"43,8",2,
CVX-006673,2026-03-08 14:54:02,WhatsApp,Residencial,Varejo,Sul,Android,Confirmacao_Protocolo,Resolvido_Bot,"4,4",4,"5314,67"
CVX-000721,2026-03-08 15:26:36,WhatsApp,Residencial,Varejo,Nordeste,iOS,Confirmacao_Protocolo,Resolvido_Bot,"15,9",,"14944,44"
CVX-003413,2026-03-08 15:34:16,App,Auto,Premium,Sudeste,Android,Confirmacao_Protocolo,Resolvido_Bot,"9,8",5,"4476,57"
CVX-002564,2026-03-08 15:42:42,App,Auto,Corporativo,Sudeste,Android,Confirmacao_Protocolo,Resolvido_Bot,"3,8",,"5296,36"
CVX-005805,2026-03-08 15:44:08,App,Auto,Varejo,Sul,Android,Confirmacao_Protocolo,Resolvido_Bot,"14,1",4,"8919,29"
CVX-000500,2026-03-08 15:48:44,App,Auto,Premium,Sul,Android,Confirmacao_Protocolo,Resolvido_Bot,"8,5",5,"7138,81"
CVX-004620,2026-03-08 16:21:06,WhatsApp,Residencial,Premium,Centro-Oeste,Android,Confirmacao_Protocolo,Resolvido_Bot,"6,4",,"20351,59"
CVX-005109,2026-03-08 16:25:40,WhatsApp,Auto,Premium,Norte,Android,Upload_Fotos_Documentos,Abandonado,,,"17358,17"
CVX-006924,2026-03-08 16:36:12,WhatsApp,Residencial,Premium,Centro-Oeste,Android,Analise_Automatica,Abandonado,,,"6882,46"
CVX-003407,2026-03-08 17:05:14,WhatsApp,Residencial,Premium,Sul,iOS,Validacao_Apolice,Escalado_Humano,"21,9",4,
CVX-004339,2026-03-08 17:22:51,WhatsApp,Residencial,Varejo,Centro-Oeste,Android,Upload_Fotos_Documentos,Abandonado,,,"11844,68"
CVX-003911,2026-03-08 17:23:40,WhatsApp,Vida,Premium,Nordeste,iOS,Analise_Automatica,Abandonado,,,"52588,98"
CVX-000304,2026-03-08 17:33:04,WhatsApp,Residencial,Varejo,Sudeste,iOS,Confirmacao_Protocolo,Resolvido_Bot,10,5,"24097,14"
CVX-004420,2026-03-08 17:41:12,WhatsApp,Vida,Varejo,Sudeste,Android,Validacao_Apolice,Escalado_Humano,35,3,
CVX-000172,2026-03-08 17:50:15,WhatsApp,Auto,Premium,Sudeste,iOS,Upload_Fotos_Documentos,Abandonado,,,"9657,33"
CVX-001970,2026-03-08 17:59:17,WhatsApp,Auto,Premium,Nordeste,iOS,Upload_Fotos_Documentos,Abandonado,,,"5835,7"
CVX-001438,2026-03-08 17:59:54,App,Vida,Premium,Sudeste,iOS,Validacao_Apolice,Abandonado,,,
CVX-005858,2026-03-08 18:19:28,WhatsApp,Residencial,Varejo,Sul,iOS,Confirmacao_Protocolo,Resolvido_Bot,"13,7",3,"8680,53"
CVX-002721,2026-03-08 18:27:03,WhatsApp,Auto,Varejo,Norte,Android,Confirmacao_Protocolo,Resolvido_Bot,"7,5",4,"12652,73"
CVX-006225,2026-03-08 18:35:04,WhatsApp,Vida,Premium,Sul,Android,Upload_Fotos_Documentos,Abandonado,,,"44271,31"
CVX-002690,2026-03-08 18:48:56,WhatsApp,Auto,Varejo,Sul,Android,Confirmacao_Protocolo,Resolvido_Bot,"9,1",5,"7848,85"
CVX-006529,2026-03-08 18:52:59,WhatsApp,Auto,Varejo,Sul,Android,Validacao_Apolice,Escalado_Humano,"30,3",4,
CVX-006333,2026-03-08 18:52:59,WhatsApp,Auto,Varejo,Sul,Android,Upload_Fotos_Documentos,Escalado_Humano,"36,2",,"7845,75"
CVX-006775,2026-03-08 19:07:49,WhatsApp,Auto,Varejo,Norte,Android,Coleta_Dados_Sinistro,Escalado_Humano,"45,2",4,"6412,86"
CVX-003744,2026-03-08 19:22:18,WhatsApp,Auto,Varejo,Sudeste,Android,Validacao_Apolice,Abandonado,,,
CVX-001132,2026-03-08 19:29:24,WhatsApp,Residencial,Premium,Sul,Android,Upload_Fotos_Documentos,Abandonado,,,"16730,74"
CVX-005247,2026-03-08 19:33:00,WhatsApp,Auto,Corporativo,Sudeste,Android,Upload_Fotos_Documentos,Abandonado,,,"11281,65"
CVX-000648,2026-03-08 20:05:35,WhatsApp,Residencial,Varejo,Sudeste,iOS,Validacao_Apolice,Escalado_Humano,"62,8",3,
CVX-003933,2026-03-08 20:12:55,WhatsApp,Auto,Premium,Sudeste,iOS,Analise_Automatica,Abandonado,,,"5676,48"
CVX-003893,2026-03-08 20:16:15,WhatsApp,Auto,Premium,Nordeste,Android,Confirmacao_Protocolo,Resolvido_Bot,"8,6",5,"2245,4"
CVX-004244,2026-03-08 20:28:48,WhatsApp,Residencial,Varejo,Sul,iOS,Validacao_Apolice,Escalado_Humano,"63,7",5,
CVX-005066,2026-03-08 20:30:35,WhatsApp,Auto,Corporativo,Sudeste,iOS,Confirmacao_Protocolo,Resolvido_Bot,"5,2",5,"12927,22"
CVX-001475,2026-03-09 8:01:03,WhatsApp,Residencial,Varejo,Sudeste,iOS,Confirmacao_Protocolo,Resolvido_Bot,"9,6",5,"13244,59"
CVX-005469,2026-03-09 8:03:51,WhatsApp,Auto,Varejo,Sul,Android,Confirmacao_Protocolo,Resolvido_Bot,2,,"2808,14"
CVX-002862,2026-03-09 8:06:09,WhatsApp,Auto,Varejo,Sudeste,Android,Confirmacao_Protocolo,Resolvido_Bot,"9,2",,"5394,13"
CVX-002111,2026-03-09 8:08:17,WhatsApp,Auto,Varejo,Nordeste,iOS,Confirmacao_Protocolo,Resolvido_Bot,"9,3",5,"9913,33"
CVX-004311,2026-03-09 8:38:21,App,Residencial,Varejo,Sudeste,Android,Confirmacao_Protocolo,Resolvido_Bot,"9,2",,"13459,7"
CVX-003894,2026-03-09 8:41:34,App,Auto,Varejo,Nordeste,Android,Validacao_Apolice,Abandonado,,,
CVX-001216,2026-03-09 8:50:50,App,Vida,Varejo,Sul,iOS,Inicio_Saudacao,Abandonado,,,
CVX-002496,2026-03-09 8:57:01,WhatsApp,Residencial,Corporativo,Sudeste,iOS,Confirmacao_Protocolo,Resolvido_Bot,"13,2",5,"20504,59"
CVX-002635,2026-03-09 9:12:43,WhatsApp,Residencial,Premium,Sul,iOS,Upload_Fotos_Documentos,Abandonado,,,"23788,39"
CVX-001622,2026-03-09 9:43:41,WhatsApp,Auto,Varejo,Sul,Android,Confirmacao_Protocolo,Resolvido_Bot,"12,8",5,"10968,88"
CVX-004127,2026-03-09 10:20:59,WhatsApp,Auto,Varejo,Sul,iOS,Confirmacao_Protocolo,Resolvido_Bot,"14,4",3,"12105,72"
CVX-006867,2026-03-09 10:25:11,App,Auto,Varejo,Nordeste,Android,Validacao_Apolice,Escalado_Humano,"54,8",3,
CVX-004491,2026-03-09 10:27:07,App,Auto,Varejo,Sudeste,Android,Validacao_Apolice,Escalado_Humano,"43,6",3,
CVX-001357,2026-03-09 10:40:34,WhatsApp,Residencial,Varejo,Nordeste,iOS,Confirmacao_Protocolo,Resolvido_Bot,"8,8",5,"11476,78"
CVX-001776,2026-03-09 10:51:05,WhatsApp,Auto,Corporativo,Nordeste,iOS,Upload_Fotos_Documentos,Escalado_Humano,"41,2",3,"15999,64"
CVX-003403,2026-03-09 10:54:17,WhatsApp,Auto,Varejo,Sudeste,iOS,Analise_Automatica,Escalado_Humano,"39,7",,"5676,52"
CVX-006654,2026-03-09 11:03:59,WhatsApp,Residencial,Varejo,Nordeste,Android,Confirmacao_Protocolo,Resolvido_Bot,"7,9",4,"11289,89"
CVX-001696,2026-03-09 11:43:21,WhatsApp,Auto,Varejo,Sul,Android,Validacao_Apolice,Escalado_Humano,"33,5",3,
CVX-000505,2026-03-09 11:48:09,WhatsApp,Vida,Varejo,Sul,Android,Validacao_Apolice,Abandonado,,,
CVX-003337,2026-03-09 11:49:08,WhatsApp,Residencial,Corporativo,Sul,iOS,Validacao_Apolice,abandonado,,,
CVX-004811,2026-03-09 11:56:26,WhatsApp,Residencial,Premium,Sul,Android,Confirmacao_Protocolo,Resolvido_Bot,"12,1",4,"9733,28"
CVX-006363,2026-03-09 12:04:52,WhatsApp,Vida,Varejo,Sudeste,Android,Confirmacao_Protocolo,Resolvido_Bot,"8,4",5,"47875,6"
CVX-006994,2026-03-09 12:28:26,WhatsApp,Auto,Varejo,Sul,iOS,Validacao_Apolice,Escalado_Humano,"44,2",2,
CVX-000537,2026-03-09 12:44:15,WhatsApp,Auto,Varejo,Sudeste,Android,Confirmacao_Protocolo,Resolvido_Bot,7,5,"4625,58"
CVX-004196,2026-03-09 13:02:18,WhatsApp,Residencial,Premium,Norte,Android,Confirmacao_Protocolo,Resolvido_bot ,11,5,"18303,33"
CVX-006655,2026-03-09 13:03:35,App,Auto,Varejo,Nordeste,iOS,Upload_Fotos_Documentos,Abandonado,,,"7669,12"
CVX-004393,2026-03-09 13:08:06,WhatsApp,Auto,Varejo,Sul,Android,Confirmacao_Protocolo,Resolvido_Bot,"11,1",,"11938,41"
CVX-002370,2026-03-09 13:11:17,WhatsApp,Residencial,Premium,Sudeste,iOS,Confirmacao_Protocolo,Resolvido_Bot,"7,9",4,"13600,21"
CVX-004349,2026-03-09 13:13:21,WhatsApp,Auto,Premium,Sudeste,iOS,Confirmacao_Protocolo,Resolvido_Bot,"6,1",3,"14036,78"
CVX-005797,2026-03-09 13:24:22,WhatsApp,Auto,Varejo,Sul,Android,Validacao_Apolice,Abandonado,,,
CVX-002760,2026-03-09 13:29:54,App,Vida,Corporativo,Sul,Android,Confirmacao_Protocolo,Resolvido_Bot,"10,6",4,"36737,58"
CVX-000958,2026-03-09 13:31:09,WhatsApp,Auto,Varejo,Nordeste,Android,Confirmacao_Protocolo,Resolvido_Bot,"14,7",,"7251,81"
CVX-003554,2026-03-09 13:49:43,WhatsApp,Residencial,Premium,Sudeste,iOS,Upload_Fotos_Documentos,Abandonado,,,"26551,42"
CVX-001366,2026-03-09 13:52:18,WhatsApp,Auto,Corporativo,Nordeste,iOS,Upload_Fotos_Documentos,Abandonado,,,"6567,65"
CVX-002955,2026-03-09 13:55:51,WhatsApp,Auto,Premium,Sudeste,iOS,Coleta_Dados_Sinistro,Escalado_Humano,"23,5",4,"9525,37"
CVX-000900,2026-03-09 14:21:32,App,Auto,Varejo,Sudeste,Android,Confirmacao_Protocolo,Resolvido_Bot,"8,3",,"7162,28"
CVX-003973,2026-03-09 14:31:57,WhatsApp,Vida,Corporativo,Sudeste,Android,Coleta_Dados_Sinistro,Escalado_Humano,24,4,"45149,05"
CVX-002307,2026-03-09 14:45:24,App,Auto,Varejo,Sudeste,Android,Inicio_Saudacao,Abandonado,,,
CVX-000843,2026-03-09 14:52:56,WhatsApp,Auto,Varejo,Sudeste,iOS,Validacao_Apolice,Escalado_Humano,"45,1",3,
CVX-000148,2026-03-09 14:53:16,WhatsApp,Auto,Premium,Nordeste,Android,Confirmacao_Protocolo,Resolvido_Bot,4,5,"8516,93"
CVX-004875,2026-03-09 14:58:26,WhatsApp,Auto,Varejo,Sul,Android,Confirmacao_Protocolo,Resolvido_Bot,"11,8",3,300
CVX-003917,2026-03-09 15:21:47,WhatsApp,Residencial,Premium,Sudeste,iOS,Confirmacao_Protocolo,Resolvido_Bot,"11,8",4,"12420,55"
CVX-004381,2026-03-09 15:58:20,WhatsApp,Residencial,Varejo,Sul,Android,Confirmacao_Protocolo,Resolvido_Bot,"8,8",4,"15872,59"
CVX-006076,2026-03-09 16:05:23,WhatsApp,Residencial,Premium,Norte,Android,Validacao_Apolice,Escalado_Humano,"21,9",4,
CVX-002256,2026-03-09 17:04:50,WhatsApp,Residencial,Premium,Nordeste,Android,Coleta_Dados_Sinistro,Escalado_Humano,"38,8",3,"13980,5"
CVX-003785,2026-03-09 17:09:03,WhatsApp,Residencial,Varejo,Sul,Android,Confirmacao_Protocolo,Resolvido_Bot,"12,7",4,"17788,17"
CVX-000183,2026-03-09 17:16:05,WhatsApp,Auto,Varejo,Sudeste,Android,Confirmacao_Protocolo,Resolvido_Bot,"11,1",,"5614,47"
CVX-004699,2026-03-09 17:32:51,WhatsApp,Auto,Varejo,Sudeste,Android,Upload_Fotos_Documentos,Escalado_Humano,"42,5",,"5037,05"
CVX-005893,2026-03-09 17:44:52,WhatsApp,Residencial,Varejo,Sudeste,iOS,Upload_Fotos_Documentos,Abandonado,,,"11331,17"
CVX-003233,2026-03-09 17:52:44,WhatsApp,Residencial,Varejo,Sudeste,Android,Upload_Fotos_Documentos,Abandonado,,,"16969,65"
CVX-006404,2026-03-09 18:00:07,App,Vida,Premium,Nordeste,iOS,Coleta_Dados_Sinistro,Abandonado,,,"12799,89"
CVX-006303,2026-03-09 18:12:07,WhatsApp,Residencial,Varejo,Sul,Android,Coleta_Dados_Sinistro,Abandonado,,,"13804,44"
CVX-000289,2026-03-09 18:17:57,WhatsApp,Residencial,Varejo,Sul,iOS,Confirmacao_Protocolo,Resolvido_Bot,"5,3",4,"18138,52"
CVX-004161,2026-03-09 18:18:51,WhatsApp,Auto,Premium,Sul,Android,Confirmacao_Protocolo,Resolvido_Bot,"16,4",5,"2976,04"
CVX-002016,2026-03-09 18:35:58,WhatsApp,Auto,Varejo,Sudeste,Android,Coleta_Dados_Sinistro,Escalado_Humano,"41,7",2,"5971,85"
CVX-004110,2026-03-09 18:52:15,App,Auto,Premium,Nordeste,Android,Validacao_Apolice,Escalado_Humano,50,3,
CVX-006544,2026-03-09 19:04:22,WhatsApp,Auto,Premium,Norte,iOS,Analise_Automatica,Escalado_Humano,"48,7",,"6991,92"
CVX-005034,2026-03-09 19:29:57,App,Auto,Varejo,Sudeste,iOS,Confirmacao_Protocolo,Resolvido_Bot,"13,3",3,"9751,8"
CVX-003340,2026-03-09 19:33:37,WhatsApp,Vida,Varejo,Norte,Android,Confirmacao_Protocolo,Resolvido_Bot,"11,6",,"20261,53"
CVX-003521,2026-03-09 19:51:29,WhatsApp,Residencial,Premium,Nordeste,iOS,Coleta_Dados_Sinistro,Escalado_Humano,"36,4",3,"14019,77"
CVX-002474,2026-03-09 20:01:48,WhatsApp,Residencial,Premium,Nordeste,Android,Upload_Fotos_Documentos,Abandonado,,,"11378,26"
CVX-000860,2026-03-09 20:04:34,WhatsApp,Auto,Varejo,Sudeste,iOS,Upload_Fotos_Documentos,Escalado_Humano,"44,1",4,"11284,24"
CVX-002000,2026-03-09 20:22:36,WhatsApp,Vida,Varejo,Sudeste,Android,Confirmacao_Protocolo,Resolvido_Bot,"2,8",5,"42900,06"
CVX-000356,2026-03-09 20:38:59,WhatsApp,Auto,Premium,Sudeste,iOS,Coleta_Dados_Sinistro,Escalado_Humano,"30,1",3,"12038,09"
CVX-005533,2026-03-09 20:39:30,WhatsApp,Auto,Premium,Sudeste,iOS,Confirmacao_Protocolo,Resolvido_Bot,"7,5",5,"3408,27"
CVX-005829,2026-03-09 20:57:39,WhatsApp,Auto,Varejo,Sudeste,Android,Confirmacao_Protocolo,Resolvido_Bot,"13,3",4,"7253,98"
CVX-005815,2026-03-09 20:59:50,WhatsApp,Vida,Varejo,Sudeste,iOS,Coleta_Dados_Sinistro,Abandonado,,,"33677,71"
CVX-000244,2026-03-10 8:05:17,WhatsApp,Vida,Varejo,Nordeste,Android,Validacao_Apolice,Escalado_Humano,"23,9",,
CVX-006422,2026-03-10 8:07:14,WhatsApp,Residencial,Varejo,Sul,Android,Confirmacao_Protocolo,Resolvido_Bot,"11,8",4,"24895,64"
CVX-004455,2026-03-10 8:11:03,WhatsApp,Auto,Varejo,Sudeste,Android,Confirmacao_Protocolo,Resolvido_Bot,"12,4",5,"7010,95"
CVX-002251,2026-03-10 8:31:47,App,Auto,Premium,Sul,Android,Validacao_Apolice,Abandonado,,,
CVX-002509,2026-03-10 8:54:03,WhatsApp,Residencial,Premium,Sudeste,Android,Upload_Fotos_Documentos,Abandonado,,,"25046,13"
CVX-001748,2026-03-10 9:05:07,WhatsApp,Auto,Varejo,Centro-Oeste,iOS,Confirmacao_Protocolo,Resolvido_Bot,"14,9",4,"9633,68"
CVX-002251,2026-03-10 9:10:47,App,Auto,Premium,Sul,Android,Validacao_Apolice,Abandonado,,,
CVX-002185,2026-03-10 9:22:03,WhatsApp,Auto,Varejo,Sudeste,Android,Analise_Automatica,Escalado_Humano,"27,8",4,"12890,27"
CVX-000979,2026-03-10 9:39:02,WhatsApp,Residencial,Varejo,Sudeste,Android,Validacao_Apolice,Escalado_Humano,"46,4",3,
CVX-005180,2026-03-10 9:46:50,WhatsApp,Residencial,Varejo,Sudeste,Android,Analise_Automatica,Abandonado,,,"13181,24"
CVX-003931,2026-03-10 9:58:47,WhatsApp,Residencial,Varejo,Sudeste,Android,Upload_Fotos_Documentos,Escalado_Humano,"34,1",,"16173,19"
CVX-001823,2026-03-10 9:59:52,WhatsApp,Residencial,Varejo,Sul,iOS,Confirmacao_Protocolo,Resolvido_Bot,"4,3",4,300
CVX-004945,2026-03-10 10:02:15,App,Auto,Varejo,Sudeste,Android,Validacao_Apolice,Abandonado,,,
CVX-003931,2026-03-10 10:12:47,WhatsApp,Residencial,Varejo,Sudeste,Android,Upload_Fotos_Documentos,Escalado_Humano,"34,1",,"16173,19"
CVX-006572,2026-03-10 10:24:24,WhatsApp,Auto,Premium,Nordeste,iOS,Confirmacao_Protocolo,Resolvido_Bot,"8,6",,"8217,32"
CVX-002879,2026-03-10 10:25:33,WhatsApp,Residencial,Premium,Sudeste,Android,Analise_Automatica,Abandonado,,,"1358,79"
CVX-005913,2026-03-10 10:30:19,WhatsApp,Residencial,Varejo,Nordeste,iOS,Confirmacao_Protocolo,Resolvido_Bot,"11,3",,"13090,46"
CVX-005663,2026-03-10 10:30:19,WhatsApp,Auto,Varejo,Nordeste,Android,Validacao_Apolice,Escalado_Humano,"49,1",,
CVX-000979,2026-03-10 10:35:02,WhatsApp,Residencial,Varejo,Sudeste,Android,Validacao_Apolice,Escalado_Humano,"46,4",3,
CVX-005899,2026-03-10 10:35:55,WhatsApp,Auto,Varejo,Nordeste,Android,Confirmacao_Protocolo,Resolvido_Bot,"14,2",5,7589
CVX-004142,2026-03-10 10:48:39,WhatsApp,Auto,Varejo,Norte,Android,Coleta_Dados_Sinistro,Escalado_Humano,"43,9",,"8006,97"
CVX-004752,2026-03-10 10:49:30,WhatsApp,Residencial,Varejo,Sudeste,iOS,Confirmacao_Protocolo,Resolvido_Bot,"6,5",5,"21851,85"
CVX-004299,2026-03-10 10:49:36,WhatsApp,Auto,Varejo,Sudeste,iOS,Confirmacao_Protocolo,Resolvido_Bot,"14,6",3,"8785,4"
CVX-002029,2026-03-10 10:53:31,WhatsApp,Residencial,Premium,Centro-Oeste,iOS,Confirmacao_Protocolo,Resolvido_Bot,"4,2",5,"12547,5"
CVX-002879,2026-03-10 11:08:33,WhatsApp,Residencial,Premium,Sudeste,Android,Analise_Automatica,Abandonado,,,"1358,79"
CVX-006748,2026-03-10 11:10:42,WhatsApp,Residencial,Varejo,Nordeste,Android,Confirmacao_Protocolo,Resolvido_Bot,"12,4",4,"13008,19"
CVX-005456,2026-03-10 11:15:32,App,Residencial,Varejo,Sul,Android,Coleta_Dados_Sinistro,Abandonado,,,"16291,05"
CVX-005663,2026-03-10 11:17:19,WhatsApp,Auto,Varejo,Nordeste,Android,Validacao_Apolice,Escalado_Humano,"49,1",,
CVX-004254,2026-03-10 11:20:36,App,Auto,Varejo,Centro-Oeste,iOS,Upload_Fotos_Documentos,Abandonado,,,"7855,83"
CVX-001869,2026-03-10 11:21:09,WhatsApp,Vida,Varejo,Sudeste,Android,Confirmacao_Protocolo,Resolvido_Bot,"11,6",,"64298,94"
CVX-004254,2026-03-10 11:31:36,App,Auto,Varejo,Centro-Oeste,iOS,Upload_Fotos_Documentos,Abandonado,,,"7855,83"
CVX-004455,2026-03-10 11:42:03,WhatsApp,Auto,Varejo,Sudeste,Android,Confirmacao_Protocolo,Resolvido_Bot,"12,4",5,"7010,95"
CVX-004142,2026-03-10 11:42:39,WhatsApp,Auto,Varejo,Norte,Android,Coleta_Dados_Sinistro,Escalado_Humano,"43,9",,"8006,97"
CVX-001823,2026-03-10 11:50:52,WhatsApp,Residencial,Varejo,Sul,iOS,Confirmacao_Protocolo,Resolvido_Bot,"4,3",4,300
CVX-001869,2026-03-10 12:02:09,WhatsApp,Vida,Varejo,Sudeste,Android,Confirmacao_Protocolo,Resolvido_Bot,"11,6",,"64298,94"
CVX-002913,2026-03-10 12:06:13,WhatsApp,Auto,Corporativo,Nordeste,Android,Confirmacao_Protocolo,Resolvido_Bot,"4,4",,"5241,36"
CVX-002545,2026-03-10 12:10:32,App,Auto,Premium,Nordeste,Android,Confirmacao_Protocolo,Resolvido_Bot,"6,1",4,"8049,43"
CVX-005601,2026-03-10 12:13:58,WhatsApp,Auto,Varejo,Nordeste,Android,Coleta_Dados_Sinistro,Abandonado,,,"10144,68"
CVX-001680,2026-03-10 12:15:13,WhatsApp,Auto,Premium,Sudeste,iOS,Confirmacao_Protocolo,Resolvido_Bot,6,5,"10024,28"
CVX-002738,2026-03-10 12:20:46,WhatsApp,Vida,Varejo,Sudeste,Android,Validacao_Apolice,Escalado_Humano,"45,9",,
CVX-002509,2026-03-10 12:30:03,WhatsApp,Residencial,Premium,Sudeste,Android,Upload_Fotos_Documentos,Abandonado,,,"25046,13"
CVX-001522,2026-03-10 12:34:07,WhatsApp,Auto,Varejo,Sudeste,iOS,Upload_Fotos_Documentos,Abandonado,,,"1711,68"
CVX-000582,2026-03-10 12:47:20,WhatsApp,Residencial,Varejo,Nordeste,Android,Confirmacao_Protocolo,Resolvido_Bot,9,4,"12657,46"
CVX-004490,2026-03-10 12:51:43,WhatsApp,Auto,Premium,Sudeste,Android,Analise_Automatica,Escalado_Humano,"40,2",,"8096,46"
CVX-002913,2026-03-10 12:55:13,WhatsApp,Auto,Corporativo,Nordeste,Android,Confirmacao_Protocolo,Resolvido_Bot,"4,4",,"5241,36"
CVX-001259,2026-03-10 12:57:00,WhatsApp,Auto,Varejo,Sul,Android,Coleta_Dados_Sinistro,Escalado_Humano,"50,1",2,"6926,19"
CVX-002029,2026-03-10 13:19:31,WhatsApp,Residencial,Premium,Centro-Oeste,iOS,Confirmacao_Protocolo,Resolvido_Bot,"4,2",5,"12547,5"
CVX-002136,2026-03-10 13:22:05,WhatsApp,Residencial,Varejo,Nordeste,Android,Coleta_Dados_Sinistro,Escalado_Humano,"40,1",,"10305,98"
CVX-006317,2026-03-10 13:25:16,App,Residencial,Premium,Sudeste,Android,Validacao_Apolice,ESCALADO HUMANO,"22,4",4,
CVX-005601,2026-03-10 13:33:58,WhatsApp,Auto,Varejo,Nordeste,Android,Confirmacao_Protocolo,Resolvido_Bot,,,"10144,68"
CVX-000582,2026-03-10 13:46:20,WhatsApp,Residencial,Varejo,Nordeste,Android,Confirmacao_Protocolo,Resolvido_Bot,9,4,"12657,46"
CVX-000951,2026-03-10 13:48:30,WhatsApp,Auto,Varejo,Sudeste,iOS,Confirmacao_Protocolo,Resolvido_Bot,"8,4",4,"9791,26"
CVX-006902,2026-03-10 14:11:06,WhatsApp,Auto,Varejo,Sudeste,Android,Confirmacao_Protocolo,Resolvido_Bot,"5,8",3,"15405,57"
CVX-000696,2026-03-10 14:11:51,WhatsApp,Auto,Varejo,Sudeste,Android,Upload_Fotos_Documentos,Abandonado,,,"4205,45"
CVX-006217,2026-03-10 14:20:54,WhatsApp,Auto,Premium,Sudeste,Android,Confirmacao_Protocolo,Resolvido_Bot,10,5,"7603,12"
CVX-002076,2026-03-10 14:23:49,WhatsApp,Auto,Premium,Norte,iOS,Coleta_Dados_Sinistro,Escalado_Humano,"45,7",,300
CVX-003904,2026-03-10 14:30:53,WhatsApp,Auto,Varejo,Sudeste,Android,Confirmacao_Protocolo,Resolvido_bot ,"9,8",5,"8008,1"
CVX-004490,2026-03-10 14:36:43,WhatsApp,Auto,Premium,Sudeste,Android,Confirmacao_Protocolo,Resolvido_Bot,"40,2",,"8096,46"
CVX-003278,2026-03-10 14:58:55,WhatsApp,Residencial,Varejo,Nordeste,Android,Confirmacao_Protocolo,Resolvido_Bot,"12,5",4,11670
CVX-005456,2026-03-10 15:01:32,App,Residencial,Varejo,Sul,Android,Coleta_Dados_Sinistro,Abandonado,,,"16291,05"
CVX-001024,2026-03-10 15:05:14,WhatsApp,Auto,Varejo,Sudeste,Android,Confirmacao_Protocolo,Resolvido_Bot,"9,8",5,"370,09"
CVX-001864,2026-03-10 15:14:41,WhatsApp,Auto,Varejo,Sudeste,iOS,Coleta_Dados_Sinistro,Abandonado,,,"10832,13"
CVX-001522,2026-03-10 15:25:07,WhatsApp,Auto,Varejo,Sudeste,iOS,Upload_Fotos_Documentos,Abandonado,,,"1711,68"
CVX-002112,2026-03-10 15:39:08,WhatsApp,Residencial,Premium,Sudeste,iOS,Coleta_Dados_Sinistro,Abandonado,,,"16032,26"
CVX-002545,2026-03-10 15:44:32,App,Auto,Premium,Nordeste,Android,Confirmacao_Protocolo,Resolvido_Bot,"6,1",4,"8049,43"
CVX-006902,2026-03-10 15:59:06,WhatsApp,Auto,Varejo,Sudeste,Android,Confirmacao_Protocolo,Resolvido_Bot,"5,8",3,"15405,57"
CVX-005012,2026-03-10 16:07:55,WhatsApp,Vida,Varejo,Sudeste,Android,Analise_Automatica,Escalado_Humano,"62,9",2,"33200,29"
CVX-006865,2026-03-10 16:08:23,WhatsApp,Auto,Premium,Sudeste,iOS,Upload_Fotos_Documentos,abandonado,,,"9734,24"
CVX-005188,2026-03-10 16:17:06,WhatsApp,Vida,Premium,Sul,Android,Validacao_Apolice,Abandonado,,,
CVX-002418,2026-03-10 16:17:10,WhatsApp,Vida,Varejo,Nordeste,iOS,Validacao_Apolice,Escalado_Humano,"27,4",3,
CVX-001024,2026-03-10 16:23:14,WhatsApp,Auto,Varejo,Sudeste,Android,Confirmacao_Protocolo,Resolvido_bot ,"9,8",5,"370,09"
CVX-001155,2026-03-10 16:31:04,WhatsApp,Vida,Premium,Sudeste,Android,Validacao_Apolice,Escalado_Humano,"31,1",3,
CVX-002460,2026-03-10 16:31:19,WhatsApp,Vida,Premium,Sul,Android,Confirmacao_Protocolo,Resolvido_Bot,"11,8",,"31470,9"
CVX-006182,2026-03-10 16:40:21,WhatsApp,Auto,Varejo,Nordeste,Android,Confirmacao_Protocolo,Resolvido_Bot,"9,4",3,"10627,82"
CVX-001739,2026-03-10 16:54:27,App,Auto,Varejo,Norte,iOS,Coleta_Dados_Sinistro,Abandonado,,,"7205,55"
CVX-002076,2026-03-10 17:09:49,WhatsApp,Auto,Premium,Norte,iOS,Coleta_Dados_Sinistro,Escalado_Humano,"45,7",,300
CVX-002136,2026-03-10 17:11:05,WhatsApp,Residencial,Varejo,Nordeste,Android,Coleta_Dados_Sinistro,Escalado_Humano,"40,1",,"10305,98"
CVX-006182,2026-03-10 17:11:21,WhatsApp,Auto,Varejo,Nordeste,Android,Confirmacao_Protocolo,Resolvido_Bot,"9,4",3,"10627,82"
CVX-000696,2026-03-10 17:35:51,WhatsApp,Auto,Varejo,Sudeste,Android,Upload_Fotos_Documentos,Abandonado,,,"4205,45"
CVX-006708,2026-03-10 17:39:09,WhatsApp,Residencial,Varejo,Sudeste,Android,Confirmacao_Protocolo,Resolvido_Bot,"8,8",,"2925,76"
CVX-005774,2026-03-10 17:43:41,WhatsApp,Residencial,Varejo,Nordeste,iOS,Validacao_Apolice,Escalado_Humano,"51,9",,
CVX-001155,2026-03-10 17:51:04,WhatsApp,Vida,Premium,Sudeste,Android,Validacao_Apolice,Escalado_Humano,"31,1",3,
CVX-005012,2026-03-10 18:08:55,WhatsApp,Vida,Varejo,Sudeste,Android,Analise_Automatica,Escalado_Humano,"62,9",2,"33200,29"
CVX-003426,2026-03-10 18:13:50,WhatsApp,Vida,Varejo,Sudeste,Android,Confirmacao_Protocolo,Resolvido_Bot,"2,6",4,"52483,41"
CVX-000328,2026-03-10 18:22:28,WhatsApp,Auto,Varejo,Sudeste,Android,Confirmacao_Protocolo,Resolvido_Bot,"8,1",4,"4775,66"
CVX-003426,2026-03-10 18:37:50,WhatsApp,Vida,Varejo,Sudeste,Android,Confirmacao_Protocolo,Resolvido_Bot,"2,6",4,"52483,41"
CVX-006045,2026-03-10 18:39:34,App,Vida,Varejo,Sul,Android,Validacao_Apolice,Escalado_Humano,"63,6",2,
CVX-005774,2026-03-10 18:39:41,WhatsApp,Residencial,Varejo,Nordeste,iOS,Confirmacao_Protocolo,Resolvido_Bot,"51,9",,
CVX-000328,2026-03-10 19:00:28,WhatsApp,Auto,Varejo,Sudeste,Android,Confirmacao_Protocolo,Resolvido_Bot,"8,1",4,"4775,66"
CVX-002460,2026-03-10 19:09:19,WhatsApp,Vida,Premium,Sul,Android,Confirmacao_Protocolo,RESOLVIDO_BOT,"11,8",,"31470,9"
CVX-005188,2026-03-10 19:28:06,WhatsApp,Vida,Premium,Sul,Android,Validacao_Apolice,Abandonado,,,
CVX-002702,2026-03-10 19:45:03,WhatsApp,Auto,Premium,Nordeste,Android,Upload_Fotos_Documentos,Abandonado,,,"8821,8"
CVX-000960,2026-03-10 19:48:30,WhatsApp,Auto,Corporativo,Sul,Android,Confirmacao_Protocolo,resolvido_bot,"11,5",5,"11512,75"
CVX-000960,2026-03-10 19:55:30,WhatsApp,Auto,Corporativo,Sul,Android,Confirmacao_Protocolo,Resolvido_Bot,"11,5",5,"11512,75"
CVX-006708,2026-03-10 20:07:09,WhatsApp,Residencial,Varejo,Sudeste,Android,Confirmacao_Protocolo,Resolvido_Bot,"8,8",,"2925,76"
CVX-006045,2026-03-10 20:07:34,App,Vida,Varejo,Sul,Android,Validacao_Apolice,Escalado_Humano,"63,6",2,
CVX-001739,2026-03-10 20:16:27,App,Auto,Varejo,Norte,iOS,Coleta_Dados_Sinistro,Abandonado,,,"7205,55"
CVX-006807,2026-03-10 20:38:10,WhatsApp,Auto,Premium,Sul,iOS,Coleta_Dados_Sinistro,escalado_humano,"23,9",3,"9607,71"
CVX-006807,2026-03-10 22:36:10,WhatsApp,Auto,Premium,Sul,iOS,Coleta_Dados_Sinistro,Escalado_Humano,"23,9",3,"9607,71"
CVX-004005,2026-03-11 8:29:07,WhatsApp,Auto,Varejo,Sudeste,Android,Confirmacao_Protocolo,Resolvido_Bot,"11,7",5,"10219,03"
CVX-000303,2026-03-11 9:03:02,WhatsApp,Auto,Premium,Centro-Oeste,iOS,Analise_Automatica,Abandonado,,,"11311,58"
CVX-001383,2026-03-11 9:04:48,WhatsApp,Auto,Varejo,Sul,Android,Coleta_Dados_Sinistro,Escalado_Humano,"43,5",3,"11373,53"
CVX-004477,2026-03-11 9:25:59,WhatsApp,Auto,Premium,Centro-Oeste,Android,Upload_Fotos_Documentos,Abandonado,,,"10852,55"
CVX-004005,2026-03-11 9:28:07,WhatsApp,Auto,Varejo,Sudeste,Android,Confirmacao_Protocolo,resolvido_bot,"11,7",5,"10219,03"
CVX-001383,2026-03-11 9:36:48,WhatsApp,Auto,Varejo,Sul,Android,Confirmacao_Protocolo,Resolvido_Bot,"43,5",3,"11373,53"
CVX-004152,2026-03-11 9:38:41,WhatsApp,Auto,Premium,Sudeste,iOS,Validacao_Apolice,Escalado_Humano,"46,6",2,
CVX-002456,2026-03-11 10:07:01,WhatsApp,Vida,Premium,Nordeste,Android,Confirmacao_Protocolo,Resolvido_Bot,"4,3",,"64532,01"
CVX-004152,2026-03-11 10:12:41,WhatsApp,Auto,Premium,Sudeste,iOS,Confirmacao_Protocolo,Resolvido_Bot,"46,6",2,
CVX-003127,2026-03-11 10:15:08,WhatsApp,Auto,Varejo,Nordeste,Android,Upload_Fotos_Documentos,Abandonado,,,"6647,24"
CVX-001397,2026-03-11 10:45:48,WhatsApp,Residencial,Varejo,Sudeste,Android,Confirmacao_Protocolo,Resolvido_Bot,"12,7",4,"18501,98"
CVX-004417,2026-03-11 11:18:11,WhatsApp,Auto,Varejo,Sudeste,Android,Confirmacao_Protocolo,Resolvido_Bot,9,,"14491,08"
CVX-003823,2026-03-11 11:28:29,App,Residencial,Varejo,Centro-Oeste,iOS,Confirmacao_Protocolo,Resolvido_Bot,12,5,"14241,16"
CVX-006129,2026-03-11 11:40:07,WhatsApp,Auto,Varejo,Norte,Android,Confirmacao_Protocolo,RESOLVIDO_BOT,"8,7",5,"9276,96"
CVX-004477,2026-03-11 11:42:59,WhatsApp,Auto,Premium,Centro-Oeste,Android,Upload_Fotos_Documentos,Abandonado,,,"10852,55"
CVX-005982,2026-03-11 11:47:33,WhatsApp,Vida,Varejo,Sudeste,Android,Confirmacao_Protocolo,Resolvido_Bot,"8,5",4,"29649,42"
CVX-000303,2026-03-11 12:00:02,WhatsApp,Auto,Premium,Centro-Oeste,iOS,Confirmacao_Protocolo,Resolvido_Bot,,,"11311,58"
CVX-005449,2026-03-11 12:00:12,WhatsApp,Residencial,Varejo,Sudeste,iOS,Confirmacao_Protocolo,Resolvido_Bot,"8,2",5,"16187,5"
CVX-000690,2026-03-11 12:04:58,WhatsApp,Residencial,Varejo,Sudeste,Android,Confirmacao_Protocolo,Resolvido_Bot,"7,6",5,"14750,77"
CVX-002414,2026-03-11 13:10:15,App,Residencial,Varejo,Centro-Oeste,Android,Confirmacao_Protocolo,Resolvido_Bot,"8,7",4,"13102,26"
CVX-001448,2026-03-11 13:11:23,WhatsApp,Auto,Varejo,Nordeste,Android,Analise_Automatica,Abandonado,,,"10228,86"
CVX-006415,2026-03-11 13:29:17,WhatsApp,Auto,Corporativo,Sudeste,Android,Confirmacao_Protocolo,Resolvido_Bot,9,5,"11236,31"
CVX-004362,2026-03-11 13:33:04,WhatsApp,Vida,Varejo,Sudeste,Android,Analise_Automatica,Escalado_Humano,"35,7",5,"41634,44"
CVX-005512,2026-03-11 13:41:57,WhatsApp,Auto,Varejo,Sudeste,Android,Inicio_Saudacao,Abandonado,,,
CVX-004417,2026-03-11 13:47:11,WhatsApp,Auto,Varejo,Sudeste,Android,Confirmacao_Protocolo,Resolvido_Bot,9,,"14491,08"
CVX-000324,2026-03-11 13:50:27,WhatsApp,Residencial,Varejo,Sudeste,Android,Inicio_Saudacao,Abandonado,,,
CVX-000324,2026-03-11 14:00:27,WhatsApp,Residencial,Varejo,Sudeste,Android,Inicio_Saudacao,Abandonado,,,
CVX-003927,2026-03-11 14:15:56,WhatsApp,Auto,Varejo,Sul,Android,Confirmacao_Protocolo,Resolvido_Bot,"11,2",3,"3421,3"
CVX-003823,2026-03-11 14:30:29,App,Residencial,Varejo,Centro-Oeste,iOS,Confirmacao_Protocolo,Resolvido_Bot,12,5,"14241,16"
CVX-000961,2026-03-11 14:52:14,WhatsApp,Auto,Varejo,Nordeste,Android,Confirmacao_Protocolo,Resolvido_Bot,"12,2",,"14483,14"
CVX-000924,2026-03-11 15:26:29,WhatsApp,Auto,Varejo,Sul,iOS,Confirmacao_Protocolo,Resolvido_Bot,"9,9",5,"16799,15"
CVX-000818,2026-03-11 15:39:32,WhatsApp,Vida,Varejo,Sudeste,Android,Validacao_Apolice,Escalado_Humano,"40,1",3,
CVX-005449,2026-03-11 15:48:12,WhatsApp,Residencial,Varejo,Sudeste,iOS,Confirmacao_Protocolo,Resolvido_Bot,"8,2",5,"16187,5"
CVX-005705,2026-03-11 15:53:51,WhatsApp,Residencial,Varejo,Sudeste,Android,Upload_Fotos_Documentos,Abandonado,,,"2845,94"
CVX-005973,2026-03-11 16:01:25,WhatsApp,Vida,Varejo,Nordeste,Android,Upload_Fotos_Documentos,ABANDONADO ,,,"34715,34"
CVX-005512,2026-03-11 16:09:57,WhatsApp,Auto,Varejo,Sudeste,Android,Inicio_Saudacao,Abandonado,,,
CVX-001462,2026-03-11 16:30:50,WhatsApp,Auto,Premium,Sudeste,Android,Validacao_Apolice,Escalado_Humano,"10,6",4,
CVX-003927,2026-03-11 16:39:56,WhatsApp,Auto,Varejo,Sul,Android,Confirmacao_Protocolo,Resolvido_Bot,"11,2",3,"3421,3"
CVX-002788,2026-03-11 17:07:05,App,Residencial,Varejo,Sudeste,Android,Confirmacao_Protocolo,Resolvido_Bot,"12,4",5,"21246,9"
CVX-004087,2026-03-11 17:09:52,WhatsApp,Auto,Premium,Sudeste,Android,Confirmacao_Protocolo,Resolvido_Bot,5,4,"9002,84"
CVX-004085,2026-03-11 17:11:51,WhatsApp,Auto,Premium,Sudeste,Android,Confirmacao_Protocolo,Resolvido_Bot,"14,6",5,"5002,18"
CVX-002240,2026-03-11 17:25:48,WhatsApp,Auto,Varejo,Sudeste,Android,Upload_Fotos_Documentos,Abandonado,,,"15312,05"
CVX-005973,2026-03-11 17:29:25,WhatsApp,Vida,Varejo,Nordeste,Android,Upload_Fotos_Documentos,Abandonado,,,"34715,34"
CVX-002444,2026-03-11 18:11:13,WhatsApp,Auto,Varejo,Sul,iOS,Confirmacao_Protocolo,Resolvido_Bot,"10,2",3,"7314,3"
CVX-001168,2026-03-11 18:16:42,App,Vida,Premium,Sudeste,Android,Coleta_Dados_Sinistro,Escalado_Humano,"43,2",3,"47729,99"
CVX-001333,2026-03-11 18:23:48,WhatsApp,Residencial,Varejo,Sudeste,Android,Validacao_Apolice,Escalado_Humano,"48,3",,
CVX-004239,2026-03-11 18:36:42,WhatsApp,Auto,Premium,Centro-Oeste,Android,Analise_Automatica,Abandonado,,,"9397,06"
CVX-006967,2026-03-11 18:58:47,WhatsApp,Auto,Varejo,Sudeste,iOS,Analise_Automatica,Abandonado,,,7767
CVX-004169,2026-03-11 19:28:51,WhatsApp,Auto,Varejo,Sul,iOS,Validacao_Apolice,Escalado_humano,"24,9",4,
CVX-001168,2026-03-11 19:34:42,App,Vida,Premium,Sudeste,Android,Coleta_Dados_Sinistro,Escalado_Humano,"43,2",3,"47729,99"
CVX-002444,2026-03-11 19:36:13,WhatsApp,Auto,Varejo,Sul,iOS,Confirmacao_Protocolo,Resolvido_Bot,"10,2",3,"7314,3"
CVX-004239,2026-03-11 19:37:42,WhatsApp,Auto,Premium,Centro-Oeste,Android,Analise_Automatica,Abandonado,,,"9397,06"
CVX-004819,2026-03-11 19:38:11,WhatsApp,Auto,Premium,Sul,Android,Coleta_Dados_Sinistro,Escalado_Humano,"54,8",5,"7077,87"
CVX-003640,2026-03-11 19:39:05,WhatsApp,Vida,Premium,Nordeste,Android,Confirmacao_Protocolo,Resolvido_Bot,"12,5",5,"34433,4"
CVX-001059,2026-03-11 19:42:11,WhatsApp,Auto,Varejo,Sudeste,Android,Confirmacao_Protocolo,Resolvido_Bot,10,5,"7900,3"
CVX-004087,2026-03-11 19:47:52,WhatsApp,Auto,Premium,Sudeste,Android,Confirmacao_Protocolo,Resolvido_Bot,5,4,"9002,84"
CVX-004819,2026-03-11 19:54:11,WhatsApp,Auto,Premium,Sul,Android,Coleta_Dados_Sinistro,Escalado_Humano,"54,8",5,"7077,87"
CVX-000570,2026-03-11 20:07:20,WhatsApp,Auto,Varejo,Sul,Android,Validacao_Apolice,Abandonado,,,
CVX-004169,2026-03-11 20:21:51,WhatsApp,Auto,Varejo,Sul,iOS,Validacao_Apolice,Escalado_Humano,"24,9",4,
CVX-006098,2026-03-11 20:30:27,WhatsApp,Auto,Varejo,Sul,Android,Upload_Fotos_Documentos,Abandonado,,,"14698,93"
CVX-006967,2026-03-11 20:38:47,WhatsApp,Auto,Varejo,Sudeste,iOS,Analise_Automatica,Abandonado,,,7767
CVX-005693,2026-03-11 20:47:18,App,Auto,Premium,Sudeste,Android,Confirmacao_Protocolo,Resolvido_Bot,"6,8",5,"14878,88"
CVX-002788,2026-03-11 21:04:05,App,Residencial,Varejo,Sudeste,Android,Confirmacao_Protocolo,Resolvido_Bot,"12,4",5,"21246,9"
CVX-001059,2026-03-11 23:20:11,WhatsApp,Auto,Varejo,Sudeste,Android,Confirmacao_Protocolo,Resolvido_Bot,10,5,"7900,3"
CVX-003918,2026-03-12 8:01:54,WhatsApp,Residencial,Varejo,Sudeste,iOS,Confirmacao_Protocolo,Resolvido_Bot,"5,7",4,"20018,41"
CVX-002885,2026-03-12 8:07:07,WhatsApp,Auto,Premium,Sul,iOS,Confirmacao_Protocolo,Resolvido_Bot,11,,"9533,61"
CVX-002519,2026-03-12 8:07:34,WhatsApp,Residencial,Premium,Sul,Android,Upload_Fotos_Documentos,Abandonado,,,"9224,6"
CVX-005778,2026-03-12 8:30:34,App,Residencial,Varejo,Nordeste,Android,Upload_Fotos_Documentos,Abandonado,,,"10438,45"
CVX-005957,2026-03-12 8:50:29,WhatsApp,Auto,Premium,Centro-Oeste,iOS,Analise_Automatica,Escalado_Humano,"46,5",4,"6821,07"
CVX-005545,2026-03-12 9:04:39,WhatsApp,Residencial,Varejo,Sudeste,iOS,Confirmacao_Protocolo,Resolvido_Bot,"4,5",3,"22112,65"
CVX-001879,2026-03-12 9:07:40,WhatsApp,Residencial,Premium,Sudeste,Android,Confirmacao_Protocolo,Resolvido_Bot,"11,2",4,"16069,03"
CVX-005712,2026-03-12 9:14:08,WhatsApp,Residencial,Varejo,Centro-Oeste,Android,Validacao_Apolice,Escalado_Humano,"48,3",3,
CVX-003542,2026-03-12 9:20:15,WhatsApp,Auto,Premium,Sul,Android,Validacao_Apolice,Abandonado,,,
CVX-001077,2026-03-12 9:23:39,WhatsApp,Residencial,Premium,Sudeste,Android,Analise_Automatica,Escalado_Humano,"23,2",4,"10930,69"
CVX-006052,2026-03-12 9:40:46,WhatsApp,Vida,Varejo,Sudeste,Android,Validacao_Apolice,Escalado_Humano,"36,7",4,
CVX-006052,2026-03-12 9:50:46,WhatsApp,Vida,Varejo,Sudeste,Android,Validacao_Apolice,Escalado_Humano,"36,7",4,
CVX-006778,2026-03-12 9:51:40,WhatsApp,Residencial,Premium,Sudeste,Android,Confirmacao_Protocolo,Resolvido_Bot,"13,2",5,"19837,26"
CVX-004530,2026-03-12 9:57:37,WhatsApp,Auto,Varejo,Sudeste,Android,Coleta_Dados_Sinistro,Escalado_Humano,"25,2",,"11511,81"
CVX-003313,2026-03-12 9:57:41,WhatsApp,Auto,Varejo,Sudeste,Android,Validacao_Apolice,ABANDONADO ,,,
CVX-002994,2026-03-12 10:04:25,WhatsApp,Vida,Varejo,Sudeste,Android,Confirmacao_Protocolo,Resolvido_Bot,"6,4",,"20551,88"
CVX-005674,2026-03-12 10:12:54,WhatsApp,Auto,Varejo,Nordeste,iOS,Validacao_Apolice,Escalado_Humano,"23,3",4,
CVX-004756,2026-03-12 10:16:14,WhatsApp,Vida,Premium,Sudeste,iOS,Upload_Fotos_Documentos,abandono,,,"40895,62"
CVX-005605,2026-03-12 10:18:03,WhatsApp,Auto,Premium,Nordeste,Android,Analise_Automatica,Escalado_Humano,"34,7",2,"9703,52"
CVX-000496,2026-03-12 10:33:37,WhatsApp,Auto,Varejo,Sul,Android,Confirmacao_Protocolo,Resolvido_Bot,"4,3",4,"15954,8"
CVX-006958,2026-03-12 10:33:38,WhatsApp,Residencial,Premium,Sul,Android,Coleta_Dados_Sinistro,ESCALADO HUMANO,"45,7",,"15613,31"
CVX-004053,2026-03-12 10:46:29,WhatsApp,Vida,Premium,Centro-Oeste,iOS,Confirmacao_Protocolo,Resolvido_Bot,"13,3",4,"39231,59"
CVX-003519,2026-03-12 10:49:59,WhatsApp,Auto,Varejo,Nordeste,Android,Confirmacao_Protocolo,Resolvido_Bot,"3,8",5,"6105,11"
CVX-006732,2026-03-12 10:50:47,App,Auto,Premium,Sul,iOS,Confirmacao_Protocolo,Resolvido_Bot,"12,2",5,"13349,28"
CVX-005674,2026-03-12 11:21:54,WhatsApp,Auto,Varejo,Nordeste,iOS,Confirmacao_Protocolo,Resolvido_Bot,"23,3",4,
CVX-006732,2026-03-12 11:22:47,App,Auto,Premium,Sul,iOS,Confirmacao_Protocolo,Resolvido_Bot,"12,2",5,"13349,28"
CVX-005778,2026-03-12 11:32:34,App,Residencial,Varejo,Nordeste,Android,Upload_Fotos_Documentos,Abandonado,,,"10438,45"
CVX-004053,2026-03-12 11:33:29,WhatsApp,Vida,Premium,Centro-Oeste,iOS,Confirmacao_Protocolo,Resolvido_Bot,"13,3",4,"39231,59"
CVX-004722,2026-03-12 11:37:52,WhatsApp,Residencial,Corporativo,Sudeste,iOS,Coleta_Dados_Sinistro,Abandonado,,,"22404,11"
CVX-003542,2026-03-12 11:38:15,WhatsApp,Auto,Premium,Sul,Android,Validacao_Apolice,ABANDONADO ,,,
CVX-005835,2026-03-12 11:48:06,WhatsApp,Auto,Varejo,Sudeste,Android,Upload_Fotos_Documentos,Abandonado,,,"2618,49"
CVX-005605,2026-03-12 11:52:03,WhatsApp,Auto,Premium,Nordeste,Android,Analise_Automatica,Escalado_Humano,"34,7",2,"9703,52"
CVX-006778,2026-03-12 12:03:40,WhatsApp,Residencial,Premium,Sudeste,Android,Confirmacao_Protocolo,Resolvido_Bot,"13,2",5,"19837,26"
CVX-005545,2026-03-12 12:09:39,WhatsApp,Residencial,Varejo,Sudeste,iOS,Confirmacao_Protocolo,Resolvido_Bot,"4,5",3,"22112,65"
CVX-004322,2026-03-12 12:13:47,WhatsApp,Residencial,Varejo,Nordeste,Android,Inicio_Saudacao,Abandonado,,,
CVX-004530,2026-03-12 12:16:37,WhatsApp,Auto,Varejo,Sudeste,Android,Coleta_Dados_Sinistro,Escalado_Humano,"25,2",,"11511,81"
CVX-004618,2026-03-12 12:27:11,App,Vida,Varejo,Sudeste,Android,Confirmacao_Protocolo,Resolvido_Bot,"8,6",4,"66080,17"
CVX-005957,2026-03-12 12:31:29,WhatsApp,Auto,Premium,Centro-Oeste,iOS,Confirmacao_Protocolo,Resolvido_Bot,"46,5",4,"6821,07"
CVX-001914,2026-03-12 12:40:47,App,Auto,Corporativo,Sudeste,iOS,Coleta_Dados_Sinistro,Abandonado,,,"13283,05"
CVX-006943,2026-03-12 12:47:12,WhatsApp,Auto,Varejo,Sul,Android,Confirmacao_Protocolo,Resolvido_Bot,"10,1",3,"7067,67"
CVX-001418,2026-03-12 12:50:57,WhatsApp,Residencial,Varejo,Sudeste,iOS,Validacao_Apolice,Escalado_Humano,43,3,
CVX-005542,2026-03-12 12:51:39,WhatsApp,Auto,Premium,Sudeste,Android,Upload_Fotos_Documentos,Abandonado,,,"5950,14"
CVX-002575,2026-03-12 13:03:29,WhatsApp,Auto,Corporativo,Centro-Oeste,iOS,Coleta_Dados_Sinistro,Escalado_Humano,"28,8",3,"10558,33"
CVX-001914,2026-03-12 13:05:47,App,Auto,Corporativo,Sudeste,iOS,Coleta_Dados_Sinistro,Abandonado,,,"13283,05"
CVX-006943,2026-03-12 13:11:12,WhatsApp,Auto,Varejo,Sul,Android,Confirmacao_Protocolo,Resolvido_Bot,"10,1",3,"7067,67"
CVX-002048,2026-03-12 13:22:16,WhatsApp,Auto,Premium,Sul,Android,Coleta_Dados_Sinistro,Abandonado,,,"11400,34"
CVX-001957,2026-03-12 13:24:26,WhatsApp,Auto,Premium,Sudeste,Android,Upload_Fotos_Documentos,Abandonado,,,"8239,83"
CVX-004722,2026-03-12 14:49:52,WhatsApp,Residencial,Corporativo,Sudeste,iOS,Coleta_Dados_Sinistro,Abandonado,,,"22404,11"
CVX-005057,2026-03-12 14:54:43,App,Residencial,Premium,Sudeste,Android,Upload_Fotos_Documentos,Abandonado,,,"10299,17"
CVX-001418,2026-03-12 14:55:57,WhatsApp,Residencial,Varejo,Sudeste,iOS,Validacao_Apolice,Escalado_Humano,43,3,
CVX-005200,2026-03-12 15:01:56,WhatsApp,Vida,Varejo,Nordeste,Android,Confirmacao_Protocolo,Resolvido_Bot,"10,7",,"75942,88"
CVX-004016,2026-03-12 15:07:17,WhatsApp,Auto,Premium,Sul,Android,Confirmacao_Protocolo,Resolvido_Bot,"11,3",4,"5312,69"
CVX-005200,2026-03-12 15:19:56,WhatsApp,Vida,Varejo,Nordeste,Android,Confirmacao_Protocolo,Resolvido_Bot,"10,7",,"75942,88"
CVX-005691,2026-03-12 15:23:53,WhatsApp,Auto,Premium,Centro-Oeste,iOS,Upload_Fotos_Documentos,Abandonado,,,"4914,73"
CVX-001417,2026-03-12 15:27:49,WhatsApp,Auto,Varejo,Centro-Oeste,iOS,Analise_Automatica,Escalado_Humano,"67,6",3,"10579,32"
CVX-003826,2026-03-12 16:04:06,WhatsApp,Residencial,Varejo,Sudeste,Android,Validacao_Apolice,Escalado_Humano,58,4,
CVX-002354,2026-03-12 16:07:53,WhatsApp,Residencial,Corporativo,Sudeste,iOS,Confirmacao_Protocolo,resolvido_bot,"6,6",4,"21740,04"
CVX-004034,2026-03-12 16:27:29,WhatsApp,Auto,Premium,Sul,Android,Coleta_Dados_Sinistro,Abandonado,,,"9326,03"
CVX-002551,2026-03-12 16:36:00,WhatsApp,Auto,Varejo,Centro-Oeste,iOS,Confirmacao_Protocolo,Resolvido_Bot,9,3,"11608,6"
CVX-003387,2026-03-12 16:44:04,App,Auto,Varejo,Sudeste,Android,Confirmacao_Protocolo,Resolvido_Bot,"9,1",4,"2580,41"
CVX-003909,2026-03-12 16:49:13,WhatsApp,Auto,Corporativo,Sul,iOS,Validacao_Apolice,Escalado_Humano,"43,2",,
CVX-004326,2026-03-12 16:49:20,WhatsApp,Auto,Varejo,Sudeste,Android,Upload_Fotos_Documentos,Abandonado,,,"10617,84"
CVX-002883,2026-03-12 16:49:38,WhatsApp,Auto,Premium,Sudeste,iOS,Confirmacao_Protocolo,Resolvido_Bot,"13,9",4,"11420,23"
CVX-001957,2026-03-12 17:01:26,WhatsApp,Auto,Premium,Sudeste,Android,Upload_Fotos_Documentos,abandonado,,,"8239,83"
CVX-004016,2026-03-12 17:02:17,WhatsApp,Auto,Premium,Sul,Android,Confirmacao_Protocolo,Resolvido_Bot,"11,3",4,"5312,69"
CVX-002551,2026-03-12 17:04:00,WhatsApp,Auto,Varejo,Centro-Oeste,iOS,Confirmacao_Protocolo,RESOLVIDO_BOT,9,3,"11608,6"
CVX-005691,2026-03-12 17:14:53,WhatsApp,Auto,Premium,Centro-Oeste,iOS,Upload_Fotos_Documentos,Abandonado,,,"4914,73"
CVX-003387,2026-03-12 18:23:04,App,Auto,Varejo,Sudeste,Android,Confirmacao_Protocolo,Resolvido_Bot,"9,1",4,"2580,41"
CVX-003694,2026-03-12 18:31:17,App,Auto,Varejo,Sudeste,iOS,Confirmacao_Protocolo,Resolvido_Bot,"16,4",5,"12941,65"
CVX-005058,2026-03-12 18:36:22,WhatsApp,Vida,Varejo,Sul,iOS,Validacao_Apolice,Escalado_Humano,"17,8",,
CVX-002966,2026-03-12 18:45:01,WhatsApp,Residencial,Varejo,Sudeste,Android,Confirmacao_Protocolo,Resolvido_Bot,"7,4",5,"16344,81"
CVX-001816,2026-03-12 18:46:31,WhatsApp,Auto,Premium,Sudeste,Android,Confirmacao_Protocolo,Resolvido_Bot,"8,2",,"6583,13"
CVX-003909,2026-03-12 18:47:13,WhatsApp,Auto,Corporativo,Sul,iOS,Confirmacao_Protocolo,Resolvido_Bot,"43,2",,
CVX-001533,2026-03-12 18:52:59,WhatsApp,Residencial,Premium,Nordeste,Android,Validacao_Apolice,Abandonado,,,
CVX-005058,2026-03-12 18:53:22,WhatsApp,Vida,Varejo,Sul,iOS,Confirmacao_Protocolo,Resolvido_Bot,"17,8",,
CVX-003089,2026-03-12 18:59:28,WhatsApp,Auto,Varejo,Sudeste,Android,Confirmacao_Protocolo,Resolvido_Bot,"12,5",3,"10222,35"
CVX-002988,2026-03-12 19:32:20,WhatsApp,Auto,Varejo,Sul,Android,Confirmacao_Protocolo,Resolvido_Bot,"9,5",5,"10020,98"
CVX-002966,2026-03-12 19:33:01,WhatsApp,Residencial,Varejo,Sudeste,Android,Confirmacao_Protocolo,Resolvido_Bot,"7,4",5,"16344,81"
CVX-002354,2026-03-12 19:40:53,WhatsApp,Residencial,Corporativo,Sudeste,iOS,Confirmacao_Protocolo,Resolvido_Bot,"6,6",4,"21740,04"
CVX-004034,2026-03-12 19:52:29,WhatsApp,Auto,Premium,Sul,Android,Confirmacao_Protocolo,Resolvido_Bot,,,"9326,03"
CVX-001816,2026-03-12 20:20:31,WhatsApp,Auto,Premium,Sudeste,Android,Confirmacao_Protocolo,Resolvido_Bot,"8,2",,"6583,13"
CVX-001202,2026-03-12 20:58:33,WhatsApp,Residencial,Varejo,Sul,Android,Confirmacao_Protocolo,Resolvido_Bot,"14,2",,"7769,23"
CVX-002988,2026-03-12 22:36:20,WhatsApp,Auto,Varejo,Sul,Android,Confirmacao_Protocolo,Resolvido_Bot,"9,5",5,"10020,98"
CVX-001202,2026-03-13 0:03:33,WhatsApp,Residencial,Varejo,Sul,Android,Confirmacao_Protocolo,Resolvido_Bot,"14,2",,"7769,23"
CVX-003432,2026-03-13 8:20:51,WhatsApp,Vida,Varejo,Nordeste,Android,Upload_Fotos_Documentos,Escalado_Humano,"27,2",5,"66146,71"
CVX-006689,2026-03-13 8:33:51,WhatsApp,Vida,Varejo,Sudeste,Android,Validacao_Apolice,Escalado_Humano,"39,1",5,
CVX-005301,2026-03-13 8:37:20,WhatsApp,Auto,Varejo,Centro-Oeste,Android,Coleta_Dados_Sinistro,Escalado_Humano,"42,7",4,"6782,9"
CVX-003252,2026-03-13 8:38:26,WhatsApp,Vida,Varejo,Nordeste,Android,Validacao_Apolice,Escalado_Humano,"47,5",3,
CVX-006399,2026-03-13 8:39:24,App,Auto,Premium,Sudeste,iOS,Validacao_Apolice,Escalado_Humano,"24,8",5,
CVX-004229,2026-03-13 8:50:13,App,Residencial,Premium,Nordeste,Android,Confirmacao_Protocolo,Resolvido_Bot,"11,2",5,"21694,3"
CVX-005288,2026-03-13 9:18:42,WhatsApp,Auto,Premium,Nordeste,Android,Validacao_Apolice,Abandonado,,,
CVX-005053,2026-03-13 9:21:00,WhatsApp,Auto,Varejo,Sudeste,Android,Coleta_Dados_Sinistro,Escalado_Humano,"22,6",4,"6384,64"
CVX-001126,2026-03-13 9:33:50,WhatsApp,Auto,Varejo,Sudeste,iOS,Confirmacao_Protocolo,Resolvido_Bot,"5,5",5,"5155,39"
CVX-006826,2026-03-13 9:41:21,WhatsApp,Residencial,Premium,Sudeste,iOS,Validacao_Apolice,Escalado_Humano,"44,5",3,
CVX-005124,2026-03-13 9:49:20,WhatsApp,Auto,Premium,Norte,iOS,Validacao_Apolice,Escalado_Humano,"55,1",5,
CVX-002720,2026-03-13 10:05:19,WhatsApp,Vida,Varejo,Sudeste,Android,Validacao_Apolice,Escalado_humano,"61,3",4,
CVX-002572,2026-03-13 10:10:47,WhatsApp,Vida,Corporativo,Sul,Android,Analise_Automatica,Escalado_Humano,"45,9",4,"54341,1"
CVX-003552,2026-03-13 10:20:06,WhatsApp,Auto,Varejo,Sudeste,iOS,Inicio_Saudacao,Abandonado,,,
CVX-004307,2026-03-13 10:30:18,WhatsApp,Auto,Varejo,Sudeste,Android,Coleta_Dados_Sinistro,Escalado_Humano,"35,4",5,"5860,58"
CVX-004569,2026-03-13 10:31:38,WhatsApp,Auto,Corporativo,Norte,Android,Validacao_Apolice,Escalado_Humano,"37,4",4,
CVX-003246,2026-03-13 10:32:58,App,Vida,Varejo,Sul,Android,Upload_Fotos_Documentos,Escalado_Humano,"51,2",,"37138,71"
CVX-002400,2026-03-13 10:38:06,WhatsApp,Auto,Premium,Centro-Oeste,Android,Confirmacao_Protocolo,Resolvido_Bot,"8,1",5,"10983,44"
CVX-002720,2026-03-13 10:38:19,WhatsApp,Vida,Varejo,Sudeste,Android,Validacao_Apolice,Escalado_Humano,"61,3",4,
CVX-000066,2026-03-13 10:43:44,WhatsApp,Auto,Varejo,Norte,Android,Validacao_Apolice,Escalado_Humano,"40,4",2,
CVX-005405,2026-03-13 10:49:14,WhatsApp,Auto,Varejo,Sudeste,Android,Confirmacao_Protocolo,Resolvido_Bot,"11,7",5,"9654,91"
CVX-000079,2026-03-13 10:52:30,WhatsApp,Residencial,Varejo,Norte,Android,Confirmacao_Protocolo,Resolvido_Bot,"14,4",4,"9224,22"
CVX-000154,2026-03-13 10:57:38,WhatsApp,Residencial,Varejo,Sudeste,iOS,Confirmacao_Protocolo,Resolvido_Bot,"9,3",5,"13094,33"
CVX-005405,2026-03-13 11:16:14,WhatsApp,Auto,Varejo,Sudeste,Android,Confirmacao_Protocolo,Resolvido_Bot,"11,7",5,"9654,91"
CVX-000017,2026-03-13 11:17:46,WhatsApp,Residencial,Corporativo,Sudeste,Android,Analise_Automatica,Abandonado,,,"13290,99"
CVX-005288,2026-03-13 11:20:42,WhatsApp,Auto,Premium,Nordeste,Android,Validacao_Apolice,Abandonado,,,
CVX-003552,2026-03-13 11:31:06,WhatsApp,Auto,Varejo,Sudeste,iOS,Inicio_Saudacao,Abandonado,,,
CVX-001126,2026-03-13 11:33:50,WhatsApp,Auto,Varejo,Sudeste,iOS,Confirmacao_Protocolo,Resolvido_Bot,"5,5",5,"5155,39"
CVX-006399,2026-03-13 11:41:24,App,Auto,Premium,Sudeste,iOS,Confirmacao_Protocolo,Resolvido_Bot,"24,8",5,
CVX-004307,2026-03-13 12:01:18,WhatsApp,Auto,Varejo,Sudeste,Android,Coleta_Dados_Sinistro,Escalado_Humano,"35,4",5,"5860,58"
CVX-000629,2026-03-13 12:10:44,WhatsApp,Vida,Varejo,Sul,Android,Upload_Fotos_Documentos,Abandonado,,,"992,24"
CVX-003384,2026-03-13 12:14:46,WhatsApp,Auto,Varejo,Sudeste,iOS,Confirmacao_Protocolo,Resolvido_Bot,"12,1",5,"4558,37"
CVX-000381,2026-03-13 12:33:09,WhatsApp,Auto,Varejo,Sul,Android,Validacao_Apolice,Escalado_Humano,"34,8",4,
CVX-006548,2026-03-13 12:36:14,App,Auto,Varejo,Sul,Android,Confirmacao_Protocolo,Resolvido_Bot,"5,3",,"9372,57"
CVX-006369,2026-03-13 12:52:28,WhatsApp,Auto,Varejo,Sudeste,Android,Validacao_Apolice,Escalado_Humano,"26,9",4,
CVX-000969,2026-03-13 12:55:03,WhatsApp,Vida,Varejo,Sudeste,Android,Upload_Fotos_Documentos,Abandonado,,,"45300,98"
CVX-004449,2026-03-13 12:56:31,WhatsApp,Auto,Premium,Sudeste,Android,Validacao_Apolice,Escalado_Humano,"52,2",2,
CVX-000165,2026-03-13 13:06:48,WhatsApp,Auto,Premium,Sudeste,Android,Upload_Fotos_Documentos,abandonado,,,"6737,98"
CVX-006796,2026-03-13 13:09:16,App,Residencial,Varejo,Norte,Android,Confirmacao_Protocolo,Resolvido_Bot,"11,2",4,"15761,21"
CVX-005124,2026-03-13 13:16:20,WhatsApp,Auto,Premium,Norte,iOS,Validacao_Apolice,Escalado_Humano,"55,1",5,
CVX-001588,2026-03-13 13:21:41,WhatsApp,Auto,Varejo,Norte,Android,Confirmacao_Protocolo,Resolvido_Bot,"5,1",4,"7991,71"
CVX-006465,2026-03-13 13:29:51,WhatsApp,Residencial,Premium,Sul,Android,Confirmacao_Protocolo,Resolvido_Bot,"10,2",3,"21952,61"
CVX-002277,2026-03-13 13:40:58,WhatsApp,Auto,Varejo,Sudeste,Android,Confirmacao_Protocolo,Resolvido_Bot,"16,2",5,"3929,98"
CVX-002400,2026-03-13 13:54:06,WhatsApp,Auto,Premium,Centro-Oeste,Android,Confirmacao_Protocolo,Resolvido_Bot,"8,1",5,"10983,44"
CVX-006369,2026-03-13 13:54:28,WhatsApp,Auto,Varejo,Sudeste,Android,Validacao_Apolice,Escalado_Humano,"26,9",4,
CVX-001573,2026-03-13 13:54:30,WhatsApp,Vida,Varejo,Sul,iOS,Upload_Fotos_Documentos,Escalado_Humano,"51,4",3,"70989,27"
CVX-000067,2026-03-13 13:55:36,WhatsApp,Auto,Varejo,Sudeste,Android,Confirmacao_Protocolo,Resolvido_Bot,"7,1",,"5092,7"
CVX-006465,2026-03-13 13:58:51,WhatsApp,Residencial,Premium,Sul,Android,Confirmacao_Protocolo,Resolvido_Bot,"10,2",3,"21952,61"
CVX-005859,2026-03-13 14:00:57,WhatsApp,Auto,Varejo,Sudeste,Android,Confirmacao_Protocolo,Resolvido_Bot,"6,8",5,"9160,24"
CVX-002572,2026-03-13 14:05:47,WhatsApp,Vida,Corporativo,Sul,Android,Analise_Automatica,Escalado_Humano,"45,9",4,"54341,1"
CVX-001293,2026-03-13 14:06:00,WhatsApp,Residencial,Varejo,Sudeste,Android,Confirmacao_Protocolo,Resolvido_Bot,"7,5",5,"6965,64"
CVX-001588,2026-03-13 14:15:41,WhatsApp,Auto,Varejo,Norte,Android,Confirmacao_Protocolo,Resolvido_Bot,"5,1",4,"7991,71"
CVX-006101,2026-03-13 14:22:57,WhatsApp,Vida,Varejo,Sudeste,Android,Upload_Fotos_Documentos,Abandonado,,,"77853,64"
CVX-002497,2026-03-13 14:29:23,App,Auto,Premium,Nordeste,Android,Coleta_Dados_Sinistro,Abandonado,,,"5341,97"
CVX-006796,2026-03-13 14:39:16,App,Residencial,Varejo,Norte,Android,Confirmacao_Protocolo,Resolvido_Bot,"11,2",4,"15761,21"
CVX-000228,2026-03-13 14:54:27,WhatsApp,Vida,Premium,Nordeste,Android,Validacao_Apolice,Escalado_Humano,"33,1",3,
CVX-005125,2026-03-13 14:56:23,WhatsApp,Auto,Varejo,Sul,Android,Confirmacao_Protocolo,Resolvido_Bot,"9,5",5,"9963,42"
CVX-000969,2026-03-13 15:56:03,WhatsApp,Vida,Varejo,Sudeste,Android,Upload_Fotos_Documentos,Abandonado,,,"45300,98"
CVX-005936,2026-03-13 16:03:53,WhatsApp,Auto,Varejo,Sul,iOS,Confirmacao_Protocolo,Resolvido_Bot,5,4,"2462,88"
CVX-006548,2026-03-13 16:20:14,App,Auto,Varejo,Sul,Android,Confirmacao_Protocolo,Resolvido_Bot,"5,3",,"9372,57"
CVX-002868,2026-03-13 16:23:19,WhatsApp,Auto,Premium,Sudeste,Android,Validacao_Apolice,abandonado,,,
CVX-004820,2026-03-13 16:23:52,WhatsApp,Residencial,Varejo,Sudeste,Android,Validacao_Apolice,Escalado_Humano,"56,1",3,
CVX-000920,2026-03-13 16:29:26,App,Auto,Premium,Centro-Oeste,iOS,Validacao_Apolice,Escalado_Humano,"21,8",5,
CVX-006101,2026-03-13 16:31:57,WhatsApp,Vida,Varejo,Sudeste,Android,Upload_Fotos_Documentos,abandono,,,"77853,64"
CVX-003197,2026-03-13 16:33:48,WhatsApp,Auto,Varejo,Nordeste,iOS,Upload_Fotos_Documentos,Abandonado,,,"12701,96"
CVX-005606,2026-03-13 16:56:58,WhatsApp,Auto,Varejo,Sudeste,iOS,Confirmacao_Protocolo,Resolvido_Bot,"14,4",4,"4243,52"
CVX-002497,2026-03-13 17:02:23,App,Auto,Premium,Nordeste,Android,Coleta_Dados_Sinistro,Abandonado,,,"5341,97"
CVX-005096,2026-03-13 17:04:52,WhatsApp,Auto,Premium,Nordeste,iOS,Upload_Fotos_Documentos,Abandonado,,,"7763,23"
CVX-006799,2026-03-13 17:07:12,WhatsApp,Auto,Varejo,Nordeste,Android,Coleta_Dados_Sinistro,Escalado_Humano,"46,3",4,"9273,02"
CVX-002407,2026-03-13 17:07:36,WhatsApp,Residencial,Premium,Nordeste,iOS,Coleta_Dados_Sinistro,Escalado_Humano,"33,8",2,"25861,54"
CVX-004526,2026-03-13 17:10:22,WhatsApp,Auto,Varejo,Sudeste,iOS,Coleta_Dados_Sinistro,Escalado_Humano,"47,8",4,"1838,4"
CVX-002816,2026-03-13 17:15:48,WhatsApp,Auto,Varejo,Sudeste,iOS,Confirmacao_Protocolo,Resolvido_Bot,"9,6",,"4370,84"
CVX-002868,2026-03-13 17:34:19,WhatsApp,Auto,Premium,Sudeste,Android,Confirmacao_Protocolo,Resolvido_Bot,,,
CVX-001893,2026-03-13 17:35:07,WhatsApp,Auto,Corporativo,Sudeste,Android,Confirmacao_Protocolo,Resolvido_Bot,"7,4",4,"7521,98"
CVX-003475,2026-03-13 17:47:30,WhatsApp,Vida,Premium,Sul,Android,Upload_Fotos_Documentos,Abandonado,,,"54685,13"
CVX-003473,2026-03-13 17:48:17,WhatsApp,Auto,Corporativo,Sul,Android,Coleta_Dados_Sinistro,abandonado,,,"2250,6"
CVX-004876,2026-03-13 17:48:25,WhatsApp,Residencial,Varejo,Sul,iOS,Coleta_Dados_Sinistro,Escalado_Humano,"34,2",4,"6243,96"
CVX-006203,2026-03-13 17:55:14,WhatsApp,Residencial,Varejo,Sudeste,Android,Confirmacao_Protocolo,RESOLVIDO_BOT,12,,10841
CVX-005125,2026-03-13 18:04:23,WhatsApp,Auto,Varejo,Sul,Android,Confirmacao_Protocolo,Resolvido_Bot,"9,5",5,"9963,42"
CVX-003197,2026-03-13 18:08:48,WhatsApp,Auto,Varejo,Nordeste,iOS,Upload_Fotos_Documentos,Abandonado,,,"12701,96"
CVX-004820,2026-03-13 18:22:52,WhatsApp,Residencial,Varejo,Sudeste,Android,Validacao_Apolice,Escalado_Humano,"56,1",3,
CVX-000611,2026-03-13 18:25:03,WhatsApp,Residencial,Premium,Sudeste,Android,Coleta_Dados_Sinistro,Escalado_Humano,"45,3",4,"17278,55"
CVX-004876,2026-03-13 18:34:25,WhatsApp,Residencial,Varejo,Sul,iOS,Coleta_Dados_Sinistro,Escalado_Humano,"34,2",4,"6243,96"
CVX-004193,2026-03-13 18:39:34,WhatsApp,Residencial,Varejo,Sudeste,Android,Coleta_Dados_Sinistro,Escalado_Humano,"56,8",3,"11941,49"
CVX-004176,2026-03-13 18:39:34,WhatsApp,Vida,Corporativo,Sudeste,Android,Confirmacao_Protocolo,Resolvido_Bot,"5,1",5,"50991,48"
CVX-006700,2026-03-13 18:46:12,App,Auto,Varejo,Centro-Oeste,Android,Validacao_Apolice,Escalado_Humano,"34,6",4,
CVX-000832,2026-03-13 18:51:44,App,Residencial,Varejo,Sul,Android,Confirmacao_Protocolo,Resolvido_Bot,"6,4",5,"18770,9"
CVX-000542,2026-03-13 19:10:49,WhatsApp,Vida,Varejo,Nordeste,Android,Upload_Fotos_Documentos,Escalado_Humano,"40,4",5,"20534,23"
CVX-001799,2026-03-13 19:12:17,WhatsApp,Auto,Varejo,Sul,Android,Validacao_Apolice,Escalado_Humano,"43,7",2,
CVX-002733,2026-03-13 19:15:22,WhatsApp,Residencial,Corporativo,Nordeste,iOS,Inicio_Saudacao,Abandonado,,,
CVX-005096,2026-03-13 19:29:52,WhatsApp,Auto,Premium,Nordeste,iOS,Upload_Fotos_Documentos,Abandonado,,,"7763,23"
CVX-003473,2026-03-13 19:34:17,WhatsApp,Auto,Corporativo,Sul,Android,Confirmacao_Protocolo,Resolvido_Bot,,,"2250,6"
CVX-001893,2026-03-13 19:53:07,WhatsApp,Auto,Corporativo,Sudeste,Android,Confirmacao_Protocolo,Resolvido_Bot,"7,4",4,"7521,98"
CVX-004176,2026-03-13 19:55:34,WhatsApp,Vida,Corporativo,Sudeste,Android,Confirmacao_Protocolo,Resolvido_Bot,"5,1",5,"50991,48"
CVX-003452,2026-03-13 20:01:46,WhatsApp,Vida,Varejo,Nordeste,iOS,Confirmacao_Protocolo,Resolvido_Bot,"7,6",3,"60296,23"
CVX-002816,2026-03-13 20:14:48,WhatsApp,Auto,Varejo,Sudeste,iOS,Confirmacao_Protocolo,Resolvido_Bot,"9,6",,"4370,84"
CVX-006203,2026-03-13 20:18:14,WhatsApp,Residencial,Varejo,Sudeste,Android,Confirmacao_Protocolo,Resolvido_Bot,12,,10841
CVX-000832,2026-03-13 20:35:44,App,Residencial,Varejo,Sul,Android,Confirmacao_Protocolo,Resolvido_Bot,"6,4",5,"18770,9"
CVX-003193,2026-03-13 20:46:52,WhatsApp,Auto,Varejo,Sudeste,Android,Upload_Fotos_Documentos,ABANDONADO ,,,"12126,98"
CVX-003193,2026-03-13 21:02:52,WhatsApp,Auto,Varejo,Sudeste,Android,Upload_Fotos_Documentos,Abandonado,,,"12126,98"
CVX-004193,2026-03-13 21:50:34,WhatsApp,Residencial,Varejo,Sudeste,Android,Confirmacao_Protocolo,Resolvido_Bot,"56,8",3,"11941,49"
CVX-006700,2026-03-13 22:40:12,App,Auto,Varejo,Centro-Oeste,Android,Validacao_Apolice,Escalado_Humano,"34,6",4,
CVX-002265,2026-03-14 8:13:00,WhatsApp,Auto,Varejo,Nordeste,Android,Inicio_Saudacao,Abandonado,,,
CVX-000717,2026-03-14 8:13:15,App,Residencial,Varejo,Nordeste,iOS,Validacao_Apolice,Escalado_Humano,"28,4",4,
CVX-002933,2026-03-14 8:17:08,WhatsApp,Residencial,Varejo,Sudeste,Android,Confirmacao_Protocolo,Resolvido_Bot,"8,4",4,"17689,01"
CVX-001201,2026-03-14 8:27:54,WhatsApp,Residencial,Premium,Sudeste,iOS,Validacao_Apolice,Escalado_Humano,"16,5",,
CVX-001724,2026-03-14 8:30:21,WhatsApp,Residencial,Varejo,Nordeste,Android,Coleta_Dados_Sinistro,Abandonado,,,"24927,64"
CVX-003436,2026-03-14 8:43:46,WhatsApp,Residencial,Varejo,Nordeste,Android,Confirmacao_Protocolo,Resolvido_Bot,"6,8",4,"15624,54"
CVX-004715,2026-03-14 8:50:24,WhatsApp,Auto,Varejo,Nordeste,iOS,Confirmacao_Protocolo,RESOLVIDO_BOT,"7,9",4,"11322,73"
CVX-002265,2026-03-14 8:58:00,WhatsApp,Auto,Varejo,Nordeste,Android,Inicio_Saudacao,Abandonado,,,
CVX-001201,2026-03-14 9:10:54,WhatsApp,Residencial,Premium,Sudeste,iOS,Validacao_Apolice,Escalado_Humano,"16,5",,
CVX-005142,2026-03-14 9:33:55,WhatsApp,Auto,Varejo,Nordeste,Android,Confirmacao_Protocolo,Resolvido_Bot,"12,2",2,"9321,98"
CVX-002995,2026-03-14 9:51:50,WhatsApp,Auto,Varejo,Centro-Oeste,Android,Upload_Fotos_Documentos,Abandonado,,,"6365,88"
CVX-002339,2026-03-14 10:04:49,WhatsApp,Auto,Varejo,Sudeste,iOS,Coleta_Dados_Sinistro,Escalado_Humano,"58,9",3,"14257,56"
CVX-002627,2026-03-14 10:12:22,WhatsApp,Auto,Premium,Nordeste,Android,Confirmacao_Protocolo,Resolvido_Bot,"13,7",,"8527,93"
CVX-001317,2026-03-14 10:12:32,WhatsApp,Residencial,Varejo,Sudeste,Android,Upload_Fotos_Documentos,escalado_humano,67,2,"21585,06"
CVX-002176,2026-03-14 10:14:55,WhatsApp,Auto,Varejo,Sul,iOS,Validacao_Apolice,Escalado_Humano,"39,8",3,
CVX-001344,2026-03-14 10:15:37,WhatsApp,Auto,Varejo,Sudeste,iOS,Coleta_Dados_Sinistro,Escalado_Humano,"52,2",3,"11974,59"
CVX-002910,2026-03-14 10:34:19,WhatsApp,Auto,Corporativo,Sudeste,iOS,Analise_Automatica,Escalado_Humano,"30,1",,"12581,68"
CVX-005804,2026-03-14 10:37:38,WhatsApp,Auto,Varejo,Sudeste,iOS,Confirmacao_Protocolo,Resolvido_Bot,"10,8",3,"11230,98"
CVX-002995,2026-03-14 10:48:50,WhatsApp,Auto,Varejo,Centro-Oeste,Android,Upload_Fotos_Documentos,Abandonado,,,"6365,88"
CVX-002627,2026-03-14 11:03:22,WhatsApp,Auto,Premium,Nordeste,Android,Confirmacao_Protocolo,Resolvido_Bot,"13,7",,"8527,93"
CVX-001399,2026-03-14 11:06:47,WhatsApp,Vida,Varejo,Nordeste,Android,Validacao_Apolice,Escalado_Humano,37,4,
CVX-002910,2026-03-14 11:23:19,WhatsApp,Auto,Corporativo,Sudeste,iOS,Analise_Automatica,Escalado_Humano,"30,1",,"12581,68"
CVX-006970,2026-03-14 11:23:55,WhatsApp,Residencial,Premium,Sul,iOS,Analise_Automatica,Escalado_Humano,"22,2",4,"18947,9"
CVX-006975,2026-03-14 11:28:29,WhatsApp,Residencial,Varejo,Sudeste,Android,Upload_Fotos_Documentos,Escalado_Humano,"38,6",4,"11689,18"
CVX-006870,2026-03-14 11:52:13,WhatsApp,Residencial,Varejo,Sudeste,Android,Validacao_Apolice,Escalado_Humano,"41,4",4,
CVX-001344,2026-03-14 11:58:37,WhatsApp,Auto,Varejo,Sudeste,iOS,Coleta_Dados_Sinistro,Escalado_Humano,"52,2",3,"11974,59"
CVX-001317,2026-03-14 12:02:32,WhatsApp,Residencial,Varejo,Sudeste,Android,Upload_Fotos_Documentos,Escalado_Humano,67,2,"21585,06"
CVX-006240,2026-03-14 12:03:38,WhatsApp,Auto,Varejo,Nordeste,Android,Upload_Fotos_Documentos,Escalado_Humano,"35,9",4,"5242,01"
CVX-006286,2026-03-14 12:10:48,WhatsApp,Residencial,Corporativo,Sul,iOS,Validacao_Apolice,Escalado_Humano,"49,3",3,
CVX-001218,2026-03-14 12:11:39,WhatsApp,Auto,Varejo,Centro-Oeste,Android,Confirmacao_Protocolo,Resolvido_Bot,"8,9",,"12664,42"
CVX-004715,2026-03-14 12:20:24,WhatsApp,Auto,Varejo,Nordeste,iOS,Confirmacao_Protocolo,Resolvido_Bot,"7,9",4,"11322,73"
CVX-005391,2026-03-14 12:32:07,WhatsApp,Residencial,Premium,Nordeste,Android,Confirmacao_Protocolo,Resolvido_Bot,"3,1",,"9494,78"
CVX-000353,2026-03-14 12:41:13,WhatsApp,Auto,Varejo,Sul,Android,Confirmacao_Protocolo,Resolvido_Bot,8,,"14568,42"
CVX-002522,2026-03-14 12:46:02,WhatsApp,Vida,Corporativo,Nordeste,Android,Upload_Fotos_Documentos,Escalado_Humano,39,3,"42259,69"
CVX-005142,2026-03-14 13:00:55,WhatsApp,Auto,Varejo,Nordeste,Android,Confirmacao_Protocolo,Resolvido_Bot,"12,2",2,"9321,98"
CVX-004103,2026-03-14 13:01:35,WhatsApp,Vida,Varejo,Nordeste,Android,Validacao_Apolice,Escalado_Humano,"52,4",3,
CVX-001399,2026-03-14 13:12:47,WhatsApp,Vida,Varejo,Nordeste,Android,Validacao_Apolice,Escalado_Humano,37,4,
CVX-006870,2026-03-14 13:25:13,WhatsApp,Residencial,Varejo,Sudeste,Android,Validacao_Apolice,Escalado_Humano,"41,4",4,
CVX-001218,2026-03-14 13:31:39,WhatsApp,Auto,Varejo,Centro-Oeste,Android,Confirmacao_Protocolo,Resolvido_Bot,"8,9",,"12664,42"
CVX-006223,2026-03-14 13:41:19,WhatsApp,Auto,Varejo,Sul,Android,Validacao_Apolice,escalado_humano,"31,8",4,
CVX-005804,2026-03-14 13:56:38,WhatsApp,Auto,Varejo,Sudeste,iOS,Confirmacao_Protocolo,Resolvido_Bot,"10,8",3,"11230,98"
CVX-000490,2026-03-14 14:03:02,App,Vida,Varejo,Sudeste,Android,Upload_Fotos_Documentos,Escalado_Humano,"47,5",,"38933,52"
CVX-006938,2026-03-14 14:04:59,WhatsApp,Auto,Varejo,Norte,Android,Inicio_Saudacao,Abandonado,,,
CVX-005391,2026-03-14 14:41:07,WhatsApp,Residencial,Premium,Nordeste,Android,Confirmacao_Protocolo,Resolvido_Bot,"3,1",,"9494,78"
CVX-006162,2026-03-14 14:42:02,App,Residencial,Varejo,Sul,Android,Upload_Fotos_Documentos,ABANDONADO ,,,"5721,23"
CVX-004215,2026-03-14 14:52:54,WhatsApp,Residencial,Premium,Sudeste,iOS,Confirmacao_Protocolo,Resolvido_Bot,2,4,"11652,67"
CVX-003867,2026-03-14 14:54:27,App,Auto,Premium,Sudeste,iOS,Validacao_Apolice,Escalado_Humano,"50,3",,
CVX-005844,2026-03-14 14:56:34,WhatsApp,Residencial,Varejo,Sudeste,Android,Validacao_Apolice,Escalado_Humano,"44,2",3,
CVX-005925,2026-03-14 15:14:32,WhatsApp,Vida,Varejo,Sudeste,Android,Upload_Fotos_Documentos,Abandonado,,,"48620,34"
CVX-003795,2026-03-14 15:18:28,WhatsApp,Residencial,Varejo,Norte,Android,Validacao_Apolice,Escalado_Humano,"38,5",3,
CVX-003626,2026-03-14 15:37:23,App,Residencial,Premium,Sul,Android,Confirmacao_Protocolo,Resolvido_Bot,"5,9",5,"11679,36"
CVX-003867,2026-03-14 15:44:27,App,Auto,Premium,Sudeste,iOS,Validacao_Apolice,Escalado_Humano,"50,3",,
CVX-000063,2026-03-14 15:49:55,WhatsApp,Vida,Varejo,Sul,Android,Analise_Automatica,Abandonado,,,"53174,13"
CVX-000353,2026-03-14 15:57:13,WhatsApp,Auto,Varejo,Sul,Android,Confirmacao_Protocolo,Resolvido_Bot,8,,"14568,42"
CVX-006240,2026-03-14 16:01:38,WhatsApp,Auto,Varejo,Nordeste,Android,Upload_Fotos_Documentos,Escalado_Humano,"35,9",4,"5242,01"
CVX-001880,2026-03-14 16:05:49,WhatsApp,Residencial,Corporativo,Sudeste,Android,Coleta_Dados_Sinistro,Escalado_Humano,"45,3",,"16361,45"
CVX-006223,2026-03-14 16:10:19,WhatsApp,Auto,Varejo,Sul,Android,Confirmacao_Protocolo,Resolvido_Bot,"31,8",4,
CVX-003480,2026-03-14 16:18:50,App,Residencial,Corporativo,Sul,Android,Validacao_Apolice,Escalado_Humano,"38,3",2,
CVX-003484,2026-03-14 16:34:50,WhatsApp,Auto,Corporativo,Sudeste,Android,Validacao_Apolice,Escalado_Humano,"30,5",4,
CVX-001213,2026-03-14 16:57:45,WhatsApp,Auto,Varejo,Sudeste,Android,Coleta_Dados_Sinistro,Abandonado,,,"3715,81"
CVX-001290,2026-03-14 17:01:30,WhatsApp,Vida,Premium,Centro-Oeste,Android,Validacao_Apolice,Escalado_Humano,"55,7",3,
CVX-003431,2026-03-14 17:01:46,WhatsApp,Residencial,Premium,Sudeste,iOS,Validacao_Apolice,Escalado_Humano,"33,8",4,
CVX-003926,2026-03-14 17:10:57,WhatsApp,Residencial,Varejo,Nordeste,Android,Confirmacao_Protocolo,Resolvido_Bot,"12,2",4,"12859,69"
CVX-003811,2026-03-14 17:17:24,WhatsApp,Vida,Varejo,Sudeste,Android,Validacao_Apolice,Escalado_Humano,"38,4",5,
CVX-005240,2026-03-14 17:25:05,WhatsApp,Auto,Varejo,Norte,Android,Validacao_Apolice,Escalado_Humano,"36,3",4,
CVX-005844,2026-03-14 17:59:34,WhatsApp,Residencial,Varejo,Sudeste,Android,Validacao_Apolice,Escalado_Humano,"44,2",3,
CVX-001031,2026-03-14 18:07:42,WhatsApp,Vida,Varejo,Sul,iOS,Upload_Fotos_Documentos,Abandonado,,,"62506,45"
CVX-003506,2026-03-14 18:15:26,WhatsApp,Auto,Premium,Nordeste,Android,Confirmacao_Protocolo,Resolvido_Bot,"5,7",,"11152,41"
CVX-006966,2026-03-14 18:20:40,WhatsApp,Auto,Premium,Sudeste,iOS,Confirmacao_Protocolo,Resolvido_bot ,"7,9",4,"10321,45"
CVX-003506,2026-03-14 18:24:26,WhatsApp,Auto,Premium,Nordeste,Android,Confirmacao_Protocolo,Resolvido_Bot,"5,7",,"11152,41"
CVX-002658,2026-03-14 18:25:03,WhatsApp,Residencial,Varejo,Sul,Android,Confirmacao_Protocolo,Resolvido_Bot,"13,6",5,"15121,34"
CVX-005925,2026-03-14 18:32:32,WhatsApp,Vida,Varejo,Sudeste,Android,Upload_Fotos_Documentos,Abandonado,,,"48620,34"
CVX-006162,2026-03-14 18:35:02,App,Residencial,Varejo,Sul,Android,Upload_Fotos_Documentos,Abandonado,,,"5721,23"
CVX-003357,2026-03-14 18:36:05,App,Auto,Varejo,Sudeste,Android,Confirmacao_Protocolo,Resolvido_Bot,10,3,"3802,56"
CVX-001302,2026-03-14 18:39:25,WhatsApp,Auto,Premium,Sudeste,iOS,Upload_Fotos_Documentos,Abandonado,,,"10223,71"
CVX-001213,2026-03-14 18:40:45,WhatsApp,Auto,Varejo,Sudeste,Android,Confirmacao_Protocolo,resolvido_bot,,,"3715,81"
CVX-003259,2026-03-14 18:46:05,WhatsApp,Auto,Varejo,Sudeste,iOS,Upload_Fotos_Documentos,Abandonado,,,"8326,73"
CVX-003795,2026-03-14 19:07:28,WhatsApp,Residencial,Varejo,Norte,Android,Validacao_Apolice,Escalado_Humano,"38,5",3,
CVX-002192,2026-03-14 19:09:59,WhatsApp,Vida,Varejo,Sudeste,iOS,Confirmacao_Protocolo,Resolvido_Bot,"12,4",4,"43525,04"
CVX-001302,2026-03-14 19:10:25,WhatsApp,Auto,Premium,Sudeste,iOS,Confirmacao_Protocolo,Resolvido_Bot,,,"10223,71"
CVX-004015,2026-03-14 19:18:53,WhatsApp,Residencial,Varejo,Nordeste,iOS,Confirmacao_Protocolo,Resolvido_Bot,13,,"10795,4"
CVX-000836,2026-03-14 19:24:33,WhatsApp,Auto,Premium,Nordeste,Android,Validacao_Apolice,Escalado_Humano,"39,3",4,
CVX-005640,2026-03-14 19:29:43,App,Auto,Premium,Sudeste,Android,Confirmacao_Protocolo,Resolvido_Bot,"6,1",5,"5482,18"
CVX-003431,2026-03-14 19:34:46,WhatsApp,Residencial,Premium,Sudeste,iOS,Validacao_Apolice,Escalado_Humano,"33,8",4,
CVX-001290,2026-03-14 19:46:30,WhatsApp,Vida,Premium,Centro-Oeste,Android,Confirmacao_Protocolo,RESOLVIDO_BOT,"55,7",3,
CVX-003813,2026-03-14 19:51:14,WhatsApp,Vida,Varejo,Sudeste,Android,Confirmacao_Protocolo,Resolvido_Bot,"13,4",,"68361,51"
CVX-003926,2026-03-14 19:52:57,WhatsApp,Residencial,Varejo,Nordeste,Android,Confirmacao_Protocolo,Resolvido_Bot,"12,2",4,"12859,69"
CVX-001328,2026-03-14 20:09:27,WhatsApp,Auto,Premium,Nordeste,Android,Confirmacao_Protocolo,Resolvido_Bot,"6,3",4,"5262,85"
CVX-003242,2026-03-14 20:10:09,WhatsApp,Vida,Varejo,Sudeste,Android,Confirmacao_Protocolo,Resolvido_Bot,"10,3",5,"14986,26"
CVX-003357,2026-03-14 20:11:05,App,Auto,Varejo,Sudeste,Android,Confirmacao_Protocolo,Resolvido_Bot,10,3,"3802,56"
CVX-005222,2026-03-14 20:15:33,WhatsApp,Residencial,Corporativo,Norte,Android,Coleta_Dados_Sinistro,Escalado_Humano,"39,1",4,"2178,99"
CVX-000706,2026-03-14 20:23:17,WhatsApp,Auto,Varejo,Sudeste,Android,Confirmacao_Protocolo,Resolvido_Bot,"7,1",,"4472,12"
CVX-005101,2026-03-14 20:26:42,WhatsApp,Residencial,Varejo,Sudeste,iOS,Confirmacao_Protocolo,Resolvido_Bot,"9,7",,"19898,25"
CVX-001572,2026-03-14 20:32:48,WhatsApp,Vida,Premium,Sudeste,Android,Confirmacao_Protocolo,Resolvido_Bot,"7,5",3,"35036,32"
CVX-004436,2026-03-14 20:54:23,WhatsApp,Residencial,Varejo,Nordeste,iOS,Coleta_Dados_Sinistro,Abandonado,,,"4089,2"
CVX-006872,2026-03-14 20:57:05,WhatsApp,Auto,Varejo,Nordeste,Android,Validacao_Apolice,Escalado_Humano,"11,4",5,
CVX-006966,2026-03-14 21:58:40,WhatsApp,Auto,Premium,Sudeste,iOS,Confirmacao_Protocolo,Resolvido_Bot,"7,9",4,"10321,45"
CVX-002192,2026-03-14 22:06:59,WhatsApp,Vida,Varejo,Sudeste,iOS,Confirmacao_Protocolo,RESOLVIDO_BOT,"12,4",4,"43525,04"
CVX-000836,2026-03-14 22:38:33,WhatsApp,Auto,Premium,Nordeste,Android,Validacao_Apolice,Escalado_Humano,"39,3",4,
CVX-004015,2026-03-14 22:43:53,WhatsApp,Residencial,Varejo,Nordeste,iOS,Confirmacao_Protocolo,Resolvido_Bot,13,,"10795,4"
CVX-003242,2026-03-14 23:48:09,WhatsApp,Vida,Varejo,Sudeste,Android,Confirmacao_Protocolo,Resolvido_Bot,"10,3",5,"14986,26"
CVX-004436,2026-03-15 0:04:23,WhatsApp,Residencial,Varejo,Nordeste,iOS,Coleta_Dados_Sinistro,Abandonado,,,"4089,2"
CVX-002643,2026-03-15 8:23:11,WhatsApp,Residencial,Premium,Sul,Android,Validacao_Apolice,Escalado_Humano,"55,3",,
CVX-000489,2026-03-15 8:23:23,WhatsApp,Residencial,Varejo,Sul,Android,Validacao_Apolice,Escalado_Humano,"25,6",5,
CVX-001446,2026-03-15 8:44:17,WhatsApp,Residencial,Varejo,Sudeste,Android,Validacao_Apolice,Escalado_Humano,"31,1",4,
CVX-006933,2026-03-15 9:14:39,WhatsApp,Auto,Corporativo,Sul,iOS,Validacao_Apolice,Escalado_Humano,"11,8",4,
CVX-000354,2026-03-15 9:30:04,WhatsApp,Auto,Varejo,Nordeste,Android,Confirmacao_Protocolo,Resolvido_Bot,"7,9",5,"4780,62"
CVX-002740,2026-03-15 9:31:17,WhatsApp,Auto,Varejo,Sudeste,Android,Confirmacao_Protocolo,Resolvido_Bot,"13,2",,"11597,7"
CVX-000489,2026-03-15 9:48:23,WhatsApp,Residencial,Varejo,Sul,Android,Validacao_Apolice,Escalado_Humano,"25,6",5,
CVX-001963,2026-03-15 9:54:44,WhatsApp,Auto,Varejo,Sudeste,Android,Confirmacao_Protocolo,Resolvido_Bot,"8,9",,"9414,5"
CVX-005595,2026-03-15 10:03:43,App,Auto,Varejo,Sudeste,Android,Upload_Fotos_Documentos,Abandonado,,,"8634,69"
CVX-006825,2026-03-15 10:07:14,WhatsApp,Auto,Varejo,Sudeste,iOS,Analise_Automatica,Abandonado,,,"12341,22"
CVX-001963,2026-03-15 10:09:44,WhatsApp,Auto,Varejo,Sudeste,Android,Confirmacao_Protocolo,Resolvido_Bot,"8,9",,"9414,5"
CVX-002669,2026-03-15 10:14:04,WhatsApp,Residencial,Premium,Sudeste,Android,Upload_Fotos_Documentos,Abandonado,,,"6270,57"
CVX-003678,2026-03-15 10:15:51,WhatsApp,Residencial,Premium,Nordeste,Android,Confirmacao_Protocolo,Resolvido_Bot,"8,2",5,"22430,97"
CVX-005599,2026-03-15 10:19:13,WhatsApp,Residencial,Varejo,Sul,Android,Coleta_Dados_Sinistro,Abandonado,,,"11271,67"
CVX-002643,2026-03-15 10:21:11,WhatsApp,Residencial,Premium,Sul,Android,Validacao_Apolice,Escalado_Humano,"55,3",,
CVX-003703,2026-03-15 10:29:48,App,Residencial,Premium,Centro-Oeste,Android,Confirmacao_Protocolo,Resolvido_Bot,"13,3",5,"21593,31"
CVX-006083,2026-03-15 10:39:58,WhatsApp,Auto,Varejo,Centro-Oeste,iOS,Upload_Fotos_Documentos,Abandonado,,,"4787,89"
CVX-002669,2026-03-15 10:42:04,WhatsApp,Residencial,Premium,Sudeste,Android,Upload_Fotos_Documentos,Abandonado,,,"6270,57"
CVX-006003,2026-03-15 10:46:53,WhatsApp,Auto,Premium,Sudeste,iOS,Validacao_Apolice,Escalado_Humano,"45,4",,
CVX-000144,2026-03-15 10:49:17,App,Vida,Premium,Sudeste,iOS,Confirmacao_Protocolo,Resolvido_Bot,14,,"38628,35"
CVX-006164,2026-03-15 10:55:51,WhatsApp,Auto,Varejo,Nordeste,Android,Analise_Automatica,Abandonado,,,"6242,31"
CVX-000354,2026-03-15 10:57:04,WhatsApp,Auto,Varejo,Nordeste,Android,Confirmacao_Protocolo,Resolvido_Bot,"7,9",5,"4780,62"
CVX-005520,2026-03-15 11:10:51,App,Auto,Varejo,Sudeste,iOS,Confirmacao_Protocolo,Resolvido_Bot,"8,8",4,"8978,8"
CVX-000285,2026-03-15 11:14:05,App,Auto,Premium,Nordeste,iOS,Upload_Fotos_Documentos,Abandonado,,,"9849,4"
CVX-006963,2026-03-15 11:24:23,App,Auto,Varejo,Centro-Oeste,Android,Confirmacao_Protocolo,Resolvido_Bot,"8,1",4,"15035,67"
CVX-005479,2026-03-15 11:35:03,WhatsApp,Auto,Varejo,Sudeste,Android,Confirmacao_Protocolo,Resolvido_Bot,"8,7",4,5812
CVX-002625,2026-03-15 12:12:16,App,Residencial,Varejo,Nordeste,Android,Coleta_Dados_Sinistro,Abandonado,,,"20493,9"
CVX-002446,2026-03-15 12:15:48,WhatsApp,Residencial,Premium,Norte,Android,Confirmacao_Protocolo,Resolvido_Bot,"6,7",,"12523,11"
CVX-000285,2026-03-15 12:17:05,App,Auto,Premium,Nordeste,iOS,Upload_Fotos_Documentos,Abandonado,,,"9849,4"
CVX-006933,2026-03-15 12:20:39,WhatsApp,Auto,Corporativo,Sul,iOS,Validacao_Apolice,Escalado_Humano,"11,8",4,
CVX-005599,2026-03-15 12:27:13,WhatsApp,Residencial,Varejo,Sul,Android,Coleta_Dados_Sinistro,Abandonado,,,"11271,67"
CVX-004078,2026-03-15 12:41:10,WhatsApp,Residencial,Varejo,Sudeste,Android,Confirmacao_Protocolo,Resolvido_Bot,"8,7",5,"19492,4"
CVX-006825,2026-03-15 12:48:14,WhatsApp,Auto,Varejo,Sudeste,iOS,Analise_Automatica,Abandonado,,,"12341,22"
CVX-004343,2026-03-15 12:52:33,WhatsApp,Residencial,Varejo,Centro-Oeste,Android,Inicio_Saudacao,Abandonado,,,
CVX-002969,2026-03-15 12:53:46,WhatsApp,Vida,Varejo,Norte,Android,Confirmacao_Protocolo,Resolvido_Bot,"6,5",5,"20309,01"
CVX-004078,2026-03-15 13:03:10,WhatsApp,Residencial,Varejo,Sudeste,Android,Confirmacao_Protocolo,Resolvido_Bot,"8,7",5,"19492,4"
CVX-003670,2026-03-15 13:04:17,WhatsApp,Auto,Varejo,Sudeste,Android,Coleta_Dados_Sinistro,Abandonado,,,"10090,59"
CVX-003733,2026-03-15 13:10:40,WhatsApp,Auto,Varejo,Sudeste,Android,Confirmacao_Protocolo,Resolvido_Bot,"11,3",,"11771,47"
CVX-003678,2026-03-15 13:13:51,WhatsApp,Residencial,Premium,Nordeste,Android,Confirmacao_Protocolo,Resolvido_Bot,"8,2",5,"22430,97"
CVX-003733,2026-03-15 13:42:40,WhatsApp,Auto,Varejo,Sudeste,Android,Confirmacao_Protocolo,Resolvido_Bot,"11,3",,"11771,47"
CVX-003670,2026-03-15 14:08:17,WhatsApp,Auto,Varejo,Sudeste,Android,Coleta_Dados_Sinistro,Abandonado,,,"10090,59"
CVX-003703,2026-03-15 14:08:48,App,Residencial,Premium,Centro-Oeste,Android,Confirmacao_Protocolo,Resolvido_Bot,"13,3",5,"21593,31"
CVX-004570,2026-03-15 14:20:35,WhatsApp,Auto,Varejo,Sudeste,Android,Confirmacao_Protocolo,Resolvido_Bot,"8,4",5,"7206,37"
CVX-005190,2026-03-15 14:24:46,App,Residencial,Premium,Sudeste,Android,Analise_Automatica,Escalado_Humano,"26,8",5,"14913,34"
CVX-006003,2026-03-15 14:34:53,WhatsApp,Auto,Premium,Sudeste,iOS,Confirmacao_Protocolo,Resolvido_Bot,"45,4",,
CVX-003024,2026-03-15 14:52:28,WhatsApp,Auto,Varejo,Centro-Oeste,Android,Confirmacao_Protocolo,Resolvido_Bot,"12,6",,"12736,97"
CVX-004570,2026-03-15 14:52:35,WhatsApp,Auto,Varejo,Sudeste,Android,Confirmacao_Protocolo,Resolvido_Bot,"8,4",5,"7206,37"
CVX-002969,2026-03-15 15:12:46,WhatsApp,Vida,Varejo,Norte,Android,Confirmacao_Protocolo,Resolvido_Bot,"6,5",5,"20309,01"
CVX-002446,2026-03-15 15:24:48,WhatsApp,Residencial,Premium,Norte,Android,Confirmacao_Protocolo,Resolvido_Bot,"6,7",,"12523,11"
CVX-005479,2026-03-15 15:30:03,WhatsApp,Auto,Varejo,Sudeste,Android,Confirmacao_Protocolo,Resolvido_Bot,"8,7",4,5812
CVX-003024,2026-03-15 15:47:28,WhatsApp,Auto,Varejo,Centro-Oeste,Android,Confirmacao_Protocolo,Resolvido_Bot,"12,6",,"12736,97"
CVX-000058,2026-03-15 15:57:26,WhatsApp,Vida,Varejo,Sudeste,iOS,Confirmacao_Protocolo,Resolvido_Bot,"9,2",3,"23716,68"
CVX-000864,2026-03-15 16:25:21,WhatsApp,Residencial,Varejo,Centro-Oeste,Android,Coleta_Dados_Sinistro,Escalado_Humano,"44,4",3,"8980,84"
CVX-001842,2026-03-15 16:28:15,App,Auto,Corporativo,Sudeste,Android,Confirmacao_Protocolo,Resolvido_Bot,"7,2",5,"9810,59"
CVX-004343,2026-03-15 16:32:33,WhatsApp,Residencial,Varejo,Centro-Oeste,Android,Inicio_Saudacao,Abandonado,,,
CVX-002093,2026-03-15 16:51:23,WhatsApp,Auto,Premium,Sudeste,iOS,Upload_Fotos_Documentos,Abandonado,,,"2519,37"
CVX-006510,2026-03-15 16:59:26,WhatsApp,Residencial,Varejo,Sudeste,Android,Validacao_Apolice,Escalado_Humano,"45,5",2,
CVX-006440,2026-03-15 17:04:48,WhatsApp,Auto,Varejo,Sul,iOS,Validacao_Apolice,Escalado_Humano,"37,4",3,
CVX-006567,2026-03-15 17:10:32,WhatsApp,Residencial,Premium,Sudeste,Android,Coleta_Dados_Sinistro,Escalado_Humano,"21,5",,"25755,36"
CVX-003502,2026-03-15 17:23:42,WhatsApp,Residencial,Premium,Sudeste,Android,Validacao_Apolice,Escalado_Humano,"38,2",3,
CVX-005995,2026-03-15 17:28:56,WhatsApp,Auto,Varejo,Sudeste,iOS,Validacao_Apolice,Escalado_Humano,"22,7",2,
CVX-002093,2026-03-15 17:39:23,WhatsApp,Auto,Premium,Sudeste,iOS,Upload_Fotos_Documentos,Abandonado,,,"2519,37"
CVX-001797,2026-03-15 17:57:42,App,Auto,Corporativo,Sudeste,Android,Confirmacao_Protocolo,Resolvido_Bot,"7,3",4,"6763,69"
CVX-000772,2026-03-15 18:15:55,WhatsApp,Vida,Varejo,Nordeste,Android,Upload_Fotos_Documentos,Escalado_Humano,"28,1",,"65726,02"
CVX-004906,2026-03-15 18:24:48,App,Residencial,Premium,Sudeste,Android,Confirmacao_Protocolo,Resolvido_Bot,"8,7",4,"13434,1"
CVX-005452,2026-03-15 18:27:39,WhatsApp,Residencial,Varejo,Centro-Oeste,Android,Upload_Fotos_Documentos,Abandonado,,,"11377,18"
CVX-000058,2026-03-15 18:37:26,WhatsApp,Vida,Varejo,Sudeste,iOS,Confirmacao_Protocolo,Resolvido_Bot,"9,2",3,"23716,68"
CVX-006474,2026-03-15 18:40:15,WhatsApp,Residencial,Varejo,Sudeste,Android,Inicio_Saudacao,Abandonado,,,
CVX-000864,2026-03-15 18:50:21,WhatsApp,Residencial,Varejo,Centro-Oeste,Android,Coleta_Dados_Sinistro,Escalado_Humano,"44,4",3,"8980,84"
CVX-003502,2026-03-15 18:51:42,WhatsApp,Residencial,Premium,Sudeste,Android,Validacao_Apolice,Escalado_Humano,"38,2",3,
CVX-005587,2026-03-15 19:01:44,WhatsApp,Vida,Varejo,Nordeste,Android,Coleta_Dados_Sinistro,Escalado_Humano,"33,8",3,"39808,65"
CVX-004659,2026-03-15 19:22:31,WhatsApp,Auto,Corporativo,Sul,Android,Confirmacao_Protocolo,Resolvido_Bot,"14,7",4,"7927,21"
CVX-006058,2026-03-15 19:25:50,WhatsApp,Auto,Varejo,Sul,Android,Confirmacao_Protocolo,Resolvido_Bot,5,4,9441
CVX-000672,2026-03-15 19:43:21,WhatsApp,Residencial,Varejo,Sudeste,Android,Validacao_Apolice,Escalado_Humano,49,4,
CVX-000672,2026-03-15 19:55:21,WhatsApp,Residencial,Varejo,Sudeste,Android,Validacao_Apolice,Escalado_Humano,49,4,
CVX-002329,2026-03-15 19:56:36,WhatsApp,Auto,Varejo,Sul,Android,Inicio_Saudacao,Abandonado,,,
CVX-004768,2026-03-15 20:03:49,WhatsApp,Auto,Corporativo,Sudeste,iOS,Confirmacao_Protocolo,Resolvido_Bot,"10,8",4,"5121,3"
CVX-006474,2026-03-15 20:08:15,WhatsApp,Residencial,Varejo,Sudeste,Android,Inicio_Saudacao,Abandonado,,,
CVX-001265,2026-03-15 20:12:13,App,Auto,Premium,Sudeste,Android,Validacao_Apolice,Escalado_Humano,"50,9",,
CVX-001797,2026-03-15 20:13:42,App,Auto,Corporativo,Sudeste,Android,Confirmacao_Protocolo,Resolvido_Bot,"7,3",4,"6763,69"
CVX-001618,2026-03-15 20:17:09,WhatsApp,Auto,Varejo,Sul,Android,Confirmacao_Protocolo,Resolvido_Bot,"6,3",4,"7855,7"
CVX-000461,2026-03-15 20:28:44,WhatsApp,Auto,Varejo,Norte,Android,Confirmacao_Protocolo,Resolvido_Bot,"11,1",,"3369,64"
CVX-004435,2026-03-15 20:32:32,App,Auto,Corporativo,Nordeste,Android,Validacao_Apolice,Escalado_Humano,29,,
CVX-006567,2026-03-15 21:06:32,WhatsApp,Residencial,Premium,Sudeste,Android,Coleta_Dados_Sinistro,Escalado_Humano,"21,5",,"25755,36"
CVX-005452,2026-03-15 22:08:39,WhatsApp,Residencial,Varejo,Centro-Oeste,Android,Upload_Fotos_Documentos,Abandonado,,,"11377,18"
CVX-004435,2026-03-15 22:11:32,App,Auto,Corporativo,Nordeste,Android,Validacao_Apolice,Escalado_Humano,29,,
CVX-001265,2026-03-15 22:55:13,App,Auto,Premium,Sudeste,Android,Confirmacao_Protocolo,Resolvido_Bot,"50,9",,
CVX-004768,2026-03-15 23:34:49,WhatsApp,Auto,Corporativo,Sudeste,iOS,Confirmacao_Protocolo,resolvido_bot,"10,8",4,"5121,3"
CVX-000212,2026-03-16 8:34:55,WhatsApp,Auto,Corporativo,Sul,iOS,Confirmacao_Protocolo,Resolvido_Bot,"7,8",,"7199,83"
CVX-006794,2026-03-16 8:42:15,WhatsApp,Auto,Varejo,Nordeste,Android,Confirmacao_Protocolo,Resolvido_Bot,"10,5",3,"5922,83"
CVX-006730,2026-03-16 9:00:09,WhatsApp,Residencial,Premium,Sudeste,Android,Confirmacao_Protocolo,Resolvido_Bot,"12,4",4,"13970,33"
CVX-004975,2026-03-16 9:04:21,WhatsApp,Residencial,Varejo,Centro-Oeste,Android,Confirmacao_Protocolo,Resolvido_Bot,"6,8",3,"17525,45"
CVX-003734,2026-03-16 9:10:27,WhatsApp,Auto,Premium,Sudeste,Android,Confirmacao_Protocolo,Resolvido_Bot,"7,3",3,"11352,28"
CVX-006794,2026-03-16 9:26:15,WhatsApp,Auto,Varejo,Nordeste,Android,Confirmacao_Protocolo,Resolvido_Bot,"10,5",3,"5922,83"
CVX-006503,2026-03-16 9:29:10,WhatsApp,Auto,Premium,Sudeste,Android,Confirmacao_Protocolo,Resolvido_Bot,"11,3",5,"6186,98"
CVX-005997,2026-03-16 10:07:07,WhatsApp,Auto,Varejo,Sudeste,Android,Coleta_Dados_Sinistro,Abandonado,,,"6879,06"
CVX-005997,2026-03-16 10:19:07,WhatsApp,Auto,Varejo,Sudeste,Android,Coleta_Dados_Sinistro,Abandonado,,,"6879,06"
CVX-002536,2026-03-16 10:31:47,WhatsApp,Auto,Varejo,Norte,Android,Validacao_Apolice,Escalado_Humano,"49,1",4,
CVX-001313,2026-03-16 10:37:28,App,Vida,Varejo,Sudeste,iOS,Confirmacao_Protocolo,Resolvido_Bot,9,4,"35056,36"
CVX-002449,2026-03-16 10:38:34,WhatsApp,Auto,Varejo,Sudeste,Android,Confirmacao_Protocolo,Resolvido_Bot,"7,4",5,"6952,29"
CVX-005684,2026-03-16 10:45:27,WhatsApp,Vida,Corporativo,Sudeste,Android,Validacao_Apolice,Abandonado,,,
CVX-005857,2026-03-16 10:46:23,WhatsApp,Residencial,Varejo,Sudeste,Android,Confirmacao_Protocolo,Resolvido_Bot,"9,2",,"14598,53"
CVX-002450,2026-03-16 11:29:00,WhatsApp,Vida,Varejo,Centro-Oeste,iOS,Coleta_Dados_Sinistro,Abandonado,,,"37881,7"
CVX-004874,2026-03-16 11:37:56,WhatsApp,Auto,Premium,Sudeste,Android,Confirmacao_Protocolo,Resolvido_Bot,"5,2",,"8941,08"
CVX-000212,2026-03-16 11:48:55,WhatsApp,Auto,Corporativo,Sul,iOS,Confirmacao_Protocolo,Resolvido_Bot,"7,8",,"7199,83"
CVX-006772,2026-03-16 12:00:24,WhatsApp,Auto,Varejo,Nordeste,iOS,Upload_Fotos_Documentos,Abandonado,,,"13870,88"
CVX-006730,2026-03-16 12:18:09,WhatsApp,Residencial,Premium,Sudeste,Android,Confirmacao_Protocolo,Resolvido_Bot,"12,4",4,"13970,33"
CVX-005857,2026-03-16 12:22:23,WhatsApp,Residencial,Varejo,Sudeste,Android,Confirmacao_Protocolo,Resolvido_Bot,"9,2",,"14598,53"
CVX-006634,2026-03-16 12:30:10,WhatsApp,Auto,Premium,Nordeste,Android,Confirmacao_Protocolo,Resolvido_Bot,"11,2",3,"5733,22"
CVX-002675,2026-03-16 12:48:24,WhatsApp,Auto,Varejo,Nordeste,Android,Analise_Automatica,Escalado_Humano,"59,8",2,"5560,64"
CVX-003734,2026-03-16 12:53:27,WhatsApp,Auto,Premium,Sudeste,Android,Confirmacao_Protocolo,Resolvido_Bot,"7,3",3,"11352,28"
CVX-003363,2026-03-16 12:57:22,WhatsApp,Auto,Premium,Sudeste,Android,Confirmacao_Protocolo,Resolvido_Bot,"8,7",4,"11626,43"
CVX-001313,2026-03-16 13:00:28,App,Vida,Varejo,Sudeste,iOS,Confirmacao_Protocolo,Resolvido_Bot,9,4,"35056,36"
CVX-002449,2026-03-16 13:12:34,WhatsApp,Auto,Varejo,Sudeste,Android,Confirmacao_Protocolo,Resolvido_Bot,"7,4",5,"6952,29"
CVX-002331,2026-03-16 13:15:48,WhatsApp,Residencial,Premium,Norte,iOS,Confirmacao_Protocolo,Resolvido_Bot,"9,4",4,"15627,04"
CVX-005684,2026-03-16 13:25:27,WhatsApp,Vida,Corporativo,Sudeste,Android,Validacao_Apolice,Abandonado,,,
CVX-004155,2026-03-16 13:37:30,WhatsApp,Auto,Premium,Sul,Android,Upload_Fotos_Documentos,Abandonado,,,"8350,36"
CVX-000121,2026-03-16 13:44:16,WhatsApp,Auto,Varejo,Sudeste,Android,Confirmacao_Protocolo,Resolvido_Bot,"9,6",4,"9387,84"
CVX-002536,2026-03-16 14:04:47,WhatsApp,Auto,Varejo,Norte,Android,Confirmacao_Protocolo,Resolvido_Bot,"49,1",4,
CVX-000121,2026-03-16 14:06:16,WhatsApp,Auto,Varejo,Sudeste,Android,Confirmacao_Protocolo,Resolvido_Bot,"9,6",4,"9387,84"
CVX-004390,2026-03-16 14:19:36,WhatsApp,Vida,Varejo,Sudeste,Android,Upload_Fotos_Documentos,Abandonado,,,"40366,86"
CVX-001274,2026-03-16 14:27:35,WhatsApp,Auto,Varejo,Sul,Android,Validacao_Apolice,Escalado_Humano,"27,9",,
CVX-005296,2026-03-16 14:30:30,WhatsApp,Auto,Corporativo,Norte,Android,Confirmacao_Protocolo,Resolvido_Bot,"10,4",5,"9123,45"
CVX-004390,2026-03-16 14:58:36,WhatsApp,Vida,Varejo,Sudeste,Android,Upload_Fotos_Documentos,Abandonado,,,"40366,86"
CVX-006328,2026-03-16 15:00:35,WhatsApp,Auto,Premium,Sudeste,Android,Coleta_Dados_Sinistro,Abandonado,,,"12718,34"
CVX-006772,2026-03-16 15:08:24,WhatsApp,Auto,Varejo,Nordeste,iOS,Upload_Fotos_Documentos,Abandonado,,,"13870,88"
CVX-002684,2026-03-16 15:21:53,WhatsApp,Vida,Corporativo,Centro-Oeste,iOS,Validacao_Apolice,Escalado_Humano,"44,1",3,
CVX-000929,2026-03-16 15:27:30,WhatsApp,Auto,Varejo,Sudeste,Android,Confirmacao_Protocolo,Resolvido_Bot,"10,1",5,"7664,82"
CVX-006328,2026-03-16 15:47:35,WhatsApp,Auto,Premium,Sudeste,Android,Coleta_Dados_Sinistro,abandonado,,,"12718,34"
CVX-002675,2026-03-16 16:09:24,WhatsApp,Auto,Varejo,Nordeste,Android,Confirmacao_Protocolo,Resolvido_Bot,"59,8",2,"5560,64"
CVX-005277,2026-03-16 16:14:55,WhatsApp,Residencial,Premium,Norte,Android,Confirmacao_Protocolo,Resolvido_Bot,"8,9",,"15784,06"
CVX-003293,2026-03-16 16:15:04,WhatsApp,Vida,Varejo,Centro-Oeste,Android,Confirmacao_Protocolo,Resolvido_Bot,"10,6",5,"44256,07"
CVX-001771,2026-03-16 16:31:42,App,Auto,Varejo,Norte,Android,Analise_Automatica,Escalado_Humano,"55,8",4,"5137,08"
CVX-001689,2026-03-16 16:47:06,WhatsApp,Residencial,Varejo,Sudeste,Android,Confirmacao_Protocolo,Resolvido_Bot,"9,3",5,"19045,96"
CVX-005647,2026-03-16 17:03:39,WhatsApp,Auto,Premium,Norte,Android,Validacao_Apolice,Escalado_Humano,"47,7",2,
CVX-004810,2026-03-16 17:13:29,WhatsApp,Residencial,Varejo,Sudeste,Android,Coleta_Dados_Sinistro,Escalado_Humano,"61,6",2,"19477,71"
CVX-003293,2026-03-16 17:36:04,WhatsApp,Vida,Varejo,Centro-Oeste,Android,Confirmacao_Protocolo,Resolvido_Bot,"10,6",5,"44256,07"
CVX-002796,2026-03-16 17:50:16,WhatsApp,Auto,Varejo,Sudeste,Android,Upload_Fotos_Documentos,Abandonado,,,"9357,53"
CVX-000465,2026-03-16 17:59:40,WhatsApp,Auto,Premium,Centro-Oeste,Android,Confirmacao_Protocolo,Resolvido_Bot,"7,5",3,"5849,67"
CVX-001756,2026-03-16 18:06:14,App,Auto,Varejo,Centro-Oeste,iOS,Confirmacao_Protocolo,Resolvido_Bot,"4,6",4,"4192,53"
CVX-004458,2026-03-16 18:09:42,WhatsApp,Residencial,Varejo,Nordeste,Android,Confirmacao_Protocolo,Resolvido_Bot,"8,9",4,"5322,82"
CVX-005262,2026-03-16 18:15:26,App,Vida,Varejo,Sudeste,Android,Confirmacao_Protocolo,Resolvido_Bot,"10,2",,"38313,87"
CVX-000929,2026-03-16 18:18:30,WhatsApp,Auto,Varejo,Sudeste,Android,Confirmacao_Protocolo,Resolvido_bot ,"10,1",5,"7664,82"
CVX-001861,2026-03-16 18:19:32,WhatsApp,Residencial,Varejo,Sudeste,Android,Confirmacao_Protocolo,Resolvido_Bot,"9,6",4,"22029,1"
CVX-005262,2026-03-16 18:20:26,App,Vida,Varejo,Sudeste,Android,Confirmacao_Protocolo,Resolvido_Bot,"10,2",,"38313,87"
CVX-005593,2026-03-16 18:26:56,WhatsApp,Auto,Varejo,Sudeste,Android,Upload_Fotos_Documentos,Abandonado,,,"11580,99"
CVX-005277,2026-03-16 18:27:55,WhatsApp,Residencial,Premium,Norte,Android,Confirmacao_Protocolo,resolvido_bot,"8,9",,"15784,06"
CVX-004784,2026-03-16 18:58:58,WhatsApp,Residencial,Premium,Sudeste,Android,Validacao_Apolice,Escalado_Humano,"56,5",2,
CVX-005678,2026-03-16 19:03:25,WhatsApp,Auto,Varejo,Sul,iOS,Upload_Fotos_Documentos,ABANDONADO ,,,10625
CVX-002684,2026-03-16 19:04:53,WhatsApp,Vida,Corporativo,Centro-Oeste,iOS,Validacao_Apolice,Escalado_Humano,"44,1",3,
CVX-000114,2026-03-16 19:08:14,WhatsApp,Residencial,Varejo,Sudeste,Android,Confirmacao_Protocolo,Resolvido_Bot,"11,7",5,"20157,08"
CVX-000133,2026-03-16 19:28:24,App,Auto,Varejo,Sudeste,Android,Upload_Fotos_Documentos,Abandonado,,,"6972,35"
CVX-003983,2026-03-16 19:53:05,WhatsApp,Auto,Varejo,Sudeste,Android,Validacao_Apolice,Escalado_Humano,"17,3",4,
CVX-000880,2026-03-16 19:54:45,WhatsApp,Vida,Varejo,Sudeste,Android,Confirmacao_Protocolo,Resolvido_Bot,"8,6",5,"43045,1"
CVX-001689,2026-03-16 20:09:06,WhatsApp,Residencial,Varejo,Sudeste,Android,Confirmacao_Protocolo,Resolvido_Bot,"9,3",5,"19045,96"
CVX-000814,2026-03-16 20:28:19,WhatsApp,Auto,Varejo,Sul,Android,Upload_Fotos_Documentos,Abandonado,,,"7860,74"
CVX-005344,2026-03-16 20:33:59,WhatsApp,Residencial,Corporativo,Sul,iOS,Upload_Fotos_Documentos,Escalado_Humano,44,2,"9251,48"
CVX-005678,2026-03-16 20:34:25,WhatsApp,Auto,Varejo,Sul,iOS,Upload_Fotos_Documentos,ABANDONADO ,,,10625
CVX-001901,2026-03-16 20:35:47,WhatsApp,Residencial,Premium,Sudeste,Android,Validacao_Apolice,Escalado_Humano,"34,4",2,
CVX-004665,2026-03-16 20:43:02,WhatsApp,Auto,Varejo,Norte,Android,Analise_Automatica,Abandonado,,,"13051,21"
CVX-001861,2026-03-16 20:48:32,WhatsApp,Residencial,Varejo,Sudeste,Android,Confirmacao_Protocolo,Resolvido_Bot,"9,6",4,"22029,1"
CVX-005082,2026-03-16 20:49:07,WhatsApp,Vida,Varejo,Sudeste,Android,Coleta_Dados_Sinistro,Abandonado,,,"43810,2"
CVX-002188,2026-03-16 20:52:22,WhatsApp,Auto,Corporativo,Nordeste,Android,Confirmacao_Protocolo,Resolvido_Bot,"11,2",,"6113,82"
CVX-000465,2026-03-16 20:53:40,WhatsApp,Auto,Premium,Centro-Oeste,Android,Confirmacao_Protocolo,Resolvido_Bot,"7,5",3,"5849,67"
CVX-005647,2026-03-16 20:54:39,WhatsApp,Auto,Premium,Norte,Android,Validacao_Apolice,Escalado_Humano,"47,7",2,
CVX-006628,2026-03-16 20:59:15,WhatsApp,Auto,Corporativo,Sul,iOS,Upload_Fotos_Documentos,Abandonado,,,"12744,12"
CVX-001901,2026-03-16 21:28:47,WhatsApp,Residencial,Premium,Sudeste,Android,Confirmacao_Protocolo,Resolvido_Bot,"34,4",2,
CVX-004458,2026-03-16 21:34:42,WhatsApp,Residencial,Varejo,Nordeste,Android,Confirmacao_Protocolo,Resolvido_Bot,"8,9",4,"5322,82"
CVX-005593,2026-03-16 21:50:56,WhatsApp,Auto,Varejo,Sudeste,Android,Confirmacao_Protocolo,Resolvido_Bot,,,"11580,99"
CVX-000814,2026-03-16 22:07:19,WhatsApp,Auto,Varejo,Sul,Android,Upload_Fotos_Documentos,Abandonado,,,"7860,74"
CVX-006628,2026-03-16 22:37:15,WhatsApp,Auto,Corporativo,Sul,iOS,Upload_Fotos_Documentos,Abandonado,,,"12744,12"
CVX-000880,2026-03-16 23:03:45,WhatsApp,Vida,Varejo,Sudeste,Android,Confirmacao_Protocolo,Resolvido_Bot,"8,6",5,"43045,1"
CVX-003983,2026-03-16 23:19:05,WhatsApp,Auto,Varejo,Sudeste,Android,Validacao_Apolice,Escalado_Humano,"17,3",4,
CVX-002030,2026-03-17 8:01:45,WhatsApp,Residencial,Varejo,Centro-Oeste,Android,Confirmacao_Protocolo,Resolvido_Bot,"8,8",,"17079,84"
CVX-003002,2026-03-17 8:14:15,WhatsApp,Auto,Varejo,Centro-Oeste,Android,Analise_Automatica,Abandonado,,,"3677,77"
CVX-005892,2026-03-17 8:27:39,App,Auto,Premium,Sul,Android,Coleta_Dados_Sinistro,Escalado_Humano,"17,9",4,"1388,38"
CVX-000483,2026-03-17 9:20:43,WhatsApp,Vida,Premium,Sul,Android,Validacao_Apolice,Escalado_Humano,"57,9",4,
CVX-005158,2026-03-17 9:33:33,WhatsApp,Auto,Varejo,Nordeste,iOS,Upload_Fotos_Documentos,Abandonado,,,"3148,48"
CVX-002437,2026-03-17 9:36:39,WhatsApp,Auto,Varejo,Nordeste,Android,Inicio_Saudacao,abandono,,,
CVX-000483,2026-03-17 9:37:43,WhatsApp,Vida,Premium,Sul,Android,Validacao_Apolice,Escalado_Humano,"57,9",4,
CVX-000274,2026-03-17 9:46:03,WhatsApp,Auto,Varejo,Sul,Android,Confirmacao_Protocolo,Resolvido_Bot,"9,8",5,"13768,02"
CVX-002391,2026-03-17 9:56:47,WhatsApp,Auto,Varejo,Sudeste,Android,Confirmacao_Protocolo,Resolvido_Bot,"8,9",3,"9403,68"
CVX-002437,2026-03-17 10:07:39,WhatsApp,Auto,Varejo,Nordeste,Android,Confirmacao_Protocolo,Resolvido_Bot,,,
CVX-003932,2026-03-17 10:10:34,WhatsApp,Vida,Varejo,Sudeste,Android,Coleta_Dados_Sinistro,Abandonado,,,"53974,18"
CVX-002964,2026-03-17 10:15:54,WhatsApp,Auto,Premium,Centro-Oeste,iOS,Validacao_Apolice,Escalado_Humano,"37,8",,
CVX-003348,2026-03-17 10:22:10,WhatsApp,Residencial,Premium,Sul,iOS,Upload_Fotos_Documentos,Abandonado,,,"22352,89"
CVX-004117,2026-03-17 10:30:15,WhatsApp,Auto,Varejo,Nordeste,Android,Confirmacao_Protocolo,Resolvido_Bot,"10,8",5,"9629,54"
CVX-004511,2026-03-17 10:31:45,WhatsApp,Auto,Premium,Sul,Android,Validacao_Apolice,Escalado_Humano,"39,1",3,
CVX-002464,2026-03-17 10:42:52,WhatsApp,Vida,Varejo,Nordeste,Android,Coleta_Dados_Sinistro,Abandonado,,,40182
CVX-003214,2026-03-17 10:53:26,WhatsApp,Residencial,Premium,Nordeste,Android,Upload_Fotos_Documentos,Escalado_Humano,"38,8",,300
CVX-004294,2026-03-17 11:05:58,WhatsApp,Vida,Premium,Sudeste,Android,Validacao_Apolice,Escalado_Humano,43,4,
CVX-000804,2026-03-17 11:18:43,WhatsApp,Auto,Varejo,Nordeste,Android,Confirmacao_Protocolo,Resolvido_Bot,"9,3",4,"9906,32"
CVX-000698,2026-03-17 11:26:10,WhatsApp,Auto,Premium,Sul,Android,Confirmacao_Protocolo,Resolvido_Bot,6,5,"10576,84"
CVX-001095,2026-03-17 11:31:26,WhatsApp,Auto,Varejo,Norte,Android,Coleta_Dados_Sinistro,Escalado_Humano,"45,1",,"10347,43"
CVX-003348,2026-03-17 11:44:10,WhatsApp,Residencial,Premium,Sul,iOS,Confirmacao_Protocolo,Resolvido_Bot,,,"22352,89"
CVX-003214,2026-03-17 11:54:26,WhatsApp,Residencial,Premium,Nordeste,Android,Upload_Fotos_Documentos,Escalado_Humano,"38,8",,300
CVX-006273,2026-03-17 12:04:23,App,Auto,Varejo,Nordeste,Android,Confirmacao_Protocolo,Resolvido_Bot,"8,9",4,"9770,13"
CVX-002464,2026-03-17 12:04:52,WhatsApp,Vida,Varejo,Nordeste,Android,Coleta_Dados_Sinistro,Abandonado,,,40182
CVX-004298,2026-03-17 12:46:50,WhatsApp,Residencial,Varejo,Centro-Oeste,Android,Confirmacao_Protocolo,Resolvido_Bot,9,,300
CVX-001280,2026-03-17 12:50:53,App,Auto,Corporativo,Centro-Oeste,Android,Validacao_Apolice,Escalado_Humano,"36,3",4,
CVX-005158,2026-03-17 12:53:33,WhatsApp,Auto,Varejo,Nordeste,iOS,Upload_Fotos_Documentos,abandono,,,"3148,48"
CVX-000130,2026-03-17 12:53:52,WhatsApp,Residencial,Varejo,Centro-Oeste,Android,Validacao_Apolice,Escalado_Humano,"47,3",4,
CVX-006509,2026-03-17 13:24:25,WhatsApp,Auto,Corporativo,Sudeste,iOS,Confirmacao_Protocolo,Resolvido_Bot,"11,7",5,"9684,5"
CVX-000773,2026-03-17 13:25:57,App,Auto,Premium,Nordeste,Android,Confirmacao_Protocolo,Resolvido_Bot,"10,3",5,"8944,12"
CVX-002254,2026-03-17 13:27:06,WhatsApp,Vida,Varejo,Centro-Oeste,Android,Validacao_Apolice,Escalado_Humano,"40,7",3,
CVX-003932,2026-03-17 13:27:34,WhatsApp,Vida,Varejo,Sudeste,Android,Coleta_Dados_Sinistro,Abandonado,,,"53974,18"
CVX-002391,2026-03-17 13:31:47,WhatsApp,Auto,Varejo,Sudeste,Android,Confirmacao_Protocolo,Resolvido_Bot,"8,9",3,"9403,68"
CVX-004294,2026-03-17 13:48:58,WhatsApp,Vida,Premium,Sudeste,Android,Confirmacao_Protocolo,Resolvido_Bot,43,4,
CVX-004097,2026-03-17 13:52:29,WhatsApp,Residencial,Varejo,Nordeste,Android,Confirmacao_Protocolo,Resolvido_Bot,"11,6",4,"15936,11"
CVX-005029,2026-03-17 14:03:53,WhatsApp,Auto,Corporativo,Sudeste,iOS,Validacao_Apolice,Escalado_Humano,28,4,
CVX-006683,2026-03-17 14:08:28,WhatsApp,Auto,Premium,Sudeste,Android,Confirmacao_Protocolo,Resolvido_Bot,"8,4",5,"9044,86"
CVX-000559,2026-03-17 14:11:26,App,Vida,Varejo,Sul,Android,Analise_Automatica,Escalado_Humano,"33,4",4,"29388,56"
CVX-000130,2026-03-17 14:36:52,WhatsApp,Residencial,Varejo,Centro-Oeste,Android,Validacao_Apolice,Escalado_Humano,"47,3",4,
CVX-000804,2026-03-17 14:45:43,WhatsApp,Auto,Varejo,Nordeste,Android,Confirmacao_Protocolo,Resolvido_Bot,"9,3",4,"9906,32"
CVX-000135,2026-03-17 14:47:18,WhatsApp,Vida,Varejo,Sudeste,Android,Confirmacao_Protocolo,Resolvido_Bot,"7,5",5,"53908,34"
CVX-006273,2026-03-17 15:03:23,App,Auto,Varejo,Nordeste,Android,Confirmacao_Protocolo,Resolvido_Bot,"8,9",4,"9770,13"
CVX-000344,2026-03-17 15:05:21,WhatsApp,Auto,Varejo,Nordeste,Android,Validacao_Apolice,Escalado_Humano,"39,9",4,
CVX-001095,2026-03-17 15:07:26,WhatsApp,Auto,Varejo,Norte,Android,Confirmacao_Protocolo,Resolvido_Bot,"45,1",,"10347,43"
CVX-003635,2026-03-17 15:08:08,WhatsApp,Residencial,Premium,Sul,Android,Confirmacao_Protocolo,Resolvido_Bot,"7,7",5,"14324,23"
CVX-003538,2026-03-17 15:20:45,WhatsApp,Residencial,Varejo,Nordeste,iOS,Upload_Fotos_Documentos,Abandonado,,,"14998,17"
CVX-000578,2026-03-17 15:27:55,WhatsApp,Auto,Varejo,Sudeste,iOS,Validacao_Apolice,Escalado_Humano,"35,8",5,
CVX-002931,2026-03-17 15:30:46,App,Auto,Varejo,Nordeste,Android,Confirmacao_Protocolo,Resolvido_Bot,"12,9",,"7198,28"
CVX-005510,2026-03-17 15:51:06,WhatsApp,Vida,Premium,Sul,Android,Confirmacao_Protocolo,Resolvido_Bot,"11,1",4,"60146,67"
CVX-004718,2026-03-17 15:52:30,WhatsApp,Auto,Varejo,Sul,Android,Analise_Automatica,Escalado_Humano,"51,2",3,"5655,41"
CVX-002468,2026-03-17 15:54:07,WhatsApp,Auto,Varejo,Sudeste,Android,Validacao_Apolice,Abandonado,,,
CVX-000393,2026-03-17 15:59:42,App,Vida,Premium,Sudeste,iOS,Validacao_Apolice,Escalado_Humano,"43,9",5,
CVX-001338,2026-03-17 16:13:21,App,Auto,Varejo,Sudeste,Android,Confirmacao_Protocolo,Resolvido_Bot,"6,7",5,"5344,21"
CVX-000659,2026-03-17 16:14:59,WhatsApp,Vida,Varejo,Norte,Android,Upload_Fotos_Documentos,Abandonado,,,"48870,22"
CVX-005029,2026-03-17 16:19:53,WhatsApp,Auto,Corporativo,Sudeste,iOS,Confirmacao_Protocolo,Resolvido_Bot,28,4,
CVX-000344,2026-03-17 16:30:21,WhatsApp,Auto,Varejo,Nordeste,Android,Validacao_Apolice,Escalado_Humano,"39,9",4,
CVX-002846,2026-03-17 16:31:32,WhatsApp,Vida,Premium,Sul,Android,Confirmacao_Protocolo,Resolvido_Bot,"9,5",,"71771,49"
CVX-002926,2026-03-17 16:33:32,WhatsApp,Residencial,Varejo,Sul,iOS,Confirmacao_Protocolo,Resolvido_Bot,10,,"17420,39"
CVX-006762,2026-03-17 16:51:48,WhatsApp,Residencial,Varejo,Sul,Android,Upload_Fotos_Documentos,Abandonado,,,"12110,37"
CVX-002846,2026-03-17 16:55:32,WhatsApp,Vida,Premium,Sul,Android,Confirmacao_Protocolo,Resolvido_Bot,"9,5",,"71771,49"
CVX-004425,2026-03-17 17:07:26,WhatsApp,Auto,Varejo,Sudeste,Android,Coleta_Dados_Sinistro,Abandonado,,,"9722,47"
CVX-004097,2026-03-17 17:10:29,WhatsApp,Residencial,Varejo,Nordeste,Android,Confirmacao_Protocolo,Resolvido_Bot,"11,6",4,"15936,11"
CVX-000659,2026-03-17 17:12:59,WhatsApp,Vida,Varejo,Norte,Android,Confirmacao_Protocolo,Resolvido_Bot,,,"48870,22"
CVX-002433,2026-03-17 17:28:22,WhatsApp,Auto,Premium,Nordeste,iOS,Validacao_Apolice,Abandonado,,,
CVX-003491,2026-03-17 17:30:36,WhatsApp,Auto,Varejo,Sul,Android,Confirmacao_Protocolo,Resolvido_Bot,"8,5",4,"7788,42"
CVX-002206,2026-03-17 17:43:59,WhatsApp,Residencial,Corporativo,Sudeste,iOS,Validacao_Apolice,Escalado_Humano,"38,8",4,
CVX-004375,2026-03-17 18:06:27,WhatsApp,Auto,Varejo,Sul,Android,Confirmacao_Protocolo,Resolvido_Bot,10,5,"13844,68"
CVX-004831,2026-03-17 18:06:51,WhatsApp,Residencial,Varejo,Nordeste,iOS,Confirmacao_Protocolo,Resolvido_Bot,13,5,"9227,95"
CVX-001483,2026-03-17 18:10:42,WhatsApp,Auto,Premium,Sudeste,Android,Upload_Fotos_Documentos,Escalado_Humano,"30,5",4,"7826,15"
CVX-006538,2026-03-17 18:16:33,WhatsApp,Residencial,Varejo,Sul,iOS,Confirmacao_Protocolo,Resolvido_Bot,"8,5",3,"5693,65"
CVX-002468,2026-03-17 18:20:07,WhatsApp,Auto,Varejo,Sudeste,Android,Validacao_Apolice,Abandonado,,,
CVX-001232,2026-03-17 18:30:58,WhatsApp,Auto,Premium,Sul,Android,Confirmacao_Protocolo,Resolvido_bot ,"3,8",2,"9637,62"
CVX-001232,2026-03-17 18:35:58,WhatsApp,Auto,Premium,Sul,Android,Confirmacao_Protocolo,Resolvido_Bot,"3,8",2,"9637,62"
CVX-000349,2026-03-17 18:52:33,WhatsApp,Auto,Corporativo,Centro-Oeste,iOS,Confirmacao_Protocolo,Resolvido_Bot,"8,5",4,"7364,45"
CVX-003538,2026-03-17 18:56:45,WhatsApp,Residencial,Varejo,Nordeste,iOS,Upload_Fotos_Documentos,Abandonado,,,"14998,17"
CVX-002928,2026-03-17 18:58:04,WhatsApp,Vida,Varejo,Sul,Android,Validacao_Apolice,Escalado_Humano,"50,3",2,
CVX-004718,2026-03-17 19:00:30,WhatsApp,Auto,Varejo,Sul,Android,Analise_Automatica,escalado_humano,"51,2",3,"5655,41"
CVX-005653,2026-03-17 19:01:01,WhatsApp,Auto,Varejo,Centro-Oeste,Android,Upload_Fotos_Documentos,Abandonado,,,"9548,36"
CVX-002926,2026-03-17 19:04:32,WhatsApp,Residencial,Varejo,Sul,iOS,Confirmacao_Protocolo,Resolvido_Bot,10,,"17420,39"
CVX-004831,2026-03-17 19:05:51,WhatsApp,Residencial,Varejo,Nordeste,iOS,Confirmacao_Protocolo,Resolvido_Bot,13,5,"9227,95"
CVX-003007,2026-03-17 19:27:14,WhatsApp,Auto,Premium,Sudeste,Android,Analise_Automatica,Escalado_Humano,51,2,"10777,67"
CVX-003491,2026-03-17 19:27:36,WhatsApp,Auto,Varejo,Sul,Android,Confirmacao_Protocolo,Resolvido_Bot,"8,5",4,"7788,42"
CVX-002469,2026-03-17 19:54:13,WhatsApp,Residencial,Varejo,Sul,iOS,Inicio_Saudacao,Abandonado,,,
CVX-004064,2026-03-17 19:55:44,WhatsApp,Auto,Varejo,Sudeste,Android,Validacao_Apolice,Escalado_Humano,41,4,
CVX-003956,2026-03-17 19:56:42,WhatsApp,Residencial,Varejo,Nordeste,Android,Confirmacao_Protocolo,Resolvido_Bot,"13,9",4,"10979,71"
CVX-006500,2026-03-17 20:05:54,WhatsApp,Auto,Premium,Norte,Android,Confirmacao_Protocolo,Resolvido_Bot,"5,7",4,"5552,65"
CVX-002206,2026-03-17 20:09:59,WhatsApp,Residencial,Corporativo,Sudeste,iOS,Validacao_Apolice,ESCALADO HUMANO,"38,8",4,
CVX-004425,2026-03-17 20:42:26,WhatsApp,Auto,Varejo,Sudeste,Android,Coleta_Dados_Sinistro,Abandonado,,,"9722,47"
CVX-004368,2026-03-17 20:47:22,WhatsApp,Residencial,Varejo,Norte,iOS,Confirmacao_Protocolo,Resolvido_Bot,"6,5",3,"9215,02"
CVX-004375,2026-03-17 21:00:27,WhatsApp,Auto,Varejo,Sul,Android,Confirmacao_Protocolo,Resolvido_Bot,10,5,"13844,68"
CVX-001483,2026-03-17 21:03:42,WhatsApp,Auto,Premium,Sudeste,Android,Confirmacao_Protocolo,RESOLVIDO_BOT,"30,5",4,"7826,15"
CVX-003956,2026-03-17 22:43:42,WhatsApp,Residencial,Varejo,Nordeste,Android,Confirmacao_Protocolo,Resolvido_Bot,"13,9",4,"10979,71"
CVX-004368,2026-03-17 22:48:22,WhatsApp,Residencial,Varejo,Norte,iOS,Confirmacao_Protocolo,Resolvido_Bot,"6,5",3,"9215,02"
CVX-002928,2026-03-17 22:53:04,WhatsApp,Vida,Varejo,Sul,Android,Validacao_Apolice,Escalado_Humano,"50,3",2,
CVX-006500,2026-03-17 23:44:54,WhatsApp,Auto,Premium,Norte,Android,Confirmacao_Protocolo,Resolvido_Bot,"5,7",4,"5552,65"
CVX-004064,2026-03-17 23:52:44,WhatsApp,Auto,Varejo,Sudeste,Android,Validacao_Apolice,Escalado_Humano,41,4,
CVX-005430,2026-03-18 8:01:20,WhatsApp,Auto,Premium,Centro-Oeste,iOS,Analise_Automatica,Escalado_Humano,17,4,"8011,95"
CVX-005430,2026-03-18 8:10:20,WhatsApp,Auto,Premium,Centro-Oeste,iOS,Analise_Automatica,Escalado_Humano,17,4,"8011,95"
CVX-003615,2026-03-18 8:19:47,WhatsApp,Residencial,Varejo,Sudeste,iOS,Confirmacao_Protocolo,Resolvido_Bot,"6,8",5,"16535,91"
CVX-003440,2026-03-18 8:30:54,App,Auto,Varejo,Sul,Android,Upload_Fotos_Documentos,Escalado_Humano,"37,8",3,"15685,02"
CVX-006845,2026-03-18 8:39:12,WhatsApp,Auto,Varejo,Norte,iOS,Validacao_Apolice,ESCALADO HUMANO,"20,3",4,
CVX-006167,2026-03-18 8:51:14,WhatsApp,Residencial,Varejo,Sudeste,iOS,Confirmacao_Protocolo,resolvido_bot,"11,2",4,"8942,08"
CVX-000197,2026-03-18 9:01:07,WhatsApp,Auto,Corporativo,Sudeste,Android,Confirmacao_Protocolo,Resolvido_Bot,7,,"4413,54"
CVX-005019,2026-03-18 9:07:53,WhatsApp,Auto,Varejo,Sudeste,Android,Confirmacao_Protocolo,Resolvido_Bot,5,5,"905,22"
CVX-000197,2026-03-18 9:11:07,WhatsApp,Auto,Corporativo,Sudeste,Android,Confirmacao_Protocolo,Resolvido_Bot,7,,"4413,54"
CVX-005059,2026-03-18 9:24:23,WhatsApp,Auto,Varejo,Sudeste,Android,Confirmacao_Protocolo,Resolvido_Bot,"13,3",5,"9393,36"
CVX-005916,2026-03-18 9:44:46,WhatsApp,Auto,Varejo,Nordeste,Android,Confirmacao_Protocolo,Resolvido_Bot,"4,4",4,"9809,95"
CVX-006167,2026-03-18 9:46:14,WhatsApp,Residencial,Varejo,Sudeste,iOS,Confirmacao_Protocolo,Resolvido_Bot,"11,2",4,"8942,08"
CVX-001824,2026-03-18 9:49:58,WhatsApp,Auto,Varejo,Sul,Android,Coleta_Dados_Sinistro,Escalado_Humano,"43,2",3,"13065,86"
CVX-000827,2026-03-18 10:05:07,WhatsApp,Auto,Varejo,Sudeste,iOS,Confirmacao_Protocolo,resolvido_bot,"10,1",,"5112,81"
CVX-002804,2026-03-18 10:12:10,App,Vida,Varejo,Sudeste,iOS,Confirmacao_Protocolo,Resolvido_Bot,"7,8",3,"62771,11"
CVX-005117,2026-03-18 10:13:00,App,Auto,Varejo,Nordeste,Android,Confirmacao_Protocolo,Resolvido_Bot,"6,7",,"10341,55"
CVX-004883,2026-03-18 10:19:27,App,Auto,Premium,Sudeste,iOS,Coleta_Dados_Sinistro,Escalado_Humano,"44,7",4,"5207,57"
CVX-002804,2026-03-18 10:33:10,App,Vida,Varejo,Sudeste,iOS,Confirmacao_Protocolo,Resolvido_Bot,"7,8",3,"62771,11"
CVX-005019,2026-03-18 10:40:53,WhatsApp,Auto,Varejo,Sudeste,Android,Confirmacao_Protocolo,Resolvido_Bot,5,5,"905,22"
CVX-003309,2026-03-18 10:48:27,WhatsApp,Auto,Premium,Sudeste,Android,Confirmacao_Protocolo,Resolvido_Bot,"6,4",4,"607,89"
CVX-002309,2026-03-18 10:55:54,App,Auto,Varejo,Sudeste,iOS,Coleta_Dados_Sinistro,Abandonado,,,"6592,03"
CVX-005257,2026-03-18 11:30:17,WhatsApp,Auto,Varejo,Sudeste,Android,Confirmacao_Protocolo,Resolvido_Bot,"8,5",4,"4381,88"
CVX-006845,2026-03-18 11:33:12,WhatsApp,Auto,Varejo,Norte,iOS,Confirmacao_Protocolo,Resolvido_Bot,"20,3",4,
CVX-000260,2026-03-18 11:57:35,App,Auto,Premium,Centro-Oeste,Android,Validacao_Apolice,Escalado_Humano,"41,6",,
CVX-006582,2026-03-18 11:58:04,WhatsApp,Vida,Varejo,Sudeste,iOS,Validacao_Apolice,Escalado_Humano,"51,8",,
CVX-003165,2026-03-18 11:59:53,WhatsApp,Vida,Varejo,Sudeste,Android,Validacao_Apolice,Abandonado,,,
CVX-001919,2026-03-18 12:09:29,WhatsApp,Auto,Premium,Sudeste,iOS,Confirmacao_Protocolo,Resolvido_Bot,"7,6",,"5808,02"
CVX-000360,2026-03-18 12:13:34,WhatsApp,Residencial,Varejo,Centro-Oeste,Android,Validacao_Apolice,Escalado_Humano,"41,9",4,
CVX-002401,2026-03-18 12:14:34,WhatsApp,Auto,Varejo,Sudeste,iOS,Confirmacao_Protocolo,Resolvido_Bot,"11,1",,"13446,72"
CVX-006214,2026-03-18 12:14:58,WhatsApp,Vida,Varejo,Sul,iOS,Upload_Fotos_Documentos,Abandonado,,,"36063,92"
CVX-006325,2026-03-18 12:36:41,WhatsApp,Vida,Varejo,Nordeste,Android,Validacao_Apolice,Abandonado,,,
CVX-000234,2026-03-18 12:58:30,App,Auto,Varejo,Sul,iOS,Coleta_Dados_Sinistro,Escalado_Humano,"22,2",3,"8488,3"
CVX-006582,2026-03-18 13:12:04,WhatsApp,Vida,Varejo,Sudeste,iOS,Validacao_Apolice,Escalado_Humano,"51,8",,
CVX-000234,2026-03-18 13:16:30,App,Auto,Varejo,Sul,iOS,Coleta_Dados_Sinistro,Escalado_humano,"22,2",3,"8488,3"
CVX-005327,2026-03-18 13:17:48,WhatsApp,Residencial,Varejo,Sul,Android,Confirmacao_Protocolo,Resolvido_Bot,"11,2",4,"9558,01"
CVX-004883,2026-03-18 13:25:27,App,Auto,Premium,Sudeste,iOS,Coleta_Dados_Sinistro,Escalado_Humano,"44,7",4,"5207,57"
CVX-001207,2026-03-18 13:25:42,WhatsApp,Auto,Varejo,Sudeste,Android,Coleta_Dados_Sinistro,Escalado_Humano,"32,7",4,"6290,27"
CVX-006395,2026-03-18 13:34:17,WhatsApp,Residencial,Premium,Nordeste,Android,Confirmacao_Protocolo,Resolvido_Bot,"7,5",,"15205,27"
CVX-002401,2026-03-18 13:46:34,WhatsApp,Auto,Varejo,Sudeste,iOS,Confirmacao_Protocolo,Resolvido_Bot,"11,1",,"13446,72"
CVX-004406,2026-03-18 13:48:36,WhatsApp,Auto,Premium,Sul,Android,Confirmacao_Protocolo,Resolvido_Bot,"15,2",5,"7074,96"
CVX-000260,2026-03-18 13:52:35,App,Auto,Premium,Centro-Oeste,Android,Validacao_Apolice,Escalado_Humano,"41,6",,
CVX-005357,2026-03-18 13:59:07,WhatsApp,Auto,Premium,Nordeste,iOS,Validacao_Apolice,Abandonado,,,
CVX-004808,2026-03-18 14:01:51,WhatsApp,Vida,Varejo,Centro-Oeste,Android,Confirmacao_Protocolo,RESOLVIDO_BOT,6,2,"45148,8"
CVX-006657,2026-03-18 14:03:00,WhatsApp,Residencial,Varejo,Sul,Android,Coleta_Dados_Sinistro,Escalado_Humano,33,,"24344,62"
CVX-003272,2026-03-18 14:13:25,WhatsApp,Auto,Varejo,Sul,Android,Validacao_Apolice,Abandonado,,,
CVX-001919,2026-03-18 14:23:29,WhatsApp,Auto,Premium,Sudeste,iOS,Confirmacao_Protocolo,Resolvido_Bot,"7,6",,"5808,02"
CVX-006738,2026-03-18 14:28:28,WhatsApp,Vida,Varejo,Sudeste,Android,Confirmacao_Protocolo,Resolvido_Bot,"9,7",4,"35156,54"
CVX-002309,2026-03-18 14:34:54,App,Auto,Varejo,Sudeste,iOS,Coleta_Dados_Sinistro,Abandonado,,,"6592,03"
CVX-006435,2026-03-18 14:44:13,WhatsApp,Auto,Corporativo,Sul,iOS,Confirmacao_Protocolo,Resolvido_Bot,"4,9",5,"9331,58"
CVX-003633,2026-03-18 14:47:28,WhatsApp,Auto,Premium,Sudeste,iOS,Upload_Fotos_Documentos,Escalado_Humano,"33,2",2,"8557,27"
CVX-003152,2026-03-18 14:49:10,WhatsApp,Auto,Premium,Sudeste,Android,Coleta_Dados_Sinistro,Escalado_Humano,"44,8",4,"7939,1"
CVX-005327,2026-03-18 15:00:48,WhatsApp,Residencial,Varejo,Sul,Android,Confirmacao_Protocolo,Resolvido_Bot,"11,2",4,"9558,01"
CVX-006657,2026-03-18 15:03:00,WhatsApp,Residencial,Varejo,Sul,Android,Coleta_Dados_Sinistro,Escalado_Humano,33,,"24344,62"
CVX-004882,2026-03-18 15:19:11,WhatsApp,Auto,Corporativo,Sudeste,Android,Confirmacao_Protocolo,Resolvido_Bot,"10,6",4,"7415,43"
CVX-005543,2026-03-18 15:21:17,WhatsApp,Auto,Varejo,Sul,iOS,Confirmacao_Protocolo,Resolvido_Bot,"9,9",4,"3599,49"
CVX-003029,2026-03-18 15:26:29,WhatsApp,Auto,Varejo,Centro-Oeste,iOS,Confirmacao_Protocolo,Resolvido_Bot,"16,5",,"19673,26"
CVX-006944,2026-03-18 15:27:08,WhatsApp,Auto,Varejo,Sudeste,iOS,Confirmacao_Protocolo,Resolvido_Bot,"9,9",,"11684,76"
CVX-002039,2026-03-18 15:30:03,WhatsApp,Auto,Varejo,Centro-Oeste,Android,Coleta_Dados_Sinistro,Abandonado,,,"12961,16"
CVX-006325,2026-03-18 15:32:41,WhatsApp,Vida,Varejo,Nordeste,Android,Validacao_Apolice,Abandonado,,,
CVX-002039,2026-03-18 15:38:03,WhatsApp,Auto,Varejo,Centro-Oeste,Android,Coleta_Dados_Sinistro,Abandonado,,,"12961,16"
CVX-003692,2026-03-18 15:45:34,WhatsApp,Residencial,Varejo,Sul,iOS,Confirmacao_Protocolo,Resolvido_Bot,10,,13542
CVX-003061,2026-03-18 15:46:34,WhatsApp,Vida,Varejo,Nordeste,Android,Upload_Fotos_Documentos,Escalado_Humano,"40,9",4,"31102,73"
CVX-004808,2026-03-18 15:49:51,WhatsApp,Vida,Varejo,Centro-Oeste,Android,Confirmacao_Protocolo,Resolvido_Bot,6,2,"45148,8"
CVX-003364,2026-03-18 15:54:24,WhatsApp,Auto,Varejo,Sudeste,Android,Confirmacao_Protocolo,RESOLVIDO_BOT,10,4,"6002,82"
CVX-004995,2026-03-18 15:56:29,WhatsApp,Vida,Premium,Sudeste,Android,Validacao_Apolice,Abandonado,,,
CVX-002378,2026-03-18 16:06:41,WhatsApp,Residencial,Varejo,Sudeste,Android,Validacao_Apolice,Escalado_Humano,"33,1",4,
CVX-006920,2026-03-18 16:08:13,WhatsApp,Residencial,Varejo,Sudeste,Android,Validacao_Apolice,Escalado_Humano,57,3,
CVX-003633,2026-03-18 16:18:28,WhatsApp,Auto,Premium,Sudeste,iOS,Confirmacao_Protocolo,Resolvido_Bot,"33,2",2,"8557,27"
CVX-006741,2026-03-18 16:19:17,WhatsApp,Residencial,Corporativo,Nordeste,Android,Upload_Fotos_Documentos,Escalado_Humano,"27,3",,"9877,28"
CVX-004995,2026-03-18 16:20:29,WhatsApp,Vida,Premium,Sudeste,Android,Validacao_Apolice,Abandonado,,,
CVX-006987,2026-03-18 16:32:14,WhatsApp,Residencial,Varejo,Nordeste,Android,Upload_Fotos_Documentos,Abandonado,,,"11673,85"
CVX-003272,2026-03-18 16:35:25,WhatsApp,Auto,Varejo,Sul,Android,Validacao_Apolice,Abandonado,,,
CVX-004882,2026-03-18 16:40:11,WhatsApp,Auto,Corporativo,Sudeste,Android,Confirmacao_Protocolo,Resolvido_Bot,"10,6",4,"7415,43"
CVX-000594,2026-03-18 16:55:54,WhatsApp,Auto,Varejo,Sudeste,iOS,Confirmacao_Protocolo,Resolvido_Bot,"10,4",4,"5767,97"
CVX-003029,2026-03-18 17:15:29,WhatsApp,Auto,Varejo,Centro-Oeste,iOS,Confirmacao_Protocolo,Resolvido_Bot,"16,5",,"19673,26"
CVX-006944,2026-03-18 17:20:08,WhatsApp,Auto,Varejo,Sudeste,iOS,Confirmacao_Protocolo,Resolvido_Bot,"9,9",,"11684,76"
CVX-005942,2026-03-18 17:23:45,App,Auto,Varejo,Sul,Android,Confirmacao_Protocolo,Resolvido_bot ,8,4,"11612,39"
CVX-003061,2026-03-18 17:24:34,WhatsApp,Vida,Varejo,Nordeste,Android,Upload_Fotos_Documentos,Escalado_Humano,"40,9",4,"31102,73"
CVX-005608,2026-03-18 17:30:26,WhatsApp,Auto,Corporativo,Sudeste,Android,Analise_Automatica,Abandonado,,,"4180,5"
CVX-001012,2026-03-18 17:33:44,App,Auto,Varejo,Norte,Android,Confirmacao_Protocolo,Resolvido_Bot,"8,1",5,6161
CVX-005544,2026-03-18 17:40:36,WhatsApp,Residencial,Varejo,Sudeste,Android,Confirmacao_Protocolo,Resolvido_Bot,"11,1",5,"15724,92"
CVX-006320,2026-03-18 17:40:41,WhatsApp,Residencial,Premium,Sudeste,iOS,Upload_Fotos_Documentos,Abandonado,,,"8268,09"
CVX-005861,2026-03-18 17:45:11,WhatsApp,Auto,Varejo,Sudeste,Android,Upload_Fotos_Documentos,ABANDONADO ,,,"11291,95"
CVX-000822,2026-03-18 17:56:41,WhatsApp,Residencial,Corporativo,Sudeste,Android,Upload_Fotos_Documentos,Escalado_Humano,"48,8",5,"10080,79"
CVX-003152,2026-03-18 18:01:10,WhatsApp,Auto,Premium,Sudeste,Android,Coleta_Dados_Sinistro,Escalado_Humano,"44,8",4,"7939,1"
CVX-002395,2026-03-18 18:06:04,WhatsApp,Residencial,Corporativo,Nordeste,Android,Confirmacao_Protocolo,Resolvido_Bot,"6,2",3,"14526,04"
CVX-006912,2026-03-18 18:08:35,App,Auto,Varejo,Sudeste,Android,Upload_Fotos_Documentos,Escalado_Humano,"27,1",4,"9320,71"
CVX-004947,2026-03-18 18:16:32,WhatsApp,Auto,Varejo,Sudeste,Android,Confirmacao_Protocolo,Resolvido_Bot,"8,5",,"8391,76"
CVX-002155,2026-03-18 18:28:45,WhatsApp,Auto,Premium,Sudeste,Android,Confirmacao_Protocolo,Resolvido_Bot,"9,2",5,"9244,58"
CVX-006969,2026-03-18 18:32:43,WhatsApp,Auto,Premium,Nordeste,Android,Inicio_Saudacao,Abandonado,,,
CVX-003692,2026-03-18 18:43:34,WhatsApp,Residencial,Varejo,Sul,iOS,Confirmacao_Protocolo,Resolvido_Bot,10,,13542
CVX-000524,2026-03-18 18:44:48,WhatsApp,Residencial,Varejo,Nordeste,iOS,Confirmacao_Protocolo,Resolvido_Bot,"8,7",5,"17481,14"
CVX-002195,2026-03-18 18:50:04,WhatsApp,Residencial,Premium,Sudeste,Android,Confirmacao_Protocolo,Resolvido_Bot,"8,1",5,"19001,2"
CVX-000594,2026-03-18 18:50:54,WhatsApp,Auto,Varejo,Sudeste,iOS,Confirmacao_Protocolo,Resolvido_Bot,"10,4",4,"5767,97"
CVX-006110,2026-03-18 18:54:47,WhatsApp,Residencial,Varejo,Sudeste,Android,Upload_Fotos_Documentos,Abandonado,,,"7839,12"
CVX-000790,2026-03-18 19:07:14,WhatsApp,Vida,Premium,Centro-Oeste,iOS,Confirmacao_Protocolo,Resolvido_Bot,"8,1",5,"21015,73"
CVX-005374,2026-03-18 19:08:22,WhatsApp,Residencial,Varejo,Sudeste,iOS,Upload_Fotos_Documentos,Escalado_Humano,"48,3",,"5491,05"
CVX-002195,2026-03-18 19:18:04,WhatsApp,Residencial,Premium,Sudeste,Android,Confirmacao_Protocolo,Resolvido_Bot,"8,1",5,"19001,2"
CVX-000822,2026-03-18 19:20:41,WhatsApp,Residencial,Corporativo,Sudeste,Android,Upload_Fotos_Documentos,Escalado_Humano,"48,8",5,"10080,79"
CVX-000882,2026-03-18 19:26:26,WhatsApp,Auto,Varejo,Sudeste,Android,Validacao_Apolice,Escalado_Humano,"28,1",3,
CVX-002818,2026-03-18 19:26:31,WhatsApp,Residencial,Premium,Sudeste,Android,Upload_Fotos_Documentos,Escalado_Humano,"63,1",4,"20600,84"
CVX-006951,2026-03-18 19:40:53,WhatsApp,Vida,Premium,Sudeste,Android,Analise_Automatica,Abandonado,,,"56432,39"
CVX-002378,2026-03-18 19:41:41,WhatsApp,Residencial,Varejo,Sudeste,Android,Validacao_Apolice,Escalado_humano,"33,1",4,
CVX-006920,2026-03-18 19:49:13,WhatsApp,Residencial,Varejo,Sudeste,Android,Confirmacao_Protocolo,Resolvido_Bot,57,3,
CVX-006899,2026-03-18 19:55:58,WhatsApp,Residencial,Premium,Nordeste,Android,Validacao_Apolice,Abandonado,,,
CVX-006969,2026-03-18 20:01:43,WhatsApp,Auto,Premium,Nordeste,Android,Inicio_Saudacao,Abandonado,,,
CVX-006951,2026-03-18 20:25:53,WhatsApp,Vida,Premium,Sudeste,Android,Analise_Automatica,Abandonado,,,"56432,39"
CVX-000675,2026-03-18 20:35:19,WhatsApp,Auto,Varejo,Sudeste,Android,Confirmacao_Protocolo,Resolvido_Bot,"21,6",4,"3972,15"
CVX-001307,2026-03-18 20:41:52,WhatsApp,Residencial,Premium,Centro-Oeste,Android,Validacao_Apolice,Escalado_Humano,"50,8",4,
CVX-004943,2026-03-18 20:49:44,WhatsApp,Residencial,Varejo,Sul,Android,Coleta_Dados_Sinistro,Abandonado,,,"10200,3"
CVX-001307,2026-03-18 20:55:52,WhatsApp,Residencial,Premium,Centro-Oeste,Android,Validacao_Apolice,Escalado_Humano,"50,8",4,
CVX-004947,2026-03-18 20:58:32,WhatsApp,Auto,Varejo,Sudeste,Android,Confirmacao_Protocolo,Resolvido_Bot,"8,5",,"8391,76"
CVX-000675,2026-03-18 21:17:19,WhatsApp,Auto,Varejo,Sudeste,Android,Confirmacao_Protocolo,Resolvido_Bot,"21,6",4,"3972,15"
CVX-002395,2026-03-18 21:56:04,WhatsApp,Residencial,Corporativo,Nordeste,Android,Confirmacao_Protocolo,Resolvido_Bot,"6,2",3,"14526,04"
CVX-000790,2026-03-18 22:29:14,WhatsApp,Vida,Premium,Centro-Oeste,iOS,Confirmacao_Protocolo,Resolvido_Bot,"8,1",5,"21015,73"
CVX-004943,2026-03-18 23:34:44,WhatsApp,Residencial,Varejo,Sul,Android,Confirmacao_Protocolo,Resolvido_Bot,,,"10200,3"
CVX-000784,2026-03-19 8:11:05,WhatsApp,Auto,Varejo,Sudeste,Android,Confirmacao_Protocolo,Resolvido_Bot,"8,1",,"7315,8"
CVX-000976,2026-03-19 8:15:14,WhatsApp,Auto,Varejo,Nordeste,Android,Confirmacao_Protocolo,Resolvido_Bot,"6,5",5,"9541,13"
CVX-002457,2026-03-19 8:17:09,WhatsApp,Auto,Premium,Sudeste,Android,Validacao_Apolice,Escalado_Humano,"36,4",5,
CVX-004177,2026-03-19 8:21:10,WhatsApp,Residencial,Corporativo,Sul,Android,Confirmacao_Protocolo,Resolvido_Bot,"11,5",5,300
CVX-004729,2026-03-19 8:23:50,WhatsApp,Auto,Premium,Sul,Android,Validacao_Apolice,Escalado_Humano,"37,1",3,
CVX-004290,2026-03-19 8:38:52,WhatsApp,Vida,Varejo,Sudeste,Android,Upload_Fotos_Documentos,Abandonado,,,"41207,28"
CVX-006747,2026-03-19 8:42:28,WhatsApp,Auto,Varejo,Sudeste,Android,Confirmacao_Protocolo,Resolvido_Bot,"9,6",,300
CVX-004729,2026-03-19 8:50:50,WhatsApp,Auto,Premium,Sul,Android,Validacao_Apolice,Escalado_humano,"37,1",3,
CVX-000784,2026-03-19 8:55:05,WhatsApp,Auto,Varejo,Sudeste,Android,Confirmacao_Protocolo,Resolvido_Bot,"8,1",,"7315,8"
CVX-003672,2026-03-19 9:03:39,WhatsApp,Residencial,Varejo,Sul,Android,Confirmacao_Protocolo,Resolvido_Bot,"14,4",,"8932,36"
CVX-001938,2026-03-19 9:08:04,WhatsApp,Residencial,Varejo,Sudeste,iOS,Validacao_Apolice,Escalado_Humano,"28,3",4,
CVX-001062,2026-03-19 9:26:30,WhatsApp,Residencial,Varejo,Sudeste,Android,Analise_Automatica,Abandonado,,,"10814,73"
CVX-003078,2026-03-19 9:27:30,App,Residencial,Varejo,Sudeste,Android,Coleta_Dados_Sinistro,Abandonado,,,300
CVX-000448,2026-03-19 9:45:47,WhatsApp,Auto,Varejo,Sudeste,Android,Confirmacao_Protocolo,Resolvido_Bot,"9,1",3,"11118,5"
CVX-003079,2026-03-19 9:52:22,WhatsApp,Auto,Varejo,Sudeste,Android,Confirmacao_Protocolo,Resolvido_Bot,7,,"6606,88"
CVX-003517,2026-03-19 10:04:27,WhatsApp,Auto,Varejo,Sul,iOS,Confirmacao_Protocolo,Resolvido_Bot,"9,6",3,"4557,96"
CVX-000976,2026-03-19 10:06:14,WhatsApp,Auto,Varejo,Nordeste,Android,Confirmacao_Protocolo,Resolvido_Bot,"6,5",5,"9541,13"
CVX-005191,2026-03-19 10:43:44,WhatsApp,Residencial,Varejo,Sudeste,iOS,Validacao_Apolice,Escalado_Humano,"27,5",4,
CVX-003078,2026-03-19 10:55:30,App,Residencial,Varejo,Sudeste,Android,Coleta_Dados_Sinistro,Abandonado,,,300
CVX-005802,2026-03-19 10:55:52,WhatsApp,Vida,Premium,Sul,Android,Coleta_Dados_Sinistro,Abandonado,,,51312
CVX-006709,2026-03-19 11:00:26,App,Auto,Varejo,Sudeste,Android,Confirmacao_Protocolo,Resolvido_Bot,"8,6",4,"12059,71"
CVX-006472,2026-03-19 11:14:28,App,Auto,Premium,Sudeste,Android,Confirmacao_Protocolo,Resolvido_Bot,"10,2",3,"8179,98"
CVX-005026,2026-03-19 11:15:13,WhatsApp,Residencial,Premium,Sudeste,Android,Confirmacao_Protocolo,Resolvido_Bot,"11,8",4,"12241,96"
CVX-001938,2026-03-19 11:27:04,WhatsApp,Residencial,Varejo,Sudeste,iOS,Validacao_Apolice,Escalado_Humano,"28,3",4,
CVX-001905,2026-03-19 11:41:13,App,Auto,Premium,Sudeste,Android,Coleta_Dados_Sinistro,Abandonado,,,"7141,4"
CVX-000245,2026-03-19 11:47:33,WhatsApp,Auto,Varejo,Nordeste,iOS,Confirmacao_Protocolo,Resolvido_Bot,"10,2",5,"7321,67"
CVX-003517,2026-03-19 12:13:27,WhatsApp,Auto,Varejo,Sul,iOS,Confirmacao_Protocolo,Resolvido_Bot,"9,6",3,"4557,96"
CVX-005619,2026-03-19 12:14:37,App,Auto,Varejo,Sudeste,iOS,Validacao_Apolice,Abandonado,,,
CVX-001062,2026-03-19 12:16:30,WhatsApp,Residencial,Varejo,Sudeste,Android,Confirmacao_Protocolo,Resolvido_Bot,,,"10814,73"
CVX-005191,2026-03-19 12:37:44,WhatsApp,Residencial,Varejo,Sudeste,iOS,Validacao_Apolice,Escalado_Humano,"27,5",4,
CVX-001801,2026-03-19 12:39:15,WhatsApp,Residencial,Varejo,Norte,Android,Confirmacao_Protocolo,Resolvido_Bot,"13,8",4,"16399,12"
CVX-001801,2026-03-19 12:46:15,WhatsApp,Residencial,Varejo,Norte,Android,Confirmacao_Protocolo,Resolvido_Bot,"13,8",4,"16399,12"
CVX-005802,2026-03-19 12:47:52,WhatsApp,Vida,Premium,Sul,Android,Coleta_Dados_Sinistro,Abandonado,,,51312
CVX-000831,2026-03-19 12:51:06,WhatsApp,Auto,Corporativo,Sudeste,Android,Upload_Fotos_Documentos,Escalado_Humano,"23,4",4,"15362,62"
CVX-000245,2026-03-19 12:56:33,WhatsApp,Auto,Varejo,Nordeste,iOS,Confirmacao_Protocolo,Resolvido_Bot,"10,2",5,"7321,67"
CVX-003944,2026-03-19 13:04:20,WhatsApp,Residencial,Corporativo,Nordeste,iOS,Upload_Fotos_Documentos,ABANDONADO ,,,"12036,78"
CVX-000879,2026-03-19 13:29:13,WhatsApp,Vida,Varejo,Sudeste,Android,Upload_Fotos_Documentos,Abandonado,,,"45461,11"
CVX-002894,2026-03-19 13:38:27,WhatsApp,Residencial,Corporativo,Sul,iOS,Validacao_Apolice,Escalado_Humano,"37,7",4,
CVX-002565,2026-03-19 13:41:11,WhatsApp,Auto,Premium,Sudeste,iOS,Validacao_Apolice,Escalado_Humano,"25,7",5,
CVX-000879,2026-03-19 13:53:13,WhatsApp,Vida,Varejo,Sudeste,Android,Upload_Fotos_Documentos,Abandonado,,,"45461,11"
CVX-002894,2026-03-19 14:00:27,WhatsApp,Residencial,Corporativo,Sul,iOS,Validacao_Apolice,Escalado_Humano,"37,7",4,
CVX-000478,2026-03-19 14:16:00,WhatsApp,Vida,Varejo,Norte,Android,Confirmacao_Protocolo,Resolvido_Bot,"6,8",5,"52092,86"
CVX-000247,2026-03-19 15:29:39,WhatsApp,Vida,Varejo,Sudeste,Android,Validacao_Apolice,Escalado_Humano,"35,9",4,
CVX-005619,2026-03-19 15:40:37,App,Auto,Varejo,Sudeste,iOS,Validacao_Apolice,Abandonado,,,
CVX-000478,2026-03-19 15:49:00,WhatsApp,Vida,Varejo,Norte,Android,Confirmacao_Protocolo,Resolvido_Bot,"6,8",5,"52092,86"
CVX-002990,2026-03-19 15:51:59,App,Residencial,Corporativo,Sudeste,iOS,Upload_Fotos_Documentos,Escalado_Humano,"43,8",4,"19506,16"
CVX-005626,2026-03-19 16:11:05,WhatsApp,Auto,Varejo,Centro-Oeste,Android,Upload_Fotos_Documentos,Abandonado,,,"8857,44"
CVX-006094,2026-03-19 16:16:19,WhatsApp,Auto,Varejo,Centro-Oeste,Android,Analise_Automatica,Abandonado,,,"9140,48"
CVX-001247,2026-03-19 16:48:33,WhatsApp,Auto,Premium,Sudeste,iOS,Validacao_Apolice,Escalado_Humano,"28,5",,
CVX-002565,2026-03-19 16:56:11,WhatsApp,Auto,Premium,Sudeste,iOS,Validacao_Apolice,Escalado_Humano,"25,7",5,
CVX-005538,2026-03-19 17:00:53,WhatsApp,Residencial,Varejo,Sudeste,Android,Upload_Fotos_Documentos,Abandonado,,,"14034,02"
CVX-003494,2026-03-19 17:01:22,WhatsApp,Residencial,Corporativo,Sudeste,Android,Validacao_Apolice,Escalado_Humano,"50,7",4,
CVX-003855,2026-03-19 17:24:17,App,Auto,Varejo,Sudeste,Android,Coleta_Dados_Sinistro,Escalado_Humano,"21,3",4,"9877,54"
CVX-005877,2026-03-19 17:24:31,WhatsApp,Vida,Premium,Sudeste,iOS,Upload_Fotos_Documentos,Abandonado,,,"48102,4"
CVX-003844,2026-03-19 17:42:50,WhatsApp,Auto,Premium,Nordeste,Android,Confirmacao_Protocolo,Resolvido_Bot,"9,4",,"10382,67"
CVX-005877,2026-03-19 18:10:31,WhatsApp,Vida,Premium,Sudeste,iOS,Upload_Fotos_Documentos,Abandonado,,,"48102,4"
CVX-004227,2026-03-19 18:17:40,WhatsApp,Residencial,Varejo,Nordeste,iOS,Confirmacao_Protocolo,Resolvido_Bot,"11,4",4,"35762,03"
CVX-005626,2026-03-19 18:25:05,WhatsApp,Auto,Varejo,Centro-Oeste,Android,Upload_Fotos_Documentos,Abandonado,,,"8857,44"
CVX-001932,2026-03-19 18:35:01,WhatsApp,Vida,Corporativo,Sudeste,Android,Confirmacao_Protocolo,Resolvido_Bot,7,4,"33226,42"
CVX-005538,2026-03-19 18:35:53,WhatsApp,Residencial,Varejo,Sudeste,Android,Upload_Fotos_Documentos,Abandonado,,,"14034,02"
CVX-001718,2026-03-19 18:56:26,WhatsApp,Residencial,Premium,Sul,Android,Upload_Fotos_Documentos,Abandonado,,,"5351,66"
CVX-003170,2026-03-19 19:01:46,WhatsApp,Auto,Varejo,Sul,Android,Analise_Automatica,Escalado_Humano,"34,3",5,"6361,17"
CVX-003844,2026-03-19 19:01:50,WhatsApp,Auto,Premium,Nordeste,Android,Confirmacao_Protocolo,Resolvido_Bot,"9,4",,"10382,67"
CVX-001585,2026-03-19 19:06:27,App,Residencial,Corporativo,Sudeste,Android,Confirmacao_Protocolo,Resolvido_Bot,"6,5",5,"11295,74"
CVX-005756,2026-03-19 19:12:19,WhatsApp,Residencial,Corporativo,Sudeste,Android,Confirmacao_Protocolo,Resolvido_Bot,"9,4",5,"22471,81"
CVX-005290,2026-03-19 19:13:31,WhatsApp,Residencial,Varejo,Sul,Android,Validacao_Apolice,Abandonado,,,
CVX-006190,2026-03-19 19:17:35,WhatsApp,Residencial,Corporativo,Centro-Oeste,Android,Confirmacao_Protocolo,RESOLVIDO_BOT,"9,4",4,300
CVX-006574,2026-03-19 19:34:27,WhatsApp,Residencial,Varejo,Centro-Oeste,iOS,Confirmacao_Protocolo,resolvido_bot,"8,6",5,"13939,3"
CVX-002293,2026-03-19 19:59:50,WhatsApp,Vida,Varejo,Norte,iOS,Confirmacao_Protocolo,Resolvido_Bot,13,4,"46762,85"
CVX-003325,2026-03-19 20:00:53,WhatsApp,Auto,Corporativo,Sudeste,Android,Validacao_Apolice,Abandonado,,,
CVX-003494,2026-03-19 20:05:22,WhatsApp,Residencial,Corporativo,Sudeste,Android,Validacao_Apolice,Escalado_Humano,"50,7",4,
CVX-002984,2026-03-19 20:06:43,WhatsApp,Auto,Varejo,Norte,Android,Validacao_Apolice,Escalado_Humano,"55,9",,
CVX-001346,2026-03-19 20:09:34,WhatsApp,Auto,Varejo,Centro-Oeste,Android,Coleta_Dados_Sinistro,Abandonado,,,"9744,96"
CVX-005756,2026-03-19 20:12:19,WhatsApp,Residencial,Corporativo,Sudeste,Android,Confirmacao_Protocolo,Resolvido_Bot,"9,4",5,"22471,81"
CVX-000425,2026-03-19 20:14:35,WhatsApp,Vida,Premium,Sul,iOS,Confirmacao_Protocolo,Resolvido_Bot,7,5,"51072,4"
CVX-003170,2026-03-19 20:15:46,WhatsApp,Auto,Varejo,Sul,Android,Analise_Automatica,Escalado_Humano,"34,3",5,"6361,17"
CVX-002490,2026-03-19 20:16:13,WhatsApp,Auto,Varejo,Sul,Android,Analise_Automatica,Escalado_Humano,"22,4",2,"5571,13"
CVX-006889,2026-03-19 20:18:27,WhatsApp,Auto,Varejo,Sul,Android,Confirmacao_Protocolo,Resolvido_Bot,9,,"10097,81"
CVX-002105,2026-03-19 20:22:46,WhatsApp,Auto,Varejo,Nordeste,Android,Confirmacao_Protocolo,Resolvido_Bot,"7,7",4,"2626,65"
CVX-001072,2026-03-19 20:29:59,App,Residencial,Varejo,Sudeste,iOS,Analise_Automatica,Escalado_Humano,"38,4",4,"12529,21"
CVX-002490,2026-03-19 20:49:13,WhatsApp,Auto,Varejo,Sul,Android,Confirmacao_Protocolo,Resolvido_Bot,"22,4",2,"5571,13"
CVX-003325,2026-03-19 20:58:53,WhatsApp,Auto,Corporativo,Sudeste,Android,Confirmacao_Protocolo,Resolvido_Bot,,,
CVX-002984,2026-03-19 21:31:43,WhatsApp,Auto,Varejo,Norte,Android,Validacao_Apolice,Escalado_Humano,"55,9",,
CVX-006574,2026-03-19 21:48:27,WhatsApp,Residencial,Varejo,Centro-Oeste,iOS,Confirmacao_Protocolo,Resolvido_Bot,"8,6",5,"13939,3"
CVX-004227,2026-03-19 22:11:40,WhatsApp,Residencial,Varejo,Nordeste,iOS,Confirmacao_Protocolo,resolvido_bot,"11,4",4,"35762,03"
CVX-001346,2026-03-19 22:45:34,WhatsApp,Auto,Varejo,Centro-Oeste,Android,Coleta_Dados_Sinistro,Abandonado,,,"9744,96"
CVX-000425,2026-03-19 22:49:35,WhatsApp,Vida,Premium,Sul,iOS,Confirmacao_Protocolo,Resolvido_Bot,7,5,"51072,4"
CVX-001585,2026-03-19 22:54:27,App,Residencial,Corporativo,Sudeste,Android,Confirmacao_Protocolo,Resolvido_Bot,"6,5",5,"11295,74"
CVX-002105,2026-03-19 22:55:46,WhatsApp,Auto,Varejo,Nordeste,Android,Confirmacao_Protocolo,Resolvido_Bot,"7,7",4,"2626,65"
CVX-006889,2026-03-20 0:08:27,WhatsApp,Auto,Varejo,Sul,Android,Confirmacao_Protocolo,Resolvido_Bot,9,,"10097,81"
CVX-004010,2026-03-20 8:06:55,App,Vida,Varejo,Sudeste,Android,Upload_Fotos_Documentos,Abandonado,,,"44676,48"
CVX-004503,2026-03-20 8:08:21,WhatsApp,Auto,Varejo,Sudeste,iOS,Confirmacao_Protocolo,Resolvido_Bot,2,5,"13343,57"
CVX-005112,2026-03-20 8:16:01,WhatsApp,Auto,Varejo,Sul,Android,Confirmacao_Protocolo,Resolvido_Bot,"6,5",4,"8114,6"
CVX-001113,2026-03-20 8:18:42,WhatsApp,Auto,Premium,Sudeste,Android,Confirmacao_Protocolo,Resolvido_Bot,"13,7",,"4245,79"
CVX-004283,2026-03-20 8:24:45,WhatsApp,Auto,Premium,Nordeste,Android,Confirmacao_Protocolo,Resolvido_Bot,"5,1",4,"11794,77"
CVX-001432,2026-03-20 8:35:19,WhatsApp,Residencial,Varejo,Nordeste,Android,Confirmacao_Protocolo,Resolvido_Bot,"10,3",4,"16691,27"
CVX-004010,2026-03-20 9:15:55,App,Vida,Varejo,Sudeste,Android,Upload_Fotos_Documentos,Abandonado,,,"44676,48"
CVX-005710,2026-03-20 9:22:29,WhatsApp,Residencial,Premium,Sudeste,iOS,Confirmacao_Protocolo,RESOLVIDO_BOT,"3,5",,"18493,32"
CVX-004316,2026-03-20 9:23:53,WhatsApp,Vida,Varejo,Sudeste,Android,Confirmacao_Protocolo,Resolvido_Bot,"7,2",,"54554,91"
CVX-005104,2026-03-20 9:29:44,WhatsApp,Residencial,Varejo,Sudeste,Android,Coleta_Dados_Sinistro,Escalado_Humano,"51,7",,"14838,5"
CVX-000770,2026-03-20 9:32:52,WhatsApp,Residencial,Varejo,Sudeste,Android,Confirmacao_Protocolo,Resolvido_Bot,"12,7",4,"18247,98"
CVX-002893,2026-03-20 9:39:23,WhatsApp,Auto,Varejo,Centro-Oeste,Android,Validacao_Apolice,Abandonado,,,
CVX-000351,2026-03-20 9:48:47,WhatsApp,Auto,Premium,Sudeste,Android,Confirmacao_Protocolo,Resolvido_Bot,"10,5",4,"4982,74"
CVX-002019,2026-03-20 9:55:39,WhatsApp,Vida,Corporativo,Sul,iOS,Upload_Fotos_Documentos,Abandonado,,,"59308,24"
CVX-000923,2026-03-20 10:15:03,WhatsApp,Residencial,Varejo,Nordeste,iOS,Confirmacao_Protocolo,Resolvido_Bot,"7,1",4,"21971,85"
CVX-003314,2026-03-20 10:25:41,WhatsApp,Auto,Varejo,Sudeste,Android,Confirmacao_Protocolo,Resolvido_Bot,"9,2",5,"11268,03"
CVX-005590,2026-03-20 10:29:26,WhatsApp,Auto,Varejo,Nordeste,Android,Confirmacao_Protocolo,Resolvido_Bot,"9,9",4,"596,27"
CVX-000336,2026-03-20 10:33:30,WhatsApp,Residencial,Premium,Sudeste,Android,Validacao_Apolice,Escalado_Humano,"53,3",3,
CVX-005000,2026-03-20 10:45:29,WhatsApp,Auto,Varejo,Sul,Android,Upload_Fotos_Documentos,Escalado_Humano,"51,8",4,"5485,15"
CVX-000351,2026-03-20 11:00:47,WhatsApp,Auto,Premium,Sudeste,Android,Confirmacao_Protocolo,Resolvido_Bot,"10,5",4,"4982,74"
CVX-003055,2026-03-20 11:12:51,App,Auto,Varejo,Sudeste,Android,Validacao_Apolice,Escalado_Humano,"43,9",3,
CVX-004503,2026-03-20 11:18:21,WhatsApp,Auto,Varejo,Sudeste,iOS,Confirmacao_Protocolo,Resolvido_Bot,2,5,"13343,57"
CVX-001985,2026-03-20 11:28:21,WhatsApp,Auto,Varejo,Sudeste,Android,Confirmacao_Protocolo,Resolvido_Bot,"8,2",4,"6961,01"
CVX-005112,2026-03-20 11:35:01,WhatsApp,Auto,Varejo,Sul,Android,Confirmacao_Protocolo,resolvido_bot,"6,5",4,"8114,6"
CVX-002671,2026-03-20 11:41:52,App,Residencial,Premium,Sudeste,iOS,Upload_Fotos_Documentos,Abandonado,,,"21398,15"
CVX-005104,2026-03-20 11:52:44,WhatsApp,Residencial,Varejo,Sudeste,Android,Coleta_Dados_Sinistro,Escalado_Humano,"51,7",,"14838,5"
CVX-006829,2026-03-20 12:07:13,WhatsApp,Auto,Premium,Sudeste,iOS,Confirmacao_Protocolo,Resolvido_Bot,"6,2",5,"5990,15"
CVX-003314,2026-03-20 12:07:41,WhatsApp,Auto,Varejo,Sudeste,Android,Confirmacao_Protocolo,Resolvido_Bot,"9,2",5,"11268,03"
CVX-001113,2026-03-20 12:16:42,WhatsApp,Auto,Premium,Sudeste,Android,Confirmacao_Protocolo,Resolvido_Bot,"13,7",,"4245,79"
CVX-003689,2026-03-20 12:16:45,WhatsApp,Auto,Premium,Sudeste,Android,Validacao_Apolice,Escalado_humano,"35,5",2,
CVX-005737,2026-03-20 12:17:56,WhatsApp,Residencial,Corporativo,Sudeste,Android,Confirmacao_Protocolo,Resolvido_Bot,"6,5",4,"19520,51"
CVX-001672,2026-03-20 12:23:17,WhatsApp,Residencial,Premium,Sudeste,Android,Coleta_Dados_Sinistro,Abandonado,,,"14246,52"
CVX-000336,2026-03-20 12:23:30,WhatsApp,Residencial,Premium,Sudeste,Android,Validacao_Apolice,Escalado_Humano,"53,3",3,
CVX-002981,2026-03-20 12:25:39,WhatsApp,Auto,Corporativo,Sudeste,Android,Validacao_Apolice,Escalado_Humano,"32,4",3,
CVX-005768,2026-03-20 12:29:46,WhatsApp,Auto,Premium,Sudeste,Android,Upload_Fotos_Documentos,Escalado_Humano,"27,3",3,"7658,7"
CVX-001820,2026-03-20 12:42:29,WhatsApp,Auto,Varejo,Sudeste,Android,Confirmacao_Protocolo,Resolvido_Bot,"4,6",3,"11693,64"
CVX-006249,2026-03-20 12:54:16,WhatsApp,Auto,Corporativo,Nordeste,Android,Confirmacao_Protocolo,Resolvido_Bot,"7,1",,"10704,33"
CVX-005624,2026-03-20 12:57:36,WhatsApp,Residencial,Premium,Nordeste,Android,Confirmacao_Protocolo,Resolvido_Bot,"8,8",4,"4490,35"
CVX-001452,2026-03-20 13:06:40,WhatsApp,Auto,Premium,Sudeste,iOS,Analise_Automatica,Abandonado,,,"11525,24"
CVX-005035,2026-03-20 13:16:41,WhatsApp,Residencial,Corporativo,Sul,Android,Validacao_Apolice,Escalado_Humano,"23,2",4,
CVX-005671,2026-03-20 13:22:51,WhatsApp,Auto,Varejo,Nordeste,Android,Upload_Fotos_Documentos,Abandonado,,,"11174,87"
CVX-002272,2026-03-20 13:27:08,WhatsApp,Auto,Varejo,Norte,Android,Upload_Fotos_Documentos,Escalado_Humano,56,3,"3116,36"
CVX-002893,2026-03-20 13:34:23,WhatsApp,Auto,Varejo,Centro-Oeste,Android,Validacao_Apolice,Abandonado,,,
CVX-005737,2026-03-20 13:35:56,WhatsApp,Residencial,Corporativo,Sudeste,Android,Confirmacao_Protocolo,Resolvido_Bot,"6,5",4,"19520,51"
CVX-006145,2026-03-20 13:37:49,WhatsApp,Auto,Varejo,Centro-Oeste,Android,Inicio_Saudacao,Abandonado,,,
CVX-002671,2026-03-20 13:39:52,App,Residencial,Premium,Sudeste,iOS,Upload_Fotos_Documentos,Abandonado,,,"21398,15"
CVX-001452,2026-03-20 13:42:40,WhatsApp,Auto,Premium,Sudeste,iOS,Confirmacao_Protocolo,Resolvido_bot ,,,"11525,24"
CVX-000923,2026-03-20 13:44:03,WhatsApp,Residencial,Varejo,Nordeste,iOS,Confirmacao_Protocolo,Resolvido_Bot,"7,1",4,"21971,85"
CVX-001960,2026-03-20 13:46:20,WhatsApp,Auto,Premium,Centro-Oeste,iOS,Confirmacao_Protocolo,Resolvido_Bot,"10,6",,"12073,99"
CVX-001985,2026-03-20 13:47:21,WhatsApp,Auto,Varejo,Sudeste,Android,Confirmacao_Protocolo,Resolvido_Bot,"8,2",4,"6961,01"
CVX-004724,2026-03-20 13:48:38,WhatsApp,Auto,Premium,Centro-Oeste,Android,Confirmacao_Protocolo,Resolvido_Bot,"11,3",,"8729,93"
CVX-002981,2026-03-20 13:54:39,WhatsApp,Auto,Corporativo,Sudeste,Android,Validacao_Apolice,Escalado_Humano,"32,4",3,
CVX-001672,2026-03-20 14:00:17,WhatsApp,Residencial,Premium,Sudeste,Android,Coleta_Dados_Sinistro,Abandonado,,,"14246,52"
CVX-001820,2026-03-20 14:00:29,WhatsApp,Auto,Varejo,Sudeste,Android,Confirmacao_Protocolo,Resolvido_Bot,"4,6",3,"11693,64"
CVX-003055,2026-03-20 14:01:51,App,Auto,Varejo,Sudeste,Android,Validacao_Apolice,Escalado_Humano,"43,9",3,
CVX-000777,2026-03-20 14:13:20,WhatsApp,Auto,Premium,Sudeste,Android,Inicio_Saudacao,Abandonado,,,
CVX-005768,2026-03-20 14:13:46,WhatsApp,Auto,Premium,Sudeste,Android,Confirmacao_Protocolo,Resolvido_Bot,"27,3",3,"7658,7"
CVX-001960,2026-03-20 14:18:20,WhatsApp,Auto,Premium,Centro-Oeste,iOS,Confirmacao_Protocolo,Resolvido_Bot,"10,6",,"12073,99"
CVX-006829,2026-03-20 14:33:13,WhatsApp,Auto,Premium,Sudeste,iOS,Confirmacao_Protocolo,Resolvido_Bot,"6,2",5,"5990,15"
CVX-004204,2026-03-20 14:45:45,WhatsApp,Auto,Premium,Sudeste,Android,Validacao_Apolice,Escalado_Humano,"40,6",,
CVX-002561,2026-03-20 14:46:46,WhatsApp,Residencial,Premium,Centro-Oeste,Android,Inicio_Saudacao,Abandonado,,,
CVX-002607,2026-03-20 15:28:52,WhatsApp,Auto,Varejo,Sudeste,Android,Coleta_Dados_Sinistro,Escalado_Humano,"26,8",3,"12186,96"
CVX-002114,2026-03-20 15:30:10,WhatsApp,Auto,Varejo,Centro-Oeste,Android,Upload_Fotos_Documentos,Escalado_Humano,"35,3",,"13294,07"
CVX-002531,2026-03-20 15:33:07,WhatsApp,Auto,Premium,Sudeste,Android,Confirmacao_Protocolo,Resolvido_Bot,8,5,"7873,19"
CVX-002114,2026-03-20 15:38:10,WhatsApp,Auto,Varejo,Centro-Oeste,Android,Upload_Fotos_Documentos,Escalado_Humano,"35,3",,"13294,07"
CVX-002531,2026-03-20 15:46:07,WhatsApp,Auto,Premium,Sudeste,Android,Confirmacao_Protocolo,Resolvido_Bot,8,5,"7873,19"
CVX-005671,2026-03-20 15:47:51,WhatsApp,Auto,Varejo,Nordeste,Android,Upload_Fotos_Documentos,Abandonado,,,"11174,87"
CVX-006569,2026-03-20 15:50:13,WhatsApp,Auto,Varejo,Sudeste,Android,Confirmacao_Protocolo,Resolvido_Bot,"13,5",5,"7101,06"
CVX-003417,2026-03-20 15:50:43,WhatsApp,Residencial,Premium,Sudeste,Android,Analise_Automatica,Escalado_Humano,10,,"27373,63"
CVX-004088,2026-03-20 15:53:43,WhatsApp,Auto,Varejo,Nordeste,iOS,Confirmacao_Protocolo,Resolvido_Bot,"10,8",5,"11988,29"
CVX-006569,2026-03-20 15:58:13,WhatsApp,Auto,Varejo,Sudeste,Android,Confirmacao_Protocolo,Resolvido_Bot,"13,5",5,"7101,06"
CVX-003869,2026-03-20 16:09:05,App,Auto,Varejo,Sudeste,iOS,Confirmacao_Protocolo,Resolvido_Bot,"6,7",5,"4285,39"
CVX-000600,2026-03-20 16:21:36,WhatsApp,Auto,Premium,Sul,Android,Confirmacao_Protocolo,Resolvido_Bot,"5,2",4,"11238,7"
CVX-000450,2026-03-20 16:34:14,WhatsApp,Vida,Varejo,Norte,Android,Validacao_Apolice,Escalado_Humano,"29,6",4,
CVX-001363,2026-03-20 16:34:46,WhatsApp,Vida,Premium,Sul,Android,Confirmacao_Protocolo,Resolvido_Bot,"11,9",5,"38147,29"
CVX-001961,2026-03-20 16:54:48,WhatsApp,Auto,Varejo,Centro-Oeste,Android,Confirmacao_Protocolo,Resolvido_Bot,15,4,"7492,42"
CVX-004088,2026-03-20 17:02:43,WhatsApp,Auto,Varejo,Nordeste,iOS,Confirmacao_Protocolo,Resolvido_Bot,"10,8",5,"11988,29"
CVX-006093,2026-03-20 17:16:40,WhatsApp,Auto,Varejo,Sudeste,Android,Validacao_Apolice,Escalado_Humano,"44,2",2,
CVX-003896,2026-03-20 17:24:09,WhatsApp,Auto,Varejo,Sudeste,Android,Validacao_Apolice,Abandonado,,,
CVX-003467,2026-03-20 17:40:24,WhatsApp,Residencial,Varejo,Centro-Oeste,iOS,Confirmacao_Protocolo,Resolvido_Bot,"16,8",4,"16670,49"
CVX-001562,2026-03-20 17:55:23,WhatsApp,Residencial,Varejo,Nordeste,iOS,Validacao_Apolice,Escalado_Humano,"39,2",4,
CVX-004423,2026-03-20 18:04:21,WhatsApp,Residencial,Varejo,Sul,iOS,Confirmacao_Protocolo,Resolvido_Bot,6,5,"21531,2"
CVX-004713,2026-03-20 18:08:30,WhatsApp,Auto,Varejo,Sudeste,Android,Analise_Automatica,Abandonado,,,"3281,28"
CVX-003613,2026-03-20 18:12:41,WhatsApp,Auto,Varejo,Sudeste,Android,Confirmacao_Protocolo,Resolvido_Bot,"5,3",4,"5582,6"
CVX-005302,2026-03-20 19:02:46,WhatsApp,Residencial,Varejo,Sudeste,Android,Upload_Fotos_Documentos,Abandonado,,,"13148,57"
CVX-006783,2026-03-20 19:08:11,App,Residencial,Varejo,Nordeste,Android,Coleta_Dados_Sinistro,Abandonado,,,"5459,81"
CVX-006093,2026-03-20 19:17:40,WhatsApp,Auto,Varejo,Sudeste,Android,Validacao_Apolice,Escalado_Humano,"44,2",2,
CVX-004323,2026-03-20 19:19:24,WhatsApp,Auto,Corporativo,Sul,Android,Confirmacao_Protocolo,Resolvido_Bot,"7,3",4,"12860,62"
CVX-004713,2026-03-20 19:31:30,WhatsApp,Auto,Varejo,Sudeste,Android,Analise_Automatica,Abandonado,,,"3281,28"
CVX-004423,2026-03-20 19:40:21,WhatsApp,Residencial,Varejo,Sul,iOS,Confirmacao_Protocolo,Resolvido_Bot,6,5,"21531,2"
CVX-002576,2026-03-20 19:53:39,App,Vida,Varejo,Sudeste,Android,Confirmacao_Protocolo,Resolvido_Bot,"5,4",5,"37578,81"
CVX-001254,2026-03-20 20:19:12,WhatsApp,Auto,Varejo,Sudeste,Android,Validacao_Apolice,Escalado_Humano,"37,4",5,
CVX-003057,2026-03-20 20:22:14,WhatsApp,Auto,Varejo,Centro-Oeste,iOS,Validacao_Apolice,Escalado_Humano,"50,5",3,
CVX-006783,2026-03-20 20:30:11,App,Residencial,Varejo,Nordeste,Android,Coleta_Dados_Sinistro,Abandonado,,,"5459,81"
CVX-006832,2026-03-20 20:33:13,WhatsApp,Vida,Premium,Nordeste,Android,Validacao_Apolice,Escalado_Humano,"27,7",4,
CVX-004748,2026-03-20 20:35:34,WhatsApp,Auto,Varejo,Sudeste,Android,Confirmacao_Protocolo,Resolvido_bot ,"9,7",4,"16945,99"
CVX-001961,2026-03-20 20:37:48,WhatsApp,Auto,Varejo,Centro-Oeste,Android,Confirmacao_Protocolo,Resolvido_Bot,15,4,"7492,42"
CVX-003467,2026-03-20 20:58:24,WhatsApp,Residencial,Varejo,Centro-Oeste,iOS,Confirmacao_Protocolo,Resolvido_Bot,"16,8",4,"16670,49"
CVX-003037,2026-03-20 20:59:26,WhatsApp,Auto,Varejo,Nordeste,Android,Validacao_Apolice,Abandonado,,,
CVX-004323,2026-03-20 21:17:24,WhatsApp,Auto,Corporativo,Sul,Android,Confirmacao_Protocolo,Resolvido_Bot,"7,3",4,"12860,62"
CVX-001254,2026-03-20 22:05:12,WhatsApp,Auto,Varejo,Sudeste,Android,Confirmacao_Protocolo,Resolvido_Bot,"37,4",5,
CVX-005302,2026-03-20 22:26:46,WhatsApp,Residencial,Varejo,Sudeste,Android,Upload_Fotos_Documentos,Abandonado,,,"13148,57"
CVX-003037,2026-03-20 22:43:26,WhatsApp,Auto,Varejo,Nordeste,Android,Validacao_Apolice,Abandonado,,,
CVX-003057,2026-03-20 23:41:14,WhatsApp,Auto,Varejo,Centro-Oeste,iOS,Validacao_Apolice,Escalado_Humano,"50,5",3,
CVX-006832,2026-03-20 23:49:13,WhatsApp,Vida,Premium,Nordeste,Android,Validacao_Apolice,Escalado_Humano,"27,7",4,
CVX-003559,2026-03-21 8:11:41,WhatsApp,Residencial,Premium,Sudeste,Android,Confirmacao_Protocolo,Resolvido_Bot,"2,9",4,"6932,43"
CVX-002271,2026-03-21 8:51:39,WhatsApp,Auto,Varejo,Sul,Android,Confirmacao_Protocolo,Resolvido_Bot,"7,6",5,"11424,61"
CVX-005236,2026-03-21 8:55:22,WhatsApp,Residencial,Varejo,Sul,iOS,Upload_Fotos_Documentos,Abandonado,,,"26729,09"
CVX-002524,2026-03-21 9:05:07,WhatsApp,Auto,Premium,Sul,iOS,Confirmacao_Protocolo,Resolvido_Bot,"8,9",3,"10972,35"
CVX-001064,2026-03-21 9:07:57,WhatsApp,Auto,Varejo,Sudeste,Android,Confirmacao_Protocolo,Resolvido_Bot,15,4,300
CVX-001064,2026-03-21 9:20:57,WhatsApp,Auto,Varejo,Sudeste,Android,Confirmacao_Protocolo,Resolvido_Bot,15,4,300
CVX-006189,2026-03-21 9:30:07,WhatsApp,Vida,Varejo,Sudeste,Android,Confirmacao_Protocolo,Resolvido_Bot,"14,8",,"36727,32"
CVX-002271,2026-03-21 9:34:39,WhatsApp,Auto,Varejo,Sul,Android,Confirmacao_Protocolo,resolvido_bot,"7,6",5,"11424,61"
CVX-006189,2026-03-21 10:01:07,WhatsApp,Vida,Varejo,Sudeste,Android,Confirmacao_Protocolo,resolvido_bot,"14,8",,"36727,32"
CVX-002455,2026-03-21 10:02:10,App,Residencial,Varejo,Sudeste,Android,Coleta_Dados_Sinistro,Abandonado,,,"12729,1"
CVX-003287,2026-03-21 10:29:11,WhatsApp,Auto,Varejo,Sul,iOS,Validacao_Apolice,Escalado_Humano,"28,6",3,
CVX-002248,2026-03-21 10:32:23,WhatsApp,Auto,Premium,Sudeste,Android,Confirmacao_Protocolo,Resolvido_Bot,"6,2",,"7516,95"
CVX-005615,2026-03-21 10:39:05,WhatsApp,Auto,Varejo,Nordeste,iOS,Confirmacao_Protocolo,Resolvido_Bot,"15,8",5,"11522,21"
CVX-005236,2026-03-21 11:01:22,WhatsApp,Residencial,Varejo,Sul,iOS,Upload_Fotos_Documentos,Abandonado,,,"26729,09"
CVX-003559,2026-03-21 11:07:41,WhatsApp,Residencial,Premium,Sudeste,Android,Confirmacao_Protocolo,Resolvido_Bot,"2,9",4,"6932,43"
CVX-004626,2026-03-21 11:18:08,WhatsApp,Auto,Varejo,Sudeste,Android,Upload_Fotos_Documentos,Abandonado,,,"16880,13"
CVX-003832,2026-03-21 11:25:52,WhatsApp,Auto,Varejo,Centro-Oeste,Android,Confirmacao_Protocolo,Resolvido_Bot,"3,9",5,"9462,11"
CVX-006702,2026-03-21 11:25:55,WhatsApp,Residencial,Varejo,Nordeste,Android,Confirmacao_Protocolo,Resolvido_Bot,"14,4",,"9760,85"
CVX-005615,2026-03-21 11:45:05,WhatsApp,Auto,Varejo,Nordeste,iOS,Confirmacao_Protocolo,Resolvido_Bot,"15,8",5,"11522,21"
CVX-004601,2026-03-21 11:48:24,WhatsApp,Residencial,Premium,Sul,Android,Confirmacao_Protocolo,Resolvido_Bot,"8,1",,"15476,74"
CVX-005067,2026-03-21 11:55:02,WhatsApp,Auto,Varejo,Sul,Android,Confirmacao_Protocolo,Resolvido_Bot,"10,4",5,"12580,37"
CVX-001800,2026-03-21 11:57:57,WhatsApp,Vida,Varejo,Sudeste,Android,Inicio_Saudacao,Abandonado,,,
CVX-006715,2026-03-21 12:05:44,WhatsApp,Residencial,Varejo,Sudeste,iOS,Confirmacao_Protocolo,RESOLVIDO_BOT,"11,3",4,"12968,72"
CVX-006702,2026-03-21 12:11:55,WhatsApp,Residencial,Varejo,Nordeste,Android,Confirmacao_Protocolo,Resolvido_Bot,"14,4",,"9760,85"
CVX-002899,2026-03-21 12:15:58,WhatsApp,Auto,Varejo,Nordeste,Android,Upload_Fotos_Documentos,Abandonado,,,"3138,58"
CVX-003287,2026-03-21 12:37:11,WhatsApp,Auto,Varejo,Sul,iOS,Validacao_Apolice,Escalado_Humano,"28,6",3,
CVX-001802,2026-03-21 12:39:59,WhatsApp,Vida,Varejo,Sudeste,iOS,Coleta_Dados_Sinistro,Escalado_Humano,"50,4",3,"63726,08"
CVX-003822,2026-03-21 12:47:27,WhatsApp,Auto,Varejo,Centro-Oeste,Android,Validacao_Apolice,Escalado_Humano,"41,7",4,
CVX-006715,2026-03-21 13:01:44,WhatsApp,Residencial,Varejo,Sudeste,iOS,Confirmacao_Protocolo,Resolvido_Bot,"11,3",4,"12968,72"
CVX-006014,2026-03-21 13:08:42,WhatsApp,Auto,Premium,Sudeste,Android,Validacao_Apolice,Escalado_Humano,"47,6",4,
CVX-000120,2026-03-21 13:17:10,WhatsApp,Auto,Varejo,Nordeste,Android,Upload_Fotos_Documentos,Abandonado,,,"7909,47"
CVX-002248,2026-03-21 13:33:23,WhatsApp,Auto,Premium,Sudeste,Android,Confirmacao_Protocolo,Resolvido_Bot,"6,2",,"7516,95"
CVX-003830,2026-03-21 13:36:25,WhatsApp,Auto,Varejo,Sul,iOS,Confirmacao_Protocolo,Resolvido_Bot,"9,5",,"9348,37"
CVX-004310,2026-03-21 14:06:36,WhatsApp,Auto,Varejo,Sudeste,iOS,Coleta_Dados_Sinistro,Escalado_Humano,"36,9",,"12166,09"
CVX-000645,2026-03-21 14:17:41,WhatsApp,Residencial,Varejo,Nordeste,Android,Confirmacao_Protocolo,resolvido_bot,"9,3",,"14481,82"
CVX-005908,2026-03-21 14:19:26,WhatsApp,Auto,Premium,Nordeste,iOS,Coleta_Dados_Sinistro,ESCALADO HUMANO,"54,6",3,"11250,71"
CVX-002899,2026-03-21 14:44:58,WhatsApp,Auto,Varejo,Nordeste,Android,Upload_Fotos_Documentos,Abandonado,,,"3138,58"
CVX-000819,2026-03-21 14:46:08,WhatsApp,Auto,Corporativo,Norte,iOS,Upload_Fotos_Documentos,Abandonado,,,"7732,66"
CVX-004601,2026-03-21 14:56:24,WhatsApp,Residencial,Premium,Sul,Android,Confirmacao_Protocolo,Resolvido_Bot,"8,1",,"15476,74"
CVX-005908,2026-03-21 14:56:26,WhatsApp,Auto,Premium,Nordeste,iOS,Confirmacao_Protocolo,Resolvido_Bot,"54,6",3,"11250,71"
CVX-005548,2026-03-21 15:04:47,WhatsApp,Auto,Corporativo,Sudeste,Android,Validacao_Apolice,Escalado_Humano,"31,2",4,
CVX-006890,2026-03-21 15:04:55,App,Auto,Varejo,Sudeste,iOS,Analise_Automatica,Escalado_Humano,"23,3",,"9466,65"
CVX-001802,2026-03-21 15:26:59,WhatsApp,Vida,Varejo,Sudeste,iOS,Coleta_Dados_Sinistro,Escalado_Humano,"50,4",3,"63726,08"
CVX-001800,2026-03-21 15:27:57,WhatsApp,Vida,Varejo,Sudeste,Android,Confirmacao_Protocolo,Resolvido_Bot,,,
CVX-001513,2026-03-21 15:35:11,App,Residencial,Premium,Sudeste,iOS,Confirmacao_Protocolo,Resolvido_Bot,"12,6",4,"21353,79"
CVX-004132,2026-03-21 15:50:26,WhatsApp,Auto,Varejo,Centro-Oeste,Android,Confirmacao_Protocolo,Resolvido_Bot,"6,3",5,"11342,2"
CVX-000819,2026-03-21 16:00:08,WhatsApp,Auto,Corporativo,Norte,iOS,Upload_Fotos_Documentos,Abandonado,,,"7732,66"
CVX-005121,2026-03-21 16:06:39,App,Residencial,Varejo,Norte,Android,Validacao_Apolice,Escalado_Humano,"34,3",5,
CVX-004310,2026-03-21 16:18:36,WhatsApp,Auto,Varejo,Sudeste,iOS,Confirmacao_Protocolo,Resolvido_Bot,"36,9",,"12166,09"
CVX-002871,2026-03-21 16:27:29,WhatsApp,Residencial,Varejo,Sul,iOS,Validacao_Apolice,Escalado_Humano,"61,5",,
CVX-005141,2026-03-21 16:37:10,WhatsApp,Residencial,Varejo,Sul,Android,Confirmacao_Protocolo,Resolvido_Bot,"2,1",4,"6756,02"
CVX-000991,2026-03-21 16:43:51,WhatsApp,Auto,Premium,Nordeste,Android,Validacao_Apolice,Escalado_Humano,"38,7",5,
CVX-006891,2026-03-21 17:01:40,WhatsApp,Auto,Varejo,Nordeste,Android,Confirmacao_Protocolo,Resolvido_Bot,"10,9",4,"18247,85"
CVX-005645,2026-03-21 17:06:30,WhatsApp,Residencial,Premium,Nordeste,Android,Confirmacao_Protocolo,Resolvido_Bot,"6,7",3,300
CVX-006077,2026-03-21 17:09:34,WhatsApp,Auto,Varejo,Nordeste,Android,Confirmacao_Protocolo,resolvido_bot,12,,"2019,55"
CVX-006890,2026-03-21 17:14:55,App,Auto,Varejo,Sudeste,iOS,Analise_Automatica,escalado_humano,"23,3",,"9466,65"
CVX-003830,2026-03-21 17:28:25,WhatsApp,Auto,Varejo,Sul,iOS,Confirmacao_Protocolo,Resolvido_Bot,"9,5",,"9348,37"
CVX-004970,2026-03-21 17:43:54,WhatsApp,Auto,Varejo,Centro-Oeste,iOS,Upload_Fotos_Documentos,Abandonado,,,"10893,14"
CVX-000498,2026-03-21 18:13:40,WhatsApp,Residencial,Varejo,Centro-Oeste,iOS,Confirmacao_Protocolo,Resolvido_Bot,"8,2",5,"22408,86"
CVX-002871,2026-03-21 18:15:29,WhatsApp,Residencial,Varejo,Sul,iOS,Validacao_Apolice,Escalado_Humano,"61,5",,
CVX-005796,2026-03-21 18:21:25,WhatsApp,Residencial,Varejo,Nordeste,Android,Coleta_Dados_Sinistro,Abandonado,,,"12468,98"
CVX-001449,2026-03-21 18:22:00,WhatsApp,Auto,Varejo,Nordeste,Android,Confirmacao_Protocolo,Resolvido_Bot,"10,1",4,"10384,74"
CVX-001846,2026-03-21 18:34:39,WhatsApp,Auto,Premium,Sudeste,Android,Confirmacao_Protocolo,Resolvido_Bot,"6,7",5,"9683,69"
CVX-001846,2026-03-21 18:49:39,WhatsApp,Auto,Premium,Sudeste,Android,Confirmacao_Protocolo,Resolvido_Bot,"6,7",5,"9683,69"
CVX-005548,2026-03-21 18:57:47,WhatsApp,Auto,Corporativo,Sudeste,Android,Confirmacao_Protocolo,Resolvido_Bot,"31,2",4,
CVX-005172,2026-03-21 19:06:13,WhatsApp,Auto,Premium,Nordeste,Android,Confirmacao_Protocolo,Resolvido_Bot,"10,2",5,"15797,11"
CVX-006891,2026-03-21 19:06:40,WhatsApp,Auto,Varejo,Nordeste,Android,Confirmacao_Protocolo,Resolvido_Bot,"10,9",4,"18247,85"
CVX-000991,2026-03-21 19:11:51,WhatsApp,Auto,Premium,Nordeste,Android,Validacao_Apolice,Escalado_Humano,"38,7",5,
CVX-005796,2026-03-21 19:17:25,WhatsApp,Residencial,Varejo,Nordeste,Android,Confirmacao_Protocolo,Resolvido_bot ,,,"12468,98"
CVX-002797,2026-03-21 19:20:08,WhatsApp,Auto,Premium,Sudeste,iOS,Upload_Fotos_Documentos,Abandonado,,,"5973,96"
CVX-006645,2026-03-21 19:21:07,WhatsApp,Auto,Varejo,Sudeste,Android,Confirmacao_Protocolo,Resolvido_Bot,"7,3",,"10780,99"
CVX-006576,2026-03-21 19:35:32,WhatsApp,Residencial,Varejo,Sudeste,iOS,Analise_Automatica,Escalado_Humano,"60,7",3,"3430,25"
CVX-005504,2026-03-21 19:35:33,WhatsApp,Auto,Varejo,Sudeste,Android,Confirmacao_Protocolo,Resolvido_Bot,"9,8",5,"7712,69"
CVX-006719,2026-03-21 19:39:07,WhatsApp,Auto,Premium,Sudeste,iOS,Confirmacao_Protocolo,Resolvido_Bot,"5,2",4,"7958,93"
CVX-006392,2026-03-21 19:58:20,WhatsApp,Auto,Varejo,Sudeste,iOS,Confirmacao_Protocolo,Resolvido_Bot,"7,1",3,"9257,86"
CVX-006986,2026-03-21 20:21:04,WhatsApp,Auto,Premium,Sudeste,Android,Confirmacao_Protocolo,Resolvido_Bot,"9,5",5,"3832,99"
CVX-001449,2026-03-21 20:27:00,WhatsApp,Auto,Varejo,Nordeste,Android,Confirmacao_Protocolo,Resolvido_Bot,"10,1",4,"10384,74"
CVX-004971,2026-03-21 20:40:49,WhatsApp,Auto,Corporativo,Sudeste,Android,Upload_Fotos_Documentos,Abandonado,,,"11124,51"
CVX-005969,2026-03-21 20:50:41,WhatsApp,Residencial,Varejo,Sudeste,Android,Confirmacao_Protocolo,Resolvido_Bot,"7,4",3,"8916,23"
CVX-004098,2026-03-21 20:53:58,WhatsApp,Auto,Varejo,Norte,Android,Confirmacao_Protocolo,Resolvido_Bot,"5,6",5,1231
CVX-006719,2026-03-21 20:57:07,WhatsApp,Auto,Premium,Sudeste,iOS,Confirmacao_Protocolo,Resolvido_Bot,"5,2",4,"7958,93"
CVX-003621,2026-03-21 20:57:29,WhatsApp,Auto,Premium,Sudeste,Android,Validacao_Apolice,Escalado_Humano,"41,7",3,
CVX-005504,2026-03-21 20:58:33,WhatsApp,Auto,Varejo,Sudeste,Android,Confirmacao_Protocolo,Resolvido_Bot,"9,8",5,"7712,69"
CVX-000498,2026-03-21 21:07:40,WhatsApp,Residencial,Varejo,Centro-Oeste,iOS,Confirmacao_Protocolo,Resolvido_Bot,"8,2",5,"22408,86"
CVX-006986,2026-03-21 21:40:04,WhatsApp,Auto,Premium,Sudeste,Android,Confirmacao_Protocolo,Resolvido_Bot,"9,5",5,"3832,99"
CVX-006645,2026-03-21 21:58:07,WhatsApp,Auto,Varejo,Sudeste,Android,Confirmacao_Protocolo,Resolvido_Bot,"7,3",,"10780,99"
CVX-006576,2026-03-21 22:42:32,WhatsApp,Residencial,Varejo,Sudeste,iOS,Analise_Automatica,Escalado_Humano,"60,7",3,"3430,25"
CVX-004098,2026-03-21 22:54:58,WhatsApp,Auto,Varejo,Norte,Android,Confirmacao_Protocolo,Resolvido_Bot,"5,6",5,1231
CVX-006838,2026-03-22 8:13:55,WhatsApp,Residencial,Varejo,Sul,Android,Confirmacao_Protocolo,Resolvido_Bot,"4,3",4,"12156,64"
CVX-000329,2026-03-22 8:16:30,WhatsApp,Auto,Varejo,Centro-Oeste,iOS,Upload_Fotos_Documentos,Abandonado,,,"12193,4"
CVX-000564,2026-03-22 9:06:58,WhatsApp,Auto,Varejo,Sudeste,Android,Confirmacao_Protocolo,Resolvido_Bot,"17,1",4,"1825,23"
CVX-003040,2026-03-22 9:22:25,App,Auto,Varejo,Sudeste,iOS,Validacao_Apolice,Escalado_Humano,"60,1",3,
CVX-005871,2026-03-22 9:27:54,WhatsApp,Auto,Premium,Sudeste,Android,Validacao_Apolice,Escalado_Humano,"47,3",3,
CVX-002783,2026-03-22 9:29:04,App,Residencial,Varejo,Sudeste,Android,Confirmacao_Protocolo,Resolvido_Bot,"6,5",4,"10480,06"
CVX-000329,2026-03-22 9:38:30,WhatsApp,Auto,Varejo,Centro-Oeste,iOS,Upload_Fotos_Documentos,Abandonado,,,"12193,4"
CVX-005025,2026-03-22 9:44:22,WhatsApp,Residencial,Varejo,Nordeste,iOS,Upload_Fotos_Documentos,Abandonado,,,"2213,8"
CVX-005306,2026-03-22 10:07:10,WhatsApp,Auto,Varejo,Sudeste,iOS,Confirmacao_Protocolo,Resolvido_Bot,"6,9",5,"1150,1"
CVX-001882,2026-03-22 10:10:47,WhatsApp,Vida,Varejo,Nordeste,Android,Confirmacao_Protocolo,Resolvido_Bot,"8,8",4,"46563,22"
CVX-000440,2026-03-22 10:32:36,App,Residencial,Varejo,Centro-Oeste,iOS,Coleta_Dados_Sinistro,Escalado_Humano,"22,8",,"13513,49"
CVX-001079,2026-03-22 10:36:55,WhatsApp,Vida,Corporativo,Sudeste,Android,Validacao_Apolice,Escalado_Humano,"65,9",3,
CVX-002429,2026-03-22 11:00:57,WhatsApp,Residencial,Corporativo,Sudeste,iOS,Validacao_Apolice,Escalado_Humano,"28,7",3,
CVX-003040,2026-03-22 11:02:25,App,Auto,Varejo,Sudeste,iOS,Validacao_Apolice,Escalado_Humano,"60,1",3,
CVX-004932,2026-03-22 11:03:46,WhatsApp,Vida,Varejo,Centro-Oeste,Android,Coleta_Dados_Sinistro,Escalado_Humano,48,3,"32720,69"
CVX-001746,2026-03-22 11:23:49,WhatsApp,Auto,Varejo,Nordeste,iOS,Confirmacao_Protocolo,Resolvido_Bot,"5,4",5,"2895,67"
CVX-000065,2026-03-22 11:28:11,WhatsApp,Residencial,Premium,Sul,Android,Validacao_Apolice,Escalado_Humano,"51,8",2,
CVX-000564,2026-03-22 11:39:58,WhatsApp,Auto,Varejo,Sudeste,Android,Confirmacao_Protocolo,Resolvido_Bot,"17,1",4,"1825,23"
CVX-005596,2026-03-22 11:43:39,WhatsApp,Vida,Premium,Sudeste,Android,Confirmacao_Protocolo,Resolvido_Bot,"9,7",,"38000,94"
CVX-001498,2026-03-22 11:44:30,WhatsApp,Auto,Varejo,Sudeste,iOS,Confirmacao_Protocolo,Resolvido_Bot,"11,2",,"9453,66"
CVX-004482,2026-03-22 11:50:25,WhatsApp,Auto,Premium,Sudeste,iOS,Analise_Automatica,Escalado_Humano,46,4,"8464,73"
CVX-000391,2026-03-22 11:59:09,WhatsApp,Auto,Varejo,Sudeste,Android,Upload_Fotos_Documentos,abandono,,,"8875,47"
CVX-000096,2026-03-22 12:14:07,WhatsApp,Auto,Premium,Nordeste,Android,Confirmacao_Protocolo,Resolvido_Bot,"13,3",5,"11160,19"
CVX-004932,2026-03-22 12:18:46,WhatsApp,Vida,Varejo,Centro-Oeste,Android,Coleta_Dados_Sinistro,Escalado_Humano,48,3,"32720,69"
CVX-003808,2026-03-22 12:28:41,App,Auto,Premium,Sudeste,iOS,Confirmacao_Protocolo,Resolvido_Bot,"9,1",5,"4775,19"
CVX-005322,2026-03-22 12:41:33,WhatsApp,Residencial,Varejo,Sul,Android,Upload_Fotos_Documentos,Abandonado,,,"21060,55"
CVX-000479,2026-03-22 12:52:08,WhatsApp,Vida,Premium,Sudeste,Android,Validacao_Apolice,Escalado_Humano,"22,1",4,
CVX-001079,2026-03-22 13:00:55,WhatsApp,Vida,Corporativo,Sudeste,Android,Validacao_Apolice,Escalado_Humano,"65,9",3,
CVX-000440,2026-03-22 13:09:36,App,Residencial,Varejo,Centro-Oeste,iOS,Confirmacao_Protocolo,Resolvido_Bot,"22,8",,"13513,49"
CVX-001379,2026-03-22 13:16:57,WhatsApp,Auto,Varejo,Nordeste,iOS,Confirmacao_Protocolo,Resolvido_Bot,"9,3",5,"9382,56"
CVX-004482,2026-03-22 13:17:25,WhatsApp,Auto,Premium,Sudeste,iOS,Analise_Automatica,Escalado_Humano,46,4,"8464,73"
CVX-000391,2026-03-22 13:24:09,WhatsApp,Auto,Varejo,Sudeste,Android,Upload_Fotos_Documentos,Abandonado,,,"8875,47"
CVX-005322,2026-03-22 13:27:33,WhatsApp,Residencial,Varejo,Sul,Android,Confirmacao_Protocolo,Resolvido_Bot,,,"21060,55"
CVX-006795,2026-03-22 13:28:12,WhatsApp,Residencial,Premium,Sudeste,Android,Validacao_Apolice,Abandonado,,,
CVX-004987,2026-03-22 13:29:10,WhatsApp,Auto,Varejo,Sudeste,Android,Confirmacao_Protocolo,Resolvido_Bot,2,5,"3977,16"
CVX-005024,2026-03-22 13:40:16,WhatsApp,Auto,Varejo,Sul,iOS,Upload_Fotos_Documentos,Abandonado,,,"7840,43"
CVX-006954,2026-03-22 14:17:30,WhatsApp,Auto,Corporativo,Centro-Oeste,Android,Coleta_Dados_Sinistro,Escalado_Humano,"37,7",4,"10155,13"
CVX-006714,2026-03-22 14:18:31,App,Auto,Varejo,Sul,Android,Analise_Automatica,Abandonado,,,"7387,15"
CVX-000065,2026-03-22 14:19:11,WhatsApp,Residencial,Premium,Sul,Android,Validacao_Apolice,Escalado_Humano,"51,8",2,
CVX-003770,2026-03-22 14:29:46,WhatsApp,Auto,Corporativo,Sudeste,Android,Coleta_Dados_Sinistro,Escalado_Humano,"43,3",3,"14284,3"
CVX-005596,2026-03-22 14:44:39,WhatsApp,Vida,Premium,Sudeste,Android,Confirmacao_Protocolo,Resolvido_Bot,"9,7",,"38000,94"
CVX-000020,2026-03-22 14:52:04,App,Residencial,Premium,Sul,Android,Coleta_Dados_Sinistro,Escalado_Humano,"21,1",4,"16286,76"
CVX-006061,2026-03-22 14:56:52,WhatsApp,Auto,Varejo,Sudeste,iOS,Validacao_Apolice,Escalado_Humano,"38,3",3,
CVX-003808,2026-03-22 15:15:41,App,Auto,Premium,Sudeste,iOS,Confirmacao_Protocolo,Resolvido_Bot,"9,1",5,"4775,19"
CVX-000020,2026-03-22 15:21:04,App,Residencial,Premium,Sul,Android,Coleta_Dados_Sinistro,Escalado_Humano,"21,1",4,"16286,76"
CVX-001005,2026-03-22 15:26:18,App,Residencial,Varejo,Sul,iOS,Validacao_Apolice,Escalado_Humano,"33,9",5,
CVX-002043,2026-03-22 15:32:05,WhatsApp,Residencial,Varejo,Sudeste,Android,Confirmacao_Protocolo,Resolvido_bot ,"11,7",3,"22011,52"
CVX-001485,2026-03-22 15:40:06,WhatsApp,Residencial,Varejo,Sudeste,Android,Inicio_Saudacao,Abandonado,,,
CVX-004939,2026-03-22 15:42:54,App,Auto,Corporativo,Sudeste,Android,Confirmacao_Protocolo,Resolvido_Bot,"4,4",5,"6809,01"
CVX-001485,2026-03-22 15:59:06,WhatsApp,Residencial,Varejo,Sudeste,Android,Inicio_Saudacao,Abandonado,,,
CVX-000685,2026-03-22 16:12:42,WhatsApp,Residencial,Premium,Sul,Android,Upload_Fotos_Documentos,Abandonado,,,"14884,22"
CVX-005471,2026-03-22 16:16:45,WhatsApp,Auto,Varejo,Sudeste,iOS,Analise_Automatica,Abandonado,,,"12051,96"
CVX-006795,2026-03-22 16:20:12,WhatsApp,Residencial,Premium,Sudeste,Android,Confirmacao_Protocolo,Resolvido_Bot,,,
CVX-001496,2026-03-22 16:22:48,WhatsApp,Vida,Varejo,Sul,iOS,Confirmacao_Protocolo,Resolvido_Bot,"10,8",,"48071,16"
CVX-002530,2026-03-22 16:39:24,WhatsApp,Auto,Varejo,Sudeste,Android,Upload_Fotos_Documentos,Escalado_Humano,"35,1",3,"2377,78"
CVX-006954,2026-03-22 16:55:30,WhatsApp,Auto,Corporativo,Centro-Oeste,Android,Coleta_Dados_Sinistro,Escalado_Humano,"37,7",4,"10155,13"
CVX-004858,2026-03-22 16:57:09,WhatsApp,Auto,Varejo,Sudeste,Android,Coleta_Dados_Sinistro,Abandonado,,,"8018,73"
CVX-006714,2026-03-22 17:24:31,App,Auto,Varejo,Sul,Android,Analise_Automatica,Abandonado,,,"7387,15"
CVX-004939,2026-03-22 17:28:54,App,Auto,Corporativo,Sudeste,Android,Confirmacao_Protocolo,Resolvido_Bot,"4,4",5,"6809,01"
CVX-003116,2026-03-22 17:34:52,WhatsApp,Auto,Varejo,Norte,Android,Upload_Fotos_Documentos,Abandonado,,,"4642,93"
CVX-000685,2026-03-22 17:36:42,WhatsApp,Residencial,Premium,Sul,Android,Upload_Fotos_Documentos,Abandonado,,,"14884,22"
CVX-004870,2026-03-22 18:02:06,WhatsApp,Vida,Varejo,Sul,iOS,Validacao_Apolice,Escalado_Humano,"18,2",4,
CVX-000229,2026-03-22 18:06:09,WhatsApp,Vida,Varejo,Sudeste,Android,Validacao_Apolice,Escalado_Humano,35,3,
CVX-001773,2026-03-22 18:17:51,WhatsApp,Residencial,Varejo,Sudeste,Android,Confirmacao_Protocolo,Resolvido_Bot,"8,3",4,"4349,15"
CVX-002530,2026-03-22 18:33:24,WhatsApp,Auto,Varejo,Sudeste,Android,Upload_Fotos_Documentos,Escalado_Humano,"35,1",3,"2377,78"
CVX-005907,2026-03-22 18:45:55,WhatsApp,Residencial,Varejo,Sudeste,iOS,Confirmacao_Protocolo,Resolvido_Bot,"13,8",5,"18784,99"
CVX-000586,2026-03-22 18:46:33,App,Auto,Premium,Sudeste,iOS,Confirmacao_Protocolo,Resolvido_Bot,"10,9",2,"10954,53"
CVX-004935,2026-03-22 18:47:33,WhatsApp,Auto,Varejo,Norte,Android,Confirmacao_Protocolo,Resolvido_Bot,"9,8",5,"11534,74"
CVX-004935,2026-03-22 19:23:33,WhatsApp,Auto,Varejo,Norte,Android,Confirmacao_Protocolo,Resolvido_Bot,"9,8",5,"11534,74"
CVX-006346,2026-03-22 19:32:09,WhatsApp,Residencial,Varejo,Sudeste,iOS,Confirmacao_Protocolo,Resolvido_Bot,"11,4",4,"9683,38"
CVX-000598,2026-03-22 19:48:07,WhatsApp,Auto,Varejo,Sudeste,Android,Upload_Fotos_Documentos,Escalado_Humano,"24,3",3,"8668,33"
CVX-001284,2026-03-22 19:53:41,WhatsApp,Auto,Corporativo,Centro-Oeste,Android,Confirmacao_Protocolo,Resolvido_Bot,"9,3",3,"14405,29"
CVX-002634,2026-03-22 19:56:37,WhatsApp,Auto,Varejo,Sul,Android,Confirmacao_Protocolo,Resolvido_Bot,"6,9",,"6556,76"
CVX-001496,2026-03-22 20:13:48,WhatsApp,Vida,Varejo,Sul,iOS,Confirmacao_Protocolo,Resolvido_Bot,"10,8",,"48071,16"
CVX-000460,2026-03-22 20:51:09,App,Residencial,Varejo,Sul,Android,Confirmacao_Protocolo,Resolvido_Bot,"7,4",4,"12361,7"
CVX-006817,2026-03-22 20:59:55,WhatsApp,Residencial,Premium,Sudeste,iOS,Coleta_Dados_Sinistro,Escalado_Humano,"42,4",5,"14317,15"
CVX-000598,2026-03-22 21:09:07,WhatsApp,Auto,Varejo,Sudeste,Android,Upload_Fotos_Documentos,Escalado_Humano,"24,3",3,"8668,33"
CVX-006817,2026-03-22 22:18:55,WhatsApp,Residencial,Premium,Sudeste,iOS,Coleta_Dados_Sinistro,escalado_humano,"42,4",5,"14317,15"
CVX-000460,2026-03-22 23:41:09,App,Residencial,Varejo,Sul,Android,Confirmacao_Protocolo,Resolvido_Bot,"7,4",4,"12361,7"
CVX-001633,2026-03-23 8:07:49,WhatsApp,Residencial,Premium,Sudeste,iOS,Coleta_Dados_Sinistro,Escalado_Humano,"38,9",4,"24600,35"
CVX-006241,2026-03-23 8:14:13,WhatsApp,Vida,Varejo,Nordeste,iOS,Confirmacao_Protocolo,Resolvido_Bot,8,5,"60230,19"
CVX-006766,2026-03-23 8:17:00,WhatsApp,Auto,Premium,Sudeste,iOS,Confirmacao_Protocolo,Resolvido_Bot,"7,9",3,"5464,21"
CVX-006099,2026-03-23 8:27:45,WhatsApp,Residencial,Premium,Sudeste,Android,Validacao_Apolice,Escalado_Humano,"52,1",,
CVX-005742,2026-03-23 8:34:18,App,Auto,Varejo,Sudeste,Android,Confirmacao_Protocolo,Resolvido_Bot,"15,7",,"2816,43"
CVX-003286,2026-03-23 8:44:46,WhatsApp,Auto,Premium,Nordeste,Android,Confirmacao_Protocolo,Resolvido_Bot,"9,5",,"6457,35"
CVX-001931,2026-03-23 9:51:27,WhatsApp,Auto,Premium,Sudeste,Android,Confirmacao_Protocolo,Resolvido_Bot,"4,7",4,"5226,8"
CVX-001633,2026-03-23 10:48:49,WhatsApp,Residencial,Premium,Sudeste,iOS,Coleta_Dados_Sinistro,Escalado_Humano,"38,9",4,"24600,35"
CVX-004589,2026-03-23 10:50:42,WhatsApp,Auto,Varejo,Sudeste,Android,Coleta_Dados_Sinistro,Escalado_Humano,"21,3",3,"6574,26"
CVX-001931,2026-03-23 10:51:27,WhatsApp,Auto,Premium,Sudeste,Android,Confirmacao_Protocolo,Resolvido_Bot,"4,7",4,"5226,8"
CVX-004033,2026-03-23 10:53:17,WhatsApp,Residencial,Varejo,Centro-Oeste,iOS,Validacao_Apolice,Escalado_Humano,"30,4",4,
CVX-003286,2026-03-23 10:58:46,WhatsApp,Auto,Premium,Nordeste,Android,Confirmacao_Protocolo,Resolvido_Bot,"9,5",,"6457,35"
CVX-003105,2026-03-23 11:18:44,WhatsApp,Auto,Premium,Sudeste,iOS,Confirmacao_Protocolo,resolvido_bot,"8,9",,"14005,8"
CVX-006766,2026-03-23 11:21:00,WhatsApp,Auto,Premium,Sudeste,iOS,Confirmacao_Protocolo,RESOLVIDO_BOT,"7,9",3,"5464,21"
CVX-001092,2026-03-23 11:58:10,WhatsApp,Auto,Varejo,Sul,Android,Confirmacao_Protocolo,Resolvido_Bot,"14,5",3,"17162,9"
CVX-000534,2026-03-23 12:09:53,WhatsApp,Vida,Varejo,Sudeste,Android,Confirmacao_Protocolo,Resolvido_Bot,"9,7",5,"47362,64"
CVX-006573,2026-03-23 12:18:35,WhatsApp,Auto,Varejo,Sudeste,Android,Confirmacao_Protocolo,Resolvido_Bot,"12,8",3,"4818,01"
CVX-001775,2026-03-23 12:43:00,WhatsApp,Auto,Premium,Sul,Android,Coleta_Dados_Sinistro,Escalado_Humano,"42,1",4,"10065,98"
CVX-003842,2026-03-23 13:20:01,WhatsApp,Auto,Premium,Sudeste,Android,Confirmacao_Protocolo,Resolvido_Bot,"11,1",,"9562,82"
CVX-003504,2026-03-23 13:22:51,WhatsApp,Residencial,Varejo,Nordeste,Android,Confirmacao_Protocolo,Resolvido_Bot,"2,7",3,"18404,1"
CVX-003048,2026-03-23 13:24:01,WhatsApp,Auto,Varejo,Centro-Oeste,Android,Confirmacao_Protocolo,Resolvido_Bot,"13,2",,"13474,86"
CVX-006298,2026-03-23 13:25:17,WhatsApp,Residencial,Corporativo,Sudeste,iOS,Upload_Fotos_Documentos,abandono,,,"5866,93"
CVX-006573,2026-03-23 13:30:35,WhatsApp,Auto,Varejo,Sudeste,Android,Confirmacao_Protocolo,Resolvido_Bot,"12,8",3,"4818,01"
CVX-005314,2026-03-23 13:31:59,App,Residencial,Premium,Sudeste,Android,Validacao_Apolice,Escalado_Humano,"24,2",4,
CVX-001092,2026-03-23 13:35:10,WhatsApp,Auto,Varejo,Sul,Android,Confirmacao_Protocolo,RESOLVIDO_BOT,"14,5",3,"17162,9"
CVX-005623,2026-03-23 13:38:10,WhatsApp,Auto,Corporativo,Sudeste,Android,Upload_Fotos_Documentos,Abandonado,,,"12853,25"
CVX-003105,2026-03-23 14:19:44,WhatsApp,Auto,Premium,Sudeste,iOS,Confirmacao_Protocolo,Resolvido_Bot,"8,9",,"14005,8"
CVX-006298,2026-03-23 14:21:17,WhatsApp,Residencial,Corporativo,Sudeste,iOS,Upload_Fotos_Documentos,Abandonado,,,"5866,93"
CVX-004589,2026-03-23 14:26:42,WhatsApp,Auto,Varejo,Sudeste,Android,Confirmacao_Protocolo,Resolvido_Bot,"21,3",3,"6574,26"
CVX-005098,2026-03-23 14:49:33,WhatsApp,Vida,Corporativo,Norte,iOS,Validacao_Apolice,Escalado_Humano,"25,1",3,
CVX-002710,2026-03-23 14:49:51,App,Residencial,Varejo,Sudeste,Android,Confirmacao_Protocolo,Resolvido_Bot,"9,6",5,"24519,15"
CVX-001559,2026-03-23 14:50:42,WhatsApp,Auto,Corporativo,Sudeste,iOS,Validacao_Apolice,Escalado_Humano,"34,9",5,
CVX-006627,2026-03-23 14:58:41,WhatsApp,Auto,Varejo,Norte,Android,Upload_Fotos_Documentos,ABANDONADO ,,,"7157,61"
CVX-005361,2026-03-23 15:02:55,WhatsApp,Vida,Varejo,Sudeste,Android,Validacao_Apolice,Escalado_Humano,"28,3",4,
CVX-000997,2026-03-23 15:03:16,WhatsApp,Auto,Varejo,Nordeste,Android,Confirmacao_Protocolo,Resolvido_Bot,"6,3",5,"16005,25"
CVX-003721,2026-03-23 15:17:18,WhatsApp,Auto,Varejo,Sul,Android,Confirmacao_Protocolo,Resolvido_Bot,"7,5",2,"4525,23"
CVX-001848,2026-03-23 15:29:13,WhatsApp,Auto,Varejo,Sul,Android,Confirmacao_Protocolo,Resolvido_Bot,"10,1",,"8130,7"
CVX-000308,2026-03-23 15:31:16,WhatsApp,Residencial,Varejo,Nordeste,iOS,Confirmacao_Protocolo,Resolvido_Bot,"6,9",5,"21216,45"
CVX-005314,2026-03-23 15:38:59,App,Residencial,Premium,Sudeste,Android,Validacao_Apolice,Escalado_Humano,"24,2",4,
CVX-003629,2026-03-23 15:41:38,App,Auto,Varejo,Sudeste,Android,Confirmacao_Protocolo,Resolvido_Bot,"8,7",4,"7566,27"
CVX-000300,2026-03-23 15:48:41,App,Residencial,Varejo,Sul,Android,Coleta_Dados_Sinistro,Escalado_Humano,"63,7",3,"12997,69"
CVX-005458,2026-03-23 15:53:35,WhatsApp,Auto,Premium,Nordeste,Android,Confirmacao_Protocolo,Resolvido_Bot,"11,1",5,"11999,01"
CVX-006627,2026-03-23 16:25:41,WhatsApp,Auto,Varejo,Norte,Android,Upload_Fotos_Documentos,abandonado,,,"7157,61"
CVX-003273,2026-03-23 16:26:17,WhatsApp,Residencial,Varejo,Sudeste,Android,Confirmacao_Protocolo,Resolvido_Bot,"7,9",,"8870,41"
CVX-000997,2026-03-23 16:42:16,WhatsApp,Auto,Varejo,Nordeste,Android,Confirmacao_Protocolo,Resolvido_Bot,"6,3",5,"16005,25"
CVX-004623,2026-03-23 16:43:25,WhatsApp,Vida,Premium,Centro-Oeste,Android,Validacao_Apolice,Escalado_Humano,"33,2",3,
CVX-002510,2026-03-23 16:56:29,WhatsApp,Auto,Premium,Sudeste,iOS,Coleta_Dados_Sinistro,Abandonado,,,"6605,94"
CVX-003048,2026-03-23 17:12:01,WhatsApp,Auto,Varejo,Centro-Oeste,Android,Confirmacao_Protocolo,Resolvido_Bot,"13,2",,"13474,86"
CVX-003108,2026-03-23 17:13:56,App,Auto,Varejo,Sudeste,iOS,Validacao_Apolice,Escalado_Humano,"33,6",,
CVX-001559,2026-03-23 17:21:42,WhatsApp,Auto,Corporativo,Sudeste,iOS,Validacao_Apolice,Escalado_Humano,"34,9",5,
CVX-001224,2026-03-23 17:38:56,WhatsApp,Residencial,Premium,Sul,Android,Inicio_Saudacao,Abandonado,,,
CVX-004771,2026-03-23 17:43:37,WhatsApp,Auto,Premium,Nordeste,Android,Upload_Fotos_Documentos,Escalado_Humano,"52,3",3,"10482,3"
CVX-004740,2026-03-23 18:01:15,WhatsApp,Auto,Varejo,Sudeste,Android,Confirmacao_Protocolo,Resolvido_Bot,"8,6",4,12698
CVX-001865,2026-03-23 18:10:39,App,Auto,Varejo,Sudeste,Android,Validacao_Apolice,Escalado_Humano,"34,3",,
CVX-005863,2026-03-23 18:22:56,App,Residencial,Varejo,Nordeste,Android,Validacao_Apolice,Escalado_Humano,"30,4",5,
CVX-003146,2026-03-23 18:25:57,WhatsApp,Auto,Premium,Nordeste,iOS,Upload_Fotos_Documentos,Abandonado,,,"9150,32"
CVX-002453,2026-03-23 18:28:39,WhatsApp,Auto,Premium,Centro-Oeste,Android,Confirmacao_Protocolo,Resolvido_Bot,"7,9",3,"4642,73"
CVX-000013,2026-03-23 18:51:57,WhatsApp,Residencial,Premium,Sul,Android,Upload_Fotos_Documentos,Escalado_Humano,"47,5",2,"23792,59"
CVX-001704,2026-03-23 18:55:00,App,Residencial,Varejo,Nordeste,Android,Confirmacao_Protocolo,Resolvido_Bot,"8,7",5,"6174,12"
CVX-005956,2026-03-23 18:55:33,WhatsApp,Auto,Varejo,Sudeste,Android,Confirmacao_Protocolo,Resolvido_Bot,"10,4",,"4764,3"
CVX-000300,2026-03-23 18:58:41,App,Residencial,Varejo,Sul,Android,Coleta_Dados_Sinistro,Escalado_Humano,"63,7",3,"12997,69"
CVX-002553,2026-03-23 19:01:25,WhatsApp,Residencial,Varejo,Sudeste,iOS,Coleta_Dados_Sinistro,Escalado_Humano,"44,8",,"16886,17"
CVX-004165,2026-03-23 19:05:30,WhatsApp,Auto,Premium,Sudeste,iOS,Upload_Fotos_Documentos,Abandonado,,,"8986,48"
CVX-002836,2026-03-23 19:08:19,WhatsApp,Residencial,Varejo,Centro-Oeste,Android,Confirmacao_Protocolo,Resolvido_Bot,"9,8",4,"15871,71"
CVX-003108,2026-03-23 19:09:56,App,Auto,Varejo,Sudeste,iOS,Validacao_Apolice,Escalado_Humano,"33,6",,
CVX-005426,2026-03-23 19:10:24,App,Auto,Varejo,Sudeste,Android,Validacao_Apolice,Escalado_Humano,"52,2",3,
CVX-006362,2026-03-23 19:20:58,App,Auto,Varejo,Nordeste,iOS,Confirmacao_Protocolo,Resolvido_Bot,"11,4",2,"16429,66"
CVX-002453,2026-03-23 19:21:39,WhatsApp,Auto,Premium,Centro-Oeste,Android,Confirmacao_Protocolo,Resolvido_Bot,"7,9",3,"4642,73"
CVX-005956,2026-03-23 19:30:33,WhatsApp,Auto,Varejo,Sudeste,Android,Confirmacao_Protocolo,Resolvido_Bot,"10,4",,"4764,3"
CVX-006144,2026-03-23 19:47:39,WhatsApp,Auto,Premium,Sudeste,Android,Confirmacao_Protocolo,Resolvido_Bot,"3,8",,"11758,32"
CVX-005458,2026-03-23 19:51:35,WhatsApp,Auto,Premium,Nordeste,Android,Confirmacao_Protocolo,Resolvido_Bot,"11,1",5,"11999,01"
CVX-002553,2026-03-23 19:56:25,WhatsApp,Residencial,Varejo,Sudeste,iOS,Coleta_Dados_Sinistro,Escalado_Humano,"44,8",,"16886,17"
CVX-006132,2026-03-23 20:00:57,WhatsApp,Residencial,Corporativo,Nordeste,iOS,Confirmacao_Protocolo,Resolvido_Bot,"13,1",4,"24722,51"
CVX-005863,2026-03-23 20:08:56,App,Residencial,Varejo,Nordeste,Android,Validacao_Apolice,Escalado_Humano,"30,4",5,
CVX-006935,2026-03-23 20:16:43,WhatsApp,Auto,Varejo,Nordeste,Android,Analise_Automatica,Abandonado,,,"6626,21"
CVX-001751,2026-03-23 20:24:22,WhatsApp,Auto,Varejo,Sul,Android,Confirmacao_Protocolo,Resolvido_Bot,"4,4",,"2698,29"
CVX-002532,2026-03-23 20:32:20,WhatsApp,Auto,Varejo,Sudeste,iOS,Confirmacao_Protocolo,Resolvido_Bot,"16,2",3,"3707,09"
CVX-001662,2026-03-23 20:34:22,WhatsApp,Residencial,Varejo,Sudeste,iOS,Confirmacao_Protocolo,Resolvido_Bot,"7,6",,"19286,05"
CVX-006935,2026-03-23 20:46:43,WhatsApp,Auto,Varejo,Nordeste,Android,Analise_Automatica,Abandonado,,,"6626,21"
CVX-001704,2026-03-23 20:58:00,App,Residencial,Varejo,Nordeste,Android,Confirmacao_Protocolo,Resolvido_Bot,"8,7",5,"6174,12"
CVX-004740,2026-03-23 21:06:15,WhatsApp,Auto,Varejo,Sudeste,Android,Confirmacao_Protocolo,resolvido_bot,"8,6",4,12698
CVX-006362,2026-03-23 21:16:58,App,Auto,Varejo,Nordeste,iOS,Confirmacao_Protocolo,Resolvido_Bot,"11,4",2,"16429,66"
CVX-006144,2026-03-23 21:24:39,WhatsApp,Auto,Premium,Sudeste,Android,Confirmacao_Protocolo,Resolvido_Bot,"3,8",,"11758,32"
CVX-002532,2026-03-23 22:05:20,WhatsApp,Auto,Varejo,Sudeste,iOS,Confirmacao_Protocolo,Resolvido_Bot,"16,2",3,"3707,09"
CVX-006132,2026-03-23 22:39:57,WhatsApp,Residencial,Corporativo,Nordeste,iOS,Confirmacao_Protocolo,Resolvido_Bot,"13,1",4,"24722,51"
CVX-005426,2026-03-23 22:46:24,App,Auto,Varejo,Sudeste,Android,Validacao_Apolice,Escalado_Humano,"52,2",3,
CVX-001751,2026-03-23 23:01:22,WhatsApp,Auto,Varejo,Sul,Android,Confirmacao_Protocolo,Resolvido_Bot,"4,4",,"2698,29"
CVX-001662,2026-03-24 0:02:22,WhatsApp,Residencial,Varejo,Sudeste,iOS,Confirmacao_Protocolo,Resolvido_Bot,"7,6",,"19286,05"
CVX-001493,2026-03-24 8:02:55,WhatsApp,Residencial,Varejo,Nordeste,Android,Validacao_Apolice,Abandonado,,,
CVX-004780,2026-03-24 8:10:04,App,Vida,Varejo,Sudeste,iOS,Validacao_Apolice,Escalado_Humano,"42,7",3,
CVX-003053,2026-03-24 8:28:58,WhatsApp,Auto,Varejo,Sul,iOS,Validacao_Apolice,Escalado_Humano,31,5,
CVX-002997,2026-03-24 8:38:52,WhatsApp,Vida,Varejo,Sudeste,iOS,Coleta_Dados_Sinistro,Escalado_Humano,"55,4",3,"47182,13"
CVX-003204,2026-03-24 8:39:27,WhatsApp,Residencial,Varejo,Sudeste,Android,Confirmacao_Protocolo,Resolvido_Bot,"7,5",5,"11864,67"
CVX-004027,2026-03-24 8:49:03,App,Auto,Varejo,Sul,Android,Confirmacao_Protocolo,Resolvido_Bot,"6,5",,"10937,41"
CVX-001129,2026-03-24 9:08:02,WhatsApp,Auto,Varejo,Nordeste,iOS,Upload_Fotos_Documentos,ABANDONADO ,,,"1995,28"
CVX-003400,2026-03-24 9:28:02,WhatsApp,Auto,Varejo,Sudeste,iOS,Confirmacao_Protocolo,Resolvido_Bot,"8,2",5,"12736,86"
CVX-002230,2026-03-24 9:38:57,WhatsApp,Residencial,Varejo,Centro-Oeste,iOS,Confirmacao_Protocolo,Resolvido_Bot,"8,2",,"13363,15"
CVX-006166,2026-03-24 9:43:11,WhatsApp,Auto,Premium,Sudeste,Android,Inicio_Saudacao,Abandonado,,,
CVX-004780,2026-03-24 9:46:04,App,Vida,Varejo,Sudeste,iOS,Validacao_Apolice,Escalado_Humano,"42,7",3,
CVX-000493,2026-03-24 9:51:02,WhatsApp,Residencial,Varejo,Nordeste,Android,Confirmacao_Protocolo,Resolvido_Bot,"7,1",,"6325,61"
CVX-001465,2026-03-24 9:56:55,WhatsApp,Auto,Premium,Sudeste,Android,Confirmacao_Protocolo,Resolvido_Bot,"8,6",4,"7820,05"
CVX-001493,2026-03-24 9:58:55,WhatsApp,Residencial,Varejo,Nordeste,Android,Validacao_Apolice,ABANDONADO ,,,
CVX-002906,2026-03-24 9:59:17,WhatsApp,Vida,Varejo,Nordeste,Android,Confirmacao_Protocolo,Resolvido_Bot,"12,5",5,"59874,6"
CVX-004027,2026-03-24 10:05:03,App,Auto,Varejo,Sul,Android,Confirmacao_Protocolo,Resolvido_Bot,"6,5",,"10937,41"
CVX-000122,2026-03-24 10:13:01,WhatsApp,Auto,Varejo,Sudeste,iOS,Coleta_Dados_Sinistro,Escalado_Humano,"50,6",4,"3314,51"
CVX-002837,2026-03-24 10:20:09,WhatsApp,Auto,Varejo,Centro-Oeste,Android,Confirmacao_Protocolo,Resolvido_Bot,"8,2",,"9207,71"
CVX-005939,2026-03-24 10:29:30,WhatsApp,Auto,Premium,Sudeste,iOS,Confirmacao_Protocolo,Resolvido_Bot,"10,4",,"8812,87"
CVX-005008,2026-03-24 10:41:13,WhatsApp,Residencial,Varejo,Sudeste,iOS,Validacao_Apolice,Abandonado,,,
CVX-004533,2026-03-24 10:48:30,WhatsApp,Vida,Premium,Sudeste,iOS,Confirmacao_Protocolo,Resolvido_Bot,"7,7",4,"26348,32"
CVX-002906,2026-03-24 11:14:17,WhatsApp,Vida,Varejo,Nordeste,Android,Confirmacao_Protocolo,Resolvido_Bot,"12,5",5,"59874,6"
CVX-001162,2026-03-24 11:21:39,WhatsApp,Auto,Premium,Sudeste,iOS,Validacao_Apolice,Escalado_Humano,"47,6",4,
CVX-000122,2026-03-24 11:45:01,WhatsApp,Auto,Varejo,Sudeste,iOS,Coleta_Dados_Sinistro,Escalado_Humano,"50,6",4,"3314,51"
CVX-004072,2026-03-24 11:45:18,WhatsApp,Auto,Varejo,Nordeste,Android,Analise_Automatica,Escalado_Humano,"41,7",,"10145,42"
CVX-005939,2026-03-24 11:45:30,WhatsApp,Auto,Premium,Sudeste,iOS,Confirmacao_Protocolo,Resolvido_Bot,"10,4",,"8812,87"
CVX-002977,2026-03-24 11:49:14,WhatsApp,Vida,Varejo,Nordeste,Android,Validacao_Apolice,Escalado_Humano,"10,4",5,
CVX-003796,2026-03-24 11:56:10,App,Residencial,Premium,Sudeste,Android,Upload_Fotos_Documentos,Escalado_Humano,45,3,300
CVX-006882,2026-03-24 11:57:07,WhatsApp,Auto,Premium,Sul,Android,Confirmacao_Protocolo,Resolvido_Bot,"7,6",4,"5748,55"
CVX-002021,2026-03-24 12:01:55,WhatsApp,Auto,Premium,Sudeste,iOS,Coleta_Dados_Sinistro,Escalado_Humano,"33,7",3,"8521,46"
CVX-006146,2026-03-24 12:02:47,WhatsApp,Auto,Corporativo,Sul,Android,Confirmacao_Protocolo,Resolvido_Bot,"8,5",4,"6868,18"
CVX-000699,2026-03-24 12:09:07,WhatsApp,Residencial,Varejo,Sudeste,iOS,Confirmacao_Protocolo,Resolvido_Bot,9,4,"11030,89"
CVX-003400,2026-03-24 12:12:02,WhatsApp,Auto,Varejo,Sudeste,iOS,Confirmacao_Protocolo,Resolvido_Bot,"8,2",5,"12736,86"
CVX-002280,2026-03-24 12:12:18,WhatsApp,Auto,Varejo,Nordeste,Android,Validacao_Apolice,Escalado_Humano,"37,6",3,
CVX-000493,2026-03-24 12:17:02,WhatsApp,Residencial,Varejo,Nordeste,Android,Confirmacao_Protocolo,Resolvido_Bot,"7,1",,"6325,61"
CVX-000719,2026-03-24 12:19:39,WhatsApp,Auto,Varejo,Sul,Android,Analise_Automatica,Abandonado,,,"8462,22"
CVX-004473,2026-03-24 12:27:36,WhatsApp,Auto,Premium,Nordeste,iOS,Validacao_Apolice,Escalado_Humano,"30,5",4,
CVX-000719,2026-03-24 12:29:39,WhatsApp,Auto,Varejo,Sul,Android,Analise_Automatica,Abandonado,,,"8462,22"
CVX-004604,2026-03-24 12:47:21,WhatsApp,Residencial,Varejo,Sul,Android,Confirmacao_Protocolo,Resolvido_Bot,9,4,"12335,69"
CVX-006518,2026-03-24 12:53:11,WhatsApp,Auto,Varejo,Nordeste,iOS,Confirmacao_Protocolo,Resolvido_Bot,"9,6",4,"3937,29"
CVX-005008,2026-03-24 12:53:13,WhatsApp,Residencial,Varejo,Sudeste,iOS,Validacao_Apolice,Abandonado,,,
CVX-003980,2026-03-24 13:01:31,WhatsApp,Auto,Premium,Sudeste,Android,Validacao_Apolice,Escalado_Humano,"26,6",4,
CVX-006918,2026-03-24 13:08:55,WhatsApp,Auto,Varejo,Sul,Android,Confirmacao_Protocolo,Resolvido_Bot,"4,9",4,"2866,92"
CVX-000699,2026-03-24 13:13:07,WhatsApp,Residencial,Varejo,Sudeste,iOS,Confirmacao_Protocolo,Resolvido_Bot,9,4,"11030,89"
CVX-000412,2026-03-24 13:13:48,WhatsApp,Residencial,Varejo,Sul,Android,Confirmacao_Protocolo,Resolvido_Bot,"7,3",,"13035,4"
CVX-000906,2026-03-24 13:26:20,WhatsApp,Residencial,Varejo,Norte,Android,Confirmacao_Protocolo,Resolvido_Bot,10,,"8245,06"
CVX-005727,2026-03-24 13:30:20,App,Auto,Varejo,Sudeste,Android,Upload_Fotos_Documentos,Abandonado,,,"9000,53"
CVX-000612,2026-03-24 13:52:54,WhatsApp,Vida,Varejo,Centro-Oeste,iOS,Confirmacao_Protocolo,Resolvido_Bot,"5,9",5,"67874,83"
CVX-004072,2026-03-24 13:56:18,WhatsApp,Auto,Varejo,Nordeste,Android,Analise_Automatica,Escalado_Humano,"41,7",,"10145,42"
CVX-006518,2026-03-24 14:02:11,WhatsApp,Auto,Varejo,Nordeste,iOS,Confirmacao_Protocolo,Resolvido_Bot,"9,6",4,"3937,29"
CVX-006007,2026-03-24 14:06:14,WhatsApp,Residencial,Varejo,Sudeste,Android,Validacao_Apolice,Abandonado,,,
CVX-003796,2026-03-24 14:10:10,App,Residencial,Premium,Sudeste,Android,Upload_Fotos_Documentos,Escalado_Humano,45,3,300
CVX-004533,2026-03-24 14:16:30,WhatsApp,Vida,Premium,Sudeste,iOS,Confirmacao_Protocolo,Resolvido_Bot,"7,7",4,"26348,32"
CVX-002021,2026-03-24 14:49:55,WhatsApp,Auto,Premium,Sudeste,iOS,Coleta_Dados_Sinistro,Escalado_Humano,"33,7",3,"8521,46"
CVX-001043,2026-03-24 15:02:04,WhatsApp,Residencial,Varejo,Sudeste,iOS,Upload_Fotos_Documentos,Escalado_Humano,44,3,"20720,43"
CVX-000612,2026-03-24 15:05:54,WhatsApp,Vida,Varejo,Centro-Oeste,iOS,Confirmacao_Protocolo,Resolvido_Bot,"5,9",5,"67874,83"
CVX-000906,2026-03-24 15:14:20,WhatsApp,Residencial,Varejo,Norte,Android,Confirmacao_Protocolo,Resolvido_Bot,10,,"8245,06"
CVX-004604,2026-03-24 15:19:21,WhatsApp,Residencial,Varejo,Sul,Android,Confirmacao_Protocolo,Resolvido_Bot,9,4,"12335,69"
CVX-005834,2026-03-24 15:20:07,WhatsApp,Auto,Premium,Sudeste,Android,Confirmacao_Protocolo,Resolvido_Bot,"8,2",4,"7303,93"
CVX-004394,2026-03-24 15:21:00,WhatsApp,Auto,Varejo,Sudeste,iOS,Confirmacao_Protocolo,Resolvido_Bot,"14,7",5,"8878,92"
CVX-002777,2026-03-24 15:21:06,WhatsApp,Auto,Varejo,Sul,Android,Confirmacao_Protocolo,Resolvido_Bot,"5,3",5,"6335,92"
CVX-000326,2026-03-24 15:25:09,WhatsApp,Vida,Varejo,Sudeste,Android,Confirmacao_Protocolo,Resolvido_Bot,"6,1",4,"30224,85"
CVX-002569,2026-03-24 15:31:39,WhatsApp,Auto,Varejo,Sul,iOS,Validacao_Apolice,Escalado_Humano,"34,4",4,
CVX-005354,2026-03-24 15:40:41,WhatsApp,Auto,Premium,Sudeste,Android,Validacao_Apolice,Escalado_Humano,"37,2",,
CVX-006785,2026-03-24 15:47:00,App,Auto,Corporativo,Centro-Oeste,iOS,Inicio_Saudacao,Abandonado,,,
CVX-001190,2026-03-24 16:00:38,WhatsApp,Auto,Corporativo,Nordeste,iOS,Upload_Fotos_Documentos,Escalado_Humano,"24,2",4,"8322,84"
CVX-003229,2026-03-24 16:03:55,WhatsApp,Vida,Premium,Sudeste,iOS,Upload_Fotos_Documentos,Abandonado,,,"44613,68"
CVX-005834,2026-03-24 16:14:07,WhatsApp,Auto,Premium,Sudeste,Android,Confirmacao_Protocolo,Resolvido_Bot,"8,2",4,"7303,93"
CVX-006409,2026-03-24 16:18:15,WhatsApp,Auto,Varejo,Sudeste,Android,Confirmacao_Protocolo,Resolvido_Bot,"10,4",4,"8013,71"
CVX-005950,2026-03-24 16:21:05,WhatsApp,Residencial,Varejo,Nordeste,Android,Validacao_Apolice,Escalado_Humano,"41,6",2,
CVX-000467,2026-03-24 16:23:33,WhatsApp,Vida,Varejo,Nordeste,Android,Validacao_Apolice,Abandonado,,,
CVX-002777,2026-03-24 16:30:06,WhatsApp,Auto,Varejo,Sul,Android,Confirmacao_Protocolo,Resolvido_Bot,"5,3",5,"6335,92"
CVX-001377,2026-03-24 16:37:40,WhatsApp,Auto,Corporativo,Nordeste,Android,Upload_Fotos_Documentos,Escalado_Humano,"29,4",,"9399,15"
CVX-002761,2026-03-24 16:38:56,WhatsApp,Residencial,Premium,Centro-Oeste,Android,Confirmacao_Protocolo,Resolvido_Bot,2,4,"11008,03"
CVX-003843,2026-03-24 16:39:55,WhatsApp,Vida,Varejo,Nordeste,Android,Upload_Fotos_Documentos,Escalado_Humano,"40,4",5,"49541,11"
CVX-006257,2026-03-24 16:41:02,WhatsApp,Residencial,Varejo,Sudeste,Android,Confirmacao_Protocolo,Resolvido_Bot,"10,7",4,"12185,71"
CVX-001036,2026-03-24 16:44:30,WhatsApp,Auto,Varejo,Sul,Android,Upload_Fotos_Documentos,escalado_humano,"39,4",3,"7037,97"
CVX-000326,2026-03-24 16:45:09,WhatsApp,Vida,Varejo,Sudeste,Android,Confirmacao_Protocolo,Resolvido_Bot,"6,1",4,"30224,85"
CVX-001043,2026-03-24 16:49:04,WhatsApp,Residencial,Varejo,Sudeste,iOS,Upload_Fotos_Documentos,Escalado_Humano,44,3,"20720,43"
CVX-005727,2026-03-24 16:49:20,App,Auto,Varejo,Sudeste,Android,Upload_Fotos_Documentos,Abandonado,,,"9000,53"
CVX-004476,2026-03-24 16:52:57,WhatsApp,Residencial,Premium,Sul,iOS,Upload_Fotos_Documentos,Abandonado,,,"17643,77"
CVX-005614,2026-03-24 16:58:25,App,Auto,Varejo,Sudeste,Android,Confirmacao_Protocolo,Resolvido_Bot,"12,9",4,"7668,65"
CVX-001190,2026-03-24 17:06:38,WhatsApp,Auto,Corporativo,Nordeste,iOS,Upload_Fotos_Documentos,Escalado_Humano,"24,2",4,"8322,84"
CVX-003843,2026-03-24 17:12:55,WhatsApp,Vida,Varejo,Nordeste,Android,Upload_Fotos_Documentos,Escalado_Humano,"40,4",5,"49541,11"
CVX-000565,2026-03-24 17:24:26,WhatsApp,Residencial,Premium,Sudeste,iOS,Confirmacao_Protocolo,Resolvido_Bot,11,5,"21409,28"
CVX-005375,2026-03-24 17:25:56,App,Auto,Corporativo,Sudeste,Android,Upload_Fotos_Documentos,Escalado_Humano,"45,4",3,"7717,39"
CVX-004179,2026-03-24 17:36:38,WhatsApp,Auto,Varejo,Nordeste,Android,Confirmacao_Protocolo,Resolvido_Bot,2,3,"9455,2"
CVX-006869,2026-03-24 17:51:05,WhatsApp,Vida,Varejo,Sudeste,Android,Validacao_Apolice,Escalado_Humano,"29,2",3,
CVX-005354,2026-03-24 17:53:41,WhatsApp,Auto,Premium,Sudeste,Android,Validacao_Apolice,Escalado_Humano,"37,2",,
CVX-004394,2026-03-24 17:54:00,WhatsApp,Auto,Varejo,Sudeste,iOS,Confirmacao_Protocolo,Resolvido_Bot,"14,7",5,"8878,92"
CVX-006785,2026-03-24 18:22:00,App,Auto,Corporativo,Centro-Oeste,iOS,Inicio_Saudacao,Abandonado,,,
CVX-004635,2026-03-24 18:30:30,WhatsApp,Auto,Premium,Sudeste,Android,Confirmacao_Protocolo,Resolvido_Bot,"6,4",5,"12592,57"
CVX-001036,2026-03-24 18:39:30,WhatsApp,Auto,Varejo,Sul,Android,Upload_Fotos_Documentos,Escalado_Humano,"39,4",3,"7037,97"
CVX-003195,2026-03-24 18:48:05,WhatsApp,Residencial,Varejo,Sudeste,Android,Confirmacao_Protocolo,Resolvido_bot ,"6,1",5,"22549,04"
CVX-005950,2026-03-24 18:49:05,WhatsApp,Residencial,Varejo,Nordeste,Android,Validacao_Apolice,Escalado_Humano,"41,6",2,
CVX-002972,2026-03-24 18:53:46,WhatsApp,Vida,Varejo,Sudeste,Android,Confirmacao_Protocolo,Resolvido_Bot,9,5,"13043,3"
CVX-004240,2026-03-24 19:03:57,WhatsApp,Vida,Varejo,Sul,Android,Validacao_Apolice,Escalado_Humano,"36,5",4,
CVX-006869,2026-03-24 19:11:05,WhatsApp,Vida,Varejo,Sudeste,Android,Validacao_Apolice,Escalado_Humano,"29,2",3,
CVX-005614,2026-03-24 19:12:25,App,Auto,Varejo,Sudeste,Android,Confirmacao_Protocolo,Resolvido_Bot,"12,9",4,"7668,65"
CVX-002593,2026-03-24 19:13:09,WhatsApp,Auto,Corporativo,Nordeste,Android,Inicio_Saudacao,Abandonado,,,
CVX-000565,2026-03-24 19:14:26,WhatsApp,Residencial,Premium,Sudeste,iOS,Confirmacao_Protocolo,Resolvido_Bot,11,5,"21409,28"
CVX-003368,2026-03-24 19:15:06,WhatsApp,Auto,Premium,Nordeste,Android,Analise_Automatica,Escalado_Humano,"30,8",4,"7999,44"
CVX-004077,2026-03-24 19:23:00,WhatsApp,Auto,Varejo,Sudeste,Android,Validacao_Apolice,Escalado_Humano,"27,5",,
CVX-002004,2026-03-24 19:40:13,App,Vida,Varejo,Nordeste,Android,Confirmacao_Protocolo,Resolvido_Bot,"15,9",,"77102,35"
CVX-004453,2026-03-24 19:45:41,WhatsApp,Vida,Varejo,Centro-Oeste,Android,Confirmacao_Protocolo,Resolvido_Bot,"7,5",4,"51820,4"
CVX-000467,2026-03-24 19:51:33,WhatsApp,Vida,Varejo,Nordeste,Android,Validacao_Apolice,Abandonado,,,
CVX-003938,2026-03-24 19:52:05,WhatsApp,Auto,Varejo,Sudeste,Android,Validacao_Apolice,Escalado_Humano,43,3,
CVX-004949,2026-03-24 19:54:04,App,Auto,Varejo,Sudeste,Android,Coleta_Dados_Sinistro,Escalado_Humano,"21,1",4,"8671,12"
CVX-002232,2026-03-24 20:11:24,WhatsApp,Auto,Premium,Nordeste,Android,Confirmacao_Protocolo,Resolvido_Bot,"5,9",,"10294,34"
CVX-004077,2026-03-24 20:19:00,WhatsApp,Auto,Varejo,Sudeste,Android,Confirmacao_Protocolo,Resolvido_Bot,"27,5",,
CVX-005246,2026-03-24 20:20:47,WhatsApp,Auto,Varejo,Sudeste,Android,Coleta_Dados_Sinistro,Escalado_Humano,38,,"8378,54"
CVX-002004,2026-03-24 20:24:13,App,Vida,Varejo,Nordeste,Android,Confirmacao_Protocolo,Resolvido_Bot,"15,9",,"77102,35"
CVX-003797,2026-03-24 20:24:37,WhatsApp,Auto,Varejo,Nordeste,Android,Confirmacao_Protocolo,Resolvido_Bot,"11,7",,"6644,09"
CVX-003368,2026-03-24 20:26:06,WhatsApp,Auto,Premium,Nordeste,Android,Analise_Automatica,Escalado_Humano,"30,8",4,"7999,44"
CVX-004476,2026-03-24 20:27:57,WhatsApp,Residencial,Premium,Sul,iOS,Upload_Fotos_Documentos,Abandonado,,,"17643,77"
CVX-005165,2026-03-24 20:28:47,WhatsApp,Auto,Premium,Sul,Android,Confirmacao_Protocolo,Resolvido_Bot,"7,9",3,"8435,8"
CVX-000251,2026-03-24 20:40:26,WhatsApp,Auto,Varejo,Centro-Oeste,Android,Confirmacao_Protocolo,Resolvido_Bot,13,5,"10367,85"
CVX-005261,2026-03-24 20:45:54,WhatsApp,Residencial,Varejo,Sudeste,Android,Confirmacao_Protocolo,Resolvido_Bot,"10,5",5,"16473,43"
CVX-000492,2026-03-24 20:50:00,WhatsApp,Auto,Premium,Sudeste,Android,Confirmacao_Protocolo,Resolvido_Bot,"14,2",,"10945,32"
CVX-000251,2026-03-24 20:53:26,WhatsApp,Auto,Varejo,Centro-Oeste,Android,Confirmacao_Protocolo,Resolvido_Bot,13,5,"10367,85"
CVX-005165,2026-03-24 21:09:47,WhatsApp,Auto,Premium,Sul,Android,Confirmacao_Protocolo,Resolvido_Bot,"7,9",3,"8435,8"
CVX-002232,2026-03-24 21:12:24,WhatsApp,Auto,Premium,Nordeste,Android,Confirmacao_Protocolo,Resolvido_Bot,"5,9",,"10294,34"
CVX-002972,2026-03-24 22:02:46,WhatsApp,Vida,Varejo,Sudeste,Android,Confirmacao_Protocolo,Resolvido_Bot,9,5,"13043,3"
CVX-000492,2026-03-24 22:05:00,WhatsApp,Auto,Premium,Sudeste,Android,Confirmacao_Protocolo,Resolvido_Bot,"14,2",,"10945,32"
CVX-004240,2026-03-24 22:15:57,WhatsApp,Vida,Varejo,Sul,Android,Validacao_Apolice,Escalado_Humano,"36,5",4,
CVX-003195,2026-03-24 22:35:05,WhatsApp,Residencial,Varejo,Sudeste,Android,Confirmacao_Protocolo,Resolvido_Bot,"6,1",5,"22549,04"
CVX-003938,2026-03-24 23:40:05,WhatsApp,Auto,Varejo,Sudeste,Android,Validacao_Apolice,Escalado_Humano,43,3,
CVX-005261,2026-03-25 0:15:54,WhatsApp,Residencial,Varejo,Sudeste,Android,Confirmacao_Protocolo,Resolvido_Bot,"10,5",5,"16473,43"
CVX-005669,2026-03-25 8:19:16,WhatsApp,Auto,Premium,Sudeste,Android,Upload_Fotos_Documentos,Abandonado,,,"5695,25"
CVX-001719,2026-03-25 8:36:20,App,Vida,Corporativo,Sul,iOS,Upload_Fotos_Documentos,Abandonado,,,"43504,54"
CVX-005151,2026-03-25 9:09:31,WhatsApp,Residencial,Varejo,Sudeste,iOS,Inicio_Saudacao,Abandonado,,,
CVX-004102,2026-03-25 9:09:34,App,Auto,Premium,Sudeste,iOS,Confirmacao_Protocolo,Resolvido_Bot,"10,7",4,"3469,59"
CVX-002151,2026-03-25 9:15:17,WhatsApp,Auto,Varejo,Sul,Android,Upload_Fotos_Documentos,Abandonado,,,5687
CVX-006184,2026-03-25 9:20:38,WhatsApp,Auto,Varejo,Sul,Android,Confirmacao_Protocolo,Resolvido_Bot,"6,7",5,"9840,15"
CVX-004353,2026-03-25 9:27:53,WhatsApp,Auto,Varejo,Centro-Oeste,Android,Coleta_Dados_Sinistro,Escalado_Humano,"30,6",5,"9734,61"
CVX-000081,2026-03-25 9:28:21,WhatsApp,Auto,Premium,Sudeste,iOS,Analise_Automatica,Abandonado,,,"5377,36"
CVX-000158,2026-03-25 9:30:09,WhatsApp,Auto,Premium,Nordeste,Android,Validacao_Apolice,Abandonado,,,
CVX-003281,2026-03-25 9:41:29,WhatsApp,Residencial,Varejo,Nordeste,Android,Confirmacao_Protocolo,Resolvido_Bot,"9,9",4,"7402,3"
CVX-003411,2026-03-25 9:48:27,WhatsApp,Auto,Varejo,Sudeste,Android,Confirmacao_Protocolo,Resolvido_Bot,"8,3",,"9844,55"
CVX-003769,2026-03-25 9:53:48,WhatsApp,Vida,Varejo,Sul,iOS,Confirmacao_Protocolo,Resolvido_Bot,"3,3",5,"64891,46"
CVX-005353,2026-03-25 10:06:22,WhatsApp,Auto,Varejo,Nordeste,Android,Validacao_Apolice,Escalado_Humano,"21,2",3,
CVX-003611,2026-03-25 10:37:07,App,Auto,Varejo,Sul,Android,Confirmacao_Protocolo,resolvido_bot,"6,8",5,"5278,61"
CVX-004848,2026-03-25 10:38:33,WhatsApp,Vida,Varejo,Nordeste,iOS,Coleta_Dados_Sinistro,Abandonado,,,"40605,73"
CVX-005433,2026-03-25 11:07:01,WhatsApp,Residencial,Premium,Centro-Oeste,Android,Analise_Automatica,Abandonado,,,"12215,87"
CVX-005555,2026-03-25 11:09:19,WhatsApp,Auto,Premium,Sudeste,Android,Upload_Fotos_Documentos,Escalado_Humano,"23,8",3,"11595,14"
CVX-001292,2026-03-25 11:18:01,WhatsApp,Vida,Premium,Sudeste,iOS,Confirmacao_Protocolo,Resolvido_Bot,"3,5",3,"31080,84"
CVX-004028,2026-03-25 11:53:23,App,Residencial,Varejo,Sudeste,iOS,Confirmacao_Protocolo,Resolvido_Bot,7,4,"15410,57"
CVX-001025,2026-03-25 12:00:35,App,Auto,Varejo,Sudeste,Android,Confirmacao_Protocolo,Resolvido_Bot,"12,6",2,"9678,16"
CVX-005799,2026-03-25 12:16:33,WhatsApp,Auto,Premium,Centro-Oeste,Android,Confirmacao_Protocolo,Resolvido_Bot,"13,2",5,"8695,59"
CVX-006488,2026-03-25 12:23:22,WhatsApp,Auto,Premium,Sul,Android,Validacao_Apolice,Escalado_Humano,"47,3",4,
CVX-001044,2026-03-25 12:34:24,WhatsApp,Auto,Varejo,Sul,iOS,Upload_Fotos_Documentos,Abandonado,,,"8281,99"
CVX-006278,2026-03-25 12:42:30,WhatsApp,Residencial,Premium,Sudeste,iOS,Validacao_Apolice,Escalado_Humano,"41,4",,
CVX-000365,2026-03-25 13:00:23,WhatsApp,Vida,Varejo,Sudeste,Android,Confirmacao_Protocolo,Resolvido_Bot,"10,4",5,24684
CVX-001198,2026-03-25 13:15:28,WhatsApp,Residencial,Premium,Nordeste,iOS,Confirmacao_Protocolo,Resolvido_Bot,"7,6",4,"15024,23"
CVX-002451,2026-03-25 13:22:04,WhatsApp,Residencial,Corporativo,Sudeste,Android,Validacao_Apolice,Abandonado,,,
CVX-002438,2026-03-25 13:23:14,WhatsApp,Auto,Premium,Sul,Android,Validacao_Apolice,Escalado_Humano,"33,9",4,
CVX-001917,2026-03-25 13:26:55,App,Auto,Varejo,Nordeste,Android,Validacao_Apolice,Escalado_Humano,"64,1",3,
CVX-006681,2026-03-25 13:49:21,WhatsApp,Vida,Varejo,Sudeste,Android,Validacao_Apolice,Escalado_humano,"58,4",2,
CVX-003423,2026-03-25 14:05:45,WhatsApp,Residencial,Premium,Sudeste,Android,Confirmacao_Protocolo,Resolvido_Bot,"9,2",5,"8445,02"
CVX-004767,2026-03-25 14:05:47,WhatsApp,Residencial,Varejo,Nordeste,iOS,Coleta_Dados_Sinistro,Escalado_Humano,"36,5",,"18574,44"
CVX-004566,2026-03-25 14:11:35,WhatsApp,Auto,Varejo,Sul,Android,Confirmacao_Protocolo,Resolvido_Bot,"14,1",4,"5960,53"
CVX-002649,2026-03-25 14:19:22,WhatsApp,Auto,Corporativo,Sudeste,iOS,Confirmacao_Protocolo,Resolvido_bot ,"8,6",,"11311,53"
CVX-006651,2026-03-25 14:46:52,App,Auto,Varejo,Sudeste,Android,Confirmacao_Protocolo,Resolvido_Bot,"12,1",5,"6336,36"
CVX-000223,2026-03-25 15:19:31,WhatsApp,Residencial,Varejo,Norte,Android,Confirmacao_Protocolo,Resolvido_Bot,"8,3",4,"14225,03"
CVX-002857,2026-03-25 15:20:29,WhatsApp,Auto,Premium,Sudeste,iOS,Confirmacao_Protocolo,Resolvido_Bot,"10,7",,9886
CVX-003083,2026-03-25 15:25:58,WhatsApp,Auto,Varejo,Sudeste,Android,Confirmacao_Protocolo,Resolvido_Bot,"4,1",3,"2465,97"
CVX-000421,2026-03-25 15:28:55,WhatsApp,Auto,Varejo,Sul,Android,Validacao_Apolice,Escalado_Humano,"59,6",,
CVX-004363,2026-03-25 16:06:52,WhatsApp,Auto,Varejo,Sul,Android,Confirmacao_Protocolo,Resolvido_Bot,"10,8",3,"8259,2"
CVX-001011,2026-03-25 16:15:16,WhatsApp,Residencial,Premium,Nordeste,iOS,Validacao_Apolice,Escalado_Humano,"37,7",3,
CVX-003919,2026-03-25 16:17:31,WhatsApp,Auto,Varejo,Norte,iOS,Confirmacao_Protocolo,Resolvido_Bot,"11,6",4,"8187,31"
CVX-003114,2026-03-25 16:48:35,WhatsApp,Auto,Varejo,Sudeste,Android,Confirmacao_Protocolo,Resolvido_Bot,"10,2",5,"9849,63"
CVX-006383,2026-03-25 16:49:44,WhatsApp,Auto,Varejo,Sul,iOS,Confirmacao_Protocolo,Resolvido_Bot,"10,6",5,"5063,63"
CVX-005002,2026-03-25 16:58:51,App,Auto,Premium,Sul,iOS,Coleta_Dados_Sinistro,Escalado_humano,"36,9",4,"7462,3"
CVX-003892,2026-03-25 17:02:23,WhatsApp,Residencial,Varejo,Sudeste,Android,Confirmacao_Protocolo,Resolvido_Bot,"7,9",5,"5630,59"
CVX-005567,2026-03-25 17:25:18,WhatsApp,Auto,Varejo,Sul,Android,Confirmacao_Protocolo,Resolvido_Bot,"8,5",5,"7424,49"
CVX-000824,2026-03-25 17:35:03,WhatsApp,Auto,Varejo,Sudeste,iOS,Upload_Fotos_Documentos,Abandonado,,,"9508,72"
CVX-005181,2026-03-25 17:46:42,WhatsApp,Residencial,Varejo,Centro-Oeste,Android,Coleta_Dados_Sinistro,Abandonado,,,"19664,99"
CVX-006821,2026-03-25 17:48:30,WhatsApp,Auto,Premium,Nordeste,Android,Upload_Fotos_Documentos,Abandonado,,,"12745,47"
CVX-004865,2026-03-25 17:53:55,WhatsApp,Residencial,Premium,Nordeste,Android,Coleta_Dados_Sinistro,Escalado_Humano,"56,2",3,"19974,16"
CVX-005492,2026-03-25 18:18:20,App,Auto,Corporativo,Nordeste,iOS,Confirmacao_Protocolo,Resolvido_Bot,"9,9",,"13463,24"
CVX-004675,2026-03-25 18:26:55,WhatsApp,Auto,Corporativo,Nordeste,Android,Confirmacao_Protocolo,Resolvido_Bot,"11,2",,"14804,3"
CVX-001500,2026-03-25 18:33:14,WhatsApp,Residencial,Varejo,Norte,Android,Confirmacao_Protocolo,Resolvido_Bot,"12,7",4,"22745,27"
CVX-000186,2026-03-25 18:52:49,WhatsApp,Auto,Varejo,Sul,Android,Confirmacao_Protocolo,RESOLVIDO_BOT,"13,5",4,"9066,97"
CVX-001897,2026-03-25 19:27:29,WhatsApp,Auto,Premium,Centro-Oeste,Android,Upload_Fotos_Documentos,Escalado_Humano,"31,2",,"14496,18"
CVX-001121,2026-03-25 19:27:58,WhatsApp,Auto,Varejo,Sudeste,iOS,Coleta_Dados_Sinistro,Escalado_Humano,"43,2",3,"21061,86"
CVX-000078,2026-03-25 19:31:52,WhatsApp,Auto,Varejo,Sudeste,Android,Confirmacao_Protocolo,Resolvido_Bot,"13,2",5,"5306,87"
CVX-004468,2026-03-25 19:49:17,WhatsApp,Auto,Premium,Sudeste,Android,Confirmacao_Protocolo,Resolvido_Bot,"10,9",5,"4563,37"
CVX-006802,2026-03-25 20:03:23,WhatsApp,Auto,Varejo,Sudeste,Android,Upload_Fotos_Documentos,Escalado_Humano,"41,9",,"6543,04"
CVX-002200,2026-03-25 20:06:36,WhatsApp,Residencial,Premium,Sul,iOS,Confirmacao_Protocolo,Resolvido_Bot,"7,2",4,"10882,41"
CVX-004454,2026-03-25 20:57:53,WhatsApp,Auto,Varejo,Nordeste,iOS,Confirmacao_Protocolo,Resolvido_Bot,"5,1",4,"14110,01"
CVX-005636,2026-03-26 8:04:09,WhatsApp,Auto,Varejo,Sudeste,Android,Coleta_Dados_Sinistro,Escalado_Humano,"44,9",4,"7193,66"
CVX-005524,2026-03-26 8:29:23,WhatsApp,Residencial,Corporativo,Sudeste,Android,Confirmacao_Protocolo,Resolvido_Bot,"9,1",,"8336,62"
CVX-001308,2026-03-26 8:31:40,WhatsApp,Auto,Varejo,Nordeste,iOS,Analise_Automatica,Abandonado,,,"5980,9"
CVX-002935,2026-03-26 8:37:05,WhatsApp,Auto,Varejo,Nordeste,iOS,Confirmacao_Protocolo,Resolvido_Bot,"9,7",5,"7242,54"
CVX-001042,2026-03-26 8:46:08,WhatsApp,Residencial,Premium,Sudeste,Android,Confirmacao_Protocolo,Resolvido_Bot,"9,7",3,"19870,73"
CVX-005349,2026-03-26 8:57:07,App,Residencial,Varejo,Norte,Android,Inicio_Saudacao,Abandonado,,,
CVX-001051,2026-03-26 9:37:28,WhatsApp,Residencial,Varejo,Sul,iOS,Coleta_Dados_Sinistro,Escalado_Humano,"38,7",2,"6723,82"
CVX-000566,2026-03-26 10:03:26,WhatsApp,Residencial,Varejo,Sudeste,Android,Validacao_Apolice,Escalado_Humano,"33,1",5,
CVX-005738,2026-03-26 10:09:36,WhatsApp,Residencial,Corporativo,Sudeste,Android,Confirmacao_Protocolo,Resolvido_Bot,"17,6",5,300
CVX-000653,2026-03-26 10:09:59,WhatsApp,Auto,Varejo,Sul,Android,Validacao_Apolice,Escalado_Humano,"47,2",3,
CVX-003118,2026-03-26 11:53:58,App,Vida,Varejo,Sudeste,Android,Confirmacao_Protocolo,Resolvido_Bot,"8,7",,"49536,68"
CVX-005559,2026-03-26 12:07:49,WhatsApp,Auto,Varejo,Sul,Android,Validacao_Apolice,Escalado_Humano,"32,5",4,
CVX-003906,2026-03-26 12:17:07,App,Auto,Varejo,Sudeste,iOS,Confirmacao_Protocolo,Resolvido_Bot,"9,4",5,"8844,59"
CVX-001466,2026-03-26 12:20:49,WhatsApp,Vida,Premium,Sudeste,Android,Confirmacao_Protocolo,Resolvido_Bot,"8,8",4,"33134,83"
CVX-005980,2026-03-26 12:21:11,WhatsApp,Residencial,Premium,Nordeste,Android,Validacao_Apolice,Abandonado,,,
CVX-005948,2026-03-26 12:22:37,WhatsApp,Auto,Corporativo,Sul,Android,Validacao_Apolice,Escalado_Humano,"26,5",5,
CVX-003625,2026-03-26 12:29:46,WhatsApp,Vida,Varejo,Sudeste,Android,Confirmacao_Protocolo,Resolvido_Bot,"5,9",3,"23058,58"
CVX-002688,2026-03-26 12:36:44,WhatsApp,Auto,Varejo,Sudeste,iOS,Validacao_Apolice,Escalado_Humano,"28,4",4,
CVX-000368,2026-03-26 12:38:19,WhatsApp,Auto,Varejo,Nordeste,Android,Confirmacao_Protocolo,Resolvido_Bot,"11,3",,"9752,1"
CVX-003172,2026-03-26 12:42:18,App,Auto,Premium,Nordeste,Android,Coleta_Dados_Sinistro,Escalado_Humano,"30,5",4,"11392,74"
CVX-001361,2026-03-26 12:58:07,App,Residencial,Varejo,Centro-Oeste,Android,Confirmacao_Protocolo,Resolvido_Bot,"14,8",5,"7580,51"
CVX-005865,2026-03-26 13:14:49,WhatsApp,Residencial,Premium,Nordeste,iOS,Validacao_Apolice,Escalado_Humano,"40,8",5,
CVX-005294,2026-03-26 13:34:20,WhatsApp,Auto,Premium,Nordeste,iOS,Confirmacao_Protocolo,Resolvido_Bot,"6,4",5,"6024,09"
CVX-001501,2026-03-26 13:47:02,WhatsApp,Auto,Varejo,Sudeste,Android,Confirmacao_Protocolo,Resolvido_Bot,"10,1",5,"9600,38"
CVX-006238,2026-03-26 13:51:20,App,Auto,Premium,Nordeste,iOS,Confirmacao_Protocolo,Resolvido_Bot,"11,9",4,"14730,52"
CVX-005549,2026-03-26 13:56:33,App,Residencial,Varejo,Sudeste,iOS,Confirmacao_Protocolo,Resolvido_bot ,"6,4",,"11017,08"
CVX-005831,2026-03-26 13:57:32,WhatsApp,Auto,Varejo,Centro-Oeste,Android,Upload_Fotos_Documentos,Escalado_Humano,"21,6",4,"14499,9"
CVX-004537,2026-03-26 14:21:55,App,Residencial,Premium,Sudeste,Android,Confirmacao_Protocolo,Resolvido_Bot,"5,2",5,"5007,01"
CVX-006423,2026-03-26 14:24:25,WhatsApp,Auto,Corporativo,Nordeste,Android,Confirmacao_Protocolo,Resolvido_Bot,"14,9",5,"6483,97"
CVX-004052,2026-03-26 14:48:43,WhatsApp,Residencial,Varejo,Nordeste,Android,Confirmacao_Protocolo,Resolvido_Bot,"13,8",3,"14204,95"
CVX-000040,2026-03-26 15:11:37,App,Residencial,Premium,Sudeste,iOS,Confirmacao_Protocolo,Resolvido_Bot,"6,1",5,"17690,78"
CVX-004918,2026-03-26 15:37:41,WhatsApp,Auto,Premium,Sul,Android,Analise_Automatica,Abandonado,,,"9424,01"
CVX-003708,2026-03-26 15:46:01,App,Residencial,Corporativo,Sudeste,iOS,Coleta_Dados_Sinistro,Abandonado,,,"3941,34"
CVX-000054,2026-03-26 15:47:46,WhatsApp,Auto,Varejo,Centro-Oeste,Android,Coleta_Dados_Sinistro,Escalado_Humano,"52,7",4,"7024,47"
CVX-006455,2026-03-26 15:53:59,WhatsApp,Auto,Varejo,Centro-Oeste,Android,Confirmacao_Protocolo,Resolvido_Bot,"4,3",4,"1254,48"
CVX-005985,2026-03-26 16:08:18,App,Auto,Varejo,Sudeste,Android,Validacao_Apolice,Escalado_Humano,"37,8",3,
CVX-003360,2026-03-26 17:01:06,App,Auto,Varejo,Sudeste,Android,Upload_Fotos_Documentos,ESCALADO HUMANO,"33,6",3,"11604,78"
CVX-003807,2026-03-26 17:03:35,WhatsApp,Residencial,Corporativo,Sudeste,Android,Validacao_Apolice,escalado_humano,"55,5",3,
CVX-004823,2026-03-26 17:06:43,WhatsApp,Residencial,Varejo,Sudeste,Android,Confirmacao_Protocolo,RESOLVIDO_BOT,"9,7",4,"13321,08"
CVX-002602,2026-03-26 17:09:44,WhatsApp,Vida,Varejo,Sudeste,iOS,Confirmacao_Protocolo,Resolvido_Bot,"7,7",,"69127,59"
CVX-006653,2026-03-26 17:17:28,WhatsApp,Vida,Varejo,Nordeste,Android,Confirmacao_Protocolo,Resolvido_Bot,"6,3",5,"25648,34"
CVX-002609,2026-03-26 17:53:09,WhatsApp,Residencial,Premium,Sudeste,Android,Upload_Fotos_Documentos,Abandonado,,,"5038,74"
CVX-006492,2026-03-26 18:12:43,WhatsApp,Residencial,Varejo,Sudeste,Android,Coleta_Dados_Sinistro,Abandonado,,,"10935,84"
CVX-005959,2026-03-26 18:16:51,App,Auto,Varejo,Sudeste,Android,Confirmacao_Protocolo,Resolvido_Bot,"9,4",3,"3718,61"
CVX-004585,2026-03-26 18:25:34,WhatsApp,Auto,Varejo,Sul,Android,Analise_Automatica,Abandonado,,,"17243,46"
CVX-000061,2026-03-26 18:32:17,WhatsApp,Auto,Varejo,Sul,iOS,Confirmacao_Protocolo,Resolvido_Bot,"12,6",,"9501,7"
CVX-004696,2026-03-26 18:50:07,WhatsApp,Vida,Premium,Sudeste,Android,Validacao_Apolice,Escalado_humano,"38,5",4,
CVX-006913,2026-03-26 19:01:43,WhatsApp,Residencial,Varejo,Sudeste,Android,Upload_Fotos_Documentos,Escalado_Humano,"39,7",3,"18641,79"
CVX-002365,2026-03-26 19:34:23,WhatsApp,Vida,Varejo,Sul,iOS,Confirmacao_Protocolo,Resolvido_Bot,"12,9",2,"64701,57"
CVX-005338,2026-03-26 20:00:34,App,Auto,Varejo,Sudeste,Android,Analise_Automatica,Abandonado,,,"8886,52"
CVX-002914,2026-03-26 20:22:42,WhatsApp,Vida,Varejo,Nordeste,Android,Inicio_Saudacao,Abandonado,,,
CVX-003628,2026-03-26 20:30:49,WhatsApp,Auto,Varejo,Sudeste,iOS,Inicio_Saudacao,Abandonado,,,
CVX-001140,2026-03-26 20:41:48,App,Vida,Varejo,Centro-Oeste,Android,Validacao_Apolice,escalado_humano,"55,8",3,
CVX-003346,2026-03-26 20:48:41,WhatsApp,Residencial,Corporativo,Nordeste,iOS,Analise_Automatica,Escalado_Humano,"38,3",4,"7178,87"
CVX-000156,2026-03-26 20:54:54,WhatsApp,Residencial,Premium,Sudeste,Android,Confirmacao_Protocolo,Resolvido_Bot,"9,5",5,"18415,56"
CVX-000411,2026-03-26 20:58:23,WhatsApp,Residencial,Varejo,Sudeste,Android,Confirmacao_Protocolo,Resolvido_Bot,"11,2",2,"21521,98"
CVX-005813,2026-03-27 8:18:08,App,Auto,Varejo,Centro-Oeste,Android,Upload_Fotos_Documentos,Abandonado,,,"9089,28"
CVX-000637,2026-03-27 8:18:16,App,Auto,Premium,Sul,Android,Coleta_Dados_Sinistro,abandono,,,"3745,03"
CVX-002083,2026-03-27 8:18:55,WhatsApp,Auto,Varejo,Sudeste,iOS,Upload_Fotos_Documentos,Escalado_Humano,"45,4",4,"8935,17"
CVX-000208,2026-03-27 8:48:35,WhatsApp,Auto,Varejo,Sudeste,Android,Analise_Automatica,Escalado_Humano,"25,1",,"9654,38"
CVX-006631,2026-03-27 9:02:05,App,Vida,Varejo,Sul,Android,Analise_Automatica,Escalado_Humano,"42,1",4,"36687,28"
CVX-004909,2026-03-27 9:14:06,WhatsApp,Auto,Varejo,Centro-Oeste,Android,Confirmacao_Protocolo,Resolvido_Bot,"10,5",,"5250,96"
CVX-005184,2026-03-27 9:16:02,WhatsApp,Auto,Varejo,Sudeste,iOS,Upload_Fotos_Documentos,Abandonado,,,"2163,53"
CVX-005194,2026-03-27 10:21:27,WhatsApp,Auto,Varejo,Norte,Android,Inicio_Saudacao,Abandonado,,,
CVX-000834,2026-03-27 10:40:45,WhatsApp,Vida,Varejo,Sudeste,iOS,Analise_Automatica,Escalado_Humano,"54,7",4,"21617,38"
CVX-005578,2026-03-27 10:48:44,WhatsApp,Vida,Premium,Sudeste,iOS,Validacao_Apolice,Abandonado,,,
CVX-002462,2026-03-27 11:00:04,WhatsApp,Auto,Varejo,Sudeste,iOS,Validacao_Apolice,Escalado_Humano,"21,2",4,
CVX-003175,2026-03-27 11:04:34,WhatsApp,Auto,Varejo,Sudeste,Android,Validacao_Apolice,Escalado_Humano,39,4,
CVX-003447,2026-03-27 11:48:42,WhatsApp,Auto,Premium,Sul,Android,Confirmacao_Protocolo,Resolvido_Bot,"9,7",4,"9962,19"
CVX-001234,2026-03-27 11:49:08,WhatsApp,Vida,Varejo,Sudeste,iOS,Validacao_Apolice,Escalado_Humano,"31,2",4,
CVX-002768,2026-03-27 12:03:51,WhatsApp,Residencial,Varejo,Sul,Android,Upload_Fotos_Documentos,Abandonado,,,"13020,65"
CVX-004217,2026-03-27 12:04:10,WhatsApp,Auto,Varejo,Centro-Oeste,Android,Analise_Automatica,Escalado_Humano,"51,3",3,"1316,53"
CVX-003509,2026-03-27 12:14:39,App,Residencial,Premium,Nordeste,Android,Coleta_Dados_Sinistro,Escalado_Humano,"43,7",,"14382,23"
CVX-001992,2026-03-27 12:24:30,WhatsApp,Residencial,Varejo,Sudeste,Android,Validacao_Apolice,Escalado_Humano,"38,4",4,
CVX-005401,2026-03-27 12:32:27,WhatsApp,Auto,Premium,Nordeste,Android,Confirmacao_Protocolo,Resolvido_Bot,"6,4",4,"8423,87"
CVX-005745,2026-03-27 12:40:44,WhatsApp,Auto,Corporativo,Sudeste,Android,Confirmacao_Protocolo,Resolvido_Bot,9,5,"10374,32"
CVX-000712,2026-03-27 12:59:46,WhatsApp,Residencial,Corporativo,Nordeste,Android,Coleta_Dados_Sinistro,Abandonado,,,"14498,54"
CVX-002759,2026-03-27 13:03:01,WhatsApp,Auto,Premium,Nordeste,iOS,Confirmacao_Protocolo,Resolvido_Bot,"10,5",5,"4573,01"
CVX-002562,2026-03-27 14:08:33,App,Auto,Premium,Sudeste,Android,Coleta_Dados_Sinistro,Abandonado,,,"10925,96"
CVX-005192,2026-03-27 14:18:05,WhatsApp,Residencial,Varejo,Norte,Android,Upload_Fotos_Documentos,ABANDONADO ,,,"3600,78"
CVX-000275,2026-03-27 14:20:49,WhatsApp,Residencial,Premium,Sudeste,Android,Upload_Fotos_Documentos,Escalado_Humano,"30,4",5,"6281,89"
CVX-004878,2026-03-27 14:43:50,WhatsApp,Residencial,Varejo,Centro-Oeste,Android,Confirmacao_Protocolo,Resolvido_Bot,9,4,"8488,3"
CVX-006871,2026-03-27 14:51:05,WhatsApp,Auto,Varejo,Sudeste,Android,Inicio_Saudacao,Abandonado,,,
CVX-004613,2026-03-27 15:05:18,App,Auto,Premium,Sul,Android,Confirmacao_Protocolo,Resolvido_Bot,9,5,"2517,52"
CVX-003664,2026-03-27 15:13:23,WhatsApp,Auto,Corporativo,Sudeste,Android,Validacao_Apolice,Escalado_Humano,"34,8",4,
CVX-005733,2026-03-27 15:29:07,WhatsApp,Vida,Varejo,Sudeste,Android,Validacao_Apolice,Abandonado,,,
CVX-002085,2026-03-27 15:44:02,WhatsApp,Auto,Varejo,Sudeste,Android,Coleta_Dados_Sinistro,Abandonado,,,"7689,69"
CVX-000049,2026-03-27 15:44:03,WhatsApp,Auto,Premium,Sudeste,Android,Validacao_Apolice,Escalado_Humano,"53,2",3,
CVX-004812,2026-03-27 15:56:11,App,Vida,Varejo,Nordeste,Android,Coleta_Dados_Sinistro,Escalado_Humano,"23,1",3,"37083,34"
CVX-006764,2026-03-27 15:59:09,WhatsApp,Auto,Varejo,Sudeste,Android,Upload_Fotos_Documentos,Escalado_Humano,"50,5",2,"1263,88"
CVX-001603,2026-03-27 16:20:19,WhatsApp,Residencial,Varejo,Sudeste,Android,Confirmacao_Protocolo,Resolvido_Bot,8,5,"9576,52"
CVX-002924,2026-03-27 16:31:18,WhatsApp,Auto,Premium,Nordeste,iOS,Confirmacao_Protocolo,Resolvido_Bot,"12,3",4,"7490,24"
CVX-003359,2026-03-27 16:42:30,WhatsApp,Auto,Varejo,Sudeste,Android,Analise_Automatica,Escalado_Humano,40,3,"8411,8"
CVX-002822,2026-03-27 16:54:53,WhatsApp,Vida,Varejo,Nordeste,Android,Confirmacao_Protocolo,Resolvido_Bot,"10,2",5,"51952,43"
CVX-003773,2026-03-27 17:11:44,App,Residencial,Varejo,Sudeste,Android,Confirmacao_Protocolo,Resolvido_Bot,"6,3",5,"13426,58"
CVX-003487,2026-03-27 17:30:21,WhatsApp,Residencial,Premium,Sul,iOS,Confirmacao_Protocolo,Resolvido_Bot,"13,8",4,"11752,72"
CVX-001017,2026-03-27 17:44:23,App,Residencial,Premium,Centro-Oeste,Android,Validacao_Apolice,Escalado_Humano,"41,5",3,
CVX-001056,2026-03-27 18:01:36,WhatsApp,Residencial,Varejo,Centro-Oeste,Android,Validacao_Apolice,Escalado_Humano,"17,1",4,
CVX-001316,2026-03-27 18:05:35,WhatsApp,Vida,Varejo,Sul,Android,Confirmacao_Protocolo,Resolvido_Bot,"9,4",5,"8997,68"
CVX-001219,2026-03-27 18:10:42,WhatsApp,Auto,Varejo,Sul,Android,Validacao_Apolice,Escalado_Humano,39,5,
CVX-001805,2026-03-27 18:21:15,WhatsApp,Vida,Varejo,Sudeste,iOS,Analise_Automatica,Abandonado,,,"35105,82"
CVX-003106,2026-03-27 18:23:20,WhatsApp,Residencial,Varejo,Sudeste,Android,Confirmacao_Protocolo,Resolvido_Bot,"7,4",4,"13527,67"
CVX-004833,2026-03-27 18:27:21,WhatsApp,Residencial,Varejo,Sudeste,iOS,Analise_Automatica,Abandonado,,,"16882,3"
CVX-000649,2026-03-27 18:37:39,WhatsApp,Residencial,Corporativo,Sul,Android,Confirmacao_Protocolo,Resolvido_Bot,"12,8",4,"13061,68"
CVX-003863,2026-03-27 18:51:00,App,Residencial,Varejo,Sudeste,Android,Confirmacao_Protocolo,Resolvido_Bot,"9,5",5,"9552,21"
CVX-004528,2026-03-27 19:03:08,WhatsApp,Auto,Varejo,Sul,Android,Confirmacao_Protocolo,Resolvido_Bot,"7,6",5,"13016,54"
CVX-004554,2026-03-27 19:07:42,WhatsApp,Auto,Corporativo,Sul,Android,Validacao_Apolice,Escalado_Humano,"20,9",4,
CVX-003227,2026-03-27 19:11:23,WhatsApp,Auto,Corporativo,Sudeste,Android,Confirmacao_Protocolo,Resolvido_Bot,"11,9",4,"11574,84"
CVX-005376,2026-03-27 19:13:18,WhatsApp,Residencial,Premium,Sudeste,iOS,Upload_Fotos_Documentos,Abandonado,,,"21257,65"
CVX-001596,2026-03-27 19:23:16,WhatsApp,Auto,Varejo,Sudeste,iOS,Confirmacao_Protocolo,Resolvido_Bot,10,5,"11857,13"
CVX-002799,2026-03-27 19:30:08,WhatsApp,Vida,Varejo,Sudeste,iOS,Confirmacao_Protocolo,Resolvido_Bot,"16,8",,"29798,96"
CVX-001695,2026-03-27 19:57:12,WhatsApp,Vida,Premium,Norte,Android,Validacao_Apolice,Escalado_Humano,22,,
CVX-004737,2026-03-27 20:08:49,WhatsApp,Residencial,Varejo,Sudeste,iOS,Upload_Fotos_Documentos,Abandonado,,,"16413,74"
CVX-004581,2026-03-27 20:10:20,WhatsApp,Residencial,Premium,Nordeste,Android,Confirmacao_Protocolo,Resolvido_Bot,"6,6",5,"12691,51"
CVX-006206,2026-03-27 20:10:31,WhatsApp,Residencial,Corporativo,Sudeste,iOS,Confirmacao_Protocolo,Resolvido_Bot,"10,9",,"16196,26"
CVX-006879,2026-03-27 20:19:14,WhatsApp,Auto,Varejo,Sudeste,iOS,Upload_Fotos_Documentos,Abandonado,,,"6902,22"
CVX-002411,2026-03-27 20:55:35,WhatsApp,Auto,Varejo,Sudeste,Android,Validacao_Apolice,Escalado_Humano,"19,5",3,
CVX-003386,2026-03-28 8:08:54,WhatsApp,Auto,Varejo,Nordeste,iOS,Upload_Fotos_Documentos,Escalado_Humano,"45,8",4,"10893,14"
CVX-004265,2026-03-28 8:22:52,WhatsApp,Residencial,Varejo,Sudeste,iOS,Validacao_Apolice,Escalado_Humano,"41,8",2,
CVX-004552,2026-03-28 8:35:06,WhatsApp,Auto,Varejo,Sudeste,Android,Analise_Automatica,Escalado_Humano,"50,5",3,"4360,25"
CVX-001068,2026-03-28 8:35:31,WhatsApp,Auto,Varejo,Sul,iOS,Confirmacao_Protocolo,Resolvido_Bot,"8,7",4,"4030,14"
CVX-004661,2026-03-28 8:36:51,WhatsApp,Auto,Varejo,Centro-Oeste,iOS,Coleta_Dados_Sinistro,escalado_humano,"65,3",2,"14951,54"
CVX-000890,2026-03-28 8:37:43,WhatsApp,Residencial,Premium,Sudeste,Android,Validacao_Apolice,Escalado_Humano,"42,4",5,
CVX-002787,2026-03-28 8:56:05,App,Residencial,Varejo,Nordeste,iOS,Confirmacao_Protocolo,Resolvido_Bot,"10,8",4,300
CVX-006123,2026-03-28 9:13:14,WhatsApp,Auto,Varejo,Sul,iOS,Confirmacao_Protocolo,Resolvido_Bot,"10,4",4,"5309,97"
CVX-004300,2026-03-28 9:28:00,WhatsApp,Auto,Corporativo,Nordeste,Android,Coleta_Dados_Sinistro,Abandonado,,,"6137,78"
CVX-000394,2026-03-28 9:41:55,WhatsApp,Auto,Premium,Sudeste,iOS,Confirmacao_Protocolo,Resolvido_Bot,"5,8",,"4052,67"
CVX-001788,2026-03-28 9:56:45,WhatsApp,Auto,Varejo,Nordeste,Android,Confirmacao_Protocolo,Resolvido_Bot,"13,7",4,"4620,73"
CVX-003704,2026-03-28 9:56:57,WhatsApp,Auto,Varejo,Nordeste,iOS,Confirmacao_Protocolo,Resolvido_Bot,"9,5",5,"11705,97"
CVX-000531,2026-03-28 9:59:53,WhatsApp,Auto,Premium,Sudeste,Android,Analise_Automatica,ESCALADO HUMANO,"40,1",,"8640,76"
CVX-000318,2026-03-28 10:30:36,WhatsApp,Auto,Varejo,Sudeste,Android,Analise_Automatica,Abandonado,,,"9805,02"
CVX-003837,2026-03-28 10:33:27,WhatsApp,Auto,Varejo,Nordeste,iOS,Analise_Automatica,Escalado_Humano,"32,7",,"7993,04"
CVX-006350,2026-03-28 10:51:33,WhatsApp,Auto,Premium,Sul,Android,Confirmacao_Protocolo,Resolvido_Bot,"10,4",5,"6421,13"
CVX-005827,2026-03-28 10:58:40,WhatsApp,Vida,Premium,Sudeste,Android,Confirmacao_Protocolo,Resolvido_Bot,"14,3",4,"33043,32"
CVX-000030,2026-03-28 11:09:50,WhatsApp,Auto,Premium,Norte,Android,Confirmacao_Protocolo,Resolvido_Bot,"10,8",4,"8382,47"
CVX-005399,2026-03-28 12:05:22,WhatsApp,Auto,Premium,Centro-Oeste,Android,Confirmacao_Protocolo,Resolvido_Bot,"3,3",5,"5396,51"
CVX-002927,2026-03-28 12:36:39,App,Residencial,Varejo,Sudeste,Android,Upload_Fotos_Documentos,Abandonado,,,"16875,5"
CVX-006420,2026-03-28 12:39:37,WhatsApp,Auto,Corporativo,Sudeste,iOS,Coleta_Dados_Sinistro,Escalado_Humano,"27,4",,"11458,02"
CVX-004950,2026-03-28 12:44:35,WhatsApp,Residencial,Premium,Nordeste,Android,Confirmacao_Protocolo,Resolvido_Bot,"9,2",4,"12808,92"
CVX-006161,2026-03-28 12:54:19,WhatsApp,Vida,Premium,Sudeste,Android,Validacao_Apolice,Escalado_Humano,"32,9",4,
CVX-004220,2026-03-28 12:57:35,WhatsApp,Auto,Varejo,Sudeste,Android,Analise_Automatica,Escalado_Humano,"39,9",5,"9229,25"
CVX-002502,2026-03-28 13:07:49,WhatsApp,Vida,Varejo,Nordeste,Android,Validacao_Apolice,Escalado_Humano,"42,2",3,
CVX-005097,2026-03-28 13:39:39,WhatsApp,Auto,Premium,Sudeste,iOS,Confirmacao_Protocolo,Resolvido_Bot,"9,1",4,"6129,12"
CVX-005475,2026-03-28 13:40:50,WhatsApp,Vida,Varejo,Nordeste,Android,Confirmacao_Protocolo,Resolvido_Bot,"6,5",5,"32358,32"
CVX-006566,2026-03-28 13:41:47,WhatsApp,Residencial,Varejo,Nordeste,iOS,Validacao_Apolice,abandono,,,
CVX-001128,2026-03-28 13:43:11,App,Auto,Premium,Sul,Android,Validacao_Apolice,Escalado_Humano,"53,1",2,
CVX-005992,2026-03-28 13:48:27,WhatsApp,Auto,Premium,Sul,iOS,Coleta_Dados_Sinistro,Escalado_Humano,"39,6",3,"12114,99"
CVX-003841,2026-03-28 14:10:24,WhatsApp,Residencial,Premium,Nordeste,Android,Coleta_Dados_Sinistro,Escalado_Humano,"35,7",3,"5692,34"
CVX-000848,2026-03-28 14:27:11,WhatsApp,Residencial,Corporativo,Sul,Android,Upload_Fotos_Documentos,Escalado_Humano,"44,1",2,"11724,69"
CVX-002366,2026-03-28 14:37:27,App,Auto,Premium,Sudeste,Android,Validacao_Apolice,Escalado_Humano,"43,1",,
CVX-001359,2026-03-28 14:45:08,WhatsApp,Auto,Varejo,Sudeste,Android,Confirmacao_Protocolo,Resolvido_bot ,"4,5",,"12236,44"
CVX-003166,2026-03-28 14:56:49,WhatsApp,Residencial,Corporativo,Sul,iOS,Coleta_Dados_Sinistro,Escalado_humano,"56,7",,"8470,15"
CVX-003129,2026-03-28 15:10:35,App,Residencial,Varejo,Sudeste,iOS,Validacao_Apolice,Escalado_Humano,"41,1",4,
CVX-001634,2026-03-28 15:12:11,WhatsApp,Auto,Premium,Nordeste,iOS,Analise_Automatica,Escalado_Humano,"42,6",,"3711,12"
CVX-001794,2026-03-28 15:35:34,WhatsApp,Auto,Varejo,Sudeste,Android,Confirmacao_Protocolo,Resolvido_Bot,"9,6",4,"12434,13"
CVX-002533,2026-03-28 15:55:38,WhatsApp,Residencial,Varejo,Sudeste,iOS,Confirmacao_Protocolo,Resolvido_Bot,13,5,"11335,02"
CVX-005714,2026-03-28 16:34:07,WhatsApp,Auto,Varejo,Sudeste,Android,Upload_Fotos_Documentos,Escalado_Humano,"28,3",4,"6865,49"
CVX-004099,2026-03-28 16:36:00,WhatsApp,Residencial,Varejo,Nordeste,iOS,Coleta_Dados_Sinistro,ESCALADO HUMANO,"37,1",4,"10552,46"
CVX-006675,2026-03-28 16:40:36,WhatsApp,Auto,Premium,Sul,Android,Validacao_Apolice,Escalado_Humano,"37,5",4,
CVX-004148,2026-03-28 16:47:57,WhatsApp,Auto,Varejo,Sudeste,iOS,Confirmacao_Protocolo,Resolvido_Bot,"8,8",4,"13696,78"
CVX-005461,2026-03-28 17:08:16,WhatsApp,Auto,Varejo,Sudeste,Android,Confirmacao_Protocolo,Resolvido_Bot,"7,4",5,"4532,81"
CVX-003819,2026-03-28 17:09:03,WhatsApp,Residencial,Varejo,Norte,iOS,Upload_Fotos_Documentos,Abandonado,,,"17099,33"
CVX-002701,2026-03-28 17:11:18,WhatsApp,Auto,Premium,Sudeste,iOS,Coleta_Dados_Sinistro,Escalado_Humano,"53,7",4,"12399,35"
CVX-004790,2026-03-28 17:38:15,WhatsApp,Vida,Varejo,Nordeste,Android,Validacao_Apolice,Escalado_Humano,"32,3",4,
CVX-006449,2026-03-28 17:41:34,WhatsApp,Auto,Corporativo,Sudeste,Android,Upload_Fotos_Documentos,Escalado_Humano,"25,1",4,"8233,78"
CVX-002010,2026-03-28 18:05:00,WhatsApp,Residencial,Premium,Nordeste,iOS,Inicio_Saudacao,abandonado,,,
CVX-004638,2026-03-28 18:05:47,WhatsApp,Auto,Premium,Sudeste,Android,Confirmacao_Protocolo,Resolvido_Bot,"4,6",5,"7366,86"
CVX-005792,2026-03-28 18:43:37,WhatsApp,Residencial,Varejo,Nordeste,Android,Confirmacao_Protocolo,Resolvido_Bot,"7,6",4,"19197,11"
CVX-006447,2026-03-28 18:45:51,App,Auto,Varejo,Sudeste,Android,Analise_Automatica,Abandonado,,,"11669,25"
CVX-002835,2026-03-28 20:02:31,WhatsApp,Auto,Premium,Sudeste,Android,Upload_Fotos_Documentos,Abandonado,,,"5543,06"
CVX-001806,2026-03-28 20:17:13,WhatsApp,Auto,Varejo,Sul,Android,Upload_Fotos_Documentos,Escalado_Humano,40,4,"10654,84"
CVX-000755,2026-03-28 20:28:03,WhatsApp,Vida,Varejo,Nordeste,Android,Confirmacao_Protocolo,resolvido_bot,"6,5",4,"21061,39"
CVX-002336,2026-03-28 20:41:22,WhatsApp,Residencial,Varejo,Sudeste,iOS,Confirmacao_Protocolo,Resolvido_Bot,"5,8",4,"23172,49"
CVX-004183,2026-03-29 8:26:56,App,Auto,Varejo,Sudeste,Android,Confirmacao_Protocolo,Resolvido_Bot,"6,4",4,"2433,68"
CVX-002577,2026-03-29 8:52:47,WhatsApp,Auto,Corporativo,Sudeste,Android,Confirmacao_Protocolo,Resolvido_bot ,"12,1",4,"5482,89"
CVX-006315,2026-03-29 9:01:44,App,Auto,Corporativo,Norte,Android,Analise_Automatica,Escalado_Humano,"34,4",3,"5790,1"
CVX-004605,2026-03-29 9:23:05,WhatsApp,Auto,Corporativo,Sudeste,iOS,Confirmacao_Protocolo,Resolvido_Bot,"8,8",5,"7214,63"
CVX-004280,2026-03-29 9:53:44,WhatsApp,Auto,Premium,Sudeste,Android,Validacao_Apolice,Escalado_Humano,"34,7",5,
CVX-006307,2026-03-29 9:59:14,WhatsApp,Residencial,Varejo,Sudeste,Android,Confirmacao_Protocolo,Resolvido_Bot,"2,7",4,"15406,98"
CVX-002435,2026-03-29 10:07:51,App,Residencial,Varejo,Sul,iOS,Coleta_Dados_Sinistro,Abandonado,,,"18801,63"
CVX-000466,2026-03-29 10:33:28,WhatsApp,Residencial,Premium,Sudeste,Android,Confirmacao_Protocolo,Resolvido_Bot,"4,8",4,"6243,24"
CVX-003399,2026-03-29 11:00:31,WhatsApp,Residencial,Varejo,Sudeste,Android,Confirmacao_Protocolo,Resolvido_Bot,4,5,"17728,36"
CVX-002813,2026-03-29 11:52:22,WhatsApp,Auto,Premium,Sul,iOS,Confirmacao_Protocolo,Resolvido_Bot,"6,5",3,"10540,77"
CVX-004888,2026-03-29 11:53:03,WhatsApp,Residencial,Varejo,Sudeste,Android,Coleta_Dados_Sinistro,Escalado_Humano,27,4,"8575,92"
CVX-003367,2026-03-29 12:00:37,WhatsApp,Auto,Varejo,Nordeste,iOS,Validacao_Apolice,Escalado_Humano,"34,9",,
CVX-006571,2026-03-29 12:17:45,App,Residencial,Corporativo,Sul,Android,Coleta_Dados_Sinistro,Escalado_Humano,"22,1",4,"16995,76"
CVX-000333,2026-03-29 12:25:41,WhatsApp,Auto,Premium,Sul,Android,Confirmacao_Protocolo,Resolvido_Bot,"5,9",5,"10903,78"
CVX-005965,2026-03-29 12:38:21,WhatsApp,Auto,Varejo,Sudeste,iOS,Validacao_Apolice,Abandonado,,,
CVX-000211,2026-03-29 12:39:53,WhatsApp,Vida,Premium,Sudeste,Android,Validacao_Apolice,Escalado_Humano,"21,5",,
CVX-005821,2026-03-29 12:47:02,WhatsApp,Auto,Varejo,Centro-Oeste,iOS,Confirmacao_Protocolo,Resolvido_Bot,"8,3",4,"4358,27"
CVX-005337,2026-03-29 12:54:41,WhatsApp,Vida,Premium,Sudeste,Android,Analise_Automatica,Escalado_Humano,"42,6",5,"8363,42"
CVX-006934,2026-03-29 12:59:26,WhatsApp,Auto,Varejo,Sudeste,iOS,Validacao_Apolice,escalado_humano,"51,5",3,
CVX-003790,2026-03-29 13:07:00,WhatsApp,Auto,Corporativo,Sudeste,Android,Coleta_Dados_Sinistro,Escalado_Humano,"44,4",5,"8323,67"
CVX-002758,2026-03-29 13:19:07,WhatsApp,Auto,Varejo,Sudeste,iOS,Confirmacao_Protocolo,Resolvido_Bot,"3,2",4,"12565,48"
CVX-003451,2026-03-29 13:44:04,App,Vida,Varejo,Sul,iOS,Confirmacao_Protocolo,Resolvido_Bot,"11,4",,"40280,28"
CVX-002786,2026-03-29 13:49:12,WhatsApp,Auto,Varejo,Centro-Oeste,Android,Validacao_Apolice,Escalado_Humano,"42,7",3,
CVX-005382,2026-03-29 13:49:21,WhatsApp,Vida,Varejo,Norte,Android,Validacao_Apolice,Escalado_Humano,"37,3",3,
CVX-003392,2026-03-29 14:21:58,App,Auto,Varejo,Sul,Android,Upload_Fotos_Documentos,Abandonado,,,"9891,44"
CVX-004356,2026-03-29 14:26:23,WhatsApp,Residencial,Varejo,Sudeste,iOS,Validacao_Apolice,Escalado_Humano,"53,7",3,
CVX-000043,2026-03-29 14:35:59,WhatsApp,Auto,Varejo,Sul,iOS,Upload_Fotos_Documentos,Escalado_Humano,"50,5",,"775,76"
CVX-003262,2026-03-29 14:36:45,WhatsApp,Vida,Varejo,Sul,Android,Analise_Automatica,Escalado_Humano,"55,2",3,"46671,31"
CVX-003014,2026-03-29 15:24:03,WhatsApp,Auto,Varejo,Centro-Oeste,iOS,Confirmacao_Protocolo,Resolvido_Bot,"5,7",5,"7517,57"
CVX-002428,2026-03-29 15:53:33,WhatsApp,Residencial,Varejo,Sul,Android,Confirmacao_Protocolo,Resolvido_Bot,"7,2",4,"13271,03"
CVX-005581,2026-03-29 16:02:34,WhatsApp,Residencial,Varejo,Sul,Android,Validacao_Apolice,Escalado_Humano,"40,1",4,
CVX-001804,2026-03-29 16:06:25,WhatsApp,Vida,Varejo,Norte,Android,Confirmacao_Protocolo,Resolvido_Bot,"4,3",4,"43037,83"
CVX-002930,2026-03-29 16:29:31,App,Auto,Premium,Sudeste,iOS,Validacao_Apolice,Escalado_Humano,"19,1",3,
CVX-006170,2026-03-29 16:31:32,WhatsApp,Auto,Varejo,Sul,Android,Confirmacao_Protocolo,Resolvido_Bot,"9,4",5,"7664,2"
CVX-003194,2026-03-29 16:34:55,WhatsApp,Vida,Corporativo,Sudeste,Android,Upload_Fotos_Documentos,Escalado_Humano,"33,1",5,"27887,72"
CVX-006592,2026-03-29 16:39:16,App,Vida,Premium,Sudeste,iOS,Upload_Fotos_Documentos,Abandonado,,,"60108,21"
CVX-003485,2026-03-29 16:40:46,App,Auto,Varejo,Centro-Oeste,Android,Confirmacao_Protocolo,Resolvido_Bot,"4,5",5,"8289,02"
CVX-004895,2026-03-29 16:50:09,WhatsApp,Residencial,Premium,Sudeste,Android,Upload_Fotos_Documentos,Abandonado,,,"19477,19"
CVX-006903,2026-03-29 16:57:13,WhatsApp,Auto,Varejo,Sudeste,Android,Validacao_Apolice,Escalado_Humano,27,4,
CVX-005666,2026-03-29 17:13:43,WhatsApp,Auto,Varejo,Sudeste,Android,Confirmacao_Protocolo,Resolvido_Bot,"6,9",4,"8746,72"
CVX-006630,2026-03-29 17:15:36,WhatsApp,Auto,Varejo,Centro-Oeste,Android,Confirmacao_Protocolo,Resolvido_Bot,"6,7",4,"9598,24"
CVX-006750,2026-03-29 17:26:13,WhatsApp,Auto,Varejo,Sudeste,Android,Validacao_Apolice,Escalado_humano,"37,5",4,
CVX-003224,2026-03-29 17:28:49,WhatsApp,Auto,Varejo,Sudeste,iOS,Validacao_Apolice,escalado_humano,"42,1",4,
CVX-000807,2026-03-29 17:42:18,WhatsApp,Residencial,Premium,Centro-Oeste,Android,Analise_Automatica,Escalado_Humano,"31,3",,"5802,92"
CVX-002556,2026-03-29 17:43:04,WhatsApp,Auto,Varejo,Nordeste,Android,Analise_Automatica,Abandonado,,,"14522,95"
CVX-000736,2026-03-29 18:11:09,WhatsApp,Residencial,Premium,Sul,Android,Confirmacao_Protocolo,Resolvido_bot ,"12,3",5,"16196,69"
CVX-003616,2026-03-29 18:15:02,WhatsApp,Auto,Varejo,Norte,Android,Validacao_Apolice,Abandonado,,,
CVX-002380,2026-03-29 18:25:18,WhatsApp,Residencial,Varejo,Sul,Android,Confirmacao_Protocolo,Resolvido_Bot,"7,9",,"24161,37"
CVX-003963,2026-03-29 19:07:47,WhatsApp,Auto,Varejo,Sudeste,Android,Coleta_Dados_Sinistro,abandono,,,"15093,03"
CVX-006218,2026-03-29 19:11:17,WhatsApp,Vida,Premium,Nordeste,Android,Validacao_Apolice,Escalado_Humano,"27,3",5,
CVX-001988,2026-03-29 19:13:53,WhatsApp,Residencial,Premium,Sudeste,iOS,Confirmacao_Protocolo,Resolvido_Bot,"10,6",,"17329,03"
CVX-005941,2026-03-29 19:17:35,WhatsApp,Auto,Varejo,Sul,Android,Confirmacao_Protocolo,Resolvido_Bot,"7,1",3,"14264,08"
CVX-004068,2026-03-29 19:32:15,WhatsApp,Residencial,Premium,Nordeste,Android,Upload_Fotos_Documentos,Abandonado,,,"10068,7"
CVX-000004,2026-03-29 19:43:13,WhatsApp,Residencial,Corporativo,Sul,iOS,Coleta_Dados_Sinistro,escalado_humano,"42,1",2,"11756,22"
CVX-004873,2026-03-29 19:44:33,App,Auto,Varejo,Nordeste,Android,Coleta_Dados_Sinistro,ABANDONADO ,,,"4947,86"
CVX-000433,2026-03-29 19:50:15,WhatsApp,Auto,Varejo,Sudeste,Android,Upload_Fotos_Documentos,Abandonado,,,"12490,41"
CVX-002261,2026-03-29 20:04:00,WhatsApp,Residencial,Premium,Sudeste,iOS,Confirmacao_Protocolo,Resolvido_Bot,"6,6",4,"17399,06"
CVX-004211,2026-03-29 20:13:18,WhatsApp,Residencial,Varejo,Centro-Oeste,Android,Coleta_Dados_Sinistro,Escalado_Humano,"31,9",3,"6386,85"
CVX-000092,2026-03-29 20:30:37,WhatsApp,Auto,Varejo,Sudeste,Android,Confirmacao_Protocolo,Resolvido_Bot,5,4,"4349,1"
CVX-000102,2026-03-29 20:44:08,WhatsApp,Auto,Varejo,Sudeste,Android,Coleta_Dados_Sinistro,Escalado_Humano,"29,8",,"7427,37"
CVX-003903,2026-03-30 8:04:32,App,Auto,Premium,Nordeste,Android,Coleta_Dados_Sinistro,Escalado_Humano,"59,3",2,"9917,87"
CVX-001421,2026-03-30 8:06:03,WhatsApp,Vida,Varejo,Sul,iOS,Inicio_Saudacao,Abandonado,,,
CVX-003482,2026-03-30 8:06:38,WhatsApp,Residencial,Varejo,Nordeste,iOS,Upload_Fotos_Documentos,Escalado_Humano,"16,6",5,"19585,67"
CVX-006370,2026-03-30 8:34:47,WhatsApp,Residencial,Premium,Sudeste,Android,Confirmacao_Protocolo,Resolvido_Bot,"9,9",,"22821,42"
CVX-000532,2026-03-30 8:42:34,WhatsApp,Vida,Varejo,Sul,Android,Confirmacao_Protocolo,Resolvido_Bot,"10,7",5,"48381,85"
CVX-000055,2026-03-30 9:02:19,WhatsApp,Auto,Corporativo,Sul,iOS,Confirmacao_Protocolo,Resolvido_Bot,"6,5",,"8019,62"
CVX-004172,2026-03-30 9:12:36,WhatsApp,Auto,Varejo,Sudeste,Android,Confirmacao_Protocolo,Resolvido_Bot,"9,8",4,"4318,49"
CVX-006533,2026-03-30 9:21:04,WhatsApp,Residencial,Premium,Sul,Android,Confirmacao_Protocolo,Resolvido_Bot,"9,5",4,"13919,99"
CVX-006264,2026-03-30 9:23:07,WhatsApp,Auto,Varejo,Centro-Oeste,Android,Analise_Automatica,Abandonado,,,"7380,27"
CVX-006381,2026-03-30 9:28:26,WhatsApp,Auto,Varejo,Sudeste,iOS,Validacao_Apolice,Escalado_Humano,"46,9",,
CVX-004139,2026-03-30 9:50:06,WhatsApp,Vida,Varejo,Sudeste,Android,Confirmacao_Protocolo,Resolvido_Bot,"5,9",,"69435,42"
CVX-006012,2026-03-30 10:02:33,WhatsApp,Residencial,Varejo,Sudeste,Android,Coleta_Dados_Sinistro,Abandonado,,,7708
CVX-003036,2026-03-30 10:06:59,WhatsApp,Auto,Varejo,Sudeste,Android,Analise_Automatica,Abandonado,,,"9254,41"
CVX-002227,2026-03-30 10:09:24,App,Residencial,Varejo,Nordeste,Android,Confirmacao_Protocolo,Resolvido_Bot,"6,7",,"10963,88"
CVX-001060,2026-03-30 10:14:26,WhatsApp,Residencial,Varejo,Sul,Android,Confirmacao_Protocolo,Resolvido_Bot,14,4,"10234,53"
CVX-006936,2026-03-30 10:35:41,WhatsApp,Vida,Premium,Sul,Android,Confirmacao_Protocolo,Resolvido_Bot,"7,1",,"64178,9"
CVX-005610,2026-03-30 10:54:59,App,Auto,Corporativo,Sudeste,iOS,Confirmacao_Protocolo,Resolvido_Bot,"6,4",5,"7664,87"
CVX-003512,2026-03-30 11:05:39,WhatsApp,Vida,Varejo,Sudeste,iOS,Validacao_Apolice,Escalado_Humano,56,4,
CVX-003016,2026-03-30 11:07:24,WhatsApp,Auto,Varejo,Sudeste,Android,Confirmacao_Protocolo,Resolvido_Bot,"10,1",,"7767,1"
CVX-002284,2026-03-30 11:22:14,WhatsApp,Auto,Premium,Nordeste,iOS,Validacao_Apolice,Escalado_Humano,"43,6",5,
CVX-002739,2026-03-30 12:02:43,WhatsApp,Vida,Varejo,Sul,Android,Inicio_Saudacao,Abandonado,,,
CVX-006318,2026-03-30 12:07:56,WhatsApp,Auto,Varejo,Sudeste,iOS,Validacao_Apolice,Escalado_Humano,"34,2",5,
CVX-004062,2026-03-30 12:22:26,App,Residencial,Premium,Sudeste,Android,Upload_Fotos_Documentos,Escalado_Humano,"43,2",3,"19542,37"
CVX-003848,2026-03-30 12:28:42,App,Vida,Varejo,Nordeste,Android,Validacao_Apolice,Abandonado,,,
CVX-006310,2026-03-30 12:34:03,WhatsApp,Vida,Varejo,Sudeste,Android,Coleta_Dados_Sinistro,Escalado_Humano,"42,8",4,"20090,34"
CVX-004824,2026-03-30 12:37:55,WhatsApp,Auto,Varejo,Nordeste,Android,Upload_Fotos_Documentos,abandonado,,,"4599,28"
CVX-003323,2026-03-30 12:55:56,WhatsApp,Residencial,Premium,Sul,Android,Validacao_Apolice,Escalado_Humano,"50,4",,
CVX-003212,2026-03-30 13:26:46,WhatsApp,Auto,Varejo,Centro-Oeste,Android,Confirmacao_Protocolo,Resolvido_Bot,"13,9",5,"19145,05"
CVX-001410,2026-03-30 13:33:23,WhatsApp,Auto,Corporativo,Norte,iOS,Confirmacao_Protocolo,Resolvido_Bot,"7,2",5,"8937,52"
CVX-006853,2026-03-30 14:02:06,WhatsApp,Residencial,Varejo,Centro-Oeste,Android,Upload_Fotos_Documentos,Abandonado,,,"8075,5"
CVX-004770,2026-03-30 14:13:05,WhatsApp,Auto,Premium,Norte,Android,Coleta_Dados_Sinistro,Abandonado,,,"7499,55"
CVX-002911,2026-03-30 14:31:38,WhatsApp,Auto,Varejo,Sudeste,Android,Upload_Fotos_Documentos,abandono,,,"7300,72"
CVX-002920,2026-03-30 15:10:06,WhatsApp,Vida,Varejo,Sul,Android,Confirmacao_Protocolo,Resolvido_Bot,"10,9",5,"57188,92"
CVX-006374,2026-03-30 15:32:15,App,Auto,Varejo,Sudeste,Android,Upload_Fotos_Documentos,Abandonado,,,"6222,24"
CVX-002292,2026-03-30 15:35:10,WhatsApp,Residencial,Premium,Sul,Android,Upload_Fotos_Documentos,Escalado_Humano,"35,2",4,"14868,96"
CVX-000597,2026-03-30 16:02:46,WhatsApp,Auto,Varejo,Sudeste,Android,Confirmacao_Protocolo,resolvido_bot,"10,8",3,"7876,21"
CVX-006980,2026-03-30 16:16:22,WhatsApp,Auto,Premium,Norte,Android,Confirmacao_Protocolo,Resolvido_Bot,"5,7",5,"14655,77"
CVX-000674,2026-03-30 16:21:03,App,Vida,Corporativo,Sudeste,Android,Validacao_Apolice,Escalado_Humano,"44,8",4,
CVX-000491,2026-03-30 17:06:49,WhatsApp,Auto,Corporativo,Centro-Oeste,Android,Confirmacao_Protocolo,Resolvido_Bot,"8,9",4,"7943,96"
CVX-003859,2026-03-30 17:09:41,WhatsApp,Auto,Varejo,Sudeste,Android,Confirmacao_Protocolo,Resolvido_Bot,15,4,"6643,68"
CVX-006177,2026-03-30 17:23:02,WhatsApp,Residencial,Premium,Sul,Android,Confirmacao_Protocolo,Resolvido_Bot,"9,2",4,"889,9"
CVX-001534,2026-03-30 17:27:29,WhatsApp,Residencial,Premium,Nordeste,iOS,Coleta_Dados_Sinistro,Abandonado,,,"17659,66"
CVX-003275,2026-03-30 17:40:37,App,Residencial,Varejo,Centro-Oeste,Android,Analise_Automatica,Abandonado,,,"6830,19"
CVX-001525,2026-03-30 17:43:50,WhatsApp,Residencial,Varejo,Nordeste,Android,Confirmacao_Protocolo,Resolvido_Bot,"13,2",4,"18785,89"
CVX-000800,2026-03-30 18:00:05,WhatsApp,Auto,Varejo,Sudeste,Android,Validacao_Apolice,escalado_humano,"32,2",4,
CVX-005777,2026-03-30 18:00:24,WhatsApp,Vida,Varejo,Nordeste,Android,Validacao_Apolice,Escalado_Humano,"40,7",,
CVX-004993,2026-03-30 18:07:21,App,Residencial,Premium,Sudeste,iOS,Upload_Fotos_Documentos,Abandonado,,,"22131,73"
CVX-006941,2026-03-30 18:18:00,WhatsApp,Auto,Varejo,Sudeste,Android,Confirmacao_Protocolo,Resolvido_Bot,"9,2",3,"1703,14"
CVX-003777,2026-03-30 18:46:07,WhatsApp,Auto,Premium,Sudeste,Android,Confirmacao_Protocolo,Resolvido_Bot,"9,7",4,"13840,8"
CVX-005807,2026-03-30 19:34:32,WhatsApp,Auto,Corporativo,Sul,Android,Coleta_Dados_Sinistro,Escalado_Humano,"34,1",3,"11148,32"
CVX-003535,2026-03-30 19:56:46,WhatsApp,Residencial,Varejo,Centro-Oeste,Android,Confirmacao_Protocolo,Resolvido_Bot,"11,5",5,"4915,25"
CVX-004560,2026-03-30 20:02:10,WhatsApp,Residencial,Varejo,Sudeste,Android,Upload_Fotos_Documentos,Escalado_Humano,"24,6",3,"12552,64"
CVX-005009,2026-03-30 20:06:04,WhatsApp,Residencial,Premium,Sul,Android,Confirmacao_Protocolo,Resolvido_Bot,"4,6",5,"8116,82"
CVX-001387,2026-03-30 20:25:01,App,Residencial,Varejo,Sudeste,Android,Confirmacao_Protocolo,Resolvido_Bot,"7,9",,"17019,08"
CVX-006841,2026-03-30 20:36:23,WhatsApp,Vida,Premium,Sudeste,iOS,Upload_Fotos_Documentos,Abandonado,,,"30309,43"
CVX-006638,2026-03-30 20:39:55,WhatsApp,Residencial,Corporativo,Norte,Android,Validacao_Apolice,Escalado_Humano,"44,5",,
CVX-003497,2026-03-31 8:02:29,WhatsApp,Vida,Varejo,Nordeste,Android,Upload_Fotos_Documentos,Abandonado,,,"32826,01"
CVX-003746,2026-03-31 8:12:41,WhatsApp,Residencial,Premium,Sudeste,iOS,Confirmacao_Protocolo,Resolvido_Bot,"5,4",5,"18405,98"
CVX-003729,2026-03-31 8:19:01,WhatsApp,Auto,Varejo,Centro-Oeste,Android,Analise_Automatica,Abandonado,,,"6333,05"
CVX-003954,2026-03-31 8:24:41,WhatsApp,Auto,Varejo,Centro-Oeste,Android,Inicio_Saudacao,Abandonado,,,
CVX-002207,2026-03-31 8:28:22,WhatsApp,Residencial,Varejo,Sudeste,Android,Validacao_Apolice,Escalado_Humano,"52,6",,
CVX-002432,2026-03-31 8:49:04,WhatsApp,Auto,Premium,Sudeste,iOS,Confirmacao_Protocolo,Resolvido_Bot,"12,8",,"4170,38"
CVX-000387,2026-03-31 8:51:21,WhatsApp,Residencial,Premium,Sudeste,Android,Confirmacao_Protocolo,Resolvido_Bot,"10,4",,"12105,28"
CVX-005080,2026-03-31 9:09:07,WhatsApp,Residencial,Varejo,Sudeste,Android,Validacao_Apolice,Escalado_Humano,"29,1",4,
CVX-002979,2026-03-31 9:30:32,WhatsApp,Auto,Varejo,Centro-Oeste,iOS,Confirmacao_Protocolo,Resolvido_Bot,"11,8",5,"8196,85"
CVX-005584,2026-03-31 9:34:15,App,Auto,Premium,Sul,iOS,Validacao_Apolice,Escalado_Humano,"59,7",3,
CVX-003883,2026-03-31 9:48:37,WhatsApp,Auto,Varejo,Nordeste,Android,Validacao_Apolice,Escalado_Humano,"39,8",3,
CVX-006340,2026-03-31 9:54:24,App,Auto,Corporativo,Sudeste,Android,Confirmacao_Protocolo,Resolvido_Bot,"11,1",5,"4599,52"
CVX-006793,2026-03-31 10:32:41,App,Auto,Varejo,Sudeste,iOS,Confirmacao_Protocolo,Resolvido_Bot,"10,3",,"8888,51"
CVX-005868,2026-03-31 10:39:50,WhatsApp,Auto,Premium,Sudeste,Android,Confirmacao_Protocolo,Resolvido_Bot,"8,1",5,"5757,28"
CVX-003274,2026-03-31 11:23:02,WhatsApp,Vida,Varejo,Nordeste,iOS,Validacao_Apolice,Escalado_Humano,"66,9",3,
CVX-001777,2026-03-31 11:27:52,App,Auto,Premium,Sudeste,iOS,Confirmacao_Protocolo,Resolvido_Bot,11,5,"10988,43"
CVX-006949,2026-03-31 11:34:24,WhatsApp,Residencial,Varejo,Sudeste,Android,Validacao_Apolice,Escalado_Humano,"40,1",,
CVX-005585,2026-03-31 11:46:01,WhatsApp,Auto,Varejo,Sul,Android,Upload_Fotos_Documentos,Abandonado,,,"12668,34"
CVX-003561,2026-03-31 11:51:32,WhatsApp,Vida,Varejo,Nordeste,iOS,Analise_Automatica,Escalado_Humano,"47,6",5,"34602,86"
CVX-005171,2026-03-31 12:24:55,WhatsApp,Auto,Varejo,Sul,iOS,Validacao_Apolice,Escalado_Humano,"39,9",,
CVX-004302,2026-03-31 12:29:33,WhatsApp,Residencial,Varejo,Sul,Android,Inicio_Saudacao,Abandonado,,,
CVX-003113,2026-03-31 12:33:00,WhatsApp,Auto,Varejo,Nordeste,iOS,Inicio_Saudacao,Abandonado,,,
CVX-006460,2026-03-31 12:41:40,WhatsApp,Auto,Premium,Sudeste,iOS,Confirmacao_Protocolo,Resolvido_Bot,11,3,"10544,3"
CVX-000666,2026-03-31 12:41:42,WhatsApp,Auto,Varejo,Sul,Android,Analise_Automatica,Abandonado,,,"11203,03"
CVX-003164,2026-03-31 12:42:02,WhatsApp,Auto,Varejo,Centro-Oeste,Android,Upload_Fotos_Documentos,Abandonado,,,"10736,5"
CVX-000106,2026-03-31 12:47:55,WhatsApp,Auto,Varejo,Sul,Android,Upload_Fotos_Documentos,Abandonado,,,"6880,73"
CVX-005879,2026-03-31 12:55:55,WhatsApp,Auto,Varejo,Centro-Oeste,iOS,Confirmacao_Protocolo,Resolvido_Bot,"8,5",4,"4082,57"
CVX-004929,2026-03-31 12:59:00,WhatsApp,Residencial,Corporativo,Nordeste,iOS,Validacao_Apolice,Abandonado,,,
CVX-005638,2026-03-31 13:11:39,WhatsApp,Auto,Varejo,Norte,Android,Confirmacao_Protocolo,Resolvido_Bot,"6,7",,"4942,89"
CVX-003148,2026-03-31 13:12:09,WhatsApp,Residencial,Varejo,Sudeste,Android,Upload_Fotos_Documentos,Escalado_Humano,"20,1",,"24270,95"
CVX-002089,2026-03-31 13:29:32,WhatsApp,Auto,Varejo,Nordeste,Android,Upload_Fotos_Documentos,ABANDONADO ,,,"10502,92"
CVX-006611,2026-03-31 13:42:32,WhatsApp,Auto,Premium,Sudeste,iOS,Confirmacao_Protocolo,Resolvido_Bot,"9,2",4,"9407,94"
CVX-006955,2026-03-31 13:49:02,WhatsApp,Residencial,Premium,Sudeste,Android,Confirmacao_Protocolo,Resolvido_Bot,"6,4",,"18122,9"
CVX-000638,2026-03-31 13:57:41,App,Vida,Premium,Sul,Android,Confirmacao_Protocolo,Resolvido_Bot,"14,8",2,"18965,1"
CVX-003173,2026-03-31 14:16:15,WhatsApp,Vida,Varejo,Sudeste,Android,Confirmacao_Protocolo,Resolvido_Bot,"8,6",,"23642,63"
CVX-004107,2026-03-31 14:41:45,WhatsApp,Residencial,Varejo,Sudeste,iOS,Confirmacao_Protocolo,Resolvido_Bot,"7,4",5,"19008,36"
CVX-000446,2026-03-31 14:48:33,App,Residencial,Varejo,Sudeste,Android,Confirmacao_Protocolo,Resolvido_Bot,"5,3",4,"10359,31"
CVX-000761,2026-03-31 15:04:10,WhatsApp,Residencial,Varejo,Sul,Android,Confirmacao_Protocolo,Resolvido_Bot,"7,7",4,"19760,87"
CVX-005814,2026-03-31 15:06:59,App,Residencial,Premium,Nordeste,iOS,Confirmacao_Protocolo,Resolvido_Bot,"13,3",3,"11986,63"
CVX-006666,2026-03-31 15:13:22,WhatsApp,Auto,Premium,Sul,Android,Validacao_Apolice,Escalado_Humano,"44,1",4,
CVX-001935,2026-03-31 15:30:12,WhatsApp,Vida,Corporativo,Sudeste,Android,Upload_Fotos_Documentos,Escalado_Humano,26,5,"18587,66"
CVX-004905,2026-03-31 15:53:11,WhatsApp,Auto,Corporativo,Sul,iOS,Confirmacao_Protocolo,Resolvido_Bot,"8,6",5,"10614,68"
CVX-003881,2026-03-31 16:36:36,WhatsApp,Residencial,Varejo,Sudeste,Android,Confirmacao_Protocolo,Resolvido_Bot,"11,7",5,"18047,46"
CVX-004821,2026-03-31 16:37:40,WhatsApp,Residencial,Premium,Sudeste,Android,Confirmacao_Protocolo,Resolvido_Bot,"10,3",4,"23982,28"
CVX-005235,2026-03-31 17:00:17,WhatsApp,Vida,Varejo,Sul,iOS,Confirmacao_Protocolo,Resolvido_Bot,"7,3",5,"46517,81"
CVX-001928,2026-03-31 17:13:55,App,Residencial,Varejo,Nordeste,iOS,Confirmacao_Protocolo,Resolvido_Bot,"5,3",5,"22846,84"
CVX-004960,2026-03-31 17:21:05,WhatsApp,Vida,Varejo,Centro-Oeste,Android,Confirmacao_Protocolo,Resolvido_Bot,"10,7",5,"19121,03"
CVX-004050,2026-03-31 17:23:48,WhatsApp,Auto,Corporativo,Sudeste,iOS,Confirmacao_Protocolo,Resolvido_Bot,"9,2",4,"3573,49"
CVX-004001,2026-03-31 17:27:06,WhatsApp,Auto,Varejo,Nordeste,Android,Confirmacao_Protocolo,Resolvido_Bot,"8,7",3,"9893,84"
CVX-002705,2026-03-31 17:29:09,WhatsApp,Residencial,Premium,Sudeste,Android,Upload_Fotos_Documentos,Abandonado,,,"8896,85"
CVX-000453,2026-03-31 17:32:19,WhatsApp,Auto,Varejo,Sudeste,Android,Validacao_Apolice,Escalado_Humano,"42,7",4,
CVX-002107,2026-03-31 17:47:09,WhatsApp,Vida,Varejo,Centro-Oeste,iOS,Validacao_Apolice,Escalado_Humano,"32,2",5,
CVX-004245,2026-03-31 18:14:30,App,Auto,Premium,Sudeste,iOS,Coleta_Dados_Sinistro,Escalado_Humano,"40,2",4,"12865,48"
CVX-002978,2026-03-31 18:23:24,WhatsApp,Residencial,Varejo,Nordeste,Android,Inicio_Saudacao,Abandonado,,,
CVX-003505,2026-03-31 18:26:37,WhatsApp,Residencial,Corporativo,Sudeste,iOS,Confirmacao_Protocolo,Resolvido_Bot,"9,6",2,"4845,04"
CVX-000947,2026-03-31 18:36:09,WhatsApp,Auto,Premium,Sudeste,Android,Upload_Fotos_Documentos,Abandonado,,,"13227,01"
CVX-006948,2026-03-31 18:51:15,WhatsApp,Vida,Varejo,Norte,Android,Validacao_Apolice,escalado_humano,"46,8",3,
CVX-005612,2026-03-31 19:17:25,WhatsApp,Auto,Corporativo,Sudeste,Android,Confirmacao_Protocolo,Resolvido_Bot,"11,6",,"12714,66"
CVX-001723,2026-03-31 19:19:36,WhatsApp,Auto,Varejo,Sudeste,iOS,Confirmacao_Protocolo,resolvido_bot,"6,6",4,"9324,79"
CVX-006463,2026-03-31 19:42:13,WhatsApp,Residencial,Premium,Sudeste,Android,Coleta_Dados_Sinistro,Escalado_Humano,"19,8",,"8957,19"
CVX-002106,2026-03-31 19:48:55,WhatsApp,Residencial,Premium,Sul,Android,Confirmacao_Protocolo,Resolvido_Bot,"8,6",5,"19330,22"
CVX-002641,2026-03-31 20:37:06,WhatsApp,Auto,Premium,Sudeste,Android,Validacao_Apolice,Escalado_Humano,"53,4",3,
CVX-000215,2026-03-31 20:45:07,WhatsApp,Residencial,Premium,Sudeste,iOS,Confirmacao_Protocolo,Resolvido_Bot,9,5,"25207,44"
CVX-001204,2026-03-31 20:47:55,WhatsApp,Auto,Varejo,Nordeste,iOS,Confirmacao_Protocolo,RESOLVIDO_BOT,4,5,"10043,87"
CVX-001745,2026-03-31 20:59:16,App,Residencial,Varejo,Sul,Android,Coleta_Dados_Sinistro,Abandonado,,,"28569,13"
CVX-004693,2026-04-01 8:00:18,WhatsApp,Auto,Premium,Sudeste,Android,Validacao_Apolice,Escalado_Humano,"30,3",5,
CVX-005779,2026-04-01 8:16:33,WhatsApp,Residencial,Varejo,Nordeste,Android,Upload_Fotos_Documentos,Abandonado,,,"10972,16"
CVX-004020,2026-04-01 8:25:08,WhatsApp,Vida,Varejo,Sudeste,Android,Validacao_Apolice,Abandonado,,,
CVX-006458,2026-04-01 8:49:21,WhatsApp,Residencial,Varejo,Centro-Oeste,iOS,Coleta_Dados_Sinistro,Abandonado,,,"16991,93"
CVX-001469,2026-04-01 8:55:09,WhatsApp,Auto,Varejo,Sudeste,iOS,Upload_Fotos_Documentos,Escalado_Humano,"39,4",4,"15532,32"
CVX-006133,2026-04-01 9:12:26,WhatsApp,Vida,Varejo,Nordeste,iOS,Confirmacao_Protocolo,Resolvido_Bot,"11,5",5,"39994,71"
CVX-005378,2026-04-01 9:14:20,App,Auto,Premium,Sudeste,Android,Upload_Fotos_Documentos,Abandonado,,,"6678,98"
CVX-001918,2026-04-01 9:21:44,WhatsApp,Auto,Varejo,Sul,Android,Coleta_Dados_Sinistro,Escalado_Humano,"36,8",3,"13557,56"
CVX-003074,2026-04-01 9:26:52,WhatsApp,Residencial,Varejo,Sudeste,iOS,Confirmacao_Protocolo,Resolvido_Bot,"13,3",4,"12684,65"
CVX-000835,2026-04-01 9:29:47,WhatsApp,Auto,Premium,Nordeste,Android,Confirmacao_Protocolo,Resolvido_Bot,"6,9",5,"9818,18"
CVX-002452,2026-04-01 9:47:17,WhatsApp,Residencial,Varejo,Sul,iOS,Validacao_Apolice,Escalado_Humano,"42,3",4,
CVX-006348,2026-04-01 10:27:45,WhatsApp,Auto,Varejo,Sul,Android,Validacao_Apolice,Escalado_Humano,43,4,
CVX-006780,2026-04-01 10:30:44,WhatsApp,Auto,Varejo,Sudeste,Android,Coleta_Dados_Sinistro,Escalado_Humano,"26,4",,"13672,24"
CVX-000799,2026-04-01 10:34:31,WhatsApp,Residencial,Varejo,Sul,iOS,Confirmacao_Protocolo,Resolvido_Bot,"7,3",,"15338,09"
CVX-006291,2026-04-01 10:41:35,WhatsApp,Residencial,Corporativo,Sudeste,Android,Analise_Automatica,Abandonado,,,"27477,25"
CVX-004527,2026-04-01 10:50:46,WhatsApp,Auto,Premium,Sudeste,Android,Validacao_Apolice,Escalado_Humano,"20,7",4,
CVX-002345,2026-04-01 11:02:17,WhatsApp,Vida,Varejo,Sul,Android,Validacao_Apolice,Escalado_Humano,"51,1",3,
CVX-003825,2026-04-01 11:28:26,WhatsApp,Auto,Premium,Sudeste,Android,Validacao_Apolice,Escalado_Humano,"27,8",5,
CVX-000159,2026-04-01 11:41:50,WhatsApp,Auto,Varejo,Sudeste,iOS,Analise_Automatica,Escalado_Humano,"43,1",,"12149,87"
CVX-006305,2026-04-01 11:47:53,WhatsApp,Auto,Varejo,Sudeste,iOS,Analise_Automatica,Escalado_Humano,"39,2",,"5844,85"
CVX-006699,2026-04-01 11:59:16,WhatsApp,Auto,Varejo,Nordeste,iOS,Inicio_Saudacao,Abandonado,,,
CVX-004558,2026-04-01 12:04:32,WhatsApp,Residencial,Varejo,Sudeste,Android,Validacao_Apolice,Escalado_Humano,"52,6",5,
CVX-003187,2026-04-01 12:38:22,WhatsApp,Vida,Premium,Sul,Android,Confirmacao_Protocolo,Resolvido_Bot,"4,9",5,"59308,01"
CVX-003292,2026-04-01 12:55:55,App,Residencial,Varejo,Nordeste,Android,Confirmacao_Protocolo,Resolvido_Bot,"3,3",4,"15325,75"
CVX-004377,2026-04-01 12:59:49,App,Residencial,Varejo,Sudeste,iOS,Upload_Fotos_Documentos,Abandonado,,,"18421,23"
CVX-003738,2026-04-01 13:14:44,WhatsApp,Auto,Corporativo,Nordeste,iOS,Confirmacao_Protocolo,Resolvido_Bot,"6,9",3,"8779,99"
CVX-006406,2026-04-01 13:28:34,WhatsApp,Auto,Varejo,Sudeste,iOS,Upload_Fotos_Documentos,Escalado_Humano,"42,6",4,"8419,42"
CVX-006549,2026-04-01 13:42:45,WhatsApp,Auto,Premium,Sudeste,iOS,Coleta_Dados_Sinistro,Escalado_Humano,"16,5",5,"9555,27"
CVX-002193,2026-04-01 13:46:55,App,Residencial,Premium,Nordeste,Android,Confirmacao_Protocolo,Resolvido_Bot,"10,4",,"10733,4"
CVX-000087,2026-04-01 13:56:26,WhatsApp,Vida,Varejo,Norte,Android,Confirmacao_Protocolo,Resolvido_Bot,6,5,"59641,69"
CVX-000875,2026-04-01 14:11:07,WhatsApp,Auto,Varejo,Sudeste,Android,Analise_Automatica,Abandonado,,,"2659,81"
CVX-001032,2026-04-01 14:39:44,WhatsApp,Vida,Varejo,Sudeste,Android,Confirmacao_Protocolo,Resolvido_Bot,"14,6",4,300
CVX-000338,2026-04-01 14:56:57,WhatsApp,Auto,Premium,Centro-Oeste,Android,Upload_Fotos_Documentos,Escalado_Humano,"24,6",4,"9358,78"
CVX-006187,2026-04-01 15:02:01,App,Vida,Varejo,Sudeste,Android,Coleta_Dados_Sinistro,Abandonado,,,"23615,5"
CVX-005347,2026-04-01 15:12:40,WhatsApp,Residencial,Varejo,Sudeste,Android,Confirmacao_Protocolo,Resolvido_Bot,"9,3",,"8964,61"
CVX-004938,2026-04-01 15:13:49,WhatsApp,Auto,Premium,Sudeste,Android,Confirmacao_Protocolo,Resolvido_Bot,"8,3",4,"10282,27"
CVX-006788,2026-04-01 15:22:53,WhatsApp,Residencial,Varejo,Sul,Android,Coleta_Dados_Sinistro,Abandonado,,,"15289,71"
CVX-005014,2026-04-01 15:24:54,WhatsApp,Residencial,Premium,Sudeste,Android,Analise_Automatica,Abandonado,,,"22052,49"
CVX-002752,2026-04-01 15:29:37,WhatsApp,Vida,Premium,Sudeste,iOS,Coleta_Dados_Sinistro,Escalado_Humano,"56,3",4,"34105,18"
CVX-005823,2026-04-01 15:34:08,WhatsApp,Auto,Varejo,Sul,Android,Analise_Automatica,Escalado_Humano,"35,8",3,"11929,06"
CVX-000118,2026-04-01 15:35:32,WhatsApp,Auto,Premium,Sul,Android,Confirmacao_Protocolo,resolvido_bot,"6,7",5,"6923,98"
CVX-005415,2026-04-01 15:38:34,App,Residencial,Premium,Nordeste,iOS,Confirmacao_Protocolo,Resolvido_Bot,"8,5",4,"10604,47"
CVX-004192,2026-04-01 15:47:57,WhatsApp,Auto,Varejo,Sul,Android,Upload_Fotos_Documentos,Abandonado,,,"8053,57"
CVX-005278,2026-04-01 15:56:08,App,Residencial,Varejo,Centro-Oeste,iOS,Coleta_Dados_Sinistro,Abandonado,,,"21382,06"
CVX-000604,2026-04-01 16:34:33,WhatsApp,Auto,Varejo,Nordeste,iOS,Validacao_Apolice,Escalado_Humano,"32,9",3,
CVX-006843,2026-04-01 16:35:35,WhatsApp,Vida,Varejo,Sul,Android,Validacao_Apolice,Escalado_Humano,"33,2",3,
CVX-002426,2026-04-01 16:40:52,WhatsApp,Residencial,Varejo,Sudeste,Android,Confirmacao_Protocolo,Resolvido_Bot,"11,2",,"13557,89"
CVX-006947,2026-04-01 16:41:40,WhatsApp,Residencial,Premium,Sudeste,Android,Validacao_Apolice,Escalado_Humano,"34,3",,
CVX-006276,2026-04-01 16:51:26,App,Auto,Varejo,Sudeste,iOS,Confirmacao_Protocolo,Resolvido_Bot,"2,8",5,"7049,23"
CVX-001700,2026-04-01 17:08:29,WhatsApp,Auto,Varejo,Sudeste,Android,Confirmacao_Protocolo,Resolvido_Bot,"12,9",,"11195,81"
CVX-004549,2026-04-01 17:09:27,WhatsApp,Residencial,Premium,Sudeste,Android,Coleta_Dados_Sinistro,Abandonado,,,"19299,48"
CVX-004389,2026-04-01 17:10:30,WhatsApp,Auto,Premium,Sudeste,iOS,Confirmacao_Protocolo,Resolvido_Bot,"8,7",4,"7084,17"
CVX-005806,2026-04-01 17:15:46,WhatsApp,Residencial,Varejo,Sudeste,iOS,Coleta_Dados_Sinistro,Escalado_Humano,"36,2",5,"28261,24"
CVX-006152,2026-04-01 17:41:32,WhatsApp,Residencial,Premium,Sul,iOS,Confirmacao_Protocolo,Resolvido_Bot,"10,2",5,"14816,85"
CVX-002269,2026-04-01 18:30:15,WhatsApp,Residencial,Varejo,Sudeste,iOS,Confirmacao_Protocolo,resolvido_bot,"8,9",4,"14717,44"
CVX-005741,2026-04-01 18:34:01,WhatsApp,Vida,Varejo,Sudeste,Android,Validacao_Apolice,Escalado_Humano,"37,2",5,
CVX-003584,2026-04-01 19:06:57,WhatsApp,Vida,Varejo,Sudeste,Android,Validacao_Apolice,Escalado_Humano,42,4,
CVX-006932,2026-04-01 19:12:29,WhatsApp,Auto,Varejo,Norte,iOS,Coleta_Dados_Sinistro,Escalado_Humano,"21,6",,"10882,5"
CVX-003305,2026-04-01 19:14:40,WhatsApp,Auto,Varejo,Nordeste,Android,Analise_Automatica,Escalado_Humano,"59,7",3,"7523,96"
CVX-005303,2026-04-01 19:33:48,WhatsApp,Auto,Varejo,Sul,iOS,Confirmacao_Protocolo,Resolvido_Bot,"12,2",5,"10259,03"
CVX-003135,2026-04-01 19:55:25,WhatsApp,Auto,Varejo,Sudeste,Android,Coleta_Dados_Sinistro,Escalado_Humano,35,,"12166,02"
CVX-004181,2026-04-01 20:01:32,App,Auto,Premium,Sudeste,Android,Confirmacao_Protocolo,Resolvido_Bot,"9,8",,"3276,07"
CVX-001299,2026-04-01 20:37:40,WhatsApp,Vida,Varejo,Nordeste,iOS,Upload_Fotos_Documentos,Escalado_Humano,"34,7",2,"37216,2"
CVX-001009,2026-04-01 20:47:28,WhatsApp,Auto,Premium,Sudeste,iOS,Confirmacao_Protocolo,Resolvido_Bot,"4,2",4,"1451,93"
CVX-002473,2026-04-01 20:49:14,WhatsApp,Vida,Corporativo,Sudeste,Android,Upload_Fotos_Documentos,ABANDONADO ,,,"16349,55"
CVX-006484,2026-04-02 8:02:37,WhatsApp,Vida,Varejo,Sudeste,iOS,Inicio_Saudacao,Abandonado,,,
CVX-003069,2026-04-02 8:14:42,WhatsApp,Residencial,Varejo,Sudeste,Android,Confirmacao_Protocolo,Resolvido_Bot,"4,7",5,"14725,76"
CVX-001134,2026-04-02 8:28:34,WhatsApp,Auto,Premium,Sul,Android,Confirmacao_Protocolo,Resolvido_Bot,"9,1",4,"12615,25"
CVX-000331,2026-04-02 8:47:18,WhatsApp,Residencial,Varejo,Sul,iOS,Upload_Fotos_Documentos,Abandonado,,,"13481,42"
CVX-003847,2026-04-02 8:57:22,WhatsApp,Residencial,Varejo,Centro-Oeste,Android,Analise_Automatica,Abandonado,,,"9691,66"
CVX-002830,2026-04-02 9:09:16,WhatsApp,Residencial,Varejo,Nordeste,Android,Validacao_Apolice,Escalado_Humano,"34,8",4,
CVX-002300,2026-04-02 9:12:19,WhatsApp,Auto,Corporativo,Centro-Oeste,Android,Upload_Fotos_Documentos,Escalado_Humano,37,4,"11960,24"
CVX-002297,2026-04-02 9:47:49,App,Residencial,Varejo,Sul,iOS,Confirmacao_Protocolo,Resolvido_Bot,"17,3",4,"14435,95"
CVX-004233,2026-04-02 9:54:55,WhatsApp,Vida,Varejo,Sudeste,Android,Upload_Fotos_Documentos,Abandonado,,,"23806,64"
CVX-006186,2026-04-02 9:56:57,WhatsApp,Auto,Varejo,Sudeste,Android,Upload_Fotos_Documentos,Abandonado,,,"10817,46"
CVX-006150,2026-04-02 10:11:58,App,Auto,Varejo,Sul,Android,Confirmacao_Protocolo,Resolvido_Bot,12,4,"3290,49"
CVX-004083,2026-04-02 10:48:01,WhatsApp,Vida,Varejo,Sudeste,Android,Coleta_Dados_Sinistro,Escalado_Humano,"29,7",4,"42212,93"
CVX-005166,2026-04-02 10:55:08,WhatsApp,Vida,Premium,Sudeste,iOS,Confirmacao_Protocolo,Resolvido_Bot,"14,8",4,"44203,45"
CVX-006468,2026-04-02 11:34:35,WhatsApp,Residencial,Varejo,Sudeste,iOS,Validacao_Apolice,Escalado_Humano,"25,9",3,
CVX-005280,2026-04-02 11:50:24,WhatsApp,Residencial,Varejo,Sudeste,Android,Confirmacao_Protocolo,Resolvido_Bot,"8,2",5,"15848,36"
CVX-000857,2026-04-02 12:01:27,WhatsApp,Auto,Varejo,Sudeste,Android,Confirmacao_Protocolo,Resolvido_Bot,"5,8",,"3975,23"
CVX-006090,2026-04-02 12:19:04,WhatsApp,Auto,Premium,Sudeste,Android,Validacao_Apolice,Escalado_Humano,"46,9",3,
CVX-001677,2026-04-02 12:23:07,WhatsApp,Residencial,Premium,Sul,iOS,Confirmacao_Protocolo,Resolvido_Bot,"10,9",,"17277,6"
CVX-000609,2026-04-02 12:25:47,WhatsApp,Residencial,Varejo,Sul,Android,Confirmacao_Protocolo,Resolvido_Bot,"10,4",5,"16743,76"
CVX-004131,2026-04-02 12:48:14,WhatsApp,Auto,Varejo,Centro-Oeste,Android,Validacao_Apolice,Abandonado,,,
CVX-001967,2026-04-02 13:11:18,WhatsApp,Auto,Premium,Sul,Android,Confirmacao_Protocolo,Resolvido_Bot,"8,6",5,8396
CVX-006605,2026-04-02 13:13:42,WhatsApp,Residencial,Corporativo,Norte,Android,Upload_Fotos_Documentos,Escalado_Humano,"30,1",,"17646,66"
CVX-004345,2026-04-02 13:24:58,WhatsApp,Residencial,Varejo,Sudeste,iOS,Confirmacao_Protocolo,Resolvido_Bot,"10,3",5,"14654,5"
CVX-001840,2026-04-02 13:33:58,WhatsApp,Residencial,Varejo,Norte,Android,Confirmacao_Protocolo,Resolvido_Bot,"12,5",4,300
CVX-000443,2026-04-02 13:44:27,WhatsApp,Auto,Varejo,Sudeste,Android,Coleta_Dados_Sinistro,Abandonado,,,"10581,25"
CVX-006517,2026-04-02 13:52:57,WhatsApp,Residencial,Varejo,Sudeste,Android,Confirmacao_Protocolo,Resolvido_Bot,"8,6",3,"10436,05"
CVX-001640,2026-04-02 13:55:26,WhatsApp,Residencial,Premium,Sudeste,Android,Coleta_Dados_Sinistro,Abandonado,,,"14544,24"
CVX-001979,2026-04-02 14:12:13,App,Auto,Premium,Sudeste,Android,Inicio_Saudacao,Abandonado,,,
CVX-003147,2026-04-02 14:34:40,WhatsApp,Residencial,Varejo,Sudeste,Android,Validacao_Apolice,Escalado_Humano,"33,5",4,
CVX-001694,2026-04-02 14:35:36,WhatsApp,Residencial,Varejo,Sudeste,Android,Confirmacao_Protocolo,Resolvido_Bot,"5,8",,"22264,1"
CVX-004806,2026-04-02 14:49:37,WhatsApp,Auto,Corporativo,Sudeste,Android,Coleta_Dados_Sinistro,Abandonado,,,"12406,78"
CVX-003710,2026-04-02 15:06:44,WhatsApp,Auto,Premium,Sudeste,Android,Confirmacao_Protocolo,Resolvido_Bot,"10,3",5,"10689,14"
CVX-001507,2026-04-02 15:39:34,WhatsApp,Vida,Corporativo,Centro-Oeste,Android,Validacao_Apolice,Escalado_Humano,"36,8",,
CVX-001200,2026-04-02 15:47:59,WhatsApp,Auto,Premium,Sudeste,Android,Upload_Fotos_Documentos,Abandonado,,,"6561,78"
CVX-004690,2026-04-02 16:11:35,WhatsApp,Residencial,Varejo,Sul,iOS,Validacao_Apolice,Escalado_Humano,"35,3",4,
CVX-005435,2026-04-02 16:17:36,WhatsApp,Auto,Varejo,Centro-Oeste,Android,Analise_Automatica,Escalado_Humano,"31,3",4,9629
CVX-005627,2026-04-02 16:27:50,App,Auto,Varejo,Sudeste,iOS,Upload_Fotos_Documentos,Abandonado,,,"13637,58"
CVX-000380,2026-04-02 16:33:53,WhatsApp,Auto,Varejo,Sul,Android,Inicio_Saudacao,Abandonado,,,
CVX-005864,2026-04-02 16:50:59,WhatsApp,Vida,Premium,Sudeste,Android,Confirmacao_Protocolo,Resolvido_Bot,"7,1",4,"52540,29"
CVX-002343,2026-04-02 17:08:02,App,Vida,Premium,Sudeste,Android,Inicio_Saudacao,Abandonado,,,
CVX-004525,2026-04-02 17:29:36,WhatsApp,Residencial,Varejo,Sudeste,Android,Confirmacao_Protocolo,Resolvido_Bot,"4,9",4,"17095,25"
CVX-004593,2026-04-02 17:56:56,WhatsApp,Residencial,Varejo,Sul,iOS,Confirmacao_Protocolo,Resolvido_Bot,"10,1",5,"7739,59"
CVX-002647,2026-04-02 18:06:46,App,Residencial,Corporativo,Nordeste,Android,Confirmacao_Protocolo,Resolvido_Bot,"8,3",,"10115,08"
CVX-004852,2026-04-02 18:09:30,WhatsApp,Auto,Varejo,Sudeste,iOS,Validacao_Apolice,Escalado_Humano,"35,8",3,
CVX-004108,2026-04-02 18:13:37,WhatsApp,Vida,Premium,Sudeste,Android,Confirmacao_Protocolo,Resolvido_Bot,"10,7",,"25659,67"
CVX-000616,2026-04-02 18:13:54,WhatsApp,Auto,Varejo,Centro-Oeste,iOS,Upload_Fotos_Documentos,Abandonado,,,"7802,31"
CVX-006997,2026-04-02 18:26:28,App,Auto,Varejo,Sul,iOS,Coleta_Dados_Sinistro,Escalado_Humano,"31,1",3,"12802,6"
CVX-001973,2026-04-02 18:36:04,WhatsApp,Auto,Varejo,Sudeste,Android,Confirmacao_Protocolo,Resolvido_Bot,"7,8",,"8874,11"
CVX-000862,2026-04-02 18:49:21,WhatsApp,Residencial,Varejo,Nordeste,Android,Validacao_Apolice,Escalado_Humano,"34,8",4,
CVX-002808,2026-04-02 18:50:45,WhatsApp,Auto,Varejo,Sudeste,Android,Confirmacao_Protocolo,Resolvido_Bot,"12,9",,"7052,19"
CVX-002466,2026-04-02 20:00:37,WhatsApp,Residencial,Varejo,Nordeste,Android,Confirmacao_Protocolo,Resolvido_Bot,10,,"4443,01"
CVX-000930,2026-04-02 20:23:10,App,Auto,Varejo,Norte,Android,Confirmacao_Protocolo,Resolvido_Bot,"9,2",5,"11470,43"
CVX-003717,2026-04-02 20:32:08,App,Auto,Premium,Centro-Oeste,Android,Confirmacao_Protocolo,Resolvido_Bot,8,,"8878,93"
CVX-005406,2026-04-02 20:42:45,WhatsApp,Residencial,Varejo,Sudeste,Android,Validacao_Apolice,Abandonado,,,
CVX-004684,2026-04-03 8:03:17,WhatsApp,Auto,Varejo,Sudeste,Android,Confirmacao_Protocolo,Resolvido_Bot,"8,5",4,"8704,36"
CVX-005786,2026-04-03 8:08:15,WhatsApp,Auto,Varejo,Nordeste,Android,Confirmacao_Protocolo,Resolvido_Bot,"6,7",5,"8722,85"
CVX-003681,2026-04-03 8:14:24,WhatsApp,Residencial,Premium,Sudeste,Android,Analise_Automatica,Escalado_Humano,"37,8",4,"16980,94"
CVX-004360,2026-04-03 8:28:13,WhatsApp,Vida,Varejo,Centro-Oeste,Android,Confirmacao_Protocolo,resolvido_bot,"9,4",5,"65822,75"
CVX-003317,2026-04-03 8:29:17,WhatsApp,Residencial,Varejo,Sudeste,Android,Confirmacao_Protocolo,Resolvido_Bot,9,5,"19523,3"
CVX-006717,2026-04-03 9:38:05,WhatsApp,Auto,Varejo,Sudeste,iOS,Confirmacao_Protocolo,Resolvido_Bot,"12,7",5,"12926,13"
CVX-000439,2026-04-03 10:26:21,WhatsApp,Auto,Premium,Norte,Android,Confirmacao_Protocolo,Resolvido_Bot,"8,3",4,"3557,01"
CVX-000641,2026-04-03 10:38:49,WhatsApp,Residencial,Varejo,Sudeste,iOS,Confirmacao_Protocolo,Resolvido_Bot,"5,2",4,"17901,07"
CVX-006540,2026-04-03 10:54:07,WhatsApp,Auto,Varejo,Nordeste,Android,Confirmacao_Protocolo,Resolvido_Bot,"9,7",4,"11358,56"
CVX-003022,2026-04-03 11:44:40,WhatsApp,Auto,Varejo,Centro-Oeste,iOS,Coleta_Dados_Sinistro,Escalado_Humano,"48,2",4,"8400,82"
CVX-006907,2026-04-03 11:46:56,WhatsApp,Auto,Varejo,Sudeste,Android,Confirmacao_Protocolo,Resolvido_Bot,"8,4",5,"10531,6"
CVX-006830,2026-04-03 12:01:32,WhatsApp,Residencial,Varejo,Sul,iOS,Confirmacao_Protocolo,Resolvido_Bot,"10,4",,"13357,31"
CVX-005464,2026-04-03 12:53:52,App,Auto,Varejo,Nordeste,Android,Confirmacao_Protocolo,Resolvido_Bot,"6,3",4,"7370,7"
CVX-001172,2026-04-03 12:54:21,WhatsApp,Residencial,Corporativo,Sudeste,iOS,Validacao_Apolice,Escalado_Humano,"41,1",3,
CVX-001813,2026-04-03 12:55:29,WhatsApp,Residencial,Varejo,Nordeste,iOS,Upload_Fotos_Documentos,Abandonado,,,"21437,12"
CVX-004834,2026-04-03 13:13:17,WhatsApp,Auto,Premium,Sudeste,Android,Coleta_Dados_Sinistro,Abandonado,,,"11814,12"
CVX-002679,2026-04-03 13:18:09,WhatsApp,Auto,Premium,Centro-Oeste,Android,Upload_Fotos_Documentos,Escalado_Humano,"25,3",,"8745,86"
CVX-001510,2026-04-03 13:31:05,WhatsApp,Residencial,Premium,Sul,Android,Analise_Automatica,Abandonado,,,"16079,53"
CVX-000871,2026-04-03 13:32:14,WhatsApp,Residencial,Premium,Sudeste,Android,Confirmacao_Protocolo,Resolvido_Bot,"7,2",,"10758,35"
CVX-001319,2026-04-03 13:40:57,WhatsApp,Residencial,Varejo,Sudeste,Android,Coleta_Dados_Sinistro,Escalado_Humano,35,3,"13259,09"
CVX-000983,2026-04-03 13:47:30,WhatsApp,Auto,Varejo,Nordeste,iOS,Confirmacao_Protocolo,Resolvido_Bot,"12,7",4,"1940,69"
CVX-001965,2026-04-03 13:53:16,WhatsApp,Auto,Premium,Sudeste,Android,Confirmacao_Protocolo,Resolvido_Bot,"11,9",4,"4996,82"
CVX-003395,2026-04-03 14:03:52,WhatsApp,Auto,Premium,Sudeste,Android,Inicio_Saudacao,Abandonado,,,
CVX-001029,2026-04-03 14:12:47,WhatsApp,Residencial,Varejo,Sudeste,Android,Upload_Fotos_Documentos,Abandonado,,,"23521,22"
CVX-002726,2026-04-03 14:18:00,WhatsApp,Residencial,Varejo,Sudeste,Android,Confirmacao_Protocolo,Resolvido_Bot,11,,"6732,01"
CVX-006914,2026-04-03 14:51:07,WhatsApp,Residencial,Varejo,Nordeste,iOS,Confirmacao_Protocolo,Resolvido_Bot,9,5,"20444,5"
CVX-006462,2026-04-03 14:51:31,WhatsApp,Auto,Varejo,Sudeste,iOS,Upload_Fotos_Documentos,Abandonado,,,"10213,7"
CVX-006019,2026-04-03 15:07:36,WhatsApp,Auto,Varejo,Nordeste,Android,Validacao_Apolice,Abandonado,,,
CVX-000697,2026-04-03 15:19:01,WhatsApp,Auto,Varejo,Sul,Android,Upload_Fotos_Documentos,Escalado_Humano,"32,2",4,"9684,93"
CVX-000216,2026-04-03 15:23:11,WhatsApp,Residencial,Varejo,Sudeste,Android,Confirmacao_Protocolo,Resolvido_Bot,"8,9",,"13873,93"
CVX-004328,2026-04-03 15:31:04,WhatsApp,Auto,Corporativo,Sul,Android,Confirmacao_Protocolo,Resolvido_Bot,"10,8",,"8731,85"
CVX-004365,2026-04-03 15:58:17,WhatsApp,Residencial,Premium,Sudeste,Android,Coleta_Dados_Sinistro,Escalado_Humano,"17,7",4,"7948,02"
CVX-000501,2026-04-03 16:00:27,WhatsApp,Auto,Corporativo,Sudeste,iOS,Confirmacao_Protocolo,Resolvido_Bot,"3,2",5,"7081,39"
CVX-002826,2026-04-03 16:16:50,WhatsApp,Residencial,Varejo,Centro-Oeste,Android,Confirmacao_Protocolo,Resolvido_Bot,"13,9",3,"20000,1"
CVX-001086,2026-04-03 16:25:45,App,Auto,Corporativo,Sudeste,iOS,Validacao_Apolice,Abandonado,,,
CVX-002793,2026-04-03 16:39:40,WhatsApp,Auto,Varejo,Sul,Android,Confirmacao_Protocolo,Resolvido_Bot,"4,9",3,"11975,27"
CVX-002686,2026-04-03 16:44:02,WhatsApp,Residencial,Premium,Sul,Android,Confirmacao_Protocolo,Resolvido_Bot,"12,6",,"9811,54"
CVX-005763,2026-04-03 17:00:36,App,Auto,Corporativo,Sudeste,Android,Upload_Fotos_Documentos,Abandonado,,,"7790,19"
CVX-001825,2026-04-03 17:03:07,WhatsApp,Vida,Premium,Sudeste,iOS,Analise_Automatica,Abandonado,,,"43084,8"
CVX-002654,2026-04-03 17:05:30,WhatsApp,Residencial,Varejo,Sudeste,Android,Confirmacao_Protocolo,Resolvido_Bot,"6,4",,"14717,13"
CVX-000518,2026-04-03 17:15:09,WhatsApp,Auto,Varejo,Sudeste,Android,Validacao_Apolice,Escalado_Humano,"26,6",3,
CVX-005332,2026-04-03 17:37:45,WhatsApp,Residencial,Corporativo,Sudeste,Android,Validacao_Apolice,Escalado_Humano,"28,8",5,
CVX-007000,2026-04-03 18:01:32,WhatsApp,Auto,Premium,Centro-Oeste,Android,Confirmacao_Protocolo,Resolvido_Bot,2,,"5968,2"
CVX-003004,2026-04-03 18:06:33,WhatsApp,Vida,Premium,Sudeste,iOS,Validacao_Apolice,abandono,,,
CVX-000031,2026-04-03 18:41:42,WhatsApp,Residencial,Varejo,Sul,Android,Confirmacao_Protocolo,Resolvido_Bot,"4,2",,"17077,79"
CVX-001747,2026-04-03 18:59:45,WhatsApp,Auto,Varejo,Sul,iOS,Confirmacao_Protocolo,Resolvido_Bot,"8,7",4,"12167,23"
CVX-003579,2026-04-03 19:12:28,WhatsApp,Residencial,Premium,Sudeste,Android,Validacao_Apolice,Escalado_Humano,32,2,
CVX-001681,2026-04-03 20:00:54,WhatsApp,Residencial,Varejo,Sudeste,Android,Confirmacao_Protocolo,Resolvido_Bot,"7,6",3,"8255,32"
CVX-000861,2026-04-03 20:07:54,WhatsApp,Residencial,Premium,Norte,Android,Coleta_Dados_Sinistro,Escalado_Humano,"28,5",5,"18108,59"
CVX-000801,2026-04-03 20:09:41,WhatsApp,Residencial,Premium,Sudeste,iOS,Confirmacao_Protocolo,resolvido_bot,"10,6",4,"11046,38"
CVX-004413,2026-04-03 20:35:28,WhatsApp,Auto,Varejo,Sudeste,Android,Upload_Fotos_Documentos,Abandonado,,,"6946,2"
CVX-004952,2026-04-03 20:40:30,WhatsApp,Auto,Premium,Nordeste,iOS,Upload_Fotos_Documentos,Abandonado,,,"8267,68"
CVX-005444,2026-04-03 20:50:47,WhatsApp,Residencial,Varejo,Sudeste,Android,Confirmacao_Protocolo,Resolvido_Bot,11,4,"16479,66"
CVX-005255,2026-04-04 8:11:25,WhatsApp,Auto,Varejo,Sul,Android,Upload_Fotos_Documentos,Abandonado,,,"14273,29"
CVX-001181,2026-04-04 8:29:55,WhatsApp,Vida,Varejo,Sul,iOS,Upload_Fotos_Documentos,Abandonado,,,"47455,03"
CVX-004556,2026-04-04 8:36:11,App,Auto,Varejo,Sudeste,iOS,Confirmacao_Protocolo,Resolvido_Bot,"6,2",4,"8872,42"
CVX-006583,2026-04-04 8:46:46,WhatsApp,Auto,Premium,Nordeste,Android,Coleta_Dados_Sinistro,Escalado_Humano,"31,2",,"5708,53"
CVX-005453,2026-04-04 8:49:37,WhatsApp,Residencial,Varejo,Sudeste,Android,Confirmacao_Protocolo,Resolvido_bot ,"8,1",5,"10917,91"
CVX-002563,2026-04-04 8:50:22,WhatsApp,Auto,Varejo,Centro-Oeste,iOS,Upload_Fotos_Documentos,Abandonado,,,7066
CVX-006456,2026-04-04 8:57:44,WhatsApp,Auto,Varejo,Sudeste,Android,Coleta_Dados_Sinistro,Abandonado,,,"8232,55"
CVX-005352,2026-04-04 9:25:13,WhatsApp,Auto,Varejo,Sul,Android,Validacao_Apolice,Escalado_Humano,"34,2",3,
CVX-006384,2026-04-04 9:32:40,WhatsApp,Auto,Varejo,Sudeste,Android,Validacao_Apolice,Escalado_Humano,"32,7",3,
CVX-001514,2026-04-04 9:33:56,WhatsApp,Residencial,Corporativo,Sudeste,Android,Confirmacao_Protocolo,Resolvido_Bot,"3,6",4,"17779,93"
CVX-002573,2026-04-04 9:53:06,WhatsApp,Auto,Premium,Sudeste,Android,Confirmacao_Protocolo,Resolvido_Bot,"7,9",5,"8643,21"
CVX-001174,2026-04-04 9:53:39,WhatsApp,Residencial,Corporativo,Sul,Android,Confirmacao_Protocolo,Resolvido_Bot,"8,2",4,"13791,91"
CVX-002403,2026-04-04 9:58:21,WhatsApp,Vida,Varejo,Sul,Android,Confirmacao_Protocolo,Resolvido_Bot,"9,1",,"88984,99"
CVX-004402,2026-04-04 10:06:46,WhatsApp,Auto,Varejo,Nordeste,Android,Validacao_Apolice,Escalado_Humano,"58,4",4,
CVX-003486,2026-04-04 10:12:43,WhatsApp,Residencial,Corporativo,Nordeste,Android,Confirmacao_Protocolo,Resolvido_Bot,"8,9",,"15783,07"
CVX-004205,2026-04-04 10:12:58,WhatsApp,Auto,Varejo,Centro-Oeste,iOS,Confirmacao_Protocolo,Resolvido_Bot,5,4,"5804,35"
CVX-001736,2026-04-04 10:23:43,App,Auto,Varejo,Sul,iOS,Validacao_Apolice,Escalado_Humano,15,4,
CVX-002267,2026-04-04 10:27:29,WhatsApp,Auto,Premium,Sudeste,iOS,Confirmacao_Protocolo,Resolvido_Bot,"9,9",4,"13228,99"
CVX-004788,2026-04-04 10:44:43,WhatsApp,Auto,Premium,Nordeste,Android,Validacao_Apolice,Escalado_Humano,"49,8",3,
CVX-001147,2026-04-04 10:47:33,WhatsApp,Auto,Premium,Sudeste,Android,Confirmacao_Protocolo,resolvido_bot,"14,4",4,"11297,89"
CVX-003695,2026-04-04 10:53:22,App,Auto,Premium,Sul,iOS,Confirmacao_Protocolo,Resolvido_Bot,"8,2",4,"7225,4"
CVX-005770,2026-04-04 10:55:47,WhatsApp,Vida,Varejo,Sudeste,Android,Analise_Automatica,Escalado_Humano,"35,8",,"44123,49"
CVX-006212,2026-04-04 11:41:57,WhatsApp,Auto,Varejo,Sudeste,iOS,Coleta_Dados_Sinistro,escalado_humano,"35,7",,"5818,87"
CVX-002273,2026-04-04 11:56:19,WhatsApp,Auto,Varejo,Norte,Android,Confirmacao_Protocolo,Resolvido_Bot,"5,8",5,"8338,45"
CVX-004042,2026-04-04 11:56:34,App,Auto,Varejo,Sul,iOS,Confirmacao_Protocolo,Resolvido_Bot,"13,1",3,"12586,53"
CVX-001733,2026-04-04 12:02:07,WhatsApp,Residencial,Varejo,Norte,iOS,Upload_Fotos_Documentos,Escalado_Humano,"42,7",5,"3655,2"
CVX-002775,2026-04-04 12:03:02,WhatsApp,Residencial,Premium,Sudeste,Android,Confirmacao_Protocolo,RESOLVIDO_BOT,6,5,"13080,68"
CVX-000180,2026-04-04 12:15:56,WhatsApp,Auto,Corporativo,Sudeste,Android,Upload_Fotos_Documentos,Abandonado,,,"7151,52"
CVX-000689,2026-04-04 12:40:01,WhatsApp,Auto,Corporativo,Sudeste,Android,Coleta_Dados_Sinistro,Escalado_Humano,39,5,"5847,5"
CVX-001884,2026-04-04 12:42:54,WhatsApp,Residencial,Corporativo,Sudeste,iOS,Confirmacao_Protocolo,Resolvido_Bot,"6,5",4,"14340,08"
CVX-000895,2026-04-04 12:47:34,App,Auto,Varejo,Centro-Oeste,Android,Coleta_Dados_Sinistro,Escalado_Humano,"46,2",3,"9205,14"
CVX-002604,2026-04-04 13:06:37,WhatsApp,Vida,Premium,Sudeste,Android,Confirmacao_Protocolo,Resolvido_Bot,"9,7",4,"63378,01"
CVX-001683,2026-04-04 13:12:32,App,Auto,Premium,Sudeste,iOS,Validacao_Apolice,Escalado_Humano,"22,8",5,
CVX-006915,2026-04-04 13:18:58,WhatsApp,Residencial,Varejo,Sudeste,iOS,Upload_Fotos_Documentos,Escalado_Humano,"18,4",4,"24616,63"
CVX-000256,2026-04-04 13:57:53,WhatsApp,Residencial,Varejo,Nordeste,Android,Validacao_Apolice,Escalado_Humano,"49,2",2,
CVX-006335,2026-04-04 14:01:32,App,Auto,Premium,Sudeste,Android,Analise_Automatica,Escalado_Humano,39,4,"6830,58"
CVX-001996,2026-04-04 14:13:43,App,Auto,Premium,Sudeste,Android,Upload_Fotos_Documentos,Escalado_Humano,"33,3",4,"3183,53"
CVX-004206,2026-04-04 14:14:41,WhatsApp,Auto,Premium,Sudeste,Android,Confirmacao_Protocolo,Resolvido_Bot,"5,6",4,"10077,24"
CVX-005695,2026-04-04 14:16:39,WhatsApp,Auto,Varejo,Nordeste,iOS,Confirmacao_Protocolo,Resolvido_Bot,"10,9",4,"7106,34"
CVX-005679,2026-04-04 14:38:04,WhatsApp,Vida,Varejo,Sudeste,Android,Validacao_Apolice,Escalado_Humano,"37,6",5,
CVX-005660,2026-04-04 14:41:49,App,Auto,Premium,Centro-Oeste,Android,Upload_Fotos_Documentos,Abandonado,,,"4655,63"
CVX-006729,2026-04-04 14:52:38,App,Auto,Varejo,Nordeste,Android,Coleta_Dados_Sinistro,Abandonado,,,"7968,21"
CVX-005348,2026-04-04 14:56:48,WhatsApp,Residencial,Varejo,Sudeste,iOS,Confirmacao_Protocolo,Resolvido_bot ,13,4,"12262,59"
CVX-005199,2026-04-04 15:08:32,WhatsApp,Auto,Varejo,Centro-Oeste,Android,Confirmacao_Protocolo,Resolvido_Bot,"9,5",3,"14580,81"
CVX-006911,2026-04-04 15:17:10,WhatsApp,Residencial,Varejo,Nordeste,Android,Confirmacao_Protocolo,Resolvido_Bot,"11,8",5,"13246,65"
CVX-002859,2026-04-04 15:31:30,WhatsApp,Auto,Varejo,Nordeste,iOS,Confirmacao_Protocolo,Resolvido_Bot,"5,5",5,"4070,1"
CVX-003465,2026-04-04 15:40:56,WhatsApp,Residencial,Varejo,Nordeste,iOS,Upload_Fotos_Documentos,Abandonado,,,"17764,57"
CVX-001022,2026-04-04 15:50:29,WhatsApp,Auto,Premium,Centro-Oeste,Android,Validacao_Apolice,Abandonado,,,
CVX-005536,2026-04-04 16:28:31,WhatsApp,Auto,Corporativo,Sudeste,Android,Validacao_Apolice,Escalado_Humano,"33,3",4,
CVX-003010,2026-04-04 16:51:14,WhatsApp,Auto,Varejo,Sudeste,Android,Upload_Fotos_Documentos,Escalado_Humano,"45,1",,"10107,47"
CVX-001626,2026-04-04 17:07:05,WhatsApp,Residencial,Varejo,Sudeste,iOS,Confirmacao_Protocolo,Resolvido_Bot,"9,9",5,"15712,07"
CVX-005113,2026-04-04 17:10:30,WhatsApp,Auto,Varejo,Sudeste,iOS,Validacao_Apolice,Escalado_Humano,"40,7",,
CVX-001641,2026-04-04 17:12:23,WhatsApp,Residencial,Varejo,Sul,iOS,Confirmacao_Protocolo,Resolvido_Bot,"7,2",3,"15172,2"
CVX-003488,2026-04-04 17:25:05,App,Auto,Premium,Sudeste,Android,Confirmacao_Protocolo,Resolvido_Bot,"13,1",5,"2171,14"
CVX-003045,2026-04-04 17:34:16,WhatsApp,Auto,Varejo,Sudeste,Android,Confirmacao_Protocolo,Resolvido_Bot,"5,2",4,"13032,23"
CVX-000992,2026-04-04 17:40:08,WhatsApp,Vida,Premium,Sudeste,iOS,Confirmacao_Protocolo,Resolvido_Bot,"9,6",4,"39955,12"
CVX-003216,2026-04-04 17:41:15,WhatsApp,Auto,Premium,Sul,iOS,Validacao_Apolice,Escalado_Humano,"48,2",4,
CVX-000617,2026-04-04 18:02:11,WhatsApp,Auto,Varejo,Sul,Android,Analise_Automatica,Escalado_Humano,"45,2",3,"12531,6"
CVX-004917,2026-04-04 18:02:48,WhatsApp,Vida,Premium,Nordeste,Android,Coleta_Dados_Sinistro,Abandonado,,,"31323,36"
CVX-005923,2026-04-04 18:06:32,WhatsApp,Residencial,Premium,Sudeste,Android,Upload_Fotos_Documentos,Abandonado,,,"10839,31"
CVX-002235,2026-04-04 18:22:19,WhatsApp,Residencial,Premium,Sudeste,Android,Upload_Fotos_Documentos,Abandonado,,,"25294,1"
CVX-005490,2026-04-04 18:26:42,WhatsApp,Auto,Premium,Centro-Oeste,Android,Analise_Automatica,Abandonado,,,"7149,39"
CVX-004736,2026-04-04 18:36:56,App,Auto,Varejo,Sudeste,Android,Confirmacao_Protocolo,Resolvido_Bot,"6,4",5,"6204,23"
CVX-005168,2026-04-04 18:43:17,App,Residencial,Premium,Sudeste,Android,Validacao_Apolice,Abandonado,,,
CVX-005754,2026-04-04 18:46:09,WhatsApp,Residencial,Premium,Nordeste,Android,Validacao_Apolice,Escalado_Humano,"42,7",,
CVX-002389,2026-04-04 18:58:20,App,Auto,Varejo,Sul,iOS,Upload_Fotos_Documentos,Abandonado,,,"13844,81"
CVX-003754,2026-04-04 19:26:08,WhatsApp,Auto,Varejo,Sudeste,iOS,Confirmacao_Protocolo,Resolvido_bot ,"8,5",3,"7220,56"
CVX-003714,2026-04-04 19:28:02,WhatsApp,Auto,Varejo,Sudeste,iOS,Validacao_Apolice,Escalado_Humano,"22,4",4,
CVX-006514,2026-04-04 19:32:48,WhatsApp,Auto,Varejo,Sul,iOS,Upload_Fotos_Documentos,Escalado_Humano,"46,3",4,"8911,68"
CVX-002101,2026-04-04 19:43:17,WhatsApp,Auto,Premium,Nordeste,iOS,Upload_Fotos_Documentos,Abandonado,,,"15148,43"
CVX-005580,2026-04-04 19:44:17,WhatsApp,Auto,Varejo,Sudeste,Android,Validacao_Apolice,Escalado_Humano,"24,8",4,
CVX-000189,2026-04-04 19:50:29,WhatsApp,Residencial,Premium,Nordeste,Android,Validacao_Apolice,Escalado_humano,"29,6",,
CVX-006921,2026-04-04 20:06:33,WhatsApp,Vida,Varejo,Sudeste,iOS,Inicio_Saudacao,Abandonado,,,
CVX-001548,2026-04-04 20:23:02,WhatsApp,Auto,Premium,Nordeste,Android,Validacao_Apolice,abandonado,,,
CVX-006279,2026-04-04 20:24:55,WhatsApp,Auto,Premium,Norte,Android,Confirmacao_Protocolo,Resolvido_Bot,"11,8",4,"4224,87"
CVX-001257,2026-04-04 20:25:36,App,Auto,Varejo,Sul,Android,Confirmacao_Protocolo,Resolvido_Bot,6,,"4606,73"
CVX-001538,2026-04-04 20:42:38,WhatsApp,Auto,Varejo,Sudeste,Android,Confirmacao_Protocolo,RESOLVIDO_BOT,2,5,"9097,3"
CVX-001176,2026-04-04 20:58:11,WhatsApp,Auto,Varejo,Sudeste,Android,Confirmacao_Protocolo,Resolvido_Bot,"13,4",5,"3752,14"
CVX-001211,2026-04-05 8:12:59,WhatsApp,Auto,Corporativo,Sudeste,Android,Coleta_Dados_Sinistro,Abandonado,,,"8481,24"
CVX-001817,2026-04-05 8:14:19,WhatsApp,Auto,Premium,Norte,Android,Coleta_Dados_Sinistro,Escalado_Humano,10,,"12404,2"
CVX-004270,2026-04-05 8:20:10,WhatsApp,Residencial,Varejo,Sudeste,iOS,Confirmacao_Protocolo,Resolvido_Bot,5,5,"16140,46"
CVX-005295,2026-04-05 8:22:49,WhatsApp,Auto,Varejo,Centro-Oeste,Android,Confirmacao_Protocolo,Resolvido_Bot,"2,9",,"7160,98"
CVX-002642,2026-04-05 8:28:30,WhatsApp,Auto,Varejo,Sudeste,Android,Confirmacao_Protocolo,Resolvido_Bot,"8,9",4,"3682,07"
CVX-000371,2026-04-05 8:29:37,WhatsApp,Vida,Varejo,Sul,iOS,Validacao_Apolice,Escalado_Humano,"46,1",4,
CVX-004567,2026-04-05 8:39:26,WhatsApp,Vida,Varejo,Sul,Android,Confirmacao_Protocolo,Resolvido_Bot,5,,"45081,56"
CVX-003730,2026-04-05 8:52:41,WhatsApp,Auto,Varejo,Sul,iOS,Upload_Fotos_Documentos,Escalado_Humano,"42,3",,"11979,97"
CVX-005721,2026-04-05 9:23:17,WhatsApp,Auto,Varejo,Sudeste,Android,Confirmacao_Protocolo,Resolvido_Bot,"12,2",4,"5800,09"
CVX-002386,2026-04-05 9:28:53,WhatsApp,Auto,Premium,Norte,iOS,Confirmacao_Protocolo,Resolvido_Bot,"6,9",5,"7118,9"
CVX-003571,2026-04-05 9:46:33,WhatsApp,Vida,Corporativo,Nordeste,Android,Validacao_Apolice,Escalado_Humano,"42,1",,
CVX-005040,2026-04-05 9:47:14,App,Vida,Varejo,Sudeste,iOS,Coleta_Dados_Sinistro,Escalado_Humano,69,4,"56693,99"
CVX-004392,2026-04-05 9:53:59,WhatsApp,Residencial,Varejo,Nordeste,iOS,Confirmacao_Protocolo,Resolvido_Bot,"17,2",5,"20586,34"
CVX-005753,2026-04-05 9:57:12,WhatsApp,Auto,Varejo,Sudeste,Android,Validacao_Apolice,Escalado_Humano,"31,3",,
CVX-002132,2026-04-05 10:02:08,WhatsApp,Vida,Varejo,Sudeste,Android,Analise_Automatica,Abandonado,,,"79772,84"
CVX-003516,2026-04-05 10:09:32,WhatsApp,Auto,Premium,Sul,Android,Validacao_Apolice,Escalado_Humano,"35,7",4,
CVX-003712,2026-04-05 10:23:42,WhatsApp,Auto,Varejo,Sul,Android,Upload_Fotos_Documentos,Abandonado,,,"10763,07"
CVX-001854,2026-04-05 10:24:17,WhatsApp,Auto,Premium,Sul,Android,Confirmacao_Protocolo,Resolvido_Bot,"10,4",4,"6276,78"
CVX-003223,2026-04-05 10:25:16,WhatsApp,Auto,Varejo,Sudeste,Android,Analise_Automatica,Escalado_Humano,"71,2",3,"9435,02"
CVX-000007,2026-04-05 10:27:43,WhatsApp,Residencial,Premium,Sudeste,iOS,Upload_Fotos_Documentos,Abandonado,,,"5286,88"
CVX-004931,2026-04-05 10:36:23,WhatsApp,Auto,Varejo,Sudeste,Android,Coleta_Dados_Sinistro,Abandonado,,,"9202,25"
CVX-000934,2026-04-05 10:45:58,WhatsApp,Residencial,Premium,Sudeste,Android,Upload_Fotos_Documentos,Abandonado,,,"15613,47"
CVX-002430,2026-04-05 11:04:56,WhatsApp,Vida,Corporativo,Sudeste,iOS,Confirmacao_Protocolo,Resolvido_Bot,"5,5",,"79216,6"
CVX-001892,2026-04-05 11:15:42,WhatsApp,Auto,Premium,Sul,Android,Upload_Fotos_Documentos,ESCALADO HUMANO,"25,9",3,"8298,42"
CVX-001673,2026-04-05 11:18:54,WhatsApp,Auto,Corporativo,Sudeste,Android,Validacao_Apolice,Abandonado,,,
CVX-005092,2026-04-05 11:34:31,WhatsApp,Auto,Varejo,Sudeste,iOS,Confirmacao_Protocolo,Resolvido_Bot,"10,9",4,"10839,47"
CVX-003085,2026-04-05 11:44:12,WhatsApp,Residencial,Corporativo,Sudeste,Android,Confirmacao_Protocolo,RESOLVIDO_BOT,"8,5",4,"7017,43"
CVX-003013,2026-04-05 11:44:48,WhatsApp,Residencial,Corporativo,Sudeste,iOS,Upload_Fotos_Documentos,Abandonado,,,"17065,04"
CVX-004398,2026-04-05 11:49:00,WhatsApp,Vida,Varejo,Nordeste,Android,Validacao_Apolice,Escalado_Humano,"41,4",2,
CVX-004509,2026-04-05 12:10:23,WhatsApp,Auto,Varejo,Sudeste,Android,Validacao_Apolice,Escalado_Humano,"42,9",3,
CVX-005803,2026-04-05 12:29:53,WhatsApp,Auto,Varejo,Nordeste,iOS,Confirmacao_Protocolo,Resolvido_Bot,"3,6",4,"9298,66"
CVX-006011,2026-04-05 12:59:06,WhatsApp,Vida,Varejo,Nordeste,Android,Validacao_Apolice,Escalado_Humano,"43,6",4,
CVX-006116,2026-04-05 13:02:42,WhatsApp,Residencial,Varejo,Sudeste,Android,Upload_Fotos_Documentos,Escalado_Humano,"28,4",4,"10248,88"
CVX-006353,2026-04-05 13:17:31,WhatsApp,Auto,Premium,Sudeste,iOS,Confirmacao_Protocolo,Resolvido_Bot,"11,7",5,"4301,73"
CVX-003297,2026-04-05 13:24:15,WhatsApp,Residencial,Premium,Sul,Android,Confirmacao_Protocolo,Resolvido_Bot,"8,5",4,"29607,79"
CVX-003136,2026-04-05 13:55:05,WhatsApp,Residencial,Corporativo,Nordeste,Android,Upload_Fotos_Documentos,Escalado_Humano,"43,9",,"19110,28"
CVX-000602,2026-04-05 13:55:55,WhatsApp,Residencial,Varejo,Sudeste,iOS,Confirmacao_Protocolo,Resolvido_Bot,"14,6",3,"8741,37"
CVX-006578,2026-04-05 14:29:14,WhatsApp,Auto,Premium,Sudeste,Android,Confirmacao_Protocolo,Resolvido_Bot,"8,2",4,"6571,74"
CVX-002302,2026-04-05 14:40:00,WhatsApp,Residencial,Varejo,Sudeste,Android,Upload_Fotos_Documentos,Escalado_Humano,"34,5",3,"15793,76"
CVX-002392,2026-04-05 14:44:56,WhatsApp,Residencial,Varejo,Sudeste,Android,Confirmacao_Protocolo,Resolvido_Bot,"4,4",5,300
CVX-003779,2026-04-05 14:55:28,WhatsApp,Auto,Corporativo,Sudeste,Android,Confirmacao_Protocolo,Resolvido_Bot,13,4,"6756,61"
CVX-000021,2026-04-05 14:59:37,App,Auto,Varejo,Sul,Android,Confirmacao_Protocolo,Resolvido_Bot,8,,"11629,52"
CVX-002855,2026-04-05 15:17:17,WhatsApp,Auto,Premium,Norte,iOS,Confirmacao_Protocolo,Resolvido_Bot,"11,3",4,"11700,82"
CVX-006412,2026-04-05 15:23:22,WhatsApp,Vida,Varejo,Sul,Android,Confirmacao_Protocolo,Resolvido_Bot,14,4,"37311,18"
CVX-005810,2026-04-05 15:47:20,App,Auto,Varejo,Sul,iOS,Upload_Fotos_Documentos,Escalado_Humano,"40,5",3,"2450,76"
CVX-004519,2026-04-05 15:51:53,WhatsApp,Residencial,Varejo,Sul,iOS,Upload_Fotos_Documentos,Escalado_Humano,"28,6",2,"12106,96"
CVX-002040,2026-04-05 16:07:57,WhatsApp,Residencial,Varejo,Sudeste,iOS,Upload_Fotos_Documentos,Escalado_Humano,43,3,"17633,3"
CVX-003268,2026-04-05 16:16:56,WhatsApp,Auto,Varejo,Norte,Android,Coleta_Dados_Sinistro,Abandonado,,,"17174,37"
CVX-003646,2026-04-05 16:19:14,WhatsApp,Auto,Premium,Nordeste,iOS,Validacao_Apolice,Escalado_Humano,"55,3",4,
CVX-005977,2026-04-05 16:20:44,WhatsApp,Auto,Varejo,Norte,Android,Validacao_Apolice,Escalado_Humano,"30,3",5,
CVX-003104,2026-04-05 16:26:43,WhatsApp,Vida,Varejo,Sudeste,Android,Analise_Automatica,Escalado_Humano,"43,8",5,"35533,51"
CVX-004800,2026-04-05 16:41:00,App,Auto,Premium,Sul,Android,Confirmacao_Protocolo,Resolvido_Bot,"10,4",3,"1730,27"
CVX-006789,2026-04-05 16:46:22,WhatsApp,Vida,Premium,Sul,iOS,Confirmacao_Protocolo,Resolvido_Bot,"4,6",4,"33657,98"
CVX-006396,2026-04-05 16:52:19,WhatsApp,Auto,Varejo,Sudeste,iOS,Inicio_Saudacao,Abandonado,,,
CVX-005704,2026-04-05 17:04:35,WhatsApp,Auto,Varejo,Sudeste,iOS,Validacao_Apolice,Escalado_Humano,"40,9",3,
CVX-000837,2026-04-05 17:11:34,WhatsApp,Auto,Varejo,Sul,Android,Confirmacao_Protocolo,Resolvido_Bot,"12,4",,"11488,49"
CVX-006450,2026-04-05 17:36:52,WhatsApp,Residencial,Varejo,Centro-Oeste,Android,Validacao_Apolice,abandonado,,,
CVX-003448,2026-04-05 17:45:32,WhatsApp,Residencial,Varejo,Sudeste,Android,Coleta_Dados_Sinistro,Abandonado,,,"21545,11"
CVX-000567,2026-04-05 18:00:42,App,Auto,Varejo,Nordeste,Android,Confirmacao_Protocolo,Resolvido_Bot,"11,1",4,"5512,02"
CVX-003498,2026-04-05 18:07:25,WhatsApp,Residencial,Varejo,Sudeste,Android,Confirmacao_Protocolo,Resolvido_Bot,"2,3",,"12991,5"
CVX-005276,2026-04-05 18:30:46,WhatsApp,Auto,Varejo,Sudeste,Android,Upload_Fotos_Documentos,Abandonado,,,"6754,57"
CVX-002440,2026-04-05 18:33:20,WhatsApp,Auto,Premium,Norte,Android,Confirmacao_Protocolo,Resolvido_Bot,"8,8",4,"6874,93"
CVX-001953,2026-04-05 18:35:31,WhatsApp,Residencial,Varejo,Sudeste,Android,Confirmacao_Protocolo,Resolvido_Bot,"6,5",3,"12489,01"
CVX-001303,2026-04-05 18:57:00,WhatsApp,Auto,Premium,Sudeste,Android,Coleta_Dados_Sinistro,Escalado_Humano,"28,4",,"7460,53"
CVX-000549,2026-04-05 18:59:28,WhatsApp,Residencial,Premium,Sudeste,iOS,Coleta_Dados_Sinistro,Escalado_Humano,"51,8",2,"14265,45"
CVX-001850,2026-04-05 18:59:31,WhatsApp,Residencial,Varejo,Sudeste,iOS,Confirmacao_Protocolo,Resolvido_Bot,"7,9",,"9624,29"
CVX-004683,2026-04-05 19:00:03,WhatsApp,Residencial,Varejo,Sudeste,Android,Analise_Automatica,Abandonado,,,"9348,47"
CVX-003201,2026-04-05 19:14:36,App,Vida,Premium,Norte,Android,Confirmacao_Protocolo,Resolvido_Bot,"4,9",5,"50297,34"
CVX-001556,2026-04-05 19:21:26,WhatsApp,Auto,Varejo,Sudeste,Android,Coleta_Dados_Sinistro,Abandonado,,,"9909,92"
CVX-001524,2026-04-05 20:14:48,WhatsApp,Auto,Varejo,Sul,Android,Validacao_Apolice,Escalado_Humano,"23,2",5,
CVX-000117,2026-04-05 20:16:47,WhatsApp,Vida,Varejo,Sudeste,iOS,Confirmacao_Protocolo,resolvido_bot,"11,8",5,"43692,81"
CVX-001088,2026-04-05 20:41:22,WhatsApp,Auto,Premium,Sudeste,Android,Validacao_Apolice,Abandonado,,,
CVX-000357,2026-04-05 20:44:53,WhatsApp,Residencial,Premium,Sudeste,Android,Confirmacao_Protocolo,Resolvido_Bot,"11,9",5,"7427,69"
CVX-006481,2026-04-05 20:57:23,WhatsApp,Auto,Varejo,Sul,iOS,Confirmacao_Protocolo,Resolvido_Bot,"8,2",4,"12583,78"
CVX-000935,2026-04-06 8:07:33,WhatsApp,Vida,Premium,Nordeste,Android,Coleta_Dados_Sinistro,Escalado_Humano,"36,4",4,40477
CVX-005628,2026-04-06 8:43:16,WhatsApp,Auto,Premium,Centro-Oeste,iOS,Analise_Automatica,Escalado_Humano,"30,4",,"6141,08"
CVX-004092,2026-04-06 8:51:06,App,Auto,Premium,Sudeste,Android,Confirmacao_Protocolo,Resolvido_Bot,"12,2",4,"8031,13"
CVX-000432,2026-04-06 8:53:14,WhatsApp,Auto,Varejo,Sudeste,Android,Confirmacao_Protocolo,Resolvido_Bot,"8,8",4,"3271,11"
CVX-002423,2026-04-06 9:45:59,WhatsApp,Residencial,Varejo,Sul,iOS,Upload_Fotos_Documentos,Abandonado,,,"12895,4"
CVX-002849,2026-04-06 9:54:55,WhatsApp,Auto,Corporativo,Sudeste,Android,Confirmacao_Protocolo,Resolvido_Bot,12,5,"14199,71"
CVX-004234,2026-04-06 10:01:06,WhatsApp,Auto,Varejo,Sudeste,iOS,Coleta_Dados_Sinistro,Abandonado,,,"8293,84"
CVX-004531,2026-04-06 10:14:30,App,Residencial,Varejo,Sudeste,Android,Confirmacao_Protocolo,Resolvido_Bot,"9,1",,"19351,56"
CVX-003520,2026-04-06 10:30:33,WhatsApp,Auto,Premium,Centro-Oeste,Android,Confirmacao_Protocolo,Resolvido_Bot,"8,9",3,"5736,97"
CVX-002143,2026-04-06 10:34:37,WhatsApp,Auto,Varejo,Nordeste,Android,Coleta_Dados_Sinistro,Escalado_Humano,"44,2",3,"4578,51"
CVX-004115,2026-04-06 10:38:57,WhatsApp,Auto,Corporativo,Centro-Oeste,Android,Coleta_Dados_Sinistro,Abandonado,,,"8334,75"
CVX-000064,2026-04-06 10:58:34,WhatsApp,Residencial,Premium,Sudeste,Android,Coleta_Dados_Sinistro,Abandonado,,,300
CVX-002318,2026-04-06 11:08:07,WhatsApp,Auto,Varejo,Sul,Android,Coleta_Dados_Sinistro,Escalado_Humano,"45,8",5,"6585,72"
CVX-001716,2026-04-06 11:08:56,WhatsApp,Vida,Varejo,Nordeste,Android,Validacao_Apolice,Escalado_Humano,"23,8",4,
CVX-003043,2026-04-06 11:10:05,WhatsApp,Vida,Varejo,Centro-Oeste,iOS,Upload_Fotos_Documentos,Abandonado,,,"51061,82"
CVX-001087,2026-04-06 11:17:26,WhatsApp,Auto,Varejo,Sul,iOS,Upload_Fotos_Documentos,Abandonado,,,"9350,22"
CVX-002139,2026-04-06 11:24:37,WhatsApp,Auto,Premium,Sudeste,Android,Validacao_Apolice,Escalado_Humano,"20,7",4,
CVX-004347,2026-04-06 11:25:55,WhatsApp,Auto,Varejo,Sudeste,iOS,Confirmacao_Protocolo,Resolvido_Bot,"10,7",5,626
CVX-000911,2026-04-06 11:41:12,WhatsApp,Residencial,Varejo,Norte,Android,Confirmacao_Protocolo,Resolvido_Bot,"8,9",5,"14692,79"
CVX-002487,2026-04-06 11:43:02,App,Residencial,Varejo,Nordeste,iOS,Confirmacao_Protocolo,Resolvido_Bot,"6,9",5,"13018,48"
CVX-001839,2026-04-06 12:03:36,WhatsApp,Vida,Varejo,Sudeste,iOS,Validacao_Apolice,Escalado_Humano,"22,3",4,
CVX-002288,2026-04-06 12:23:39,WhatsApp,Vida,Varejo,Sudeste,Android,Confirmacao_Protocolo,Resolvido_Bot,3,5,"82020,34"
CVX-002252,2026-04-06 12:37:48,WhatsApp,Residencial,Premium,Sudeste,iOS,Coleta_Dados_Sinistro,Abandonado,,,"4610,43"
CVX-005967,2026-04-06 12:47:41,WhatsApp,Auto,Premium,Sul,Android,Validacao_Apolice,Escalado_Humano,"43,2",3,
CVX-004557,2026-04-06 13:15:07,WhatsApp,Vida,Premium,Sudeste,Android,Analise_Automatica,Escalado_Humano,43,,"23030,43"
CVX-006984,2026-04-06 13:51:01,WhatsApp,Auto,Varejo,Sudeste,Android,Coleta_Dados_Sinistro,Abandonado,,,"8734,91"
CVX-000779,2026-04-06 14:29:20,WhatsApp,Auto,Corporativo,Centro-Oeste,Android,Confirmacao_Protocolo,Resolvido_Bot,"9,5",5,"5503,02"
CVX-006806,2026-04-06 14:34:38,App,Auto,Premium,Sul,iOS,Confirmacao_Protocolo,Resolvido_Bot,"11,2",5,"3443,46"
CVX-005689,2026-04-06 14:44:37,App,Residencial,Premium,Nordeste,iOS,Validacao_Apolice,Escalado_Humano,"21,8",3,
CVX-001613,2026-04-06 14:46:27,WhatsApp,Residencial,Corporativo,Sul,Android,Confirmacao_Protocolo,Resolvido_Bot,"10,4",3,"8453,95"
CVX-005118,2026-04-06 14:46:48,WhatsApp,Auto,Varejo,Sudeste,Android,Validacao_Apolice,Escalado_Humano,"41,5",4,
CVX-004113,2026-04-06 14:47:16,WhatsApp,Auto,Varejo,Sudeste,Android,Confirmacao_Protocolo,Resolvido_Bot,"10,8",5,"4353,33"
CVX-005711,2026-04-06 14:54:39,WhatsApp,Auto,Varejo,Centro-Oeste,iOS,Validacao_Apolice,Escalado_Humano,"13,4",,
CVX-000185,2026-04-06 14:58:11,WhatsApp,Residencial,Varejo,Sudeste,iOS,Confirmacao_Protocolo,Resolvido_Bot,"5,1",,"14341,76"
CVX-002744,2026-04-06 15:08:01,WhatsApp,Residencial,Varejo,Nordeste,iOS,Coleta_Dados_Sinistro,Escalado_Humano,"55,8",3,300
CVX-006797,2026-04-06 15:54:17,WhatsApp,Residencial,Varejo,Sul,Android,Confirmacao_Protocolo,Resolvido_Bot,"3,1",4,"15080,03"
CVX-002614,2026-04-06 16:59:33,WhatsApp,Auto,Premium,Sul,Android,Coleta_Dados_Sinistro,Escalado_Humano,"54,1",2,"7573,75"
CVX-004586,2026-04-06 17:08:39,WhatsApp,Auto,Premium,Sudeste,Android,Validacao_Apolice,Abandonado,,,
CVX-005003,2026-04-06 17:27:20,WhatsApp,Auto,Varejo,Sudeste,Android,Confirmacao_Protocolo,Resolvido_Bot,"9,2",,"1664,79"
CVX-006351,2026-04-06 17:33:26,WhatsApp,Auto,Premium,Nordeste,iOS,Confirmacao_Protocolo,Resolvido_Bot,"5,9",4,"11309,65"
CVX-006505,2026-04-06 17:40:36,WhatsApp,Auto,Premium,Sul,Android,Confirmacao_Protocolo,Resolvido_Bot,"7,1",4,"7568,36"
CVX-002153,2026-04-06 17:47:01,WhatsApp,Residencial,Corporativo,Sudeste,Android,Upload_Fotos_Documentos,Abandonado,,,"23482,94"
CVX-000529,2026-04-06 17:50:25,WhatsApp,Residencial,Varejo,Sudeste,iOS,Validacao_Apolice,Escalado_Humano,"24,5",4,
CVX-001461,2026-04-06 18:10:43,WhatsApp,Auto,Varejo,Sudeste,iOS,Validacao_Apolice,Escalado_Humano,"12,5",,
CVX-001791,2026-04-06 18:11:56,WhatsApp,Auto,Varejo,Sul,Android,Validacao_Apolice,Escalado_Humano,"37,9",3,
CVX-002591,2026-04-06 18:18:27,WhatsApp,Residencial,Premium,Nordeste,iOS,Confirmacao_Protocolo,Resolvido_Bot,"12,1",,"12132,54"
CVX-002800,2026-04-06 18:20:41,WhatsApp,Auto,Premium,Sudeste,iOS,Validacao_Apolice,Escalado_Humano,37,4,
CVX-000574,2026-04-06 18:21:58,WhatsApp,Auto,Varejo,Sudeste,Android,Upload_Fotos_Documentos,Escalado_Humano,"50,5",,"3770,41"
CVX-002149,2026-04-06 18:22:49,WhatsApp,Auto,Premium,Nordeste,Android,Validacao_Apolice,Escalado_Humano,"37,8",3,
CVX-003581,2026-04-06 18:26:17,WhatsApp,Auto,Varejo,Nordeste,iOS,Confirmacao_Protocolo,Resolvido_Bot,"11,9",,"10094,5"
CVX-004500,2026-04-06 18:46:19,WhatsApp,Auto,Premium,Sudeste,Android,Confirmacao_Protocolo,Resolvido_Bot,"9,3",,"3896,51"
CVX-003821,2026-04-06 19:03:16,WhatsApp,Residencial,Premium,Sudeste,Android,Coleta_Dados_Sinistro,Abandonado,,,"16935,54"
CVX-005331,2026-04-06 19:08:28,WhatsApp,Residencial,Varejo,Nordeste,iOS,Confirmacao_Protocolo,Resolvido_Bot,"4,3",3,"8859,55"
CVX-006281,2026-04-06 19:39:35,WhatsApp,Residencial,Varejo,Sudeste,Android,Confirmacao_Protocolo,RESOLVIDO_BOT,"10,9",5,"11501,29"
CVX-000160,2026-04-06 20:25:35,WhatsApp,Auto,Varejo,Sudeste,Android,Analise_Automatica,Abandonado,,,"8028,73"
CVX-005795,2026-04-06 20:29:48,WhatsApp,Auto,Corporativo,Nordeste,Android,Confirmacao_Protocolo,Resolvido_Bot,"4,2",4,"7008,79"
CVX-003084,2026-04-07 8:05:49,WhatsApp,Auto,Varejo,Nordeste,iOS,Coleta_Dados_Sinistro,Abandonado,,,"4068,9"
CVX-004700,2026-04-07 8:17:44,WhatsApp,Residencial,Premium,Nordeste,iOS,Confirmacao_Protocolo,Resolvido_Bot,"11,6",4,"11297,04"
CVX-002138,2026-04-07 9:37:58,WhatsApp,Vida,Corporativo,Sudeste,Android,Coleta_Dados_Sinistro,Escalado_Humano,"34,9",3,"31173,14"
CVX-005412,2026-04-07 9:39:08,WhatsApp,Auto,Varejo,Nordeste,Android,Coleta_Dados_Sinistro,Abandonado,,,"14131,62"
CVX-003006,2026-04-07 10:06:18,WhatsApp,Residencial,Corporativo,Sul,Android,Confirmacao_Protocolo,Resolvido_Bot,"7,1",4,"2969,99"
CVX-001048,2026-04-07 10:10:09,WhatsApp,Residencial,Premium,Norte,Android,Upload_Fotos_Documentos,abandono,,,"23280,42"
CVX-000418,2026-04-07 10:15:26,WhatsApp,Auto,Varejo,Norte,Android,Upload_Fotos_Documentos,Escalado_Humano,"30,3",4,"14980,97"
CVX-003139,2026-04-07 10:33:35,WhatsApp,Auto,Varejo,Norte,iOS,Confirmacao_Protocolo,Resolvido_Bot,"13,9",5,"8227,25"
CVX-004864,2026-04-07 10:40:47,App,Residencial,Corporativo,Nordeste,Android,Confirmacao_Protocolo,Resolvido_Bot,"5,6",4,"16071,89"
CVX-000301,2026-04-07 10:43:38,WhatsApp,Residencial,Varejo,Sudeste,Android,Upload_Fotos_Documentos,Abandonado,,,"13716,53"
CVX-001429,2026-04-07 10:44:46,WhatsApp,Residencial,Varejo,Sul,Android,Confirmacao_Protocolo,resolvido_bot,"7,6",,"15001,47"
CVX-005007,2026-04-07 10:49:31,App,Auto,Varejo,Sudeste,Android,Coleta_Dados_Sinistro,Escalado_Humano,"40,3",,"9023,15"
CVX-000621,2026-04-07 11:00:03,App,Residencial,Varejo,Sudeste,Android,Confirmacao_Protocolo,Resolvido_Bot,"6,7",5,"22183,92"
CVX-002952,2026-04-07 11:00:45,WhatsApp,Auto,Premium,Sul,Android,Coleta_Dados_Sinistro,Abandonado,,,"5793,1"
CVX-005896,2026-04-07 11:08:02,WhatsApp,Auto,Varejo,Sudeste,Android,Confirmacao_Protocolo,Resolvido_Bot,12,4,"2629,1"
CVX-000056,2026-04-07 11:15:49,App,Auto,Premium,Centro-Oeste,Android,Coleta_Dados_Sinistro,Abandonado,,,"7286,9"
CVX-001675,2026-04-07 11:19:27,App,Vida,Premium,Sudeste,Android,Validacao_Apolice,Escalado_Humano,"15,2",5,
CVX-001537,2026-04-07 11:24:07,WhatsApp,Auto,Varejo,Centro-Oeste,Android,Confirmacao_Protocolo,Resolvido_Bot,"6,3",,"10613,99"
CVX-000749,2026-04-07 11:52:40,WhatsApp,Vida,Varejo,Nordeste,iOS,Upload_Fotos_Documentos,Escalado_Humano,"58,3",4,"27804,03"
CVX-001106,2026-04-07 11:52:41,WhatsApp,Auto,Varejo,Sudeste,iOS,Confirmacao_Protocolo,Resolvido_bot ,"3,1",,"5789,8"
CVX-000299,2026-04-07 11:59:20,App,Auto,Varejo,Nordeste,Android,Upload_Fotos_Documentos,abandono,,,"9438,67"
CVX-003798,2026-04-07 12:09:09,WhatsApp,Auto,Varejo,Sudeste,iOS,Validacao_Apolice,Escalado_Humano,10,5,
CVX-000403,2026-04-07 12:31:36,WhatsApp,Vida,Varejo,Nordeste,Android,Upload_Fotos_Documentos,Abandonado,,,"47732,63"
CVX-000957,2026-04-07 12:37:12,WhatsApp,Residencial,Premium,Sudeste,Android,Confirmacao_Protocolo,Resolvido_Bot,"11,3",,"8120,89"
CVX-003456,2026-04-07 12:40:11,WhatsApp,Vida,Premium,Sudeste,iOS,Confirmacao_Protocolo,Resolvido_Bot,"9,6",,"16508,79"
CVX-001772,2026-04-07 12:40:34,WhatsApp,Auto,Varejo,Nordeste,Android,Confirmacao_Protocolo,Resolvido_Bot,"9,7",,"8131,1"
CVX-001160,2026-04-07 12:46:14,App,Auto,Premium,Sul,Android,Confirmacao_Protocolo,Resolvido_Bot,"7,5",,"7711,71"
CVX-003349,2026-04-07 12:47:13,App,Auto,Corporativo,Sudeste,Android,Upload_Fotos_Documentos,Abandonado,,,"3024,75"
CVX-000367,2026-04-07 12:51:33,WhatsApp,Auto,Varejo,Sudeste,Android,Upload_Fotos_Documentos,Abandonado,,,"7492,21"
CVX-006147,2026-04-07 12:52:49,WhatsApp,Auto,Corporativo,Sul,Android,Confirmacao_Protocolo,Resolvido_Bot,"8,6",5,"12325,96"
CVX-000001,2026-04-07 13:11:55,WhatsApp,Auto,Premium,Sul,Android,Upload_Fotos_Documentos,escalado_humano,"42,2",4,"6937,72"
CVX-004416,2026-04-07 13:24:47,WhatsApp,Auto,Varejo,Sudeste,iOS,Confirmacao_Protocolo,Resolvido_Bot,"15,3",5,"11311,46"
CVX-004523,2026-04-07 13:39:58,WhatsApp,Vida,Premium,Sul,iOS,Confirmacao_Protocolo,Resolvido_Bot,11,,"20296,96"
CVX-005918,2026-04-07 13:48:09,WhatsApp,Auto,Varejo,Sul,iOS,Analise_Automatica,Escalado_Humano,"49,8",3,"11996,87"
CVX-000383,2026-04-07 14:11:24,WhatsApp,Auto,Premium,Sul,Android,Validacao_Apolice,Escalado_Humano,"41,3",4,
CVX-004400,2026-04-07 14:29:14,WhatsApp,Residencial,Premium,Sudeste,Android,Confirmacao_Protocolo,Resolvido_Bot,"6,5",5,"6213,75"
CVX-000105,2026-04-07 14:55:30,WhatsApp,Auto,Varejo,Sudeste,iOS,Validacao_Apolice,Escalado_Humano,27,,
CVX-001494,2026-04-07 15:02:19,WhatsApp,Residencial,Premium,Centro-Oeste,iOS,Validacao_Apolice,Escalado_Humano,"30,6",4,
CVX-003589,2026-04-07 15:30:34,WhatsApp,Vida,Varejo,Sul,Android,Validacao_Apolice,Escalado_Humano,"41,2",,
CVX-000025,2026-04-07 15:40:37,App,Vida,Premium,Nordeste,iOS,Validacao_Apolice,Escalado_Humano,"32,7",3,
CVX-004850,2026-04-07 15:51:21,WhatsApp,Residencial,Varejo,Nordeste,Android,Confirmacao_Protocolo,Resolvido_Bot,"7,5",4,"14612,84"
CVX-001331,2026-04-07 15:52:38,WhatsApp,Vida,Corporativo,Sul,Android,Upload_Fotos_Documentos,Abandonado,,,"47836,77"
CVX-002537,2026-04-07 16:35:19,App,Auto,Premium,Sul,Android,Confirmacao_Protocolo,Resolvido_Bot,"8,7",3,"5045,55"
CVX-000639,2026-04-07 16:40:30,WhatsApp,Auto,Premium,Nordeste,iOS,Confirmacao_Protocolo,Resolvido_Bot,"8,6",4,"1382,98"
CVX-001933,2026-04-07 16:48:32,WhatsApp,Residencial,Varejo,Sul,Android,Confirmacao_Protocolo,Resolvido_Bot,12,3,"10079,82"
CVX-001612,2026-04-07 16:55:09,WhatsApp,Auto,Premium,Centro-Oeste,Android,Validacao_Apolice,Escalado_Humano,"36,7",3,
CVX-001740,2026-04-07 17:01:29,WhatsApp,Residencial,Varejo,Sudeste,Android,Confirmacao_Protocolo,Resolvido_Bot,"10,1",3,"10598,86"
CVX-005386,2026-04-07 17:33:56,WhatsApp,Auto,Corporativo,Norte,Android,Upload_Fotos_Documentos,Escalado_Humano,"29,7",4,"10109,09"
CVX-006753,2026-04-07 17:37:05,App,Auto,Varejo,Sul,Android,Validacao_Apolice,Escalado_Humano,"57,4",2,
CVX-004487,2026-04-07 17:54:26,App,Auto,Premium,Sudeste,Android,Upload_Fotos_Documentos,Escalado_Humano,"57,1",3,"11359,19"
CVX-006946,2026-04-07 17:58:31,WhatsApp,Auto,Varejo,Sudeste,Android,Validacao_Apolice,Abandonado,,,
CVX-000201,2026-04-07 18:52:43,WhatsApp,Residencial,Varejo,Sudeste,Android,Coleta_Dados_Sinistro,Abandonado,,,"17430,73"
CVX-006971,2026-04-07 19:25:36,App,Auto,Varejo,Sul,Android,Validacao_Apolice,Escalado_Humano,"40,5",3,
CVX-000606,2026-04-07 19:25:39,WhatsApp,Residencial,Premium,Sul,Android,Upload_Fotos_Documentos,Abandonado,,,"6208,6"
CVX-006043,2026-04-07 20:11:45,WhatsApp,Residencial,Premium,Sudeste,Android,Validacao_Apolice,Escalado_Humano,"24,1",4,
CVX-004743,2026-04-07 20:43:20,WhatsApp,Auto,Varejo,Sudeste,Android,Confirmacao_Protocolo,Resolvido_Bot,"4,2",5,"9144,11"
CVX-005336,2026-04-07 20:56:41,WhatsApp,Auto,Varejo,Nordeste,Android,Confirmacao_Protocolo,Resolvido_Bot,"10,8",4,"5950,71"
CVX-001691,2026-04-08 8:02:20,WhatsApp,Vida,Varejo,Sul,Android,Validacao_Apolice,Escalado_Humano,"24,5",4,
CVX-000495,2026-04-08 8:06:03,WhatsApp,Auto,Varejo,Sudeste,iOS,Confirmacao_Protocolo,Resolvido_Bot,"12,8",4,"9908,12"
CVX-003031,2026-04-08 8:07:33,WhatsApp,Residencial,Premium,Sul,Android,Upload_Fotos_Documentos,Abandonado,,,"22347,36"
CVX-000139,2026-04-08 8:11:45,WhatsApp,Vida,Premium,Sul,iOS,Confirmacao_Protocolo,Resolvido_Bot,"10,4",,"48621,56"
CVX-003418,2026-04-08 8:27:39,WhatsApp,Auto,Varejo,Sudeste,Android,Validacao_Apolice,Escalado_Humano,"31,6",4,
CVX-005383,2026-04-08 8:39:25,WhatsApp,Auto,Varejo,Sudeste,Android,Confirmacao_Protocolo,Resolvido_Bot,"8,4",3,"10901,42"
CVX-004948,2026-04-08 9:04:17,WhatsApp,Vida,Premium,Nordeste,Android,Confirmacao_Protocolo,Resolvido_Bot,6,5,"77695,17"
CVX-005850,2026-04-08 9:14:39,WhatsApp,Auto,Varejo,Sudeste,iOS,Confirmacao_Protocolo,Resolvido_Bot,"3,3",4,"9188,06"
CVX-002181,2026-04-08 9:52:02,App,Auto,Corporativo,Centro-Oeste,Android,Upload_Fotos_Documentos,Abandonado,,,"9515,81"
CVX-000345,2026-04-08 10:07:39,WhatsApp,Residencial,Premium,Sudeste,iOS,Validacao_Apolice,escalado_humano,"44,1",,
CVX-006511,2026-04-08 10:16:24,WhatsApp,Vida,Corporativo,Centro-Oeste,iOS,Confirmacao_Protocolo,Resolvido_Bot,"8,7",,"57659,71"
CVX-006659,2026-04-08 10:26:26,App,Residencial,Varejo,Sul,Android,Analise_Automatica,Escalado_Humano,"44,1",3,"19703,37"
CVX-002042,2026-04-08 10:32:19,WhatsApp,Residencial,Premium,Sudeste,Android,Validacao_Apolice,Escalado_Humano,"26,1",5,
CVX-002746,2026-04-08 10:40:39,App,Auto,Premium,Sudeste,iOS,Validacao_Apolice,Escalado_Humano,"42,9",,
CVX-006810,2026-04-08 10:43:44,App,Residencial,Premium,Sudeste,iOS,Confirmacao_Protocolo,Resolvido_Bot,"11,3",4,"8206,98"
CVX-003462,2026-04-08 10:54:12,WhatsApp,Auto,Corporativo,Norte,Android,Validacao_Apolice,Escalado_Humano,"42,7",3,
CVX-000238,2026-04-08 10:59:18,WhatsApp,Residencial,Varejo,Sudeste,Android,Confirmacao_Protocolo,Resolvido_Bot,"11,9",5,"11721,41"
CVX-004318,2026-04-08 10:59:31,App,Residencial,Premium,Norte,Android,Confirmacao_Protocolo,Resolvido_Bot,"8,6",4,"19473,39"
CVX-002841,2026-04-08 11:00:13,WhatsApp,Auto,Premium,Sudeste,Android,Confirmacao_Protocolo,Resolvido_Bot,"13,2",5,"11560,24"
CVX-006979,2026-04-08 11:07:16,WhatsApp,Residencial,Premium,Norte,iOS,Upload_Fotos_Documentos,Escalado_Humano,"31,8",4,"14248,79"
CVX-000715,2026-04-08 11:28:04,WhatsApp,Vida,Varejo,Sul,iOS,Confirmacao_Protocolo,Resolvido_Bot,"8,4",4,"56372,42"
CVX-000053,2026-04-08 11:31:33,App,Auto,Corporativo,Centro-Oeste,Android,Validacao_Apolice,Escalado_Humano,"26,4",5,
CVX-003675,2026-04-08 11:38:57,WhatsApp,Auto,Varejo,Nordeste,iOS,Confirmacao_Protocolo,Resolvido_Bot,"10,3",3,"12051,93"
CVX-005368,2026-04-08 11:46:07,WhatsApp,Residencial,Varejo,Sudeste,Android,Coleta_Dados_Sinistro,Escalado_Humano,35,4,"5667,7"
CVX-004066,2026-04-08 13:10:39,WhatsApp,Residencial,Varejo,Sudeste,Android,Confirmacao_Protocolo,Resolvido_Bot,"15,4",4,"15017,46"
CVX-004582,2026-04-08 13:16:05,WhatsApp,Auto,Varejo,Sudeste,Android,Confirmacao_Protocolo,Resolvido_Bot,"12,6",,"10758,22"
CVX-001565,2026-04-08 13:24:44,WhatsApp,Auto,Varejo,Nordeste,iOS,Confirmacao_Protocolo,Resolvido_Bot,"4,9",5,"6576,82"
CVX-006424,2026-04-08 13:25:32,WhatsApp,Auto,Premium,Sudeste,Android,Coleta_Dados_Sinistro,Abandonado,,,"8978,09"
CVX-002727,2026-04-08 13:34:25,WhatsApp,Residencial,Varejo,Nordeste,Android,Confirmacao_Protocolo,Resolvido_Bot,11,,"3973,83"
CVX-001663,2026-04-08 13:48:50,WhatsApp,Auto,Varejo,Sudeste,Android,Confirmacao_Protocolo,Resolvido_Bot,"11,6",5,"12080,94"
CVX-005087,2026-04-08 14:22:48,WhatsApp,Residencial,Varejo,Sudeste,Android,Validacao_Apolice,Escalado_Humano,"34,8",,
CVX-004829,2026-04-08 14:26:43,WhatsApp,Residencial,Varejo,Sul,Android,Coleta_Dados_Sinistro,Abandonado,,,"6674,13"
CVX-005423,2026-04-08 14:30:50,WhatsApp,Residencial,Varejo,Sudeste,Android,Validacao_Apolice,Escalado_Humano,"52,3",3,
CVX-006477,2026-04-08 14:41:51,WhatsApp,Vida,Varejo,Sul,Android,Confirmacao_Protocolo,Resolvido_Bot,9,4,"24676,96"
CVX-000008,2026-04-08 14:52:17,WhatsApp,Auto,Varejo,Sul,Android,Confirmacao_Protocolo,Resolvido_Bot,"7,2",,"3011,79"
CVX-000863,2026-04-08 15:28:21,App,Auto,Varejo,Sul,iOS,Validacao_Apolice,Escalado_Humano,"38,8",1,
CVX-000708,2026-04-08 15:28:48,WhatsApp,Vida,Premium,Sudeste,Android,Confirmacao_Protocolo,Resolvido_Bot,5,3,"37828,33"
CVX-004175,2026-04-08 15:46:21,App,Auto,Varejo,Centro-Oeste,Android,Confirmacao_Protocolo,Resolvido_Bot,"8,7",4,"8001,74"
CVX-004241,2026-04-08 15:48:28,WhatsApp,Auto,Varejo,Sul,Android,Confirmacao_Protocolo,Resolvido_Bot,"3,1",,"11095,72"
CVX-005592,2026-04-08 15:54:24,App,Auto,Premium,Sul,Android,Coleta_Dados_Sinistro,Escalado_Humano,"51,4",2,"4423,26"
CVX-002991,2026-04-08 16:10:16,WhatsApp,Auto,Premium,Sudeste,Android,Upload_Fotos_Documentos,Abandonado,,,"11047,54"
CVX-003766,2026-04-08 16:14:46,WhatsApp,Auto,Varejo,Nordeste,iOS,Inicio_Saudacao,Abandonado,,,
CVX-001142,2026-04-08 16:27:06,WhatsApp,Auto,Varejo,Centro-Oeste,Android,Confirmacao_Protocolo,Resolvido_Bot,"10,5",,"10327,22"
CVX-002454,2026-04-08 17:04:30,WhatsApp,Vida,Varejo,Nordeste,iOS,Confirmacao_Protocolo,Resolvido_Bot,"8,4",4,"18362,51"
CVX-006009,2026-04-08 17:07:24,WhatsApp,Auto,Premium,Sudeste,iOS,Confirmacao_Protocolo,Resolvido_Bot,"5,8",5,"12241,6"
CVX-002036,2026-04-08 17:13:41,App,Vida,Varejo,Sudeste,Android,Confirmacao_Protocolo,Resolvido_Bot,"8,4",4,"45033,28"
CVX-000459,2026-04-08 18:10:18,WhatsApp,Residencial,Premium,Sudeste,Android,Confirmacao_Protocolo,Resolvido_Bot,"4,4",4,"2409,82"
CVX-001711,2026-04-08 18:19:53,WhatsApp,Residencial,Premium,Sudeste,Android,Analise_Automatica,Escalado_Humano,"58,1",,"15870,98"
CVX-005883,2026-04-08 18:27:37,WhatsApp,Auto,Premium,Sudeste,Android,Confirmacao_Protocolo,Resolvido_Bot,"10,1",5,"17001,42"
CVX-003054,2026-04-08 18:40:16,App,Residencial,Premium,Sudeste,iOS,Upload_Fotos_Documentos,Escalado_Humano,"49,3",2,"18002,37"
CVX-001118,2026-04-08 19:06:18,WhatsApp,Residencial,Corporativo,Sudeste,iOS,Coleta_Dados_Sinistro,Abandonado,,,"15915,63"
CVX-005509,2026-04-08 19:40:02,WhatsApp,Residencial,Varejo,Nordeste,iOS,Upload_Fotos_Documentos,Escalado_Humano,"30,7",5,"19750,18"
CVX-004483,2026-04-08 19:40:42,App,Vida,Varejo,Centro-Oeste,Android,Validacao_Apolice,Escalado_Humano,"56,9",4,
CVX-005743,2026-04-08 20:01:40,App,Residencial,Varejo,Sul,iOS,Confirmacao_Protocolo,Resolvido_Bot,"9,1",5,"13369,97"
CVX-000080,2026-04-08 20:02:44,WhatsApp,Auto,Premium,Sudeste,iOS,Validacao_Apolice,Abandonado,,,
CVX-005643,2026-04-08 20:10:35,WhatsApp,Auto,Varejo,Centro-Oeste,Android,Confirmacao_Protocolo,Resolvido_Bot,"11,6",4,"12273,41"
CVX-006197,2026-04-08 20:27:44,WhatsApp,Residencial,Corporativo,Sudeste,iOS,Confirmacao_Protocolo,RESOLVIDO_BOT,"11,4",3,"13577,93"
CVX-003213,2026-04-08 20:33:44,App,Auto,Premium,Sudeste,iOS,Confirmacao_Protocolo,Resolvido_Bot,"8,2",,"5275,05"
CVX-006922,2026-04-08 20:39:06,WhatsApp,Vida,Premium,Sudeste,Android,Confirmacao_Protocolo,Resolvido_Bot,"9,9",,"80984,16"
CVX-001324,2026-04-08 20:53:21,WhatsApp,Auto,Premium,Sudeste,Android,Confirmacao_Protocolo,Resolvido_Bot,"11,2",4,"5096,38"
CVX-005287,2026-04-08 20:54:59,App,Auto,Premium,Nordeste,Android,Coleta_Dados_Sinistro,Abandonado,,,"5481,31"
CVX-004933,2026-04-08 20:56:16,App,Vida,Corporativo,Sul,Android,Analise_Automatica,Escalado_Humano,"36,8",5,"66188,99"
CVX-002154,2026-04-09 8:06:52,WhatsApp,Vida,Varejo,Sudeste,Android,Confirmacao_Protocolo,Resolvido_Bot,"4,2",5,"59677,74"
CVX-004946,2026-04-09 8:15:06,WhatsApp,Auto,Varejo,Sul,Android,Confirmacao_Protocolo,Resolvido_Bot,"8,7",4,"11189,28"
CVX-002402,2026-04-09 8:17:08,WhatsApp,Auto,Varejo,Sudeste,Android,Analise_Automatica,abandonado,,,"6399,25"
CVX-002948,2026-04-09 8:19:56,WhatsApp,Auto,Varejo,Sudeste,Android,Analise_Automatica,Escalado_Humano,"46,8",4,"6649,71"
CVX-004269,2026-04-09 8:26:50,WhatsApp,Vida,Premium,Sudeste,Android,Validacao_Apolice,Escalado_Humano,41,,
CVX-001351,2026-04-09 8:40:54,WhatsApp,Auto,Varejo,Sudeste,Android,Validacao_Apolice,Abandonado,,,
CVX-006296,2026-04-09 8:43:47,WhatsApp,Residencial,Varejo,Centro-Oeste,Android,Inicio_Saudacao,Abandonado,,,
CVX-006739,2026-04-09 8:45:11,WhatsApp,Residencial,Varejo,Sul,Android,Upload_Fotos_Documentos,Abandonado,,,"20203,53"
CVX-005917,2026-04-09 8:52:25,WhatsApp,Auto,Varejo,Sudeste,iOS,Upload_Fotos_Documentos,Escalado_Humano,"34,5",5,"9123,17"
CVX-004025,2026-04-09 8:57:59,App,Residencial,Varejo,Nordeste,iOS,Coleta_Dados_Sinistro,escalado_humano,"53,4",4,"11042,71"
CVX-004060,2026-04-09 9:01:43,WhatsApp,Residencial,Premium,Norte,iOS,Validacao_Apolice,Escalado_Humano,"38,1",,
CVX-002961,2026-04-09 9:21:19,WhatsApp,Residencial,Varejo,Sul,iOS,Analise_Automatica,Escalado_Humano,"36,9",5,"15612,86"
CVX-000842,2026-04-09 9:22:23,WhatsApp,Residencial,Varejo,Sudeste,iOS,Validacao_Apolice,Escalado_Humano,"29,6",4,
CVX-000868,2026-04-09 9:44:40,WhatsApp,Auto,Premium,Sudeste,Android,Confirmacao_Protocolo,Resolvido_Bot,"10,4",5,"4466,96"
CVX-006635,2026-04-09 9:45:26,WhatsApp,Residencial,Varejo,Sudeste,Android,Coleta_Dados_Sinistro,Abandonado,,,"27169,65"
CVX-005231,2026-04-09 9:58:34,WhatsApp,Auto,Premium,Sudeste,Android,Confirmacao_Protocolo,Resolvido_Bot,13,5,"13477,57"
CVX-004711,2026-04-09 10:12:08,WhatsApp,Auto,Varejo,Sudeste,Android,Upload_Fotos_Documentos,Abandonado,,,"10335,42"
CVX-006639,2026-04-09 10:18:51,WhatsApp,Auto,Varejo,Sudeste,Android,Upload_Fotos_Documentos,Abandonado,,,"5341,99"
CVX-001698,2026-04-09 10:47:41,WhatsApp,Residencial,Varejo,Centro-Oeste,Android,Upload_Fotos_Documentos,Abandonado,,,"16842,5"
CVX-006244,2026-04-09 10:55:05,WhatsApp,Auto,Varejo,Sul,Android,Coleta_Dados_Sinistro,Abandonado,,,"4036,43"
CVX-001876,2026-04-09 10:58:30,WhatsApp,Auto,Varejo,Nordeste,Android,Validacao_Apolice,ABANDONADO ,,,
CVX-006995,2026-04-09 11:01:29,WhatsApp,Residencial,Varejo,Sudeste,iOS,Validacao_Apolice,Escalado_Humano,"50,4",4,
CVX-001648,2026-04-09 11:17:23,WhatsApp,Vida,Varejo,Sudeste,iOS,Inicio_Saudacao,Abandonado,,,
CVX-003775,2026-04-09 11:27:10,WhatsApp,Auto,Premium,Sul,Android,Confirmacao_Protocolo,Resolvido_Bot,"2,2",5,"11079,7"
CVX-005725,2026-04-09 11:48:59,WhatsApp,Auto,Premium,Centro-Oeste,Android,Confirmacao_Protocolo,Resolvido_Bot,"6,7",,"7898,24"
CVX-004129,2026-04-09 12:06:33,WhatsApp,Auto,Varejo,Nordeste,Android,Validacao_Apolice,Escalado_Humano,51,4,
CVX-005830,2026-04-09 12:14:55,WhatsApp,Vida,Premium,Sudeste,iOS,Validacao_Apolice,Escalado_Humano,36,3,
CVX-003586,2026-04-09 12:18:01,WhatsApp,Auto,Varejo,Nordeste,iOS,Upload_Fotos_Documentos,Abandonado,,,"8249,96"
CVX-004140,2026-04-09 12:30:42,App,Auto,Varejo,Sudeste,iOS,Confirmacao_Protocolo,Resolvido_Bot,"9,4",,"8851,89"
CVX-004900,2026-04-09 12:31:20,WhatsApp,Auto,Varejo,Sudeste,iOS,Coleta_Dados_Sinistro,Abandonado,,,"4290,65"
CVX-003460,2026-04-09 12:43:19,WhatsApp,Vida,Varejo,Sudeste,Android,Confirmacao_Protocolo,Resolvido_Bot,"11,4",5,"25495,84"
CVX-003466,2026-04-09 12:55:08,App,Residencial,Varejo,Sul,Android,Coleta_Dados_Sinistro,ESCALADO HUMANO,"46,4",3,"8814,65"
CVX-002772,2026-04-09 13:00:57,WhatsApp,Residencial,Varejo,Nordeste,Android,Confirmacao_Protocolo,Resolvido_Bot,"5,2",,"28625,53"
CVX-005467,2026-04-09 13:05:59,WhatsApp,Auto,Varejo,Nordeste,Android,Confirmacao_Protocolo,Resolvido_Bot,"10,2",4,"10793,81"
CVX-000242,2026-04-09 13:11:20,WhatsApp,Residencial,Varejo,Norte,Android,Upload_Fotos_Documentos,Abandonado,,,"8812,59"
CVX-003347,2026-04-09 13:54:37,WhatsApp,Residencial,Premium,Centro-Oeste,Android,Upload_Fotos_Documentos,Abandonado,,,"11811,24"
CVX-005658,2026-04-09 13:54:57,App,Auto,Varejo,Sul,iOS,Validacao_Apolice,Escalado_Humano,"35,4",3,
CVX-001416,2026-04-09 14:01:09,WhatsApp,Auto,Varejo,Sul,Android,Validacao_Apolice,Escalado_Humano,"54,6",2,
CVX-004401,2026-04-09 14:05:54,WhatsApp,Auto,Premium,Sudeste,iOS,Validacao_Apolice,Escalado_Humano,"23,2",4,
CVX-002681,2026-04-09 14:13:17,WhatsApp,Auto,Varejo,Sul,Android,Confirmacao_Protocolo,Resolvido_Bot,"8,6",4,"4999,6"
CVX-003739,2026-04-09 14:27:55,WhatsApp,Auto,Corporativo,Norte,Android,Confirmacao_Protocolo,Resolvido_Bot,"10,1",4,"14561,19"
CVX-001782,2026-04-09 14:57:41,App,Auto,Varejo,Sudeste,iOS,Confirmacao_Protocolo,Resolvido_Bot,"12,4",,"6064,46"
CVX-001103,2026-04-09 15:23:31,WhatsApp,Auto,Premium,Nordeste,iOS,Confirmacao_Protocolo,Resolvido_Bot,"11,9",4,"6414,77"
CVX-002356,2026-04-09 15:25:54,WhatsApp,Auto,Varejo,Sudeste,iOS,Confirmacao_Protocolo,Resolvido_Bot,"16,6",4,"10134,13"
CVX-005970,2026-04-09 15:53:55,WhatsApp,Residencial,Varejo,Sudeste,Android,Analise_Automatica,abandonado,,,"18027,24"
CVX-002258,2026-04-09 15:54:51,WhatsApp,Auto,Corporativo,Sul,Android,Confirmacao_Protocolo,Resolvido_Bot,"9,6",4,"9373,63"
CVX-006086,2026-04-09 16:06:32,WhatsApp,Residencial,Varejo,Nordeste,Android,Upload_Fotos_Documentos,Abandonado,,,"18557,35"
CVX-001577,2026-04-09 16:51:23,WhatsApp,Auto,Varejo,Nordeste,Android,Confirmacao_Protocolo,Resolvido_Bot,"13,8",4,"6181,57"
CVX-000707,2026-04-09 17:03:49,WhatsApp,Residencial,Varejo,Sudeste,Android,Validacao_Apolice,Abandonado,,,
CVX-000627,2026-04-09 17:23:36,WhatsApp,Auto,Varejo,Sul,Android,Confirmacao_Protocolo,RESOLVIDO_BOT,"12,5",4,"14569,86"
CVX-000346,2026-04-09 17:33:38,App,Auto,Varejo,Sudeste,iOS,Confirmacao_Protocolo,Resolvido_Bot,"12,5",4,"9285,99"
CVX-005816,2026-04-09 18:14:24,App,Auto,Corporativo,Sul,iOS,Validacao_Apolice,Escalado_Humano,"48,6",3,
CVX-006734,2026-04-09 18:17:52,WhatsApp,Residencial,Corporativo,Nordeste,Android,Confirmacao_Protocolo,Resolvido_Bot,"13,8",3,"11239,74"
CVX-003556,2026-04-09 18:22:30,WhatsApp,Auto,Varejo,Sudeste,Android,Upload_Fotos_Documentos,Abandonado,,,"9287,2"
CVX-005642,2026-04-09 18:39:24,WhatsApp,Residencial,Corporativo,Sudeste,iOS,Validacao_Apolice,Abandonado,,,
CVX-002756,2026-04-09 18:52:23,WhatsApp,Auto,Premium,Sul,iOS,Confirmacao_Protocolo,Resolvido_Bot,"5,1",,"10479,6"
CVX-003726,2026-04-09 19:05:31,App,Auto,Varejo,Nordeste,Android,Coleta_Dados_Sinistro,Abandonado,,,"9376,07"
CVX-000506,2026-04-09 19:05:39,WhatsApp,Residencial,Varejo,Sudeste,Android,Validacao_Apolice,Escalado_Humano,"35,3",4,
CVX-004122,2026-04-09 19:08:28,WhatsApp,Auto,Varejo,Norte,iOS,Confirmacao_Protocolo,Resolvido_Bot,"6,9",5,"3960,43"
CVX-004250,2026-04-09 19:10:43,App,Auto,Varejo,Sul,Android,Confirmacao_Protocolo,Resolvido_Bot,"9,1",5,"6314,47"
CVX-003582,2026-04-09 19:30:35,WhatsApp,Residencial,Premium,Sudeste,Android,Coleta_Dados_Sinistro,Escalado_Humano,"27,7",4,"19198,48"
CVX-000789,2026-04-09 19:32:17,WhatsApp,Auto,Varejo,Sudeste,iOS,Validacao_Apolice,Escalado_Humano,"50,3",,
CVX-000990,2026-04-09 19:41:10,WhatsApp,Auto,Varejo,Sudeste,Android,Confirmacao_Protocolo,Resolvido_Bot,"5,3",4,"6581,42"
CVX-003839,2026-04-09 19:42:51,WhatsApp,Residencial,Varejo,Sudeste,Android,Confirmacao_Protocolo,Resolvido_Bot,"9,7",4,"22833,82"
CVX-004312,2026-04-09 19:53:15,WhatsApp,Auto,Varejo,Nordeste,Android,Coleta_Dados_Sinistro,Escalado_Humano,"25,7",3,"13180,9"
CVX-000358,2026-04-09 19:59:25,WhatsApp,Residencial,Varejo,Sudeste,Android,Upload_Fotos_Documentos,ABANDONADO ,,,"18967,18"
CVX-000993,2026-04-09 20:03:19,WhatsApp,Auto,Corporativo,Nordeste,Android,Upload_Fotos_Documentos,Abandonado,,,"6735,58"
CVX-002648,2026-04-09 20:12:06,WhatsApp,Auto,Varejo,Centro-Oeste,iOS,Analise_Automatica,Escalado_Humano,31,3,"8213,28"
CVX-006757,2026-04-09 20:17:42,WhatsApp,Auto,Premium,Sudeste,Android,Confirmacao_Protocolo,Resolvido_Bot,"8,9",4,"7936,23"
CVX-003810,2026-04-09 20:19:09,WhatsApp,Auto,Premium,Nordeste,Android,Analise_Automatica,Abandonado,,,"6645,07"
CVX-001451,2026-04-09 20:21:29,WhatsApp,Vida,Varejo,Sudeste,Android,Upload_Fotos_Documentos,Abandonado,,,"28560,29"
CVX-003536,2026-04-09 20:47:55,WhatsApp,Auto,Varejo,Sudeste,Android,Validacao_Apolice,Abandonado,,,
CVX-005904,2026-04-09 20:55:35,WhatsApp,Vida,Premium,Sudeste,Android,Confirmacao_Protocolo,Resolvido_Bot,11,,"31010,64"
CVX-006397,2026-04-09 20:57:07,WhatsApp,Vida,Varejo,Centro-Oeste,iOS,Confirmacao_Protocolo,Resolvido_Bot,"5,9",4,"33372,73"
CVX-000642,2026-04-10 8:37:02,WhatsApp,Auto,Varejo,Sul,Android,Validacao_Apolice,Escalado_Humano,"50,9",3,
CVX-006621,2026-04-10 8:44:53,WhatsApp,Auto,Varejo,Nordeste,iOS,Upload_Fotos_Documentos,Escalado_Humano,"16,3",,"2846,04"
CVX-002666,2026-04-10 9:02:37,WhatsApp,Residencial,Varejo,Sudeste,Android,Confirmacao_Protocolo,Resolvido_bot ,"10,8",3,"11739,2"
CVX-004273,2026-04-10 9:25:30,WhatsApp,Auto,Corporativo,Sudeste,Android,Coleta_Dados_Sinistro,escalado_humano,"59,2",5,"9174,24"
CVX-004186,2026-04-10 9:42:34,App,Vida,Varejo,Sul,Android,Confirmacao_Protocolo,Resolvido_Bot,"4,7",5,"30216,81"
CVX-002722,2026-04-10 10:14:00,WhatsApp,Residencial,Premium,Sudeste,Android,Confirmacao_Protocolo,Resolvido_Bot,6,4,"17207,8"
CVX-006908,2026-04-10 10:34:09,WhatsApp,Auto,Varejo,Sudeste,Android,Confirmacao_Protocolo,Resolvido_Bot,"10,2",4,"13898,45"
CVX-000168,2026-04-10 10:42:22,WhatsApp,Auto,Varejo,Centro-Oeste,iOS,Upload_Fotos_Documentos,Abandonado,,,"8683,68"
CVX-006059,2026-04-10 10:43:00,WhatsApp,Auto,Varejo,Sudeste,iOS,Validacao_Apolice,Abandonado,,,
CVX-005254,2026-04-10 10:55:17,WhatsApp,Auto,Premium,Sul,Android,Upload_Fotos_Documentos,Abandonado,,,"1524,15"
CVX-003718,2026-04-10 11:17:30,WhatsApp,Residencial,Varejo,Sudeste,iOS,Validacao_Apolice,ESCALADO HUMANO,29,,
CVX-000343,2026-04-10 11:23:09,WhatsApp,Residencial,Varejo,Sul,Android,Confirmacao_Protocolo,Resolvido_Bot,"4,7",,"15781,73"
CVX-004295,2026-04-10 11:31:24,WhatsApp,Auto,Varejo,Sul,Android,Analise_Automatica,Escalado_Humano,"49,9",3,3828
CVX-003324,2026-04-10 11:37:19,WhatsApp,Residencial,Corporativo,Sul,iOS,Coleta_Dados_Sinistro,Abandonado,,,"7971,39"
CVX-000667,2026-04-10 11:43:09,WhatsApp,Vida,Premium,Sudeste,Android,Upload_Fotos_Documentos,Escalado_Humano,32,3,"80844,48"
CVX-000630,2026-04-10 12:02:52,WhatsApp,Auto,Premium,Sudeste,Android,Validacao_Apolice,Escalado_Humano,"42,5",4,
CVX-004202,2026-04-10 12:05:04,WhatsApp,Residencial,Premium,Centro-Oeste,Android,Validacao_Apolice,Escalado_Humano,"35,5",2,
CVX-000046,2026-04-10 12:23:04,WhatsApp,Auto,Premium,Sudeste,Android,Confirmacao_Protocolo,Resolvido_Bot,"6,3",,"8004,18"
CVX-001148,2026-04-10 12:40:14,WhatsApp,Vida,Varejo,Norte,iOS,Confirmacao_Protocolo,Resolvido_Bot,"2,9",5,"17195,23"
CVX-002488,2026-04-10 12:44:20,WhatsApp,Residencial,Premium,Sudeste,iOS,Confirmacao_Protocolo,Resolvido_Bot,"12,9",4,"18668,21"
CVX-003591,2026-04-10 12:53:38,WhatsApp,Vida,Premium,Sudeste,Android,Validacao_Apolice,Escalado_Humano,"48,6",4,
CVX-006884,2026-04-10 12:57:12,WhatsApp,Auto,Premium,Sudeste,Android,Confirmacao_Protocolo,Resolvido_Bot,2,5,"13673,34"
CVX-002103,2026-04-10 12:59:56,App,Vida,Corporativo,Sul,Android,Confirmacao_Protocolo,Resolvido_Bot,"8,4",,"38093,29"
CVX-006297,2026-04-10 13:24:01,WhatsApp,Auto,Premium,Centro-Oeste,Android,Coleta_Dados_Sinistro,Escalado_Humano,"56,3",,"14810,8"
CVX-000327,2026-04-10 13:32:01,WhatsApp,Auto,Varejo,Sudeste,Android,Coleta_Dados_Sinistro,Escalado_Humano,"25,9",4,"4436,69"
CVX-003593,2026-04-10 14:10:34,App,Auto,Varejo,Sudeste,Android,Confirmacao_Protocolo,Resolvido_Bot,"7,9",4,"4229,17"
CVX-001374,2026-04-10 14:27:52,WhatsApp,Auto,Corporativo,Sudeste,Android,Coleta_Dados_Sinistro,Abandonado,,,"4210,18"
CVX-004652,2026-04-10 14:53:30,App,Residencial,Premium,Nordeste,Android,Confirmacao_Protocolo,Resolvido_Bot,"7,7",4,"6736,08"
CVX-002144,2026-04-10 14:56:12,WhatsApp,Auto,Varejo,Sudeste,iOS,Confirmacao_Protocolo,Resolvido_Bot,"16,2",4,"8619,41"
CVX-004853,2026-04-10 15:06:58,App,Auto,Premium,Sul,iOS,Confirmacao_Protocolo,Resolvido_Bot,"2,5",4,"10091,21"
CVX-004727,2026-04-10 15:20:51,WhatsApp,Auto,Varejo,Sudeste,Android,Confirmacao_Protocolo,Resolvido_Bot,"12,6",3,"8766,35"
CVX-005771,2026-04-10 15:47:50,App,Auto,Varejo,Sudeste,Android,Analise_Automatica,Abandonado,,,"5445,36"
CVX-001909,2026-04-10 15:49:24,WhatsApp,Residencial,Premium,Centro-Oeste,Android,Upload_Fotos_Documentos,Abandonado,,,"10015,38"
CVX-006667,2026-04-10 15:51:37,WhatsApp,Vida,Varejo,Sul,Android,Confirmacao_Protocolo,Resolvido_Bot,"6,7",3,"12094,19"
CVX-000214,2026-04-10 16:20:18,WhatsApp,Auto,Premium,Sudeste,iOS,Upload_Fotos_Documentos,Abandonado,,,"1650,65"
CVX-003226,2026-04-10 16:21:23,App,Residencial,Varejo,Sudeste,Android,Upload_Fotos_Documentos,Escalado_Humano,"39,3",4,"19848,27"
CVX-000426,2026-04-10 16:33:49,WhatsApp,Auto,Premium,Sudeste,Android,Confirmacao_Protocolo,Resolvido_Bot,"12,8",,"6211,63"
CVX-003248,2026-04-10 16:50:02,WhatsApp,Auto,Varejo,Sudeste,Android,Confirmacao_Protocolo,Resolvido_Bot,"10,2",4,"13213,09"
CVX-006151,2026-04-10 16:58:02,WhatsApp,Auto,Varejo,Sudeste,Android,Validacao_Apolice,Escalado_Humano,"24,6",4,
CVX-000236,2026-04-10 16:58:13,WhatsApp,Vida,Varejo,Sul,iOS,Upload_Fotos_Documentos,Escalado_Humano,"46,3",,"33073,01"
CVX-000298,2026-04-10 17:28:04,WhatsApp,Auto,Varejo,Sudeste,iOS,Validacao_Apolice,Escalado_Humano,"47,3",,
CVX-003639,2026-04-10 17:31:19,WhatsApp,Auto,Varejo,Nordeste,iOS,Upload_Fotos_Documentos,Abandonado,,,"2158,6"
CVX-006594,2026-04-10 17:36:48,WhatsApp,Auto,Premium,Sudeste,iOS,Confirmacao_Protocolo,Resolvido_Bot,"10,2",3,"6993,59"
CVX-006731,2026-04-10 17:57:16,WhatsApp,Auto,Premium,Sudeste,Android,Analise_Automatica,Abandonado,,,"4106,16"
CVX-000430,2026-04-10 18:35:54,WhatsApp,Residencial,Varejo,Norte,Android,Confirmacao_Protocolo,Resolvido_Bot,"8,5",5,"9149,46"
CVX-003857,2026-04-10 18:44:02,WhatsApp,Vida,Varejo,Sudeste,Android,Coleta_Dados_Sinistro,Abandonado,,,"30001,28"
CVX-003508,2026-04-10 18:46:39,App,Vida,Varejo,Sudeste,iOS,Confirmacao_Protocolo,Resolvido_Bot,4,3,"13226,76"
CVX-006268,2026-04-10 18:58:55,WhatsApp,Auto,Corporativo,Nordeste,Android,Analise_Automatica,Abandonado,,,"11147,09"
CVX-002405,2026-04-10 19:01:11,WhatsApp,Auto,Varejo,Sudeste,iOS,Validacao_Apolice,Escalado_Humano,70,3,
CVX-001623,2026-04-10 19:11:45,WhatsApp,Vida,Corporativo,Sudeste,iOS,Confirmacao_Protocolo,Resolvido_Bot,"8,1",5,"20282,75"
CVX-001266,2026-04-10 19:31:48,WhatsApp,Auto,Varejo,Nordeste,Android,Validacao_Apolice,Escalado_humano,"38,3",4,
CVX-003256,2026-04-10 19:46:21,App,Auto,Varejo,Sudeste,iOS,Confirmacao_Protocolo,Resolvido_Bot,"8,5",2,"7083,97"
CVX-001650,2026-04-10 20:50:32,WhatsApp,Auto,Corporativo,Sudeste,Android,Analise_Automatica,Escalado_Humano,"17,4",3,"9936,83"
CVX-005466,2026-04-10 20:54:47,WhatsApp,Auto,Premium,Sudeste,iOS,Confirmacao_Protocolo,Resolvido_Bot,"4,4",4,"10128,61"
CVX-000083,2026-04-11 8:14:57,WhatsApp,Auto,Premium,Sudeste,Android,Upload_Fotos_Documentos,Abandonado,,,"2592,93"
CVX-004667,2026-04-11 8:18:33,WhatsApp,Residencial,Varejo,Centro-Oeste,Android,Coleta_Dados_Sinistro,Escalado_Humano,"14,3",4,"9361,84"
CVX-005055,2026-04-11 8:28:57,WhatsApp,Auto,Premium,Sudeste,Android,Confirmacao_Protocolo,Resolvido_Bot,"14,2",3,"3137,05"
CVX-003774,2026-04-11 8:37:16,App,Auto,Premium,Sudeste,Android,Validacao_Apolice,Escalado_Humano,"75,3",4,
CVX-003643,2026-04-11 9:09:11,WhatsApp,Vida,Premium,Centro-Oeste,Android,Coleta_Dados_Sinistro,abandono,,,"34407,99"
CVX-005944,2026-04-11 9:13:22,WhatsApp,Auto,Premium,Sudeste,Android,Confirmacao_Protocolo,Resolvido_Bot,"7,2",4,"8566,63"
CVX-001599,2026-04-11 9:13:25,App,Auto,Varejo,Nordeste,Android,Validacao_Apolice,Escalado_Humano,"39,3",3,
CVX-002027,2026-04-11 9:18:50,WhatsApp,Auto,Varejo,Sudeste,Android,Coleta_Dados_Sinistro,Escalado_Humano,"45,4",3,"3706,97"
CVX-001098,2026-04-11 9:27:38,WhatsApp,Auto,Premium,Sul,iOS,Confirmacao_Protocolo,Resolvido_Bot,"5,9",,"10640,54"
CVX-002612,2026-04-11 9:33:09,WhatsApp,Auto,Premium,Sul,Android,Validacao_Apolice,Escalado_Humano,"42,2",,
CVX-003222,2026-04-11 10:00:31,WhatsApp,Auto,Varejo,Sul,Android,Confirmacao_Protocolo,Resolvido_Bot,"14,1",,"6938,62"
CVX-003907,2026-04-11 10:17:36,WhatsApp,Auto,Premium,Nordeste,iOS,Confirmacao_Protocolo,Resolvido_Bot,"8,9",,"13732,02"
CVX-002485,2026-04-11 10:18:11,WhatsApp,Residencial,Premium,Nordeste,Android,Confirmacao_Protocolo,Resolvido_Bot,"10,7",4,"9408,04"
CVX-004916,2026-04-11 10:19:36,WhatsApp,Residencial,Varejo,Sul,Android,Confirmacao_Protocolo,Resolvido_Bot,"9,1",5,"8002,27"
CVX-001505,2026-04-11 10:32:03,WhatsApp,Residencial,Premium,Norte,iOS,Confirmacao_Protocolo,Resolvido_Bot,"10,4",5,"10857,38"
CVX-003406,2026-04-11 10:43:48,App,Auto,Varejo,Nordeste,Android,Confirmacao_Protocolo,Resolvido_Bot,"7,4",5,"13502,92"
CVX-000787,2026-04-11 10:57:52,App,Auto,Premium,Sudeste,Android,Confirmacao_Protocolo,Resolvido_Bot,"10,8",5,"6792,43"
CVX-002943,2026-04-11 10:58:43,WhatsApp,Auto,Varejo,Sudeste,iOS,Confirmacao_Protocolo,Resolvido_Bot,"10,1",5,"9485,47"
CVX-003902,2026-04-11 11:50:11,WhatsApp,Residencial,Varejo,Sudeste,iOS,Validacao_Apolice,Abandonado,,,
CVX-002829,2026-04-11 11:53:45,WhatsApp,Residencial,Premium,Nordeste,Android,Confirmacao_Protocolo,Resolvido_Bot,"11,1",4,"14031,77"
CVX-004340,2026-04-11 11:56:25,WhatsApp,Vida,Premium,Sudeste,Android,Coleta_Dados_Sinistro,Escalado_Humano,"55,4",1,"40472,21"
CVX-005410,2026-04-11 11:59:28,WhatsApp,Auto,Premium,Sudeste,Android,Confirmacao_Protocolo,Resolvido_Bot,2,5,"5952,36"
CVX-005789,2026-04-11 12:27:52,WhatsApp,Auto,Varejo,Nordeste,Android,Coleta_Dados_Sinistro,Escalado_Humano,"36,1",3,"4708,12"
CVX-005998,2026-04-11 12:51:15,WhatsApp,Auto,Premium,Sudeste,iOS,Upload_Fotos_Documentos,Abandonado,,,"8260,5"
CVX-002678,2026-04-11 13:12:12,WhatsApp,Residencial,Varejo,Sudeste,Android,Confirmacao_Protocolo,Resolvido_Bot,"12,9",2,"13084,57"
CVX-005360,2026-04-11 13:16:42,App,Auto,Varejo,Nordeste,Android,Validacao_Apolice,Escalado_Humano,"41,6",3,
CVX-001169,2026-04-11 13:19:41,WhatsApp,Residencial,Premium,Sudeste,Android,Upload_Fotos_Documentos,Abandonado,,,17959
CVX-004805,2026-04-11 13:34:28,WhatsApp,Residencial,Varejo,Sudeste,Android,Confirmacao_Protocolo,Resolvido_Bot,"6,9",3,"18406,22"
CVX-005530,2026-04-11 13:53:03,WhatsApp,Auto,Premium,Norte,Android,Confirmacao_Protocolo,Resolvido_Bot,10,,"7816,05"
CVX-006000,2026-04-11 14:15:06,WhatsApp,Residencial,Varejo,Nordeste,Android,Confirmacao_Protocolo,Resolvido_Bot,"11,6",,"22405,88"
CVX-001934,2026-04-11 14:38:01,App,Auto,Premium,Sudeste,Android,Confirmacao_Protocolo,Resolvido_Bot,"15,5",5,"6119,64"
CVX-002853,2026-04-11 14:50:25,WhatsApp,Auto,Varejo,Sudeste,iOS,Confirmacao_Protocolo,Resolvido_Bot,"11,8",5,"3040,1"
CVX-002196,2026-04-11 14:52:37,WhatsApp,Auto,Corporativo,Sudeste,Android,Upload_Fotos_Documentos,Abandonado,,,"9135,44"
CVX-006694,2026-04-11 15:04:52,WhatsApp,Vida,Corporativo,Centro-Oeste,Android,Upload_Fotos_Documentos,Abandonado,,,"44052,72"
CVX-004268,2026-04-11 15:38:05,WhatsApp,Auto,Varejo,Sudeste,iOS,Confirmacao_Protocolo,Resolvido_Bot,"5,2",5,"3035,77"
CVX-001754,2026-04-11 16:25:36,WhatsApp,Auto,Varejo,Sudeste,iOS,Confirmacao_Protocolo,Resolvido_Bot,"14,4",5,"3655,57"
CVX-006233,2026-04-11 16:25:50,WhatsApp,Residencial,Varejo,Sul,iOS,Upload_Fotos_Documentos,Abandonado,,,"5476,97"
CVX-006444,2026-04-11 17:19:48,App,Auto,Varejo,Sudeste,Android,Upload_Fotos_Documentos,Escalado_Humano,27,,"10977,8"
CVX-005442,2026-04-11 17:29:31,WhatsApp,Auto,Varejo,Sudeste,iOS,Validacao_Apolice,Escalado_Humano,"53,7",4,
CVX-004264,2026-04-11 17:32:39,WhatsApp,Auto,Premium,Sudeste,iOS,Validacao_Apolice,Escalado_Humano,"27,1",4,
CVX-004979,2026-04-11 17:55:18,WhatsApp,Auto,Varejo,Sudeste,iOS,Validacao_Apolice,Escalado_Humano,"48,3",3,
CVX-006183,2026-04-11 18:13:36,WhatsApp,Auto,Corporativo,Sul,Android,Upload_Fotos_Documentos,Abandonado,,,"8943,39"
CVX-006906,2026-04-11 18:16:15,WhatsApp,Auto,Varejo,Nordeste,Android,Analise_Automatica,Escalado_Humano,"30,8",4,"10721,75"
CVX-005428,2026-04-11 18:22:50,WhatsApp,Residencial,Premium,Sudeste,Android,Confirmacao_Protocolo,Resolvido_Bot,"9,9",4,"14983,48"
CVX-001604,2026-04-11 18:27:15,WhatsApp,Residencial,Varejo,Sudeste,Android,Validacao_Apolice,Escalado_Humano,"43,3",3,
CVX-006642,2026-04-11 18:29:41,WhatsApp,Vida,Varejo,Sul,Android,Validacao_Apolice,ESCALADO HUMANO,"48,5",3,
CVX-006400,2026-04-11 18:31:04,WhatsApp,Auto,Varejo,Sudeste,iOS,Confirmacao_Protocolo,Resolvido_Bot,"16,4",3,"12455,96"
CVX-003073,2026-04-11 18:33:58,App,Auto,Varejo,Sudeste,Android,Confirmacao_Protocolo,Resolvido_Bot,"11,5",4,"5664,53"
CVX-000713,2026-04-11 18:44:25,WhatsApp,Auto,Varejo,Sul,iOS,Confirmacao_Protocolo,Resolvido_Bot,"7,9",5,"8564,55"
CVX-000257,2026-04-11 18:58:15,WhatsApp,Auto,Premium,Sudeste,Android,Analise_Automatica,Escalado_Humano,"43,9",,"5916,74"
CVX-005443,2026-04-11 19:01:16,WhatsApp,Auto,Corporativo,Sudeste,Android,Analise_Automatica,Abandonado,,,"7211,88"
CVX-002653,2026-04-11 19:06:15,WhatsApp,Vida,Varejo,Norte,Android,Upload_Fotos_Documentos,Abandonado,,,"67792,02"
CVX-003496,2026-04-11 19:08:08,WhatsApp,Residencial,Premium,Sul,iOS,Confirmacao_Protocolo,Resolvido_Bot,"9,9",5,"16646,93"
CVX-002187,2026-04-11 19:21:31,WhatsApp,Auto,Premium,Nordeste,Android,Coleta_Dados_Sinistro,Escalado_Humano,"25,4",,"7234,43"
CVX-002704,2026-04-11 19:28:27,WhatsApp,Vida,Varejo,Nordeste,Android,Confirmacao_Protocolo,Resolvido_Bot,"6,1",5,"25499,7"
CVX-005788,2026-04-11 19:40:10,WhatsApp,Auto,Varejo,Centro-Oeste,iOS,Validacao_Apolice,Escalado_Humano,"37,5",5,
CVX-006075,2026-04-11 20:12:15,App,Auto,Varejo,Sudeste,iOS,Confirmacao_Protocolo,Resolvido_Bot,"11,3",,"4940,02"
CVX-001539,2026-04-11 20:14:36,WhatsApp,Residencial,Varejo,Sudeste,Android,Validacao_Apolice,Escalado_Humano,"17,1",4,
CVX-000982,2026-04-11 20:18:42,WhatsApp,Auto,Varejo,Nordeste,iOS,Validacao_Apolice,Escalado_Humano,"28,1",4,
CVX-003566,2026-04-11 20:27:27,WhatsApp,Residencial,Premium,Sul,iOS,Inicio_Saudacao,Abandonado,,,
CVX-005928,2026-04-11 20:41:39,WhatsApp,Auto,Varejo,Centro-Oeste,Android,Analise_Automatica,Abandonado,,,"8979,43"
CVX-004564,2026-04-11 20:53:40,WhatsApp,Auto,Varejo,Sul,Android,Confirmacao_Protocolo,Resolvido_Bot,"9,1",5,"9838,62"
CVX-001342,2026-04-11 20:53:42,WhatsApp,Auto,Premium,Nordeste,Android,Confirmacao_Protocolo,Resolvido_Bot,"9,4",5,"8422,75"
CVX-003430,2026-04-12 8:03:04,WhatsApp,Auto,Varejo,Sudeste,Android,Confirmacao_Protocolo,RESOLVIDO_BOT,"7,1",4,"4424,93"
CVX-004055,2026-04-12 8:23:20,WhatsApp,Auto,Varejo,Centro-Oeste,iOS,Confirmacao_Protocolo,Resolvido_Bot,"10,8",5,"6270,96"
CVX-005856,2026-04-12 8:26:10,WhatsApp,Auto,Varejo,Sul,Android,Analise_Automatica,Escalado_Humano,"34,4",4,"8468,62"
CVX-002499,2026-04-12 8:28:59,WhatsApp,Residencial,Varejo,Centro-Oeste,iOS,Confirmacao_Protocolo,Resolvido_Bot,"8,2",4,"16821,56"
CVX-003477,2026-04-12 8:29:44,WhatsApp,Auto,Varejo,Sudeste,iOS,Confirmacao_Protocolo,Resolvido_Bot,"7,3",5,"7480,53"
CVX-004321,2026-04-12 8:36:20,WhatsApp,Auto,Varejo,Sul,Android,Inicio_Saudacao,Abandonado,,,
CVX-005447,2026-04-12 8:37:34,WhatsApp,Auto,Premium,Sul,iOS,Coleta_Dados_Sinistro,Escalado_Humano,"51,7",3,"9413,9"
CVX-001258,2026-04-12 8:38:10,WhatsApp,Auto,Corporativo,Sudeste,Android,Validacao_Apolice,Abandonado,,,
CVX-000520,2026-04-12 8:39:44,WhatsApp,Auto,Premium,Norte,Android,Validacao_Apolice,Escalado_Humano,"36,1",,
CVX-001770,2026-04-12 8:46:38,WhatsApp,Auto,Varejo,Sudeste,iOS,Confirmacao_Protocolo,Resolvido_Bot,"11,7",5,"13357,84"
CVX-002976,2026-04-12 8:49:28,WhatsApp,Residencial,Premium,Sudeste,Android,Confirmacao_Protocolo,Resolvido_Bot,"9,4",5,"24949,07"
CVX-003342,2026-04-12 8:52:15,WhatsApp,Auto,Premium,Nordeste,Android,Confirmacao_Protocolo,Resolvido_Bot,"13,7",5,"13959,04"
CVX-005867,2026-04-12 8:57:54,WhatsApp,Vida,Varejo,Nordeste,Android,Upload_Fotos_Documentos,Escalado_Humano,"32,7",4,"14133,09"
CVX-002431,2026-04-12 9:01:40,WhatsApp,Vida,Varejo,Nordeste,Android,Confirmacao_Protocolo,Resolvido_Bot,"9,8",3,"38245,52"
CVX-002619,2026-04-12 9:18:05,WhatsApp,Auto,Premium,Sudeste,Android,Analise_Automatica,Escalado_Humano,"22,1",,"9469,7"
CVX-001203,2026-04-12 9:19:36,WhatsApp,Vida,Premium,Sul,Android,Validacao_Apolice,Abandonado,,,
CVX-005927,2026-04-12 9:28:11,WhatsApp,Auto,Premium,Sudeste,Android,Upload_Fotos_Documentos,Abandonado,,,"12367,04"
CVX-005105,2026-04-12 10:08:43,WhatsApp,Auto,Varejo,Nordeste,Android,Upload_Fotos_Documentos,Escalado_Humano,46,4,"3185,19"
CVX-000632,2026-04-12 10:14:33,WhatsApp,Auto,Corporativo,Sudeste,Android,Upload_Fotos_Documentos,Escalado_Humano,"24,7",3,"4640,79"
CVX-006018,2026-04-12 10:21:14,WhatsApp,Auto,Premium,Sul,Android,Confirmacao_Protocolo,Resolvido_Bot,"6,2",4,"1935,18"
CVX-006581,2026-04-12 10:23:31,WhatsApp,Residencial,Premium,Sul,Android,Upload_Fotos_Documentos,Abandonado,,,"13004,6"
CVX-002697,2026-04-12 10:26:13,App,Auto,Varejo,Sudeste,Android,Confirmacao_Protocolo,Resolvido_Bot,12,4,"7933,42"
CVX-003637,2026-04-12 10:47:16,WhatsApp,Auto,Varejo,Sul,Android,Confirmacao_Protocolo,Resolvido_Bot,"11,5",4,"7678,49"
CVX-000397,2026-04-12 11:18:34,WhatsApp,Vida,Varejo,Sudeste,Android,Analise_Automatica,Abandonado,,,"62204,2"
CVX-006977,2026-04-12 11:40:32,WhatsApp,Residencial,Varejo,Sudeste,iOS,Confirmacao_Protocolo,Resolvido_Bot,"9,6",,"14949,29"
CVX-002467,2026-04-12 11:57:58,WhatsApp,Residencial,Varejo,Sudeste,Android,Confirmacao_Protocolo,Resolvido_Bot,"6,3",5,"20440,69"
CVX-005717,2026-04-12 12:32:59,WhatsApp,Auto,Varejo,Nordeste,Android,Upload_Fotos_Documentos,Abandonado,,,"6068,82"
CVX-004460,2026-04-12 13:04:26,WhatsApp,Residencial,Varejo,Nordeste,Android,Confirmacao_Protocolo,Resolvido_Bot,"13,8",,"5458,32"
CVX-003276,2026-04-12 13:06:03,WhatsApp,Vida,Premium,Norte,iOS,Validacao_Apolice,Escalado_Humano,"35,7",4,
CVX-000151,2026-04-12 13:07:48,WhatsApp,Auto,Corporativo,Sudeste,Android,Validacao_Apolice,Escalado_Humano,"19,3",,
CVX-002574,2026-04-12 13:12:51,WhatsApp,Auto,Premium,Sul,iOS,Confirmacao_Protocolo,Resolvido_Bot,"5,3",,"10558,86"
CVX-006769,2026-04-12 13:27:31,WhatsApp,Auto,Varejo,Sudeste,Android,Validacao_Apolice,Escalado_Humano,"39,9",3,
CVX-001305,2026-04-12 13:28:18,WhatsApp,Auto,Varejo,Sudeste,Android,Validacao_Apolice,Escalado_Humano,"46,3",3,
CVX-003577,2026-04-12 13:31:51,WhatsApp,Auto,Premium,Sudeste,Android,Coleta_Dados_Sinistro,Abandonado,,,"15579,66"
CVX-001541,2026-04-12 13:43:48,WhatsApp,Residencial,Varejo,Sudeste,Android,Confirmacao_Protocolo,Resolvido_Bot,"10,6",3,"13631,3"
CVX-000262,2026-04-12 13:51:25,WhatsApp,Auto,Corporativo,Sudeste,Android,Analise_Automatica,Abandonado,,,"11774,88"
CVX-004314,2026-04-12 14:00:00,WhatsApp,Residencial,Varejo,Sudeste,iOS,Validacao_Apolice,Abandonado,,,
CVX-002178,2026-04-12 14:00:54,WhatsApp,Residencial,Premium,Sudeste,iOS,Upload_Fotos_Documentos,ESCALADO HUMANO,"52,6",3,"22088,1"
CVX-003910,2026-04-12 14:10:17,WhatsApp,Auto,Premium,Centro-Oeste,Android,Validacao_Apolice,Escalado_Humano,"38,9",4,
CVX-001945,2026-04-12 14:22:55,WhatsApp,Auto,Varejo,Nordeste,iOS,Validacao_Apolice,Escalado_Humano,"57,9",4,
CVX-005983,2026-04-12 14:23:03,WhatsApp,Vida,Varejo,Sudeste,Android,Confirmacao_Protocolo,Resolvido_Bot,"10,3",5,"44207,71"
CVX-003450,2026-04-12 14:35:16,WhatsApp,Auto,Varejo,Sul,Android,Analise_Automatica,Abandonado,,,300
CVX-005099,2026-04-12 14:39:40,WhatsApp,Residencial,Varejo,Sudeste,Android,Validacao_Apolice,Abandonado,,,
CVX-002992,2026-04-12 14:50:51,WhatsApp,Residencial,Varejo,Sudeste,iOS,Analise_Automatica,Escalado_Humano,47,2,"9240,84"
CVX-000019,2026-04-12 15:27:02,WhatsApp,Auto,Premium,Sul,iOS,Confirmacao_Protocolo,Resolvido_Bot,"8,8",5,"8654,19"
CVX-001492,2026-04-12 15:34:34,WhatsApp,Auto,Premium,Sudeste,Android,Confirmacao_Protocolo,Resolvido_Bot,"11,9",,"7843,53"
CVX-005369,2026-04-12 15:50:01,WhatsApp,Residencial,Premium,Nordeste,iOS,Confirmacao_Protocolo,Resolvido_Bot,"6,2",5,"19341,16"
CVX-004242,2026-04-12 15:55:10,WhatsApp,Residencial,Varejo,Sul,Android,Confirmacao_Protocolo,Resolvido_Bot,"8,3",4,"9631,95"
CVX-004479,2026-04-12 16:33:44,App,Auto,Varejo,Sudeste,Android,Confirmacao_Protocolo,Resolvido_Bot,"2,6",4,"8361,66"
CVX-001163,2026-04-12 16:53:00,WhatsApp,Auto,Premium,Centro-Oeste,Android,Upload_Fotos_Documentos,Abandonado,,,"5995,32"
CVX-004836,2026-04-12 17:34:43,WhatsApp,Auto,Premium,Sudeste,Android,Coleta_Dados_Sinistro,Escalado_Humano,"37,1",,"9674,3"
CVX-005701,2026-04-12 17:46:06,WhatsApp,Auto,Premium,Sudeste,Android,Confirmacao_Protocolo,Resolvido_Bot,"6,3",,"13297,12"
CVX-002639,2026-04-12 17:58:49,WhatsApp,Residencial,Varejo,Sul,Android,Validacao_Apolice,Escalado_Humano,"23,2",4,
CVX-005250,2026-04-12 18:12:04,WhatsApp,Auto,Corporativo,Sudeste,Android,Confirmacao_Protocolo,Resolvido_Bot,"8,7",,"5948,96"
CVX-002333,2026-04-12 18:14:42,WhatsApp,Residencial,Varejo,Sudeste,Android,Analise_Automatica,abandonado,,,"15822,17"
CVX-000014,2026-04-12 18:33:01,WhatsApp,Auto,Premium,Sudeste,Android,Upload_Fotos_Documentos,Abandonado,,,"7936,51"
CVX-004040,2026-04-12 18:36:37,WhatsApp,Auto,Varejo,Sul,Android,Validacao_Apolice,Escalado_Humano,"54,6",2,
CVX-001186,2026-04-12 18:40:31,WhatsApp,Auto,Varejo,Sul,Android,Validacao_Apolice,Escalado_Humano,"46,2",4,
CVX-001682,2026-04-12 19:23:27,WhatsApp,Residencial,Varejo,Sudeste,Android,Coleta_Dados_Sinistro,Escalado_Humano,"31,3",3,"10833,09"
CVX-001167,2026-04-12 19:42:07,WhatsApp,Auto,Premium,Nordeste,Android,Confirmacao_Protocolo,Resolvido_Bot,"10,4",3,"8118,69"
CVX-004112,2026-04-12 20:04:01,WhatsApp,Auto,Varejo,Sul,iOS,Confirmacao_Protocolo,Resolvido_Bot,"7,5",4,"10134,25"
CVX-005791,2026-04-12 20:08:20,WhatsApp,Auto,Varejo,Centro-Oeste,Android,Analise_Automatica,Abandonado,,,"7363,84"
CVX-002834,2026-04-12 20:15:39,WhatsApp,Auto,Corporativo,Sudeste,Android,Upload_Fotos_Documentos,Abandonado,,,"14716,19"
CVX-003145,2026-04-12 20:19:41,WhatsApp,Residencial,Premium,Norte,iOS,Validacao_Apolice,Escalado_Humano,"33,4",,
CVX-001144,2026-04-12 20:20:56,WhatsApp,Auto,Varejo,Sudeste,iOS,Upload_Fotos_Documentos,Escalado_Humano,35,3,"6022,25"
CVX-004577,2026-04-12 20:29:01,WhatsApp,Residencial,Varejo,Centro-Oeste,Android,Confirmacao_Protocolo,RESOLVIDO_BOT,"7,2",4,"13815,94"
CVX-003725,2026-04-12 20:34:35,WhatsApp,Residencial,Varejo,Sudeste,Android,Confirmacao_Protocolo,Resolvido_Bot,"7,5",5,"22740,53"
CVX-006684,2026-04-12 20:41:02,WhatsApp,Vida,Corporativo,Sudeste,Android,Confirmacao_Protocolo,Resolvido_Bot,"11,7",,"38984,05"
CVX-001212,2026-04-12 20:48:47,WhatsApp,Auto,Varejo,Nordeste,Android,Coleta_Dados_Sinistro,Escalado_Humano,"14,8",4,"10164,18"
CVX-005273,2026-04-12 20:59:39,WhatsApp,Auto,Varejo,Nordeste,iOS,Coleta_Dados_Sinistro,Escalado_Humano,"31,8",2,"13714,86"
CVX-002791,2026-04-13 8:02:45,WhatsApp,Residencial,Varejo,Sudeste,Android,Upload_Fotos_Documentos,Abandonado,,,"11303,93"
CVX-005173,2026-04-13 8:09:56,WhatsApp,Auto,Premium,Sudeste,iOS,Confirmacao_Protocolo,Resolvido_Bot,"11,2",4,"8376,66"
CVX-004437,2026-04-13 8:12:22,WhatsApp,Auto,Varejo,Sul,Android,Validacao_Apolice,Escalado_Humano,"27,5",,
CVX-006104,2026-04-13 8:18:09,WhatsApp,Auto,Varejo,Sudeste,iOS,Upload_Fotos_Documentos,Abandonado,,,"6425,69"
CVX-001123,2026-04-13 8:57:21,WhatsApp,Auto,Varejo,Sudeste,Android,Confirmacao_Protocolo,Resolvido_Bot,"11,1",4,"9580,38"
CVX-001143,2026-04-13 9:41:58,WhatsApp,Residencial,Varejo,Nordeste,Android,Confirmacao_Protocolo,Resolvido_Bot,10,5,"15232,14"
CVX-002504,2026-04-13 9:47:56,WhatsApp,Auto,Varejo,Sul,Android,Analise_Automatica,Abandonado,,,"10141,27"
CVX-005110,2026-04-13 9:53:57,WhatsApp,Auto,Varejo,Norte,iOS,Upload_Fotos_Documentos,Abandonado,,,"8653,87"
CVX-005380,2026-04-13 9:58:44,WhatsApp,Auto,Varejo,Sudeste,Android,Confirmacao_Protocolo,Resolvido_Bot,7,5,"7192,59"
CVX-002753,2026-04-13 10:52:46,WhatsApp,Auto,Varejo,Sudeste,Android,Upload_Fotos_Documentos,escalado_humano,"35,6",4,"9388,55"
CVX-006251,2026-04-13 11:00:30,WhatsApp,Vida,Varejo,Nordeste,Android,Confirmacao_Protocolo,Resolvido_Bot,"7,3",3,"36796,89"
CVX-002516,2026-04-13 11:14:36,WhatsApp,Auto,Varejo,Sudeste,Android,Validacao_Apolice,Abandonado,,,
CVX-003402,2026-04-13 11:35:31,WhatsApp,Auto,Varejo,Sudeste,Android,Confirmacao_Protocolo,Resolvido_Bot,"12,6",5,"3953,74"
CVX-000540,2026-04-13 12:39:04,WhatsApp,Auto,Varejo,Nordeste,Android,Confirmacao_Protocolo,Resolvido_Bot,"12,5",4,"3884,54"
CVX-005146,2026-04-13 13:25:49,WhatsApp,Vida,Corporativo,Sudeste,Android,Confirmacao_Protocolo,Resolvido_Bot,"5,1",4,"18530,29"
CVX-005618,2026-04-13 13:43:47,App,Auto,Varejo,Sul,Android,Coleta_Dados_Sinistro,Abandonado,,,"7105,83"
CVX-004194,2026-04-13 14:00:04,WhatsApp,Vida,Varejo,Sul,Android,Inicio_Saudacao,Abandonado,,,
CVX-004093,2026-04-13 14:08:56,WhatsApp,Auto,Premium,Sudeste,Android,Upload_Fotos_Documentos,Escalado_Humano,"70,8",,"3571,25"
CVX-003569,2026-04-13 14:13:13,WhatsApp,Auto,Premium,Sudeste,Android,Confirmacao_Protocolo,Resolvido_Bot,"6,1",5,"4949,28"
CVX-000194,2026-04-13 14:13:31,WhatsApp,Residencial,Varejo,Sudeste,Android,Confirmacao_Protocolo,Resolvido_Bot,12,5,"17380,45"
CVX-005808,2026-04-13 14:31:05,WhatsApp,Residencial,Premium,Nordeste,Android,Validacao_Apolice,Abandonado,,,
CVX-005048,2026-04-13 14:38:34,WhatsApp,Auto,Varejo,Sudeste,Android,Validacao_Apolice,Escalado_Humano,"15,9",5,
CVX-001352,2026-04-13 14:52:18,WhatsApp,Auto,Varejo,Sul,Android,Confirmacao_Protocolo,Resolvido_Bot,"7,3",,"3302,56"
CVX-005940,2026-04-13 14:55:53,WhatsApp,Residencial,Corporativo,Sudeste,Android,Upload_Fotos_Documentos,Escalado_Humano,"41,3",3,"16766,24"
CVX-002348,2026-04-13 15:00:55,WhatsApp,Residencial,Corporativo,Sul,Android,Validacao_Apolice,Escalado_Humano,"30,4",,
CVX-003928,2026-04-13 15:14:45,WhatsApp,Residencial,Corporativo,Sudeste,Android,Upload_Fotos_Documentos,Abandonado,,,"13887,47"
CVX-000291,2026-04-13 15:19:11,App,Vida,Premium,Sul,Android,Confirmacao_Protocolo,Resolvido_Bot,11,5,"29155,54"
CVX-001392,2026-04-13 15:35:37,WhatsApp,Residencial,Varejo,Centro-Oeste,iOS,Inicio_Saudacao,Abandonado,,,
CVX-005437,2026-04-13 15:52:55,App,Auto,Varejo,Sudeste,Android,Confirmacao_Protocolo,Resolvido_Bot,"5,9",4,"3999,18"
CVX-000508,2026-04-13 15:56:28,WhatsApp,Auto,Premium,Nordeste,Android,Inicio_Saudacao,Abandonado,,,
CVX-001870,2026-04-13 16:05:49,WhatsApp,Residencial,Varejo,Sudeste,iOS,Confirmacao_Protocolo,Resolvido_Bot,6,4,"29829,65"
CVX-001395,2026-04-13 16:43:14,WhatsApp,Vida,Premium,Sul,iOS,Upload_Fotos_Documentos,Abandonado,,,"73228,73"
CVX-001615,2026-04-13 16:59:10,WhatsApp,Auto,Varejo,Sudeste,Android,Confirmacao_Protocolo,Resolvido_Bot,"9,2",3,"9609,5"
CVX-001574,2026-04-13 17:00:38,WhatsApp,Vida,Varejo,Norte,Android,Coleta_Dados_Sinistro,Escalado_Humano,"29,8",5,"46390,71"
CVX-000825,2026-04-13 17:27:08,WhatsApp,Auto,Premium,Sudeste,Android,Validacao_Apolice,Abandonado,,,
CVX-001720,2026-04-13 17:38:07,WhatsApp,Auto,Corporativo,Nordeste,Android,Upload_Fotos_Documentos,Abandonado,,,"14048,9"
CVX-002582,2026-04-13 17:39:25,WhatsApp,Residencial,Varejo,Nordeste,iOS,Analise_Automatica,ABANDONADO ,,,"7697,21"
CVX-000241,2026-04-13 17:55:35,App,Auto,Varejo,Sudeste,Android,Confirmacao_Protocolo,Resolvido_Bot,"10,8",,"13357,11"
CVX-001411,2026-04-13 18:00:38,App,Auto,Premium,Sul,Android,Validacao_Apolice,Escalado_Humano,"22,1",4,
CVX-003782,2026-04-13 18:11:11,WhatsApp,Auto,Varejo,Sudeste,Android,Confirmacao_Protocolo,Resolvido_Bot,"5,6",4,"9409,41"
CVX-005339,2026-04-13 18:28:59,App,Auto,Premium,Nordeste,Android,Confirmacao_Protocolo,Resolvido_Bot,"11,9",5,"8201,71"
CVX-000045,2026-04-13 18:29:32,WhatsApp,Residencial,Varejo,Sudeste,Android,Validacao_Apolice,Escalado_Humano,"49,1",3,
CVX-003529,2026-04-13 18:53:39,WhatsApp,Residencial,Varejo,Sudeste,Android,Validacao_Apolice,Escalado_Humano,"43,3",3,
CVX-002361,2026-04-13 18:55:57,WhatsApp,Auto,Corporativo,Sudeste,iOS,Confirmacao_Protocolo,Resolvido_Bot,"7,3",5,"9852,52"
CVX-005670,2026-04-13 19:02:39,App,Residencial,Premium,Sudeste,Android,Validacao_Apolice,Escalado_Humano,"34,6",2,
CVX-000167,2026-04-13 19:27:05,WhatsApp,Auto,Varejo,Sudeste,iOS,Upload_Fotos_Documentos,Abandonado,,,"10420,9"
CVX-001595,2026-04-13 19:32:56,WhatsApp,Auto,Premium,Sudeste,iOS,Confirmacao_Protocolo,Resolvido_Bot,"3,3",4,"7460,23"
CVX-004433,2026-04-13 19:36:31,WhatsApp,Residencial,Premium,Centro-Oeste,Android,Confirmacao_Protocolo,Resolvido_Bot,"9,7",5,"22819,47"
CVX-004350,2026-04-13 19:44:02,WhatsApp,Auto,Varejo,Centro-Oeste,Android,Upload_Fotos_Documentos,Abandonado,,,"857,1"
CVX-006767,2026-04-13 19:45:25,WhatsApp,Auto,Varejo,Nordeste,iOS,Confirmacao_Protocolo,Resolvido_Bot,"6,4",5,"4591,08"
CVX-003001,2026-04-13 19:57:00,WhatsApp,Vida,Varejo,Sul,Android,Confirmacao_Protocolo,Resolvido_Bot,"6,8",,"47682,19"
CVX-002529,2026-04-13 20:03:34,WhatsApp,Residencial,Varejo,Centro-Oeste,Android,Coleta_Dados_Sinistro,Escalado_Humano,"25,6",4,"12710,72"
CVX-001815,2026-04-13 20:23:37,WhatsApp,Auto,Varejo,Nordeste,iOS,Analise_Automatica,Escalado_Humano,"31,1",3,"7117,83"
CVX-003716,2026-04-13 20:26:15,WhatsApp,Residencial,Varejo,Sudeste,Android,Confirmacao_Protocolo,Resolvido_Bot,"7,3",4,"17602,94"
CVX-005901,2026-04-13 20:36:46,App,Auto,Varejo,Sudeste,Android,Coleta_Dados_Sinistro,Abandonado,,,"10940,31"
CVX-000408,2026-04-13 20:46:07,WhatsApp,Residencial,Varejo,Centro-Oeste,Android,Confirmacao_Protocolo,Resolvido_Bot,"3,9",,"14941,51"
CVX-000042,2026-04-13 20:49:38,WhatsApp,Auto,Varejo,Sul,iOS,Upload_Fotos_Documentos,Escalado_Humano,"42,4",4,"9408,98"
CVX-003624,2026-04-13 20:53:55,WhatsApp,Auto,Varejo,Sudeste,iOS,Confirmacao_Protocolo,Resolvido_Bot,"5,3",5,"9734,35"
CVX-006025,2026-04-14 8:16:54,WhatsApp,Vida,Varejo,Sudeste,Android,Validacao_Apolice,Abandonado,,,
CVX-000512,2026-04-14 8:38:06,WhatsApp,Vida,Varejo,Sudeste,iOS,Analise_Automatica,Escalado_Humano,"27,1",4,"40904,14"
CVX-000563,2026-04-14 8:39:01,WhatsApp,Vida,Varejo,Nordeste,Android,Validacao_Apolice,Abandonado,,,
CVX-001786,2026-04-14 9:20:26,WhatsApp,Vida,Varejo,Sudeste,iOS,Validacao_Apolice,Escalado_Humano,"28,7",,
CVX-005822,2026-04-14 9:23:59,WhatsApp,Auto,Premium,Sudeste,Android,Validacao_Apolice,Escalado_Humano,"35,5",4,
CVX-006553,2026-04-14 10:00:32,WhatsApp,Auto,Premium,Nordeste,Android,Confirmacao_Protocolo,Resolvido_Bot,"8,5",5,"7629,51"
CVX-005708,2026-04-14 10:03:28,WhatsApp,Residencial,Varejo,Sul,Android,Confirmacao_Protocolo,Resolvido_Bot,"14,6",4,"12643,22"
CVX-000942,2026-04-14 10:18:19,WhatsApp,Auto,Varejo,Nordeste,Android,Confirmacao_Protocolo,Resolvido_Bot,"11,4",5,"7171,73"
CVX-006670,2026-04-14 10:27:12,WhatsApp,Auto,Varejo,Sudeste,iOS,Confirmacao_Protocolo,RESOLVIDO_BOT,"11,5",,"4977,34"
CVX-001413,2026-04-14 10:31:56,App,Vida,Premium,Nordeste,Android,Analise_Automatica,Abandonado,,,"9539,3"
CVX-003820,2026-04-14 11:03:00,WhatsApp,Vida,Varejo,Sudeste,iOS,Confirmacao_Protocolo,Resolvido_Bot,"12,3",,"35743,29"
CVX-006443,2026-04-14 11:21:03,WhatsApp,Auto,Varejo,Sudeste,iOS,Analise_Automatica,Escalado_Humano,"59,7",,"7201,67"
CVX-002661,2026-04-14 11:53:12,WhatsApp,Auto,Varejo,Sudeste,Android,Confirmacao_Protocolo,Resolvido_Bot,"13,2",4,"12588,36"
CVX-006191,2026-04-14 11:56:41,WhatsApp,Auto,Varejo,Sudeste,Android,Analise_Automatica,Abandonado,,,"7374,2"
CVX-006312,2026-04-14 12:25:17,App,Residencial,Varejo,Sul,iOS,Upload_Fotos_Documentos,Abandonado,,,"15034,02"
CVX-000295,2026-04-14 12:32:55,WhatsApp,Residencial,Corporativo,Nordeste,Android,Validacao_Apolice,Abandonado,,,
CVX-004255,2026-04-14 12:36:45,App,Residencial,Premium,Nordeste,Android,Confirmacao_Protocolo,Resolvido_Bot,"14,6",4,"13766,21"
CVX-001084,2026-04-14 12:59:10,WhatsApp,Vida,Varejo,Nordeste,iOS,Confirmacao_Protocolo,Resolvido_Bot,"10,7",5,"57139,91"
CVX-002054,2026-04-14 13:01:52,WhatsApp,Auto,Varejo,Sudeste,Android,Upload_Fotos_Documentos,Abandonado,,,"7133,67"
CVX-004329,2026-04-14 13:04:28,WhatsApp,Residencial,Varejo,Sudeste,Android,Confirmacao_Protocolo,Resolvido_Bot,"11,3",5,"18579,9"
CVX-005889,2026-04-14 13:12:11,WhatsApp,Auto,Varejo,Sudeste,iOS,Coleta_Dados_Sinistro,Abandonado,,,"8752,66"
CVX-002742,2026-04-14 13:29:06,WhatsApp,Auto,Varejo,Sul,iOS,Confirmacao_Protocolo,Resolvido_Bot,"9,3",3,"7222,83"
CVX-004335,2026-04-14 13:36:05,App,Auto,Premium,Centro-Oeste,Android,Validacao_Apolice,ESCALADO HUMANO,10,,
CVX-006239,2026-04-14 13:45:15,WhatsApp,Auto,Varejo,Nordeste,iOS,Confirmacao_Protocolo,Resolvido_Bot,"5,5",4,"12214,24"
CVX-000922,2026-04-14 14:16:02,WhatsApp,Auto,Premium,Sudeste,Android,Validacao_Apolice,Escalado_Humano,"45,6",3,
CVX-006266,2026-04-14 14:17:12,App,Residencial,Varejo,Nordeste,Android,Coleta_Dados_Sinistro,Escalado_Humano,"40,3",,"16671,38"
CVX-006327,2026-04-14 14:37:19,WhatsApp,Residencial,Varejo,Sul,Android,Inicio_Saudacao,Abandonado,,,
CVX-005532,2026-04-14 14:54:11,WhatsApp,Residencial,Premium,Norte,iOS,Confirmacao_Protocolo,Resolvido_Bot,"11,9",4,"8409,65"
CVX-000750,2026-04-14 15:07:43,WhatsApp,Auto,Corporativo,Nordeste,iOS,Validacao_Apolice,Escalado_Humano,"26,2",4,
CVX-002274,2026-04-14 15:11:58,WhatsApp,Residencial,Varejo,Sul,Android,Analise_Automatica,Abandonado,,,"17145,52"
CVX-005022,2026-04-14 15:41:08,WhatsApp,Vida,Premium,Sul,Android,Upload_Fotos_Documentos,Abandonado,,,"29508,99"
CVX-000543,2026-04-14 15:41:33,WhatsApp,Residencial,Premium,Nordeste,Android,Confirmacao_Protocolo,Resolvido_Bot,9,5,"20321,94"
CVX-002769,2026-04-14 15:44:08,WhatsApp,Auto,Corporativo,Sudeste,Android,Validacao_Apolice,Escalado_Humano,24,,
CVX-006546,2026-04-14 15:50:53,App,Auto,Varejo,Nordeste,Android,Confirmacao_Protocolo,Resolvido_Bot,"4,7",,"13060,44"
CVX-001018,2026-04-14 16:04:47,WhatsApp,Vida,Corporativo,Norte,iOS,Upload_Fotos_Documentos,Abandonado,,,"52347,01"
CVX-005898,2026-04-14 16:12:45,WhatsApp,Residencial,Varejo,Sul,Android,Confirmacao_Protocolo,Resolvido_Bot,"6,1",5,"18391,3"
CVX-005140,2026-04-14 16:13:12,WhatsApp,Residencial,Varejo,Centro-Oeste,Android,Upload_Fotos_Documentos,Abandonado,,,"15927,8"
CVX-006103,2026-04-14 16:14:36,WhatsApp,Residencial,Premium,Sudeste,Android,Confirmacao_Protocolo,Resolvido_Bot,"12,4",4,"19213,21"
CVX-006790,2026-04-14 16:24:24,WhatsApp,Auto,Corporativo,Centro-Oeste,Android,Confirmacao_Protocolo,Resolvido_Bot,"15,2",,"13610,88"
CVX-006210,2026-04-14 16:28:21,WhatsApp,Residencial,Varejo,Centro-Oeste,Android,Confirmacao_Protocolo,Resolvido_Bot,"12,8",,"16981,77"
CVX-006716,2026-04-14 16:34:16,WhatsApp,Auto,Premium,Sudeste,Android,Confirmacao_Protocolo,Resolvido_Bot,"8,2",,"9194,15"
CVX-001999,2026-04-14 16:38:15,WhatsApp,Auto,Premium,Nordeste,iOS,Upload_Fotos_Documentos,abandonado,,,"13542,22"
CVX-001104,2026-04-14 16:43:35,App,Residencial,Premium,Sul,Android,Confirmacao_Protocolo,Resolvido_Bot,5,,"14022,47"
CVX-006718,2026-04-14 16:45:49,WhatsApp,Residencial,Premium,Sudeste,Android,Confirmacao_Protocolo,Resolvido_Bot,"14,1",4,"15509,77"
CVX-006285,2026-04-14 16:53:42,WhatsApp,Residencial,Varejo,Sul,iOS,Confirmacao_Protocolo,Resolvido_Bot,"4,9",4,"18959,08"
CVX-000434,2026-04-14 16:58:53,WhatsApp,Vida,Premium,Nordeste,Android,Upload_Fotos_Documentos,Escalado_Humano,"34,8",3,"19614,74"
CVX-006996,2026-04-14 17:02:53,WhatsApp,Residencial,Varejo,Sudeste,Android,Coleta_Dados_Sinistro,Escalado_Humano,"48,7",3,"17501,02"
CVX-004886,2026-04-14 17:10:18,WhatsApp,Auto,Premium,Sul,iOS,Confirmacao_Protocolo,Resolvido_Bot,"8,2",4,"12787,13"
CVX-004038,2026-04-14 17:14:39,App,Auto,Corporativo,Sudeste,Android,Confirmacao_Protocolo,Resolvido_Bot,"2,6",,"10319,72"
CVX-002795,2026-04-14 17:21:56,WhatsApp,Auto,Varejo,Centro-Oeste,Android,Confirmacao_Protocolo,Resolvido_Bot,"9,3",5,"10712,58"
CVX-003483,2026-04-14 17:27:43,WhatsApp,Vida,Premium,Centro-Oeste,Android,Upload_Fotos_Documentos,ABANDONADO ,,,"45454,83"
CVX-002183,2026-04-14 17:36:48,WhatsApp,Residencial,Premium,Sul,iOS,Confirmacao_Protocolo,RESOLVIDO_BOT,"12,8",4,"6908,01"
CVX-004651,2026-04-14 17:42:26,WhatsApp,Residencial,Corporativo,Sudeste,iOS,Confirmacao_Protocolo,Resolvido_Bot,"7,8",5,"12410,71"
CVX-001658,2026-04-14 18:27:23,WhatsApp,Residencial,Corporativo,Sudeste,Android,Validacao_Apolice,ESCALADO HUMANO,"50,6",4,
CVX-003137,2026-04-14 18:45:45,WhatsApp,Auto,Varejo,Sudeste,Android,Confirmacao_Protocolo,Resolvido_Bot,"10,5",3,"6794,05"
CVX-002650,2026-04-14 19:16:12,WhatsApp,Vida,Premium,Nordeste,Android,Confirmacao_Protocolo,Resolvido_Bot,"8,5",4,"39456,77"
CVX-000572,2026-04-14 19:52:33,WhatsApp,Vida,Varejo,Nordeste,Android,Confirmacao_Protocolo,Resolvido_Bot,"2,2",5,"30036,91"
CVX-004385,2026-04-14 20:11:29,WhatsApp,Auto,Varejo,Sul,iOS,Upload_Fotos_Documentos,Escalado_Humano,"48,8",2,"11439,1"
CVX-004799,2026-04-14 20:25:24,WhatsApp,Auto,Corporativo,Sudeste,Android,Coleta_Dados_Sinistro,Escalado_Humano,"34,2",,"5021,94"
CVX-005535,2026-04-14 20:29:17,WhatsApp,Auto,Varejo,Sul,Android,Coleta_Dados_Sinistro,Escalado_Humano,"28,5",4,"772,4"
CVX-004451,2026-04-14 20:44:10,WhatsApp,Auto,Premium,Sudeste,Android,Coleta_Dados_Sinistro,Escalado_Humano,"25,3",5,"2503,88"
CVX-002140,2026-04-14 20:44:44,WhatsApp,Residencial,Varejo,Sudeste,iOS,Validacao_Apolice,Abandonado,,,
CVX-003326,2026-04-14 20:53:51,WhatsApp,Auto,Varejo,Nordeste,Android,Analise_Automatica,Escalado_Humano,"37,2",4,"10495,4"
CVX-002001,2026-04-14 20:57:16,WhatsApp,Vida,Premium,Sul,Android,Validacao_Apolice,Escalado_Humano,"34,3",,
CVX-001497,2026-04-15 8:03:58,WhatsApp,Auto,Premium,Sudeste,iOS,Confirmacao_Protocolo,Resolvido_Bot,"6,4",4,"6164,51"
CVX-003715,2026-04-15 8:09:26,WhatsApp,Residencial,Premium,Sudeste,Android,Analise_Automatica,Escalado_Humano,"30,9",4,"8372,71"
CVX-005699,2026-04-15 8:10:35,WhatsApp,Residencial,Varejo,Nordeste,iOS,Confirmacao_Protocolo,Resolvido_Bot,"6,8",5,"25373,68"
CVX-006008,2026-04-15 8:28:35,WhatsApp,Auto,Varejo,Sudeste,Android,Confirmacao_Protocolo,Resolvido_Bot,"11,2",,"6669,38"
CVX-006439,2026-04-15 8:34:58,WhatsApp,Residencial,Varejo,Nordeste,Android,Upload_Fotos_Documentos,Abandonado,,,"12662,53"
CVX-004575,2026-04-15 8:54:34,WhatsApp,Residencial,Premium,Sudeste,Android,Confirmacao_Protocolo,Resolvido_Bot,"10,4",4,"13897,35"
CVX-001666,2026-04-15 9:10:17,WhatsApp,Auto,Corporativo,Sudeste,Android,Confirmacao_Protocolo,Resolvido_Bot,"16,9",5,"9048,1"
CVX-004583,2026-04-15 9:22:01,WhatsApp,Residencial,Varejo,Sul,Android,Validacao_Apolice,Escalado_Humano,"19,5",4,
CVX-004524,2026-04-15 9:28:10,WhatsApp,Vida,Varejo,Sudeste,iOS,Upload_Fotos_Documentos,Escalado_Humano,"51,6",2,"35114,97"
CVX-000776,2026-04-15 9:40:15,WhatsApp,Auto,Premium,Sul,Android,Validacao_Apolice,Abandonado,,,
CVX-000116,2026-04-15 9:49:28,WhatsApp,Residencial,Varejo,Sudeste,iOS,Validacao_Apolice,Escalado_Humano,"47,9",,
CVX-000657,2026-04-15 9:50:08,App,Residencial,Varejo,Sudeste,Android,Coleta_Dados_Sinistro,Escalado_Humano,"30,3",4,"6812,77"
CVX-004003,2026-04-15 9:51:52,WhatsApp,Residencial,Premium,Sudeste,Android,Confirmacao_Protocolo,Resolvido_Bot,"5,4",,"10207,27"
CVX-000280,2026-04-15 10:01:51,WhatsApp,Auto,Varejo,Nordeste,iOS,Confirmacao_Protocolo,Resolvido_Bot,"8,9",5,"2328,94"
CVX-004992,2026-04-15 10:05:24,WhatsApp,Auto,Varejo,Sudeste,Android,Confirmacao_Protocolo,Resolvido_Bot,"13,9",4,"9701,81"
CVX-002682,2026-04-15 10:07:41,App,Residencial,Premium,Sudeste,Android,Upload_Fotos_Documentos,Abandonado,,,"10620,23"
CVX-003743,2026-04-15 10:09:27,WhatsApp,Auto,Varejo,Sudeste,Android,Confirmacao_Protocolo,Resolvido_Bot,8,5,"4855,34"
CVX-006053,2026-04-15 10:12:30,WhatsApp,Auto,Corporativo,Sul,iOS,Confirmacao_Protocolo,Resolvido_Bot,"9,2",,300
CVX-004499,2026-04-15 10:12:55,WhatsApp,Auto,Varejo,Norte,iOS,Confirmacao_Protocolo,Resolvido_bot ,"9,7",5,"14362,55"
CVX-000325,2026-04-15 10:14:50,WhatsApp,Auto,Corporativo,Sul,Android,Confirmacao_Protocolo,Resolvido_Bot,"5,9",5,"7247,66"
CVX-000073,2026-04-15 10:20:08,WhatsApp,Residencial,Corporativo,Sul,iOS,Analise_Automatica,Abandonado,,,"29014,32"
CVX-002381,2026-04-15 10:27:41,WhatsApp,Auto,Varejo,Sul,iOS,Confirmacao_Protocolo,Resolvido_Bot,"9,1",3,"3991,54"
CVX-004319,2026-04-15 10:43:15,WhatsApp,Auto,Premium,Nordeste,iOS,Confirmacao_Protocolo,Resolvido_Bot,"7,4",4,"8621,74"
CVX-002092,2026-04-15 10:43:15,App,Vida,Varejo,Nordeste,iOS,Validacao_Apolice,Abandonado,,,
CVX-000780,2026-04-15 10:54:54,WhatsApp,Auto,Premium,Nordeste,iOS,Confirmacao_Protocolo,Resolvido_Bot,"15,7",4,"6873,6"
CVX-000441,2026-04-15 11:16:41,WhatsApp,Auto,Premium,Sudeste,iOS,Confirmacao_Protocolo,Resolvido_Bot,"9,1",,12374
CVX-006466,2026-04-15 12:21:04,WhatsApp,Residencial,Premium,Sudeste,iOS,Upload_Fotos_Documentos,Escalado_Humano,"51,1",1,"20040,18"
CVX-001075,2026-04-15 12:22:17,WhatsApp,Residencial,Varejo,Sudeste,Android,Analise_Automatica,Abandonado,,,"19224,9"
CVX-006308,2026-04-15 12:25:18,WhatsApp,Auto,Premium,Sudeste,iOS,Confirmacao_Protocolo,Resolvido_Bot,4,5,"5611,27"
CVX-003420,2026-04-15 12:33:08,App,Auto,Varejo,Sudeste,iOS,Confirmacao_Protocolo,Resolvido_Bot,"9,2",4,"10865,92"
CVX-001336,2026-04-15 12:46:55,App,Residencial,Premium,Centro-Oeste,iOS,Upload_Fotos_Documentos,Abandonado,,,"12149,67"
CVX-000655,2026-04-15 13:00:13,WhatsApp,Auto,Premium,Nordeste,Android,Confirmacao_Protocolo,Resolvido_Bot,"10,7",5,"6427,01"
CVX-001959,2026-04-15 13:05:38,WhatsApp,Residencial,Varejo,Sudeste,iOS,Confirmacao_Protocolo,Resolvido_Bot,"7,5",,"19573,23"
CVX-004694,2026-04-15 13:11:42,WhatsApp,Auto,Premium,Nordeste,Android,Validacao_Apolice,Escalado_Humano,"28,6",4,
CVX-003373,2026-04-15 13:16:08,App,Auto,Varejo,Sul,iOS,Confirmacao_Protocolo,Resolvido_Bot,"7,4",4,300
CVX-001667,2026-04-15 13:21:18,WhatsApp,Residencial,Corporativo,Sudeste,Android,Confirmacao_Protocolo,RESOLVIDO_BOT,"11,6",,"19538,98"
CVX-006557,2026-04-15 13:34:48,WhatsApp,Auto,Varejo,Sul,Android,Coleta_Dados_Sinistro,Escalado_Humano,"53,2",3,"4291,13"
CVX-002074,2026-04-15 13:34:57,WhatsApp,Residencial,Varejo,Sul,iOS,Confirmacao_Protocolo,Resolvido_Bot,"7,2",5,300
CVX-000948,2026-04-15 13:59:28,WhatsApp,Auto,Varejo,Sudeste,iOS,Confirmacao_Protocolo,Resolvido_Bot,"7,3",4,"9455,48"
CVX-001889,2026-04-15 14:35:32,WhatsApp,Auto,Varejo,Sul,Android,Coleta_Dados_Sinistro,Abandonado,,,"13584,59"
CVX-006080,2026-04-15 14:58:17,WhatsApp,Auto,Varejo,Sudeste,Android,Confirmacao_Protocolo,Resolvido_Bot,"9,4",4,"5493,3"
CVX-001578,2026-04-15 15:01:40,App,Residencial,Varejo,Centro-Oeste,Android,Confirmacao_Protocolo,Resolvido_Bot,"3,2",4,"20417,94"
CVX-003500,2026-04-15 15:05:23,WhatsApp,Auto,Varejo,Sudeste,Android,Upload_Fotos_Documentos,Abandonado,,,"2694,53"
CVX-000774,2026-04-15 15:08:32,WhatsApp,Auto,Varejo,Norte,Android,Validacao_Apolice,Escalado_Humano,"51,9",3,
CVX-001320,2026-04-15 15:09:48,WhatsApp,Residencial,Varejo,Sudeste,Android,Confirmacao_Protocolo,Resolvido_Bot,"12,1",5,"14549,67"
CVX-004492,2026-04-15 15:43:10,WhatsApp,Auto,Varejo,Sudeste,Android,Confirmacao_Protocolo,Resolvido_bot ,"6,1",,"12308,08"
CVX-000428,2026-04-15 15:49:07,App,Vida,Varejo,Sul,Android,Coleta_Dados_Sinistro,Escalado_Humano,"41,5",,"22992,93"
CVX-002918,2026-04-15 16:31:27,WhatsApp,Vida,Varejo,Sudeste,Android,Inicio_Saudacao,Abandonado,,,
CVX-004138,2026-04-15 16:46:56,WhatsApp,Residencial,Varejo,Sudeste,iOS,Validacao_Apolice,Escalado_Humano,"42,3",2,
CVX-003550,2026-04-15 16:47:05,WhatsApp,Auto,Corporativo,Sudeste,Android,Upload_Fotos_Documentos,Abandonado,,,"12669,78"
CVX-005579,2026-04-15 16:47:20,WhatsApp,Auto,Premium,Nordeste,Android,Confirmacao_Protocolo,Resolvido_Bot,"7,2",,"4992,37"
CVX-006712,2026-04-15 16:50:37,WhatsApp,Vida,Premium,Sul,Android,Confirmacao_Protocolo,Resolvido_Bot,"10,8",5,"22701,93"
CVX-001903,2026-04-15 17:01:25,WhatsApp,Residencial,Premium,Sudeste,Android,Confirmacao_Protocolo,Resolvido_Bot,"7,6",,"7451,81"
CVX-003493,2026-04-15 17:03:24,WhatsApp,Auto,Varejo,Sudeste,iOS,Analise_Automatica,ABANDONADO ,,,"12639,69"
CVX-006618,2026-04-15 17:08:30,WhatsApp,Residencial,Varejo,Centro-Oeste,Android,Confirmacao_Protocolo,Resolvido_Bot,"8,1",5,"11783,84"
CVX-004689,2026-04-15 17:17:39,WhatsApp,Auto,Varejo,Nordeste,Android,Coleta_Dados_Sinistro,abandono,,,"11563,08"
CVX-001855,2026-04-15 17:24:31,WhatsApp,Vida,Varejo,Sul,Android,Validacao_Apolice,Escalado_Humano,"22,3",5,
CVX-000521,2026-04-15 17:49:00,WhatsApp,Vida,Corporativo,Nordeste,iOS,Confirmacao_Protocolo,Resolvido_Bot,"6,2",4,"76041,22"
CVX-003888,2026-04-15 17:56:42,WhatsApp,Residencial,Varejo,Sudeste,iOS,Upload_Fotos_Documentos,Abandonado,,,"21374,88"
CVX-003723,2026-04-15 18:16:43,WhatsApp,Auto,Premium,Norte,Android,Validacao_Apolice,Abandonado,,,
CVX-000390,2026-04-15 18:20:51,WhatsApp,Auto,Varejo,Centro-Oeste,iOS,Confirmacao_Protocolo,Resolvido_Bot,"5,9",4,"6340,8"
CVX-001983,2026-04-15 18:36:15,WhatsApp,Vida,Premium,Sudeste,Android,Validacao_Apolice,Escalado_Humano,"38,8",4,
CVX-005894,2026-04-15 18:38:46,App,Auto,Corporativo,Sul,Android,Validacao_Apolice,Escalado_Humano,"46,8",5,
CVX-004056,2026-04-15 18:45:02,WhatsApp,Residencial,Varejo,Sudeste,iOS,Confirmacao_Protocolo,Resolvido_Bot,"7,1",4,"19177,19"
CVX-005694,2026-04-15 18:51:09,WhatsApp,Auto,Premium,Sudeste,Android,Confirmacao_Protocolo,Resolvido_Bot,"10,1",4,"2237,2"
CVX-006495,2026-04-15 18:55:58,WhatsApp,Vida,Varejo,Sul,Android,Analise_Automatica,Abandonado,,,"58778,65"
CVX-006664,2026-04-15 18:59:14,WhatsApp,Auto,Varejo,Centro-Oeste,iOS,Validacao_Apolice,Abandonado,,,
CVX-003093,2026-04-15 19:10:56,WhatsApp,Auto,Varejo,Sul,Android,Validacao_Apolice,Escalado_Humano,"48,7",3,
CVX-000579,2026-04-15 19:15:06,WhatsApp,Auto,Premium,Sul,iOS,Confirmacao_Protocolo,Resolvido_Bot,"10,9",4,"9732,53"
CVX-002352,2026-04-15 19:36:49,App,Vida,Varejo,Sudeste,iOS,Confirmacao_Protocolo,Resolvido_Bot,"8,8",,"28533,85"
CVX-006733,2026-04-15 19:38:29,WhatsApp,Auto,Varejo,Nordeste,Android,Validacao_Apolice,Escalado_Humano,"28,5",4,
CVX-001256,2026-04-15 19:43:28,WhatsApp,Residencial,Premium,Nordeste,iOS,Confirmacao_Protocolo,Resolvido_Bot,"8,6",3,"18751,99"
CVX-000928,2026-04-15 19:46:50,WhatsApp,Vida,Varejo,Sudeste,Android,Validacao_Apolice,Abandonado,,,
CVX-001789,2026-04-15 19:49:04,App,Auto,Premium,Sul,Android,Upload_Fotos_Documentos,Escalado_Humano,"39,7",5,"6947,09"
CVX-004627,2026-04-15 19:51:05,WhatsApp,Auto,Varejo,Sudeste,Android,Validacao_Apolice,Abandonado,,,
CVX-003328,2026-04-15 20:00:28,WhatsApp,Residencial,Varejo,Sul,Android,Confirmacao_Protocolo,Resolvido_Bot,"11,3",5,"12294,89"
CVX-005032,2026-04-15 20:07:43,App,Residencial,Varejo,Sul,iOS,Confirmacao_Protocolo,Resolvido_Bot,4,4,"16541,1"
CVX-000575,2026-04-15 20:12:45,App,Auto,Varejo,Sul,Android,Validacao_Apolice,Escalado_Humano,"68,3",,
CVX-001968,2026-04-15 20:38:48,WhatsApp,Vida,Varejo,Sul,Android,Analise_Automatica,Escalado_Humano,"42,7",,"72086,01"
CVX-006493,2026-04-15 20:43:29,WhatsApp,Residencial,Varejo,Centro-Oeste,Android,Confirmacao_Protocolo,Resolvido_Bot,"8,8",4,"10997,18"
CVX-004247,2026-04-15 20:47:17,WhatsApp,Auto,Corporativo,Sul,Android,Coleta_Dados_Sinistro,Escalado_Humano,"26,2",3,"8804,93"
CVX-006323,2026-04-16 8:01:40,WhatsApp,Auto,Premium,Sudeste,Android,Upload_Fotos_Documentos,Escalado_Humano,"38,1",,"1272,84"
CVX-000305,2026-04-16 8:22:41,WhatsApp,Auto,Varejo,Sul,Android,Upload_Fotos_Documentos,Abandonado,,,"5306,13"
CVX-004118,2026-04-16 8:25:57,WhatsApp,Auto,Varejo,Sudeste,Android,Coleta_Dados_Sinistro,Abandonado,,,300
CVX-000743,2026-04-16 8:34:10,WhatsApp,Auto,Varejo,Sul,Android,Confirmacao_Protocolo,Resolvido_Bot,"12,4",,"9212,01"
CVX-003551,2026-04-16 8:51:58,WhatsApp,Auto,Varejo,Sudeste,iOS,Confirmacao_Protocolo,Resolvido_Bot,"5,4",,"9438,53"
CVX-001866,2026-04-16 8:54:36,App,Vida,Varejo,Sudeste,Android,Confirmacao_Protocolo,Resolvido_Bot,"9,6",4,"83983,24"
CVX-000003,2026-04-16 9:09:40,WhatsApp,Auto,Premium,Sul,Android,Validacao_Apolice,Escalado_Humano,"48,8",1,
CVX-002472,2026-04-16 9:25:58,WhatsApp,Residencial,Premium,Sudeste,Android,Upload_Fotos_Documentos,Abandonado,,,"20459,19"
CVX-003567,2026-04-16 9:44:15,App,Auto,Varejo,Nordeste,iOS,Coleta_Dados_Sinistro,Abandonado,,,"5005,14"
CVX-005100,2026-04-16 9:55:14,WhatsApp,Residencial,Premium,Norte,Android,Confirmacao_Protocolo,Resolvido_Bot,"7,1",4,"20194,98"
CVX-001166,2026-04-16 10:05:10,WhatsApp,Auto,Varejo,Nordeste,Android,Upload_Fotos_Documentos,Abandonado,,,"12807,91"
CVX-002347,2026-04-16 10:23:46,WhatsApp,Residencial,Varejo,Sudeste,Android,Validacao_Apolice,Escalado_Humano,"36,8",3,
CVX-001981,2026-04-16 10:24:41,App,Residencial,Varejo,Sudeste,Android,Confirmacao_Protocolo,Resolvido_Bot,"10,5",3,"7135,34"
CVX-005574,2026-04-16 10:47:16,WhatsApp,Auto,Varejo,Sudeste,Android,Confirmacao_Protocolo,Resolvido_Bot,12,4,"11025,49"
CVX-003913,2026-04-16 10:48:06,WhatsApp,Residencial,Varejo,Sul,Android,Confirmacao_Protocolo,Resolvido_Bot,"5,9",4,"22595,66"
CVX-002156,2026-04-16 11:09:10,WhatsApp,Residencial,Varejo,Sudeste,Android,Confirmacao_Protocolo,Resolvido_Bot,"5,8",4,"11368,11"
CVX-001049,2026-04-16 11:47:58,WhatsApp,Auto,Varejo,Sul,Android,Upload_Fotos_Documentos,Escalado_Humano,"38,5",4,"10498,23"
CVX-006010,2026-04-16 11:56:57,WhatsApp,Residencial,Premium,Sudeste,Android,Upload_Fotos_Documentos,Abandonado,,,300
CVX-006551,2026-04-16 11:58:37,WhatsApp,Auto,Varejo,Sul,Android,Upload_Fotos_Documentos,Abandonado,,,"8155,2"
CVX-002279,2026-04-16 12:05:40,WhatsApp,Auto,Varejo,Nordeste,iOS,Inicio_Saudacao,Abandonado,,,
CVX-004278,2026-04-16 12:06:13,WhatsApp,Auto,Varejo,Centro-Oeste,Android,Confirmacao_Protocolo,Resolvido_Bot,8,4,"391,91"
CVX-001632,2026-04-16 12:08:20,WhatsApp,Residencial,Corporativo,Centro-Oeste,iOS,Validacao_Apolice,Escalado_Humano,"49,6",2,
CVX-000640,2026-04-16 12:15:04,WhatsApp,Auto,Premium,Sudeste,Android,Upload_Fotos_Documentos,Escalado_Humano,51,3,"9969,55"
CVX-002578,2026-04-16 12:32:29,WhatsApp,Residencial,Varejo,Sudeste,Android,Analise_Automatica,Abandonado,,,"14762,18"
CVX-005999,2026-04-16 12:38:17,App,Auto,Premium,Sudeste,Android,Analise_Automatica,Escalado_Humano,"50,5",4,"4264,48"
CVX-005323,2026-04-16 12:40:36,WhatsApp,Auto,Premium,Sul,Android,Validacao_Apolice,ESCALADO HUMANO,"32,6",4,
CVX-002618,2026-04-16 12:49:10,App,Auto,Premium,Sudeste,iOS,Upload_Fotos_Documentos,Abandonado,,,300
CVX-000646,2026-04-16 13:06:26,WhatsApp,Auto,Varejo,Sudeste,Android,Confirmacao_Protocolo,Resolvido_Bot,"6,2",5,"14579,59"
CVX-003149,2026-04-16 13:44:09,WhatsApp,Auto,Corporativo,Centro-Oeste,Android,Upload_Fotos_Documentos,Escalado_Humano,43,3,"3035,22"
CVX-003188,2026-04-16 13:56:04,WhatsApp,Auto,Varejo,Sudeste,Android,Confirmacao_Protocolo,Resolvido_Bot,"6,9",3,"10395,03"
CVX-006119,2026-04-16 14:08:50,WhatsApp,Residencial,Corporativo,Sul,Android,Validacao_Apolice,Escalado_Humano,"45,7",,
CVX-004274,2026-04-16 14:26:52,WhatsApp,Auto,Varejo,Norte,iOS,Confirmacao_Protocolo,Resolvido_Bot,"9,2",4,"12464,21"
CVX-001728,2026-04-16 14:29:58,WhatsApp,Auto,Varejo,Centro-Oeste,iOS,Confirmacao_Protocolo,Resolvido_Bot,"11,3",4,"7728,66"
CVX-005293,2026-04-16 14:36:38,App,Auto,Varejo,Nordeste,Android,Coleta_Dados_Sinistro,Escalado_Humano,"49,1",,"4363,81"
CVX-006828,2026-04-16 14:44:14,WhatsApp,Residencial,Corporativo,Sudeste,Android,Confirmacao_Protocolo,Resolvido_Bot,"8,1",4,"13671,29"
CVX-004885,2026-04-16 14:48:32,WhatsApp,Vida,Varejo,Nordeste,Android,Upload_Fotos_Documentos,Abandonado,,,"50404,17"
CVX-002644,2026-04-16 15:04:26,WhatsApp,Residencial,Varejo,Sul,iOS,Confirmacao_Protocolo,Resolvido_Bot,"11,6",4,"5005,65"
CVX-001241,2026-04-16 15:07:39,WhatsApp,Residencial,Varejo,Sudeste,iOS,Confirmacao_Protocolo,Resolvido_Bot,"6,8",,"13638,47"
CVX-004485,2026-04-16 15:17:31,App,Auto,Varejo,Centro-Oeste,Android,Confirmacao_Protocolo,Resolvido_Bot,"13,5",4,"11370,91"
CVX-005274,2026-04-16 15:25:33,WhatsApp,Auto,Premium,Sudeste,iOS,Confirmacao_Protocolo,Resolvido_Bot,"7,1",3,"5394,9"
CVX-004941,2026-04-16 15:28:26,WhatsApp,Auto,Varejo,Sul,Android,Validacao_Apolice,Escalado_Humano,"74,9",3,
CVX-004163,2026-04-16 15:30:01,WhatsApp,Residencial,Varejo,Nordeste,Android,Coleta_Dados_Sinistro,Abandonado,,,"18040,21"
CVX-006999,2026-04-16 15:47:22,WhatsApp,Auto,Varejo,Sudeste,iOS,Confirmacao_Protocolo,Resolvido_Bot,"6,2",5,"3008,27"
CVX-003421,2026-04-16 15:59:24,WhatsApp,Residencial,Varejo,Sudeste,iOS,Confirmacao_Protocolo,Resolvido_Bot,"14,3",3,"6712,86"
CVX-004957,2026-04-16 16:17:13,WhatsApp,Auto,Varejo,Sul,Android,Coleta_Dados_Sinistro,Escalado_Humano,"33,6",,"13337,9"
CVX-000867,2026-04-16 16:18:12,WhatsApp,Vida,Corporativo,Nordeste,Android,Validacao_Apolice,Abandonado,,,
CVX-001099,2026-04-16 16:47:01,WhatsApp,Auto,Premium,Sudeste,Android,Coleta_Dados_Sinistro,Escalado_Humano,"41,7",4,"14388,63"
CVX-000853,2026-04-16 16:59:09,WhatsApp,Residencial,Premium,Centro-Oeste,Android,Confirmacao_Protocolo,Resolvido_Bot,"8,5",4,"20448,38"
CVX-002071,2026-04-16 17:09:00,WhatsApp,Vida,Varejo,Centro-Oeste,Android,Coleta_Dados_Sinistro,Escalado_Humano,"23,2",4,"45225,67"
CVX-000334,2026-04-16 17:19:59,WhatsApp,Auto,Varejo,Sul,Android,Coleta_Dados_Sinistro,Abandonado,,,"9516,44"
CVX-004611,2026-04-16 18:10:30,WhatsApp,Auto,Corporativo,Sudeste,Android,Upload_Fotos_Documentos,Abandonado,,,"7688,81"
CVX-006589,2026-04-16 18:37:21,WhatsApp,Auto,Varejo,Centro-Oeste,iOS,Upload_Fotos_Documentos,Abandonado,,,"5776,82"
CVX-002715,2026-04-16 18:49:46,WhatsApp,Residencial,Premium,Sudeste,Android,Confirmacao_Protocolo,Resolvido_Bot,"7,4",5,"13707,8"
CVX-004607,2026-04-16 18:57:52,WhatsApp,Auto,Varejo,Sudeste,Android,Coleta_Dados_Sinistro,Escalado_Humano,54,2,"8515,11"
CVX-003650,2026-04-16 19:26:11,WhatsApp,Auto,Varejo,Nordeste,Android,Coleta_Dados_Sinistro,Abandonado,,,"8353,47"
CVX-001453,2026-04-16 19:43:21,WhatsApp,Vida,Premium,Sul,iOS,Validacao_Apolice,Escalado_Humano,"50,4",5,
CVX-004538,2026-04-16 19:47:48,WhatsApp,Vida,Varejo,Centro-Oeste,Android,Confirmacao_Protocolo,Resolvido_Bot,5,4,"56464,37"
CVX-006607,2026-04-16 20:00:11,App,Auto,Premium,Sudeste,Android,Confirmacao_Protocolo,Resolvido_Bot,"7,7",5,"8963,97"
CVX-003028,2026-04-16 20:28:49,WhatsApp,Auto,Premium,Centro-Oeste,Android,Confirmacao_Protocolo,Resolvido_Bot,"9,1",4,"10016,69"
CVX-005852,2026-04-16 20:37:55,WhatsApp,Auto,Varejo,Centro-Oeste,Android,Confirmacao_Protocolo,Resolvido_Bot,"5,1",4,"9677,74"
CVX-005495,2026-04-16 20:47:24,WhatsApp,Residencial,Corporativo,Sudeste,Android,Inicio_Saudacao,Abandonado,,,
CVX-005672,2026-04-17 8:06:46,WhatsApp,Residencial,Corporativo,Sudeste,iOS,Upload_Fotos_Documentos,abandonado,,,"4909,34"
CVX-005272,2026-04-17 8:18:59,WhatsApp,Auto,Varejo,Sudeste,iOS,Upload_Fotos_Documentos,Abandonado,,,"8244,22"
CVX-004409,2026-04-17 8:20:57,WhatsApp,Residencial,Varejo,Centro-Oeste,Android,Confirmacao_Protocolo,Resolvido_Bot,"10,8",5,"18553,75"
CVX-001409,2026-04-17 8:24:39,WhatsApp,Auto,Varejo,Sudeste,Android,Validacao_Apolice,Escalado_Humano,39,4,
CVX-006026,2026-04-17 8:34:15,WhatsApp,Auto,Varejo,Sudeste,Android,Confirmacao_Protocolo,Resolvido_Bot,"8,3",5,"6498,33"
CVX-002700,2026-04-17 8:39:35,WhatsApp,Residencial,Varejo,Sudeste,Android,Confirmacao_Protocolo,Resolvido_Bot,"9,3",4,"16455,81"
CVX-004656,2026-04-17 8:46:22,WhatsApp,Auto,Varejo,Sudeste,Android,Confirmacao_Protocolo,Resolvido_Bot,"13,5",5,"2404,41"
CVX-002275,2026-04-17 9:03:58,WhatsApp,Auto,Varejo,Nordeste,Android,Coleta_Dados_Sinistro,Abandonado,,,"8301,31"
CVX-005919,2026-04-17 9:33:40,WhatsApp,Auto,Varejo,Sul,Android,Analise_Automatica,Abandonado,,,"5875,1"
CVX-002461,2026-04-17 9:56:58,WhatsApp,Residencial,Varejo,Sudeste,Android,Upload_Fotos_Documentos,Escalado_Humano,"35,9",4,"19785,88"
CVX-000704,2026-04-17 10:02:57,WhatsApp,Auto,Premium,Sudeste,Android,Confirmacao_Protocolo,Resolvido_Bot,7,4,13246
CVX-005343,2026-04-17 10:56:53,WhatsApp,Residencial,Premium,Sudeste,Android,Validacao_Apolice,Escalado_Humano,"43,7",3,
CVX-000198,2026-04-17 11:03:14,WhatsApp,Residencial,Corporativo,Nordeste,Android,Analise_Automatica,Escalado_Humano,44,,"11720,78"
CVX-001580,2026-04-17 11:06:27,WhatsApp,Auto,Varejo,Sudeste,Android,Coleta_Dados_Sinistro,Escalado_Humano,"28,3",4,"4850,83"
CVX-003922,2026-04-17 11:10:08,WhatsApp,Residencial,Varejo,Sudeste,iOS,Validacao_Apolice,Escalado_Humano,10,,
CVX-003075,2026-04-17 11:13:58,WhatsApp,Auto,Varejo,Sul,Android,Upload_Fotos_Documentos,abandonado,,,"12963,98"
CVX-002270,2026-04-17 11:21:33,WhatsApp,Auto,Corporativo,Sudeste,Android,Confirmacao_Protocolo,Resolvido_Bot,"11,7",5,"6438,99"
CVX-002950,2026-04-17 11:40:45,WhatsApp,Auto,Premium,Sudeste,Android,Upload_Fotos_Documentos,Escalado_Humano,"49,9",,"4663,9"
CVX-004680,2026-04-17 12:03:23,WhatsApp,Residencial,Varejo,Sudeste,Android,Confirmacao_Protocolo,Resolvido_Bot,"14,7",4,"8240,1"
CVX-005268,2026-04-17 12:10:54,WhatsApp,Vida,Premium,Nordeste,Android,Confirmacao_Protocolo,Resolvido_Bot,"10,9",,"59561,56"
CVX-003597,2026-04-17 12:17:22,WhatsApp,Vida,Varejo,Sul,iOS,Validacao_Apolice,Escalado_Humano,"45,6",5,
CVX-005837,2026-04-17 12:35:03,WhatsApp,Residencial,Premium,Sudeste,Android,Confirmacao_Protocolo,Resolvido_Bot,9,5,"9733,08"
CVX-006483,2026-04-17 12:40:57,WhatsApp,Auto,Premium,Nordeste,Android,Confirmacao_Protocolo,Resolvido_Bot,"6,2",,"6907,59"
CVX-001378,2026-04-17 12:51:45,WhatsApp,Auto,Varejo,Nordeste,Android,Confirmacao_Protocolo,Resolvido_Bot,"9,6",5,"9866,01"
CVX-004669,2026-04-17 12:52:43,WhatsApp,Vida,Premium,Sudeste,Android,Validacao_Apolice,Escalado_Humano,10,,
CVX-000949,2026-04-17 12:54:01,WhatsApp,Auto,Varejo,Sul,Android,Validacao_Apolice,Escalado_Humano,"45,7",,
CVX-005505,2026-04-17 12:59:40,WhatsApp,Auto,Varejo,Sudeste,iOS,Validacao_Apolice,Escalado_Humano,"46,7",,
CVX-006341,2026-04-17 13:14:01,WhatsApp,Residencial,Premium,Nordeste,Android,Confirmacao_Protocolo,Resolvido_Bot,"13,6",5,"1342,14"
CVX-002757,2026-04-17 13:30:45,WhatsApp,Residencial,Varejo,Sudeste,Android,Confirmacao_Protocolo,Resolvido_Bot,"5,6",4,"19540,33"
CVX-005681,2026-04-17 14:02:35,App,Residencial,Varejo,Sudeste,Android,Validacao_Apolice,Escalado_Humano,"43,8",4,
CVX-001279,2026-04-17 14:20:09,WhatsApp,Auto,Premium,Centro-Oeste,Android,Inicio_Saudacao,Abandonado,,,
CVX-002377,2026-04-17 14:27:30,WhatsApp,Vida,Premium,Sudeste,Android,Coleta_Dados_Sinistro,Escalado_Humano,"19,2",,"51868,62"
CVX-004226,2026-04-17 14:28:10,WhatsApp,Auto,Varejo,Sudeste,Android,Upload_Fotos_Documentos,Escalado_Humano,"43,5",3,"11508,43"
CVX-005784,2026-04-17 14:32:57,WhatsApp,Residencial,Varejo,Centro-Oeste,iOS,Confirmacao_Protocolo,Resolvido_Bot,"5,7",5,"11896,18"
CVX-003382,2026-04-17 14:34:40,WhatsApp,Auto,Varejo,Nordeste,iOS,Confirmacao_Protocolo,Resolvido_Bot,"6,3",4,"5266,55"
CVX-001195,2026-04-17 14:46:17,WhatsApp,Auto,Varejo,Nordeste,Android,Validacao_Apolice,Escalado_Humano,47,,
CVX-003091,2026-04-17 14:51:18,WhatsApp,Auto,Premium,Sul,iOS,Confirmacao_Protocolo,Resolvido_Bot,"9,6",5,"9147,46"
CVX-004749,2026-04-17 15:01:25,WhatsApp,Vida,Premium,Centro-Oeste,Android,Analise_Automatica,Abandonado,,,"39008,01"
CVX-004786,2026-04-17 15:11:13,WhatsApp,Auto,Premium,Sudeste,Android,Validacao_Apolice,Abandonado,,,
CVX-001355,2026-04-17 15:17:04,WhatsApp,Residencial,Varejo,Sudeste,iOS,Analise_Automatica,Escalado_Humano,"55,3",3,"7032,6"
CVX-003177,2026-04-17 15:42:01,WhatsApp,Vida,Premium,Norte,iOS,Confirmacao_Protocolo,Resolvido_Bot,"8,6",4,"70110,23"
CVX-003522,2026-04-17 15:44:31,WhatsApp,Vida,Varejo,Sudeste,Android,Upload_Fotos_Documentos,Escalado_Humano,"38,5",4,"36234,68"
CVX-001670,2026-04-17 15:50:49,WhatsApp,Auto,Premium,Centro-Oeste,Android,Coleta_Dados_Sinistro,Abandonado,,,"8532,39"
CVX-003711,2026-04-17 15:51:16,WhatsApp,Residencial,Varejo,Nordeste,Android,Validacao_Apolice,Escalado_Humano,"66,3",4,
CVX-004238,2026-04-17 16:02:30,WhatsApp,Auto,Varejo,Sudeste,Android,Confirmacao_Protocolo,Resolvido_Bot,"9,4",3,"9266,92"
CVX-000829,2026-04-17 16:06:23,WhatsApp,Auto,Varejo,Sul,Android,Upload_Fotos_Documentos,Escalado_Humano,"26,1",3,"10243,52"
CVX-004974,2026-04-17 16:21:36,App,Auto,Premium,Centro-Oeste,Android,Validacao_Apolice,Escalado_Humano,"29,2",4,
CVX-001193,2026-04-17 16:38:14,WhatsApp,Residencial,Varejo,Sudeste,Android,Validacao_Apolice,Escalado_Humano,"52,8",5,
CVX-005135,2026-04-17 16:45:02,WhatsApp,Auto,Varejo,Sudeste,Android,Confirmacao_Protocolo,Resolvido_Bot,9,,"11437,23"
CVX-001560,2026-04-17 17:11:12,WhatsApp,Auto,Varejo,Centro-Oeste,Android,Confirmacao_Protocolo,Resolvido_Bot,"11,9",4,"6140,28"
CVX-002980,2026-04-17 17:12:50,App,Residencial,Varejo,Sudeste,Android,Confirmacao_Protocolo,Resolvido_Bot,"10,6",4,"9428,76"
CVX-006066,2026-04-17 17:26:16,WhatsApp,Auto,Varejo,Nordeste,iOS,Validacao_Apolice,Escalado_Humano,"37,4",,
CVX-001071,2026-04-17 17:30:11,WhatsApp,Residencial,Premium,Sudeste,Android,Confirmacao_Protocolo,Resolvido_Bot,7,5,"3211,34"
CVX-002695,2026-04-17 17:39:36,WhatsApp,Auto,Varejo,Sudeste,Android,Upload_Fotos_Documentos,Escalado_Humano,"43,9",,"14182,28"
CVX-002213,2026-04-17 17:54:16,WhatsApp,Residencial,Varejo,Sudeste,Android,Coleta_Dados_Sinistro,Abandonado,,,"8730,15"
CVX-006470,2026-04-17 18:09:31,WhatsApp,Auto,Varejo,Sudeste,Android,Confirmacao_Protocolo,Resolvido_Bot,"11,2",5,"7112,04"
CVX-000279,2026-04-17 18:26:33,WhatsApp,Auto,Varejo,Nordeste,iOS,Confirmacao_Protocolo,Resolvido_Bot,11,4,"8286,18"
CVX-002812,2026-04-17 18:43:44,WhatsApp,Auto,Varejo,Sudeste,Android,Confirmacao_Protocolo,Resolvido_Bot,"7,5",4,"9353,77"
CVX-006365,2026-04-17 19:06:55,App,Vida,Varejo,Nordeste,Android,Confirmacao_Protocolo,Resolvido_Bot,"16,6",5,"40584,51"
CVX-002337,2026-04-17 19:41:52,App,Vida,Varejo,Sudeste,Android,Upload_Fotos_Documentos,Abandonado,,,"33237,68"
CVX-001735,2026-04-17 19:48:12,App,Vida,Varejo,Sudeste,iOS,Validacao_Apolice,Abandonado,,,
CVX-005186,2026-04-17 19:52:20,WhatsApp,Vida,Varejo,Centro-Oeste,Android,Coleta_Dados_Sinistro,Escalado_Humano,"30,4",,"51091,29"
CVX-000607,2026-04-17 20:03:09,WhatsApp,Auto,Premium,Sudeste,Android,Validacao_Apolice,Escalado_Humano,"48,5",,
CVX-006382,2026-04-17 20:19:53,WhatsApp,Auto,Premium,Sul,Android,Analise_Automatica,Escalado_Humano,"31,1",5,"10480,11"
CVX-000246,2026-04-17 20:25:18,WhatsApp,Residencial,Premium,Nordeste,iOS,Upload_Fotos_Documentos,Abandonado,,,"3771,22"
CVX-000252,2026-04-17 20:58:15,WhatsApp,Auto,Varejo,Sudeste,iOS,Coleta_Dados_Sinistro,Escalado_Humano,35,3,"2996,64"
CVX-000406,2026-04-18 8:04:23,WhatsApp,Auto,Premium,Sudeste,Android,Confirmacao_Protocolo,Resolvido_Bot,"6,9",,"8045,81"
CVX-004924,2026-04-18 8:19:41,WhatsApp,Auto,Premium,Norte,Android,Confirmacao_Protocolo,Resolvido_Bot,"5,8",4,"6622,76"
CVX-003064,2026-04-18 8:29:39,WhatsApp,Vida,Varejo,Sudeste,Android,Confirmacao_Protocolo,Resolvido_Bot,"5,9",,"60664,32"
CVX-001709,2026-04-18 8:31:40,WhatsApp,Auto,Varejo,Norte,Android,Confirmacao_Protocolo,Resolvido_Bot,"10,8",5,"9234,38"
CVX-006419,2026-04-18 8:43:55,WhatsApp,Auto,Corporativo,Norte,Android,Confirmacao_Protocolo,Resolvido_Bot,"9,4",4,"13551,73"
CVX-005726,2026-04-18 8:46:45,WhatsApp,Auto,Premium,Sudeste,Android,Upload_Fotos_Documentos,Escalado_Humano,"42,3",3,"11903,97"
CVX-002646,2026-04-18 8:49:25,WhatsApp,Residencial,Varejo,Sul,Android,Analise_Automatica,Escalado_Humano,"31,2",4,"11016,65"
CVX-004841,2026-04-18 8:51:14,WhatsApp,Auto,Varejo,Sudeste,iOS,Confirmacao_Protocolo,resolvido_bot,"8,7",5,"12748,86"
CVX-004572,2026-04-18 9:19:48,App,Auto,Premium,Sul,Android,Confirmacao_Protocolo,Resolvido_Bot,"6,8",3,"7305,54"
CVX-000452,2026-04-18 9:21:57,App,Residencial,Premium,Sudeste,Android,Validacao_Apolice,Escalado_Humano,"28,9",4,
CVX-005485,2026-04-18 9:38:18,WhatsApp,Vida,Premium,Sudeste,Android,Validacao_Apolice,Escalado_Humano,"41,9",3,
CVX-003949,2026-04-18 9:41:24,WhatsApp,Residencial,Varejo,Sudeste,Android,Validacao_Apolice,Escalado_Humano,"28,7",5,
CVX-003598,2026-04-18 9:45:48,WhatsApp,Auto,Varejo,Nordeste,Android,Confirmacao_Protocolo,resolvido_bot,7,,"7626,18"
CVX-004590,2026-04-18 10:04:43,WhatsApp,Residencial,Corporativo,Sudeste,iOS,Confirmacao_Protocolo,Resolvido_Bot,"10,7",,"24442,74"
CVX-004348,2026-04-18 10:04:56,WhatsApp,Auto,Corporativo,Sudeste,Android,Upload_Fotos_Documentos,Abandonado,,,"11665,14"
CVX-002755,2026-04-18 10:29:59,WhatsApp,Auto,Varejo,Sudeste,iOS,Confirmacao_Protocolo,Resolvido_Bot,"10,7",5,"8174,86"
CVX-001714,2026-04-18 10:33:33,App,Auto,Varejo,Sudeste,iOS,Confirmacao_Protocolo,Resolvido_Bot,4,5,"6063,77"
CVX-005023,2026-04-18 11:05:58,WhatsApp,Residencial,Premium,Nordeste,Android,Validacao_Apolice,Escalado_Humano,"56,2",3,
CVX-006378,2026-04-18 11:09:37,WhatsApp,Residencial,Varejo,Sudeste,Android,Validacao_Apolice,Escalado_Humano,"19,6",3,
CVX-004904,2026-04-18 11:15:28,WhatsApp,Residencial,Corporativo,Sul,Android,Confirmacao_Protocolo,Resolvido_Bot,"10,7",,"29553,66"
CVX-003701,2026-04-18 11:33:41,WhatsApp,Auto,Varejo,Sudeste,Android,Confirmacao_Protocolo,Resolvido_Bot,"10,4",,"9097,97"
CVX-001774,2026-04-18 11:52:28,WhatsApp,Auto,Corporativo,Sudeste,iOS,Confirmacao_Protocolo,Resolvido_Bot,"8,6",5,"4382,96"
CVX-006386,2026-04-18 11:57:45,WhatsApp,Auto,Varejo,Sudeste,iOS,Confirmacao_Protocolo,Resolvido_Bot,"7,9",4,"4769,92"
CVX-002693,2026-04-18 11:58:05,WhatsApp,Residencial,Premium,Sudeste,Android,Confirmacao_Protocolo,Resolvido_Bot,"6,8",5,"19750,86"
CVX-002165,2026-04-18 12:02:21,WhatsApp,Auto,Varejo,Sudeste,iOS,Analise_Automatica,Abandonado,,,"7192,33"
CVX-001679,2026-04-18 12:02:37,WhatsApp,Residencial,Premium,Sudeste,iOS,Confirmacao_Protocolo,Resolvido_Bot,"10,9",5,"19078,89"
CVX-002236,2026-04-18 12:20:01,App,Residencial,Premium,Sul,iOS,Confirmacao_Protocolo,Resolvido_Bot,"7,4",,"10136,14"
CVX-004513,2026-04-18 12:39:17,WhatsApp,Residencial,Premium,Sudeste,iOS,Analise_Automatica,Escalado_Humano,30,3,"10276,82"
CVX-005256,2026-04-18 12:41:29,WhatsApp,Residencial,Varejo,Sudeste,Android,Confirmacao_Protocolo,Resolvido_Bot,"8,8",5,"24273,67"
CVX-006633,2026-04-18 12:42:52,App,Vida,Varejo,Nordeste,Android,Confirmacao_Protocolo,Resolvido_Bot,10,5,"58536,24"
CVX-000896,2026-04-18 12:48:09,WhatsApp,Residencial,Varejo,Sul,iOS,Confirmacao_Protocolo,Resolvido_Bot,"8,2",4,"8091,97"
CVX-006662,2026-04-18 13:02:31,WhatsApp,Auto,Varejo,Centro-Oeste,Android,Confirmacao_Protocolo,Resolvido_Bot,"5,6",5,"7547,91"
CVX-002934,2026-04-18 13:03:58,WhatsApp,Vida,Premium,Centro-Oeste,Android,Analise_Automatica,Escalado_Humano,"27,2",5,"49282,58"
CVX-004907,2026-04-18 14:02:27,WhatsApp,Residencial,Premium,Nordeste,iOS,Upload_Fotos_Documentos,Abandonado,,,"7116,14"
CVX-005651,2026-04-18 14:04:11,WhatsApp,Auto,Varejo,Centro-Oeste,iOS,Inicio_Saudacao,Abandonado,,,
CVX-003405,2026-04-18 14:27:58,WhatsApp,Auto,Varejo,Sudeste,Android,Confirmacao_Protocolo,Resolvido_Bot,"12,6",4,"3649,79"
CVX-006024,2026-04-18 14:37:09,WhatsApp,Auto,Corporativo,Nordeste,iOS,Validacao_Apolice,Escalado_Humano,"50,7",2,
CVX-004657,2026-04-18 14:40:26,WhatsApp,Auto,Varejo,Sudeste,Android,Coleta_Dados_Sinistro,Escalado_Humano,"34,6",4,"14504,57"
CVX-005570,2026-04-18 14:43:12,WhatsApp,Residencial,Varejo,Sul,iOS,Confirmacao_Protocolo,Resolvido_Bot,"13,1",,"11216,23"
CVX-000912,2026-04-18 15:00:01,WhatsApp,Residencial,Corporativo,Sudeste,Android,Validacao_Apolice,Escalado_Humano,"45,7",4,
CVX-004198,2026-04-18 15:14:10,WhatsApp,Auto,Premium,Sudeste,iOS,Confirmacao_Protocolo,Resolvido_Bot,"10,9",4,"8702,42"
CVX-003338,2026-04-18 15:45:37,WhatsApp,Auto,Premium,Sudeste,iOS,Upload_Fotos_Documentos,Escalado_Humano,"36,5",4,"13954,81"
CVX-000858,2026-04-18 15:47:30,App,Auto,Varejo,Sul,iOS,Confirmacao_Protocolo,Resolvido_Bot,"4,3",,"9019,58"
CVX-005929,2026-04-18 16:03:34,WhatsApp,Auto,Premium,Nordeste,Android,Confirmacao_Protocolo,Resolvido_Bot,2,5,"8790,15"
CVX-001339,2026-04-18 16:16:52,WhatsApp,Auto,Varejo,Sul,Android,Upload_Fotos_Documentos,Escalado_Humano,"39,1",3,"4944,23"
CVX-001326,2026-04-18 16:30:10,WhatsApp,Auto,Varejo,Nordeste,Android,Confirmacao_Protocolo,Resolvido_Bot,"6,5",4,"13567,81"
CVX-005556,2026-04-18 16:32:50,App,Residencial,Varejo,Sudeste,iOS,Validacao_Apolice,Escalado_Humano,"32,4",,
CVX-005787,2026-04-18 16:42:14,WhatsApp,Auto,Varejo,Sudeste,iOS,Confirmacao_Protocolo,Resolvido_Bot,"9,4",4,"5026,35"
CVX-003249,2026-04-18 16:55:50,WhatsApp,Residencial,Varejo,Nordeste,iOS,Confirmacao_Protocolo,Resolvido_Bot,"10,3",5,"21463,92"
CVX-003428,2026-04-18 17:18:13,WhatsApp,Residencial,Varejo,Nordeste,iOS,Validacao_Apolice,Escalado_Humano,"24,1",5,
CVX-003659,2026-04-18 17:24:48,WhatsApp,Vida,Varejo,Sul,iOS,Upload_Fotos_Documentos,Abandonado,,,"92194,35"
CVX-003676,2026-04-18 17:30:20,WhatsApp,Vida,Varejo,Sul,Android,Validacao_Apolice,Escalado_Humano,"57,2",2,
CVX-001523,2026-04-18 17:33:33,WhatsApp,Residencial,Varejo,Sudeste,Android,Validacao_Apolice,Abandonado,,,
CVX-006371,2026-04-18 17:42:10,App,Auto,Varejo,Norte,iOS,Confirmacao_Protocolo,Resolvido_Bot,"9,6",5,"9144,9"
CVX-003748,2026-04-18 18:03:43,WhatsApp,Auto,Varejo,Centro-Oeste,Android,Coleta_Dados_Sinistro,Escalado_Humano,"47,8",4,"6778,22"
CVX-002495,2026-04-18 18:16:01,WhatsApp,Vida,Varejo,Sudeste,Android,Validacao_Apolice,Escalado_Humano,"23,9",4,
CVX-006036,2026-04-18 18:18:00,WhatsApp,Residencial,Varejo,Centro-Oeste,Android,Confirmacao_Protocolo,Resolvido_Bot,"12,6",4,"8765,86"
CVX-005195,2026-04-18 18:32:34,App,Residencial,Varejo,Sudeste,iOS,Upload_Fotos_Documentos,Abandonado,,,"19308,28"
CVX-005906,2026-04-18 18:35:10,WhatsApp,Auto,Varejo,Sul,Android,Confirmacao_Protocolo,Resolvido_Bot,"5,3",,"13072,83"
CVX-002621,2026-04-18 18:44:16,WhatsApp,Vida,Varejo,Sul,Android,Analise_Automatica,Escalado_Humano,"28,6",4,"48785,85"
CVX-003946,2026-04-18 18:45:24,WhatsApp,Vida,Premium,Sudeste,iOS,Upload_Fotos_Documentos,Escalado_Humano,"50,7",3,"26236,86"
CVX-006559,2026-04-18 18:48:25,WhatsApp,Auto,Varejo,Nordeste,iOS,Upload_Fotos_Documentos,abandonado,,,"8822,58"
CVX-003445,2026-04-18 18:54:10,WhatsApp,Vida,Varejo,Centro-Oeste,Android,Validacao_Apolice,Escalado_Humano,19,,
CVX-005772,2026-04-18 19:15:28,App,Vida,Premium,Sul,iOS,Confirmacao_Protocolo,Resolvido_Bot,2,5,"64987,14"
CVX-004443,2026-04-18 19:28:22,WhatsApp,Auto,Varejo,Centro-Oeste,Android,Upload_Fotos_Documentos,Escalado_Humano,"38,4",2,"7542,96"
CVX-001120,2026-04-18 19:36:49,WhatsApp,Residencial,Varejo,Sul,Android,Coleta_Dados_Sinistro,abandonado,,,"22210,91"
CVX-000817,2026-04-18 19:46:40,WhatsApp,Auto,Varejo,Sudeste,Android,Coleta_Dados_Sinistro,Abandonado,,,"4967,2"
CVX-005039,2026-04-18 19:57:21,WhatsApp,Residencial,Varejo,Sudeste,Android,Confirmacao_Protocolo,Resolvido_Bot,"11,4",,"13980,03"
CVX-005365,2026-04-18 20:09:09,WhatsApp,Auto,Premium,Norte,iOS,Confirmacao_Protocolo,Resolvido_Bot,"12,9",3,"994,47"
CVX-006343,2026-04-18 20:27:20,WhatsApp,Auto,Premium,Nordeste,Android,Confirmacao_Protocolo,Resolvido_Bot,2,5,"13524,63"
CVX-003908,2026-04-18 20:36:24,WhatsApp,Vida,Corporativo,Centro-Oeste,Android,Confirmacao_Protocolo,RESOLVIDO_BOT,"11,7",4,"50533,22"
CVX-001152,2026-04-18 20:45:19,WhatsApp,Residencial,Premium,Sul,Android,Validacao_Apolice,Escalado_Humano,"53,2",5,
CVX-006504,2026-04-18 20:46:05,App,Auto,Varejo,Norte,Android,Confirmacao_Protocolo,Resolvido_Bot,"6,5",5,"10344,34"
CVX-005487,2026-04-18 20:52:16,WhatsApp,Auto,Varejo,Sudeste,iOS,Validacao_Apolice,Escalado_Humano,"45,9",5,
CVX-003627,2026-04-19 8:04:27,WhatsApp,Residencial,Premium,Sul,Android,Validacao_Apolice,Escalado_Humano,57,,
CVX-001150,2026-04-19 8:06:47,WhatsApp,Auto,Varejo,Sudeste,iOS,Coleta_Dados_Sinistro,Escalado_Humano,58,2,"11376,77"
CVX-003614,2026-04-19 8:18:26,WhatsApp,Residencial,Varejo,Sul,Android,Coleta_Dados_Sinistro,Abandonado,,,"11186,36"
CVX-001753,2026-04-19 8:28:27,WhatsApp,Residencial,Varejo,Sudeste,iOS,Upload_Fotos_Documentos,Abandonado,,,"8516,68"
CVX-004355,2026-04-19 8:35:33,WhatsApp,Auto,Varejo,Sudeste,iOS,Confirmacao_Protocolo,Resolvido_Bot,"7,4",4,"6768,29"
CVX-003051,2026-04-19 8:41:09,WhatsApp,Auto,Varejo,Centro-Oeste,Android,Validacao_Apolice,Abandonado,,,
CVX-004262,2026-04-19 9:13:02,WhatsApp,Vida,Varejo,Nordeste,Android,Coleta_Dados_Sinistro,Abandonado,,,"33907,4"
CVX-001021,2026-04-19 9:41:01,WhatsApp,Auto,Varejo,Nordeste,Android,Confirmacao_Protocolo,Resolvido_Bot,"8,3",,"10508,67"
CVX-002773,2026-04-19 9:44:26,App,Auto,Varejo,Norte,Android,Confirmacao_Protocolo,Resolvido_Bot,"5,9",4,"11617,31"
CVX-006916,2026-04-19 10:16:06,WhatsApp,Auto,Varejo,Sul,Android,Validacao_Apolice,Abandonado,,,
CVX-001563,2026-04-19 10:36:58,WhatsApp,Auto,Varejo,Sudeste,Android,Confirmacao_Protocolo,Resolvido_Bot,"12,6",5,"8364,2"
CVX-005690,2026-04-19 10:43:51,WhatsApp,Vida,Corporativo,Nordeste,Android,Coleta_Dados_Sinistro,Escalado_Humano,"47,7",,"48118,27"
CVX-000662,2026-04-19 10:45:00,WhatsApp,Residencial,Premium,Sudeste,iOS,Confirmacao_Protocolo,Resolvido_Bot,"11,8",,"13859,15"
CVX-006486,2026-04-19 11:03:41,WhatsApp,Auto,Varejo,Sul,Android,Confirmacao_Protocolo,Resolvido_Bot,"11,4",4,"11126,38"
CVX-003543,2026-04-19 11:29:36,WhatsApp,Vida,Premium,Norte,Android,Upload_Fotos_Documentos,Abandonado,,,"38631,65"
CVX-000956,2026-04-19 11:34:10,WhatsApp,Vida,Premium,Sul,Android,Upload_Fotos_Documentos,Abandonado,,,"42225,8"
CVX-002006,2026-04-19 11:36:53,WhatsApp,Auto,Premium,Sudeste,iOS,Upload_Fotos_Documentos,Abandonado,,,"11913,29"
CVX-003012,2026-04-19 11:37:54,WhatsApp,Auto,Premium,Sul,Android,Confirmacao_Protocolo,Resolvido_Bot,"6,8",,"9045,13"
CVX-000846,2026-04-19 11:40:32,WhatsApp,Auto,Varejo,Sudeste,Android,Confirmacao_Protocolo,Resolvido_Bot,"10,4",4,"7075,13"
CVX-006678,2026-04-19 12:01:53,WhatsApp,Residencial,Corporativo,Sudeste,iOS,Coleta_Dados_Sinistro,Escalado_Humano,"40,6",3,"11868,93"
CVX-000803,2026-04-19 12:37:41,App,Auto,Premium,Sudeste,iOS,Validacao_Apolice,Escalado_Humano,"53,6",1,
CVX-000876,2026-04-19 12:39:02,WhatsApp,Auto,Varejo,Sudeste,Android,Analise_Automatica,Escalado_Humano,"40,7",4,"8474,69"
CVX-002633,2026-04-19 12:40:38,WhatsApp,Residencial,Premium,Sudeste,iOS,Confirmacao_Protocolo,Resolvido_Bot,5,,"9630,46"
CVX-001581,2026-04-19 12:42:57,App,Residencial,Varejo,Sul,Android,Confirmacao_Protocolo,Resolvido_Bot,"7,7",,"12137,05"
CVX-004899,2026-04-19 12:54:06,App,Residencial,Premium,Sudeste,iOS,Confirmacao_Protocolo,Resolvido_Bot,"8,1",5,"12207,04"
CVX-000181,2026-04-19 13:01:52,WhatsApp,Vida,Varejo,Norte,Android,Coleta_Dados_Sinistro,Abandonado,,,"52954,46"
CVX-006950,2026-04-19 13:10:10,WhatsApp,Vida,Premium,Centro-Oeste,iOS,Confirmacao_Protocolo,Resolvido_Bot,"6,2",5,"31609,59"
CVX-002592,2026-04-19 13:23:44,WhatsApp,Residencial,Varejo,Nordeste,Android,Validacao_Apolice,Escalado_Humano,"47,2",3,
CVX-005732,2026-04-19 13:30:21,WhatsApp,Residencial,Varejo,Sul,Android,Confirmacao_Protocolo,Resolvido_Bot,"8,2",5,"12939,65"
CVX-006693,2026-04-19 14:05:15,WhatsApp,Auto,Varejo,Sudeste,Android,Analise_Automatica,Abandonado,,,"9698,63"
CVX-000182,2026-04-19 14:14:16,WhatsApp,Auto,Premium,Sudeste,iOS,Confirmacao_Protocolo,Resolvido_Bot,"12,4",3,"12281,08"
CVX-004862,2026-04-19 14:27:08,WhatsApp,Vida,Premium,Norte,iOS,Validacao_Apolice,Escalado_Humano,"55,1",3,
CVX-005724,2026-04-19 14:30:28,WhatsApp,Residencial,Varejo,Sul,Android,Confirmacao_Protocolo,Resolvido_Bot,2,4,8047
CVX-006290,2026-04-19 14:44:28,WhatsApp,Auto,Premium,Sudeste,Android,Upload_Fotos_Documentos,Abandonado,,,"8579,61"
CVX-006758,2026-04-19 14:46:57,WhatsApp,Vida,Premium,Sul,iOS,Validacao_Apolice,Escalado_humano,"25,7",4,
CVX-000502,2026-04-19 14:57:09,WhatsApp,Residencial,Corporativo,Sudeste,iOS,Coleta_Dados_Sinistro,Escalado_Humano,"60,2",4,"5965,88"
CVX-004123,2026-04-19 15:11:23,App,Auto,Varejo,Nordeste,Android,Validacao_Apolice,Escalado_Humano,"36,2",4,
CVX-002730,2026-04-19 15:11:51,WhatsApp,Auto,Varejo,Nordeste,Android,Validacao_Apolice,Escalado_Humano,"31,5",4,
CVX-005846,2026-04-19 15:43:56,WhatsApp,Vida,Varejo,Nordeste,Android,Confirmacao_Protocolo,Resolvido_Bot,"3,6",5,"49081,47"
CVX-006805,2026-04-19 16:18:38,App,Auto,Corporativo,Nordeste,iOS,Confirmacao_Protocolo,Resolvido_Bot,"11,6",4,"8595,29"
CVX-002167,2026-04-19 16:25:36,WhatsApp,Vida,Varejo,Sudeste,iOS,Confirmacao_Protocolo,RESOLVIDO_BOT,"6,7",,"34537,78"
CVX-006060,2026-04-19 16:27:21,WhatsApp,Auto,Varejo,Sudeste,Android,Coleta_Dados_Sinistro,Escalado_Humano,"28,5",3,"5371,35"
CVX-006165,2026-04-19 16:29:11,WhatsApp,Auto,Varejo,Sudeste,Android,Confirmacao_Protocolo,Resolvido_Bot,"5,1",5,"4391,67"
CVX-003663,2026-04-19 16:35:48,WhatsApp,Auto,Corporativo,Sul,Android,Analise_Automatica,Abandonado,,,"5568,33"
CVX-001226,2026-04-19 16:40:58,WhatsApp,Residencial,Varejo,Sudeste,Android,Validacao_Apolice,Escalado_Humano,"71,4",1,
CVX-002287,2026-04-19 16:51:02,WhatsApp,Auto,Varejo,Sul,iOS,Confirmacao_Protocolo,Resolvido_Bot,"10,8",3,"2779,04"
CVX-005668,2026-04-19 17:14:24,WhatsApp,Residencial,Varejo,Nordeste,Android,Confirmacao_Protocolo,Resolvido_Bot,"13,5",2,"16639,77"
CVX-006541,2026-04-19 17:19:37,WhatsApp,Auto,Varejo,Centro-Oeste,iOS,Coleta_Dados_Sinistro,Escalado_Humano,"52,4",4,"7598,19"
CVX-006022,2026-04-19 17:25:35,WhatsApp,Residencial,Premium,Nordeste,Android,Confirmacao_Protocolo,Resolvido_Bot,"8,6",3,"19403,63"
CVX-003371,2026-04-19 17:33:37,WhatsApp,Auto,Varejo,Centro-Oeste,Android,Confirmacao_Protocolo,Resolvido_Bot,"6,7",5,"12085,03"
CVX-002707,2026-04-19 17:37:07,WhatsApp,Vida,Varejo,Sudeste,Android,Confirmacao_Protocolo,Resolvido_Bot,"6,7",5,"40337,28"
CVX-005149,2026-04-19 17:40:49,WhatsApp,Auto,Varejo,Centro-Oeste,Android,Upload_Fotos_Documentos,Abandonado,,,"9460,07"
CVX-002364,2026-04-19 17:49:09,WhatsApp,Vida,Varejo,Norte,Android,Upload_Fotos_Documentos,Abandonado,,,"28159,52"
CVX-006682,2026-04-19 18:02:10,WhatsApp,Residencial,Premium,Centro-Oeste,iOS,Inicio_Saudacao,abandono,,,
CVX-002611,2026-04-19 18:49:57,WhatsApp,Vida,Premium,Sudeste,Android,Confirmacao_Protocolo,Resolvido_Bot,"5,2",4,"43429,32"
CVX-001910,2026-04-19 18:53:23,WhatsApp,Vida,Premium,Centro-Oeste,Android,Upload_Fotos_Documentos,Abandonado,,,"66047,19"
CVX-001737,2026-04-19 18:57:18,WhatsApp,Residencial,Varejo,Sudeste,iOS,Confirmacao_Protocolo,RESOLVIDO_BOT,"15,7",5,"5589,72"
CVX-006261,2026-04-19 19:46:25,App,Residencial,Varejo,Nordeste,iOS,Confirmacao_Protocolo,Resolvido_Bot,"13,4",5,"15581,66"
CVX-003541,2026-04-19 20:22:17,WhatsApp,Auto,Varejo,Sudeste,Android,Validacao_Apolice,Escalado_Humano,"14,7",4,
CVX-006688,2026-04-19 20:22:44,App,Residencial,Varejo,Sudeste,Android,Confirmacao_Protocolo,Resolvido_Bot,"11,7",4,"19843,11"
CVX-005264,2026-04-19 20:35:34,WhatsApp,Auto,Varejo,Sul,iOS,Confirmacao_Protocolo,Resolvido_Bot,"7,3",5,"5543,67"
CVX-000024,2026-04-19 20:41:42,WhatsApp,Auto,Corporativo,Sul,Android,Validacao_Apolice,Escalado_Humano,"32,2",5,
CVX-000179,2026-04-19 20:43:33,WhatsApp,Residencial,Varejo,Sudeste,Android,Upload_Fotos_Documentos,Escalado_Humano,"43,2",5,"15634,28"
CVX-002404,2026-04-19 20:45:06,App,Auto,Varejo,Sudeste,Android,Confirmacao_Protocolo,Resolvido_Bot,"11,3",5,"8302,42"
CVX-001249,2026-04-19 20:49:47,WhatsApp,Auto,Varejo,Nordeste,iOS,Upload_Fotos_Documentos,Abandonado,,,"11921,1"
CVX-005734,2026-04-20 8:00:26,WhatsApp,Auto,Varejo,Nordeste,iOS,Confirmacao_Protocolo,Resolvido_Bot,"2,7",,"12061,22"
CVX-005364,2026-04-20 8:21:40,App,Auto,Varejo,Sudeste,Android,Confirmacao_Protocolo,resolvido_bot,"8,9",5,"6384,47"
CVX-002141,2026-04-20 8:22:16,WhatsApp,Auto,Premium,Sudeste,iOS,Confirmacao_Protocolo,Resolvido_Bot,"6,7",5,"7006,19"
CVX-001223,2026-04-20 8:46:27,WhatsApp,Residencial,Premium,Sul,Android,Confirmacao_Protocolo,Resolvido_Bot,"10,2",4,"25667,63"
CVX-000370,2026-04-20 8:52:29,App,Residencial,Varejo,Sul,Android,Confirmacao_Protocolo,Resolvido_Bot,"10,9",2,"12940,39"
CVX-003241,2026-04-20 9:06:57,WhatsApp,Auto,Varejo,Centro-Oeste,Android,Validacao_Apolice,Escalado_Humano,"64,7",2,
CVX-000110,2026-04-20 9:37:32,WhatsApp,Auto,Varejo,Sudeste,Android,Confirmacao_Protocolo,Resolvido_Bot,"14,5",,"9024,27"
CVX-003458,2026-04-20 9:38:10,WhatsApp,Auto,Varejo,Sudeste,Android,Upload_Fotos_Documentos,Escalado_Humano,"36,8",4,"8220,72"
CVX-006570,2026-04-20 10:35:37,WhatsApp,Residencial,Varejo,Centro-Oeste,Android,Confirmacao_Protocolo,Resolvido_Bot,"7,1",5,"18340,86"
CVX-001489,2026-04-20 10:52:50,App,Auto,Varejo,Nordeste,Android,Confirmacao_Protocolo,Resolvido_Bot,"9,6",,"8746,65"
CVX-002095,2026-04-20 11:02:26,WhatsApp,Residencial,Varejo,Sul,Android,Confirmacao_Protocolo,Resolvido_Bot,"11,5",3,"18734,75"
CVX-005147,2026-04-20 11:24:43,WhatsApp,Residencial,Varejo,Sudeste,Android,Validacao_Apolice,abandono,,,
CVX-000939,2026-04-20 11:34:30,WhatsApp,Auto,Varejo,Sudeste,Android,Validacao_Apolice,Escalado_Humano,"43,4",3,
CVX-005037,2026-04-20 12:06:38,WhatsApp,Residencial,Premium,Nordeste,iOS,Confirmacao_Protocolo,Resolvido_Bot,"5,5",5,"13124,76"
CVX-001419,2026-04-20 12:24:27,App,Auto,Premium,Nordeste,Android,Confirmacao_Protocolo,Resolvido_Bot,"7,7",5,"13538,48"
CVX-000652,2026-04-20 12:32:25,WhatsApp,Auto,Varejo,Sul,iOS,Confirmacao_Protocolo,Resolvido_Bot,"8,1",5,"952,28"
CVX-003132,2026-04-20 12:46:58,WhatsApp,Auto,Varejo,Sudeste,Android,Confirmacao_Protocolo,Resolvido_Bot,"7,5",5,"3346,51"
CVX-005698,2026-04-20 12:55:12,WhatsApp,Auto,Premium,Norte,Android,Validacao_Apolice,Escalado_Humano,"23,6",4,
CVX-001389,2026-04-20 13:06:30,WhatsApp,Residencial,Varejo,Sudeste,iOS,Validacao_Apolice,Escalado_humano,"45,2",3,
CVX-004180,2026-04-20 13:31:06,WhatsApp,Auto,Varejo,Sudeste,iOS,Confirmacao_Protocolo,Resolvido_Bot,"6,3",5,"5145,96"
CVX-000152,2026-04-20 14:00:12,WhatsApp,Residencial,Premium,Nordeste,iOS,Confirmacao_Protocolo,Resolvido_Bot,"9,6",5,"9759,95"
CVX-005676,2026-04-20 14:07:24,WhatsApp,Vida,Varejo,Sudeste,iOS,Upload_Fotos_Documentos,Abandonado,,,"18182,98"
CVX-004379,2026-04-20 14:11:31,WhatsApp,Residencial,Premium,Centro-Oeste,Android,Confirmacao_Protocolo,Resolvido_Bot,"16,7",,"7639,78"
CVX-000913,2026-04-20 14:32:46,WhatsApp,Vida,Premium,Nordeste,Android,Confirmacao_Protocolo,Resolvido_Bot,"11,8",4,"58120,31"
CVX-001515,2026-04-20 14:53:14,WhatsApp,Auto,Varejo,Sudeste,iOS,Confirmacao_Protocolo,Resolvido_Bot,12,4,"7129,77"
CVX-001759,2026-04-20 14:55:30,WhatsApp,Vida,Corporativo,Sudeste,iOS,Upload_Fotos_Documentos,Abandonado,,,"47060,88"
CVX-000692,2026-04-20 14:58:43,WhatsApp,Auto,Varejo,Centro-Oeste,iOS,Confirmacao_Protocolo,Resolvido_Bot,"8,7",4,"9788,13"
CVX-005603,2026-04-20 15:01:21,WhatsApp,Residencial,Premium,Nordeste,Android,Upload_Fotos_Documentos,Abandonado,,,"16964,19"
CVX-000414,2026-04-20 15:04:08,WhatsApp,Vida,Varejo,Nordeste,iOS,Confirmacao_Protocolo,Resolvido_Bot,"7,7",3,"2690,81"
CVX-004624,2026-04-20 15:16:57,WhatsApp,Auto,Varejo,Sudeste,Android,Validacao_Apolice,Abandonado,,,
CVX-000816,2026-04-20 15:28:58,WhatsApp,Residencial,Varejo,Sul,Android,Confirmacao_Protocolo,Resolvido_Bot,"8,5",,"17713,01"
CVX-002310,2026-04-20 16:06:39,WhatsApp,Auto,Premium,Sudeste,Android,Coleta_Dados_Sinistro,Escalado_Humano,"41,2",3,"7362,32"
CVX-004024,2026-04-20 16:53:38,WhatsApp,Vida,Varejo,Sudeste,iOS,Upload_Fotos_Documentos,Escalado_Humano,"42,6",,"39732,13"
CVX-004285,2026-04-20 17:07:45,WhatsApp,Residencial,Varejo,Centro-Oeste,iOS,Upload_Fotos_Documentos,Escalado_Humano,"37,1",3,"14826,38"
CVX-002667,2026-04-20 17:08:06,WhatsApp,Auto,Varejo,Nordeste,Android,Confirmacao_Protocolo,Resolvido_Bot,"5,4",5,"4299,02"
CVX-000714,2026-04-20 17:12:34,WhatsApp,Auto,Varejo,Sudeste,iOS,Validacao_Apolice,Escalado_Humano,"24,7",,
CVX-006840,2026-04-20 17:25:42,WhatsApp,Auto,Premium,Sudeste,Android,Confirmacao_Protocolo,Resolvido_Bot,"6,4",5,"11267,15"
CVX-002203,2026-04-20 17:33:13,WhatsApp,Residencial,Premium,Sudeste,Android,Upload_Fotos_Documentos,Escalado_Humano,"24,4",3,"11249,6"
CVX-004432,2026-04-20 17:40:17,WhatsApp,Auto,Premium,Sul,Android,Validacao_Apolice,Escalado_Humano,"36,7",4,
CVX-000603,2026-04-20 17:46:00,WhatsApp,Auto,Varejo,Sul,Android,Coleta_Dados_Sinistro,Escalado_Humano,"54,6",4,"11320,29"
CVX-002425,2026-04-20 17:48:53,App,Auto,Varejo,Sul,Android,Upload_Fotos_Documentos,Escalado_Humano,"58,3",3,"8221,59"
CVX-000296,2026-04-20 17:55:45,WhatsApp,Auto,Premium,Centro-Oeste,Android,Confirmacao_Protocolo,Resolvido_Bot,"4,8",,"11929,85"
CVX-005744,2026-04-20 18:40:12,WhatsApp,Residencial,Premium,Sudeste,Android,Confirmacao_Protocolo,Resolvido_Bot,8,4,"12575,25"
CVX-002225,2026-04-20 19:47:43,WhatsApp,Auto,Varejo,Sul,Android,Confirmacao_Protocolo,Resolvido_Bot,"6,7",4,"3543,06"
CVX-002528,2026-04-20 20:12:55,WhatsApp,Auto,Varejo,Sudeste,Android,Confirmacao_Protocolo,Resolvido_Bot,"9,6",3,"11899,6"
CVX-005189,2026-04-20 20:17:31,WhatsApp,Auto,Varejo,Centro-Oeste,Android,Confirmacao_Protocolo,Resolvido_Bot,"7,7",4,"3405,38"
CVX-002620,2026-04-20 20:36:51,WhatsApp,Auto,Premium,Sudeste,Android,Upload_Fotos_Documentos,Abandonado,,,"3079,04"
CVX-004714,2026-04-20 20:46:46,WhatsApp,Residencial,Varejo,Sul,iOS,Coleta_Dados_Sinistro,Abandonado,,,"23426,28"
CVX-006231,2026-04-21 8:00:22,WhatsApp,Auto,Varejo,Centro-Oeste,Android,Confirmacao_Protocolo,Resolvido_Bot,"14,5",4,"6249,44"
CVX-006862,2026-04-21 8:03:04,WhatsApp,Residencial,Premium,Sudeste,Android,Confirmacao_Protocolo,Resolvido_Bot,"10,4",4,"16530,12"
CVX-004105,2026-04-21 8:16:21,App,Auto,Varejo,Sudeste,Android,Upload_Fotos_Documentos,Abandonado,,,"13234,44"
CVX-004287,2026-04-21 8:40:50,App,Auto,Varejo,Nordeste,Android,Confirmacao_Protocolo,Resolvido_Bot,"13,1",3,"4944,91"
CVX-003662,2026-04-21 8:50:04,WhatsApp,Auto,Varejo,Centro-Oeste,iOS,Confirmacao_Protocolo,Resolvido_Bot,"7,5",3,"10964,51"
CVX-004588,2026-04-21 9:04:18,WhatsApp,Auto,Varejo,Sul,iOS,Analise_Automatica,abandono,,,"7902,33"
CVX-006255,2026-04-21 9:31:32,WhatsApp,Residencial,Varejo,Sudeste,Android,Validacao_Apolice,Escalado_Humano,22,5,
CVX-001795,2026-04-21 10:22:31,WhatsApp,Auto,Premium,Nordeste,Android,Confirmacao_Protocolo,Resolvido_Bot,7,5,"5000,2"
CVX-001852,2026-04-21 10:31:08,WhatsApp,Auto,Varejo,Nordeste,Android,Upload_Fotos_Documentos,Abandonado,,,"8851,4"
CVX-004130,2026-04-21 10:32:09,WhatsApp,Auto,Premium,Nordeste,Android,Confirmacao_Protocolo,Resolvido_Bot,"12,5",5,"6608,68"
CVX-002257,2026-04-21 10:46:02,WhatsApp,Auto,Varejo,Nordeste,Android,Upload_Fotos_Documentos,Escalado_Humano,"32,3",4,"13471,38"
CVX-005762,2026-04-21 11:05:14,App,Residencial,Varejo,Sudeste,Android,Coleta_Dados_Sinistro,Abandonado,,,"8490,76"
CVX-004471,2026-04-21 11:10:44,WhatsApp,Auto,Premium,Centro-Oeste,Android,Confirmacao_Protocolo,Resolvido_Bot,"4,8",5,"5388,52"
CVX-005355,2026-04-21 11:13:32,App,Auto,Varejo,Sudeste,iOS,Validacao_Apolice,Escalado_Humano,"15,3",4,
CVX-001692,2026-04-21 11:35:47,WhatsApp,Auto,Premium,Sudeste,Android,Coleta_Dados_Sinistro,Escalado_Humano,10,4,"18145,97"
CVX-002596,2026-04-21 11:36:37,WhatsApp,Auto,Corporativo,Sudeste,Android,Validacao_Apolice,Escalado_Humano,"31,5",2,
CVX-001564,2026-04-21 11:49:49,WhatsApp,Vida,Varejo,Sul,Android,Coleta_Dados_Sinistro,Escalado_Humano,"42,8",3,"54454,42"
CVX-005994,2026-04-21 12:01:17,WhatsApp,Vida,Corporativo,Nordeste,Android,Confirmacao_Protocolo,Resolvido_Bot,"3,7",,"64845,87"
CVX-004069,2026-04-21 12:05:27,WhatsApp,Residencial,Varejo,Nordeste,Android,Confirmacao_Protocolo,Resolvido_Bot,"11,3",3,300
CVX-006937,2026-04-21 12:07:00,WhatsApp,Auto,Varejo,Sudeste,Android,Confirmacao_Protocolo,Resolvido_Bot,"12,5",5,"5932,18"
CVX-006993,2026-04-21 12:11:10,WhatsApp,Auto,Corporativo,Nordeste,Android,Inicio_Saudacao,Abandonado,,,
CVX-004444,2026-04-21 12:15:41,WhatsApp,Auto,Varejo,Sul,iOS,Confirmacao_Protocolo,Resolvido_Bot,"6,7",5,"1361,82"
CVX-000577,2026-04-21 12:17:45,WhatsApp,Auto,Varejo,Nordeste,Android,Confirmacao_Protocolo,Resolvido_Bot,"11,1",3,"9723,87"
CVX-003930,2026-04-21 12:47:33,WhatsApp,Auto,Varejo,Centro-Oeste,Android,Validacao_Apolice,ESCALADO HUMANO,"41,4",4,
CVX-001913,2026-04-21 12:53:30,App,Auto,Premium,Sul,iOS,Coleta_Dados_Sinistro,Abandonado,,,"6009,12"
CVX-000554,2026-04-21 13:06:05,WhatsApp,Auto,Varejo,Norte,iOS,Validacao_Apolice,Escalado_Humano,"39,2",5,
CVX-004100,2026-04-21 13:06:31,WhatsApp,Vida,Varejo,Nordeste,Android,Confirmacao_Protocolo,Resolvido_Bot,"7,2",5,"49055,81"
CVX-003563,2026-04-21 13:12:48,WhatsApp,Auto,Varejo,Sudeste,iOS,Confirmacao_Protocolo,Resolvido_Bot,"12,8",5,"8149,81"
CVX-004735,2026-04-21 13:18:01,WhatsApp,Residencial,Varejo,Sudeste,iOS,Confirmacao_Protocolo,Resolvido_Bot,"12,3",3,"20529,78"
CVX-003732,2026-04-21 14:08:55,WhatsApp,Auto,Corporativo,Norte,iOS,Upload_Fotos_Documentos,Escalado_Humano,"46,6",3,"14395,4"
CVX-006037,2026-04-21 14:17:51,WhatsApp,Auto,Varejo,Sudeste,Android,Confirmacao_Protocolo,Resolvido_Bot,"9,8",4,"3790,14"
CVX-006763,2026-04-21 14:26:11,WhatsApp,Residencial,Varejo,Sul,Android,Analise_Automatica,Escalado_Humano,"24,5",5,"7222,47"
CVX-006342,2026-04-21 14:32:54,WhatsApp,Auto,Varejo,Sudeste,iOS,Confirmacao_Protocolo,Resolvido_Bot,"7,7",,"8001,78"
CVX-005214,2026-04-21 14:35:18,WhatsApp,Auto,Varejo,Nordeste,iOS,Confirmacao_Protocolo,Resolvido_Bot,"11,1",4,"7710,16"
CVX-001955,2026-04-21 14:38:18,WhatsApp,Residencial,Varejo,Sudeste,Android,Validacao_Apolice,escalado_humano,"35,5",2,
CVX-003404,2026-04-21 15:08:37,WhatsApp,Residencial,Premium,Sudeste,Android,Confirmacao_Protocolo,Resolvido_Bot,"7,4",5,300
CVX-005351,2026-04-21 15:13:48,WhatsApp,Auto,Varejo,Nordeste,Android,Coleta_Dados_Sinistro,ESCALADO HUMANO,"36,5",,"6919,8"
CVX-001447,2026-04-21 15:20:28,WhatsApp,Residencial,Varejo,Norte,iOS,Confirmacao_Protocolo,Resolvido_Bot,"10,2",4,"7127,64"
CVX-006754,2026-04-21 15:21:04,WhatsApp,Auto,Premium,Sudeste,Android,Validacao_Apolice,Escalado_Humano,"46,4",5,
CVX-001649,2026-04-21 15:24:12,WhatsApp,Auto,Premium,Sudeste,Android,Upload_Fotos_Documentos,Abandonado,,,"13767,45"
CVX-006626,2026-04-21 15:26:30,App,Auto,Varejo,Centro-Oeste,Android,Analise_Automatica,Escalado_Humano,"34,8",4,"6696,8"
CVX-005486,2026-04-21 15:29:26,WhatsApp,Vida,Varejo,Nordeste,Android,Confirmacao_Protocolo,Resolvido_Bot,"10,9",4,"53037,77"
CVX-004981,2026-04-21 15:49:58,WhatsApp,Vida,Varejo,Nordeste,iOS,Upload_Fotos_Documentos,Abandonado,,,"52647,67"
CVX-005604,2026-04-21 15:53:52,WhatsApp,Residencial,Premium,Sul,iOS,Confirmacao_Protocolo,Resolvido_Bot,"12,1",4,"15881,6"
CVX-000420,2026-04-21 16:06:13,WhatsApp,Auto,Varejo,Nordeste,Android,Confirmacao_Protocolo,Resolvido_Bot,"13,5",5,"6279,91"
CVX-005798,2026-04-21 17:00:29,App,Auto,Varejo,Sul,Android,Confirmacao_Protocolo,Resolvido_Bot,"4,8",,"4374,29"
CVX-006928,2026-04-21 17:09:54,WhatsApp,Auto,Varejo,Nordeste,Android,Coleta_Dados_Sinistro,Abandonado,,,"7598,18"
CVX-005729,2026-04-21 17:12:17,WhatsApp,Vida,Varejo,Nordeste,Android,Confirmacao_Protocolo,Resolvido_Bot,"10,1",4,"48761,91"
CVX-000866,2026-04-21 17:18:05,App,Auto,Premium,Sudeste,iOS,Inicio_Saudacao,Abandonado,,,
CVX-001057,2026-04-21 17:18:10,WhatsApp,Residencial,Premium,Sudeste,Android,Validacao_Apolice,Escalado_Humano,"46,3",,
CVX-000695,2026-04-21 17:33:22,WhatsApp,Auto,Premium,Nordeste,Android,Upload_Fotos_Documentos,Abandonado,,,"7884,3"
CVX-004157,2026-04-21 17:43:38,App,Auto,Premium,Sudeste,Android,Confirmacao_Protocolo,Resolvido_Bot,"11,6",5,"14810,38"
CVX-002525,2026-04-21 17:45:07,WhatsApp,Vida,Premium,Sudeste,Android,Confirmacao_Protocolo,Resolvido_Bot,"8,1",4,"32511,05"
CVX-005707,2026-04-21 17:46:53,App,Auto,Varejo,Centro-Oeste,Android,Upload_Fotos_Documentos,Escalado_Humano,"23,7",,10474
CVX-006293,2026-04-21 17:57:05,WhatsApp,Residencial,Premium,Sudeste,iOS,Upload_Fotos_Documentos,Escalado_Humano,"18,6",3,"8137,79"
CVX-001875,2026-04-21 18:03:15,WhatsApp,Auto,Premium,Sudeste,Android,Confirmacao_Protocolo,resolvido_bot,"8,7",5,"11423,02"
CVX-003478,2026-04-21 18:12:16,App,Residencial,Premium,Sudeste,iOS,Confirmacao_Protocolo,Resolvido_Bot,"8,5",2,"8110,82"
CVX-006442,2026-04-21 18:26:15,WhatsApp,Residencial,Varejo,Sul,Android,Confirmacao_Protocolo,Resolvido_Bot,"8,9",4,"17356,6"
CVX-005657,2026-04-21 18:55:57,WhatsApp,Auto,Varejo,Sul,iOS,Validacao_Apolice,Escalado_Humano,"39,1",3,
CVX-004830,2026-04-21 19:10:57,WhatsApp,Auto,Varejo,Sudeste,Android,Confirmacao_Protocolo,Resolvido_Bot,"11,3",4,"10060,51"
CVX-001034,2026-04-21 19:18:54,WhatsApp,Vida,Premium,Sudeste,iOS,Validacao_Apolice,Escalado_Humano,"38,7",,
CVX-006960,2026-04-21 19:38:59,WhatsApp,Residencial,Varejo,Sudeste,Android,Confirmacao_Protocolo,Resolvido_Bot,"9,1",,"11417,49"
CVX-001082,2026-04-21 20:18:18,WhatsApp,Residencial,Varejo,Sul,iOS,Validacao_Apolice,Escalado_Humano,"44,6",4,
CVX-003076,2026-04-21 20:20:09,WhatsApp,Auto,Premium,Sul,Android,Confirmacao_Protocolo,Resolvido_Bot,"12,1",5,"10235,3"
CVX-001601,2026-04-21 20:34:36,WhatsApp,Auto,Varejo,Sudeste,iOS,Confirmacao_Protocolo,Resolvido_Bot,"7,3",,"9386,71"
CVX-004030,2026-04-21 20:39:53,WhatsApp,Residencial,Varejo,Nordeste,Android,Validacao_Apolice,Abandonado,,,
CVX-000101,2026-04-21 20:44:15,WhatsApp,Auto,Varejo,Sudeste,Android,Confirmacao_Protocolo,Resolvido_Bot,"9,6",3,"10592,1"
CVX-000854,2026-04-21 20:54:16,WhatsApp,Auto,Varejo,Nordeste,Android,Confirmacao_Protocolo,Resolvido_Bot,"7,4",4,"13345,56"
CVX-003159,2026-04-22 8:06:56,WhatsApp,Auto,Premium,Sudeste,Android,Validacao_Apolice,Escalado_Humano,"24,8",4,
CVX-000677,2026-04-22 8:23:32,WhatsApp,Auto,Varejo,Norte,Android,Confirmacao_Protocolo,Resolvido_Bot,"9,7",4,"11831,49"
CVX-003378,2026-04-22 8:24:54,WhatsApp,Vida,Premium,Nordeste,Android,Upload_Fotos_Documentos,Abandonado,,,"5964,52"
CVX-006501,2026-04-22 8:30:31,WhatsApp,Residencial,Premium,Sudeste,Android,Confirmacao_Protocolo,Resolvido_Bot,"6,9",5,"9664,43"
CVX-005739,2026-04-22 9:10:42,WhatsApp,Vida,Varejo,Sul,Android,Confirmacao_Protocolo,Resolvido_Bot,"7,7",4,"43111,47"
CVX-001398,2026-04-22 9:26:52,WhatsApp,Vida,Corporativo,Sudeste,iOS,Confirmacao_Protocolo,Resolvido_Bot,"12,8",4,"63824,72"
CVX-000585,2026-04-22 9:41:16,WhatsApp,Vida,Premium,Nordeste,Android,Validacao_Apolice,Escalado_Humano,"43,3",4,
CVX-003882,2026-04-22 9:47:53,WhatsApp,Residencial,Premium,Sudeste,Android,Confirmacao_Protocolo,Resolvido_Bot,"9,2",5,"16307,36"
CVX-005021,2026-04-22 10:04:52,WhatsApp,Auto,Varejo,Norte,iOS,Confirmacao_Protocolo,Resolvido_Bot,"8,8",4,"10024,69"
CVX-003585,2026-04-22 10:17:16,WhatsApp,Residencial,Corporativo,Sudeste,Android,Confirmacao_Protocolo,Resolvido_Bot,"10,5",,"8925,04"
CVX-003243,2026-04-22 10:20:34,WhatsApp,Auto,Varejo,Sul,Android,Coleta_Dados_Sinistro,Abandonado,,,11014
CVX-001701,2026-04-22 11:19:59,WhatsApp,Residencial,Premium,Sudeste,Android,Confirmacao_Protocolo,Resolvido_Bot,7,5,"3977,59"
CVX-000782,2026-04-22 11:23:25,WhatsApp,Auto,Corporativo,Nordeste,Android,Upload_Fotos_Documentos,Escalado_Humano,"38,2",,"9572,72"
CVX-004732,2026-04-22 11:24:48,App,Auto,Premium,Centro-Oeste,iOS,Confirmacao_Protocolo,Resolvido_Bot,"7,6",,"9495,81"
CVX-000974,2026-04-22 11:26:10,WhatsApp,Auto,Varejo,Nordeste,Android,Validacao_Apolice,Abandonado,,,
CVX-004109,2026-04-22 11:34:57,WhatsApp,Auto,Varejo,Sudeste,Android,Confirmacao_Protocolo,resolvido_bot,"10,8",4,"7830,38"
CVX-004407,2026-04-22 11:59:26,WhatsApp,Auto,Varejo,Sudeste,Android,Validacao_Apolice,Escalado_Humano,"44,9",3,
CVX-004647,2026-04-22 12:17:44,App,Residencial,Varejo,Nordeste,Android,Analise_Automatica,Abandonado,,,"5503,34"
CVX-005269,2026-04-22 12:18:07,WhatsApp,Auto,Varejo,Sudeste,Android,Validacao_Apolice,ESCALADO HUMANO,"34,3",,
CVX-003090,2026-04-22 12:26:41,WhatsApp,Auto,Varejo,Sudeste,Android,Upload_Fotos_Documentos,Abandonado,,,"12940,6"
CVX-002320,2026-04-22 12:28:55,WhatsApp,Vida,Varejo,Nordeste,Android,Upload_Fotos_Documentos,Escalado_Humano,33,,"49420,03"
CVX-006649,2026-04-22 12:32:57,WhatsApp,Auto,Varejo,Sudeste,Android,Confirmacao_Protocolo,Resolvido_Bot,"11,7",3,"9044,48"
CVX-004763,2026-04-22 12:39:16,WhatsApp,Residencial,Premium,Sul,Android,Validacao_Apolice,Escalado_Humano,"36,5",4,
CVX-001665,2026-04-22 12:41:18,WhatsApp,Residencial,Premium,Sudeste,Android,Upload_Fotos_Documentos,abandono,,,9495
CVX-003049,2026-04-22 12:41:41,WhatsApp,Residencial,Varejo,Nordeste,Android,Validacao_Apolice,Abandonado,,,
CVX-001007,2026-04-22 12:46:07,WhatsApp,Residencial,Varejo,Norte,Android,Confirmacao_Protocolo,Resolvido_Bot,"8,4",5,"10070,54"
CVX-000402,2026-04-22 12:51:57,WhatsApp,Auto,Varejo,Sudeste,Android,Coleta_Dados_Sinistro,Escalado_Humano,"40,4",,"3867,64"
CVX-004919,2026-04-22 12:57:48,WhatsApp,Auto,Varejo,Centro-Oeste,Android,Analise_Automatica,Abandonado,,,"6792,51"
CVX-004185,2026-04-22 12:59:29,WhatsApp,Auto,Premium,Sul,Android,Confirmacao_Protocolo,Resolvido_Bot,"7,1",4,"11768,83"
CVX-004783,2026-04-22 13:22:32,App,Auto,Varejo,Sudeste,Android,Upload_Fotos_Documentos,Escalado_Humano,42,5,"7486,94"
CVX-002527,2026-04-22 13:27:01,WhatsApp,Auto,Premium,Sudeste,iOS,Confirmacao_Protocolo,Resolvido_Bot,"12,5",4,"11263,08"
CVX-005232,2026-04-22 13:41:28,WhatsApp,Vida,Varejo,Nordeste,iOS,Validacao_Apolice,Escalado_Humano,32,4,
CVX-004330,2026-04-22 14:23:09,App,Auto,Varejo,Sudeste,Android,Upload_Fotos_Documentos,Escalado_Humano,"30,6",4,"9860,03"
CVX-003515,2026-04-22 14:23:24,WhatsApp,Vida,Corporativo,Nordeste,iOS,Confirmacao_Protocolo,Resolvido_Bot,8,4,"50086,68"
CVX-002762,2026-04-22 14:27:25,WhatsApp,Auto,Varejo,Norte,Android,Analise_Automatica,Abandonado,,,"5223,1"
CVX-005065,2026-04-22 14:28:20,WhatsApp,Residencial,Varejo,Sudeste,Android,Confirmacao_Protocolo,Resolvido_Bot,"10,4",4,"17565,34"
CVX-002909,2026-04-22 14:33:01,WhatsApp,Residencial,Varejo,Nordeste,Android,Upload_Fotos_Documentos,Abandonado,,,"14517,22"
CVX-003092,2026-04-22 14:33:21,WhatsApp,Auto,Premium,Centro-Oeste,Android,Analise_Automatica,Abandonado,,,"7626,14"
CVX-000503,2026-04-22 14:39:08,App,Vida,Premium,Sudeste,Android,Confirmacao_Protocolo,Resolvido_Bot,"9,8",,"43684,68"
CVX-004386,2026-04-22 14:45:44,WhatsApp,Auto,Premium,Sudeste,Android,Confirmacao_Protocolo,Resolvido_Bot,"9,7",3,"9923,82"
CVX-006149,2026-04-22 14:52:10,WhatsApp,Auto,Premium,Sul,Android,Confirmacao_Protocolo,Resolvido_Bot,"11,5",4,"11773,15"
CVX-006071,2026-04-22 14:57:49,WhatsApp,Vida,Corporativo,Sudeste,Android,Confirmacao_Protocolo,Resolvido_bot ,"12,7",4,"57567,31"
CVX-003202,2026-04-22 14:58:20,WhatsApp,Vida,Varejo,Norte,iOS,Validacao_Apolice,Abandonado,,,
CVX-003383,2026-04-22 15:24:41,WhatsApp,Residencial,Varejo,Sul,Android,Analise_Automatica,Escalado_Humano,"43,1",4,"5495,11"
CVX-004662,2026-04-22 16:06:36,WhatsApp,Residencial,Premium,Norte,Android,Analise_Automatica,Escalado_Humano,"54,4",,"17186,7"
CVX-000765,2026-04-22 16:11:20,WhatsApp,Auto,Varejo,Sudeste,Android,Confirmacao_Protocolo,Resolvido_Bot,"2,4",,"6031,98"
CVX-004989,2026-04-22 16:40:14,WhatsApp,Residencial,Varejo,Sul,iOS,Confirmacao_Protocolo,Resolvido_Bot,"11,7",4,"7102,51"
CVX-006352,2026-04-22 16:55:38,WhatsApp,Auto,Varejo,Sul,iOS,Validacao_Apolice,Abandonado,,,
CVX-006434,2026-04-22 17:00:56,WhatsApp,Residencial,Premium,Sudeste,iOS,Upload_Fotos_Documentos,Escalado_Humano,"40,1",5,"13305,8"
CVX-005526,2026-04-22 17:34:36,App,Auto,Corporativo,Nordeste,Android,Analise_Automatica,Escalado_Humano,53,,"2320,13"
CVX-003203,2026-04-22 17:54:20,WhatsApp,Auto,Varejo,Sudeste,iOS,Confirmacao_Protocolo,Resolvido_bot ,"13,5",5,"13106,24"
CVX-000986,2026-04-22 17:54:32,WhatsApp,Auto,Varejo,Sul,Android,Confirmacao_Protocolo,Resolvido_Bot,"6,4",4,"7894,73"
CVX-002954,2026-04-22 18:18:59,WhatsApp,Auto,Varejo,Sudeste,Android,Confirmacao_Protocolo,Resolvido_Bot,"12,9",,"11062,72"
CVX-000162,2026-04-22 18:31:03,WhatsApp,Auto,Premium,Centro-Oeste,Android,Coleta_Dados_Sinistro,Escalado_Humano,"17,3",5,"7997,14"
CVX-002960,2026-04-22 18:32:20,WhatsApp,Vida,Varejo,Sul,Android,Validacao_Apolice,Escalado_Humano,"28,2",3,
CVX-005129,2026-04-22 18:40:22,WhatsApp,Auto,Varejo,Nordeste,Android,Confirmacao_Protocolo,Resolvido_Bot,"12,1",,"10917,48"
CVX-005328,2026-04-22 18:51:06,App,Auto,Premium,Sudeste,iOS,Confirmacao_Protocolo,Resolvido_Bot,"12,1",4,"9356,34"
CVX-004980,2026-04-22 19:45:38,WhatsApp,Auto,Premium,Sudeste,Android,Confirmacao_Protocolo,Resolvido_Bot,8,,"10988,11"
CVX-001829,2026-04-22 19:58:03,WhatsApp,Auto,Premium,Nordeste,Android,Confirmacao_Protocolo,Resolvido_Bot,"6,1",4,"9812,75"
CVX-005318,2026-04-22 20:06:18,WhatsApp,Auto,Varejo,Centro-Oeste,Android,Confirmacao_Protocolo,Resolvido_Bot,"11,8",5,"7218,7"
CVX-000265,2026-04-22 20:10:36,WhatsApp,Auto,Varejo,Centro-Oeste,Android,Upload_Fotos_Documentos,Abandonado,,,"9393,56"
CVX-005597,2026-04-22 20:15:58,WhatsApp,Residencial,Varejo,Sudeste,iOS,Confirmacao_Protocolo,Resolvido_Bot,"11,1",5,"18624,22"
CVX-001760,2026-04-22 20:19:45,WhatsApp,Auto,Varejo,Sul,Android,Upload_Fotos_Documentos,Abandonado,,,"11908,3"
CVX-006256,2026-04-22 20:21:06,WhatsApp,Vida,Varejo,Nordeste,iOS,Validacao_Apolice,Abandonado,,,
CVX-002215,2026-04-22 20:22:48,WhatsApp,Auto,Varejo,Sul,Android,Confirmacao_Protocolo,Resolvido_Bot,"2,1",,"3721,6"
CVX-000321,2026-04-22 20:53:36,App,Residencial,Premium,Sul,Android,Coleta_Dados_Sinistro,Escalado_humano,"51,3",2,"11641,26"
CVX-001948,2026-04-23 8:11:00,WhatsApp,Auto,Premium,Sul,Android,Confirmacao_Protocolo,Resolvido_Bot,"7,3",5,"7453,97"
CVX-004755,2026-04-23 8:17:12,WhatsApp,Residencial,Varejo,Nordeste,Android,Validacao_Apolice,Escalado_Humano,"25,8",5,
CVX-002190,2026-04-23 8:34:47,WhatsApp,Auto,Premium,Nordeste,Android,Upload_Fotos_Documentos,Abandonado,,,"8990,23"
CVX-001285,2026-04-23 8:42:00,WhatsApp,Auto,Premium,Sul,iOS,Validacao_Apolice,Escalado_Humano,"39,7",3,
CVX-001986,2026-04-23 9:13:16,WhatsApp,Vida,Varejo,Sudeste,Android,Validacao_Apolice,Escalado_Humano,"50,1",3,
CVX-005764,2026-04-23 9:35:39,WhatsApp,Auto,Varejo,Sudeste,Android,Validacao_Apolice,Abandonado,,,
CVX-002134,2026-04-23 9:39:26,WhatsApp,Auto,Corporativo,Sudeste,iOS,Upload_Fotos_Documentos,ABANDONADO ,,,"11242,07"
CVX-000293,2026-04-23 9:55:05,WhatsApp,Auto,Corporativo,Sudeste,Android,Validacao_Apolice,Escalado_Humano,"35,7",4,
CVX-002494,2026-04-23 10:00:39,WhatsApp,Auto,Premium,Nordeste,Android,Coleta_Dados_Sinistro,Abandonado,,,"657,12"
CVX-004760,2026-04-23 10:14:12,WhatsApp,Auto,Varejo,Sudeste,Android,Confirmacao_Protocolo,Resolvido_Bot,"4,8",5,"6008,73"
CVX-003205,2026-04-23 10:36:58,WhatsApp,Residencial,Varejo,Nordeste,Android,Coleta_Dados_Sinistro,Escalado_Humano,"55,2",5,"21544,52"
CVX-002146,2026-04-23 10:57:07,App,Residencial,Premium,Nordeste,iOS,Confirmacao_Protocolo,Resolvido_Bot,"10,8",4,"10940,52"
CVX-006897,2026-04-23 10:58:08,WhatsApp,Auto,Premium,Sul,Android,Upload_Fotos_Documentos,escalado_humano,"28,8",4,"12274,35"
CVX-006543,2026-04-23 11:04:54,WhatsApp,Residencial,Varejo,Sudeste,Android,Coleta_Dados_Sinistro,Escalado_Humano,"47,6",4,"9194,78"
CVX-002580,2026-04-23 11:14:50,App,Auto,Varejo,Sul,Android,Upload_Fotos_Documentos,Abandonado,,,"1483,33"
CVX-002044,2026-04-23 11:25:37,WhatsApp,Residencial,Varejo,Nordeste,Android,Confirmacao_Protocolo,Resolvido_Bot,"12,7",4,"12156,83"
CVX-005455,2026-04-23 11:34:25,WhatsApp,Residencial,Corporativo,Sul,Android,Inicio_Saudacao,Abandonado,,,
CVX-002410,2026-04-23 11:54:11,WhatsApp,Auto,Premium,Sul,iOS,Confirmacao_Protocolo,Resolvido_Bot,"8,2",4,"12110,71"
CVX-002116,2026-04-23 11:57:36,WhatsApp,Auto,Varejo,Nordeste,iOS,Inicio_Saudacao,Abandonado,,,
CVX-002624,2026-04-23 12:06:36,App,Residencial,Varejo,Sudeste,iOS,Confirmacao_Protocolo,Resolvido_Bot,"7,8",4,"7946,92"
CVX-003759,2026-04-23 12:27:35,WhatsApp,Auto,Varejo,Sudeste,Android,Confirmacao_Protocolo,Resolvido_Bot,"4,1",5,"7738,68"
CVX-006029,2026-04-23 12:32:33,WhatsApp,Residencial,Premium,Sul,iOS,Analise_Automatica,Abandonado,,,"19399,76"
CVX-003396,2026-04-23 12:39:38,WhatsApp,Residencial,Varejo,Nordeste,iOS,Coleta_Dados_Sinistro,Escalado_Humano,"48,1",,"18915,47"
CVX-004086,2026-04-23 12:44:34,WhatsApp,Auto,Varejo,Norte,iOS,Confirmacao_Protocolo,Resolvido_Bot,"8,9",4,"5340,92"
CVX-003924,2026-04-23 12:52:40,App,Residencial,Varejo,Sudeste,Android,Validacao_Apolice,Escalado_Humano,"42,1",,
CVX-003429,2026-04-23 13:00:54,WhatsApp,Auto,Varejo,Sudeste,Android,Upload_Fotos_Documentos,Abandonado,,,"5734,99"
CVX-005208,2026-04-23 13:05:47,App,Auto,Varejo,Sudeste,Android,Confirmacao_Protocolo,Resolvido_Bot,"10,3",,"13768,01"
CVX-005561,2026-04-23 13:16:44,WhatsApp,Auto,Varejo,Nordeste,Android,Confirmacao_Protocolo,Resolvido_Bot,"12,8",3,"8414,29"
CVX-003200,2026-04-23 13:20:11,WhatsApp,Residencial,Premium,Sudeste,Android,Validacao_Apolice,Escalado_Humano,"18,6",3,
CVX-001250,2026-04-23 13:25:31,WhatsApp,Auto,Varejo,Nordeste,iOS,Upload_Fotos_Documentos,Abandonado,,,"5272,46"
CVX-000758,2026-04-23 13:32:07,WhatsApp,Auto,Varejo,Sul,iOS,Confirmacao_Protocolo,Resolvido_Bot,"2,8",3,"7876,36"
CVX-000219,2026-04-23 13:43:06,WhatsApp,Auto,Varejo,Sul,Android,Analise_Automatica,Escalado_Humano,57,3,"13757,7"
CVX-000361,2026-04-23 13:48:18,WhatsApp,Vida,Premium,Sudeste,iOS,Confirmacao_Protocolo,Resolvido_Bot,"11,6",,"73199,26"
CVX-000012,2026-04-23 13:54:28,WhatsApp,Auto,Premium,Sudeste,iOS,Coleta_Dados_Sinistro,Abandonado,,,"16382,24"
CVX-001946,2026-04-23 14:49:27,WhatsApp,Residencial,Varejo,Sudeste,Android,Confirmacao_Protocolo,Resolvido_Bot,"10,4",5,"14124,87"
CVX-001306,2026-04-23 14:52:01,WhatsApp,Auto,Varejo,Sudeste,Android,Validacao_Apolice,Escalado_Humano,"47,6",,
CVX-005390,2026-04-23 15:08:46,WhatsApp,Auto,Premium,Nordeste,Android,Confirmacao_Protocolo,Resolvido_Bot,"9,7",5,"5315,88"
CVX-002066,2026-04-23 15:20:24,WhatsApp,Residencial,Varejo,Nordeste,Android,Confirmacao_Protocolo,Resolvido_Bot,9,,"22903,41"
CVX-002656,2026-04-23 15:23:03,WhatsApp,Residencial,Premium,Nordeste,Android,Coleta_Dados_Sinistro,Abandonado,,,"16642,9"
CVX-000631,2026-04-23 15:35:16,WhatsApp,Residencial,Varejo,Sudeste,iOS,Confirmacao_Protocolo,Resolvido_Bot,"9,4",,14184
CVX-002218,2026-04-23 15:48:40,WhatsApp,Vida,Varejo,Centro-Oeste,Android,Validacao_Apolice,Abandonado,,,
CVX-003042,2026-04-23 16:01:38,App,Auto,Varejo,Sul,iOS,Confirmacao_Protocolo,Resolvido_Bot,"16,7",,"5621,11"
CVX-000591,2026-04-23 16:09:29,WhatsApp,Residencial,Varejo,Centro-Oeste,Android,Upload_Fotos_Documentos,Abandonado,,,"8526,45"
CVX-005116,2026-04-23 16:18:52,WhatsApp,Residencial,Premium,Nordeste,Android,Confirmacao_Protocolo,Resolvido_Bot,"8,7",4,"9145,05"
CVX-001083,2026-04-23 16:27:18,WhatsApp,Auto,Varejo,Norte,Android,Coleta_Dados_Sinistro,Abandonado,,,"10429,94"
CVX-005144,2026-04-23 16:30:28,WhatsApp,Vida,Varejo,Nordeste,iOS,Coleta_Dados_Sinistro,Abandonado,,,"34275,8"
CVX-001557,2026-04-23 16:37:24,WhatsApp,Residencial,Premium,Centro-Oeste,Android,Confirmacao_Protocolo,Resolvido_Bot,"13,3",4,"11155,78"
CVX-005429,2026-04-23 16:48:56,WhatsApp,Auto,Varejo,Sul,iOS,Upload_Fotos_Documentos,Abandonado,,,"10569,06"
CVX-000226,2026-04-23 16:49:42,App,Residencial,Varejo,Sul,iOS,Confirmacao_Protocolo,Resolvido_Bot,"9,8",5,"13576,97"
CVX-002820,2026-04-23 16:51:11,WhatsApp,Auto,Varejo,Sudeste,Android,Upload_Fotos_Documentos,Abandonado,,,"8049,96"
CVX-005356,2026-04-23 17:06:25,App,Auto,Premium,Sul,iOS,Confirmacao_Protocolo,Resolvido_Bot,"2,3",4,"8261,77"
CVX-006160,2026-04-23 17:16:43,WhatsApp,Residencial,Varejo,Sul,iOS,Validacao_Apolice,Abandonado,,,
CVX-000995,2026-04-23 17:23:34,WhatsApp,Auto,Varejo,Sudeste,iOS,Confirmacao_Protocolo,Resolvido_Bot,"9,8",,300
CVX-003786,2026-04-23 17:46:32,WhatsApp,Auto,Varejo,Sudeste,iOS,Confirmacao_Protocolo,Resolvido_Bot,"11,4",4,"6643,33"
CVX-001431,2026-04-23 17:53:15,WhatsApp,Vida,Varejo,Nordeste,Android,Upload_Fotos_Documentos,Escalado_Humano,"21,5",5,"65641,27"
CVX-001312,2026-04-23 17:54:10,WhatsApp,Residencial,Varejo,Sudeste,Android,Confirmacao_Protocolo,resolvido_bot,"10,7",4,"17529,71"
CVX-001950,2026-04-23 18:08:20,WhatsApp,Vida,Premium,Sudeste,iOS,Validacao_Apolice,Escalado_Humano,"40,7",3,
CVX-003479,2026-04-23 18:12:19,App,Auto,Varejo,Sudeste,Android,Confirmacao_Protocolo,Resolvido_Bot,12,4,"5204,39"
CVX-004602,2026-04-23 18:14:41,WhatsApp,Auto,Varejo,Sudeste,Android,Validacao_Apolice,Escalado_Humano,54,3,
CVX-000132,2026-04-23 18:31:57,WhatsApp,Residencial,Premium,Sudeste,Android,Confirmacao_Protocolo,Resolvido_Bot,"5,4",4,"11232,1"
CVX-004013,2026-04-23 18:35:47,WhatsApp,Vida,Varejo,Sudeste,iOS,Validacao_Apolice,Escalado_Humano,"59,7",4,
CVX-002869,2026-04-23 19:07:23,WhatsApp,Vida,Varejo,Nordeste,iOS,Analise_Automatica,Escalado_Humano,"59,2",,"41837,83"
CVX-003558,2026-04-23 19:15:45,WhatsApp,Auto,Varejo,Sudeste,Android,Analise_Automatica,Escalado_Humano,60,3,"12852,08"
CVX-000431,2026-04-23 19:17:40,WhatsApp,Auto,Corporativo,Sudeste,Android,Confirmacao_Protocolo,Resolvido_Bot,"11,1",5,"9217,05"
CVX-003889,2026-04-23 19:21:28,WhatsApp,Residencial,Premium,Sudeste,Android,Inicio_Saudacao,Abandonado,,,
CVX-003895,2026-04-23 19:45:33,WhatsApp,Auto,Premium,Centro-Oeste,iOS,Confirmacao_Protocolo,Resolvido_Bot,"6,1",4,"12766,24"
CVX-006292,2026-04-23 19:58:14,WhatsApp,Auto,Varejo,Sudeste,Android,Analise_Automatica,Escalado_Humano,"40,3",3,"6079,71"
CVX-002902,2026-04-23 20:14:41,WhatsApp,Residencial,Varejo,Sudeste,Android,Confirmacao_Protocolo,Resolvido_Bot,"13,4",5,"20151,02"
CVX-002974,2026-04-23 20:14:43,WhatsApp,Vida,Varejo,Sul,iOS,Inicio_Saudacao,Abandonado,,,
CVX-001821,2026-04-23 20:16:16,WhatsApp,Auto,Corporativo,Centro-Oeste,Android,Analise_Automatica,Abandonado,,,"4094,31"
CVX-002420,2026-04-23 20:29:31,WhatsApp,Vida,Corporativo,Sul,Android,Validacao_Apolice,Abandonado,,,
CVX-001638,2026-04-23 20:38:47,WhatsApp,Residencial,Varejo,Sul,Android,Confirmacao_Protocolo,Resolvido_Bot,"6,5",3,"11992,87"
CVX-004044,2026-04-23 20:54:24,App,Auto,Corporativo,Sul,Android,Coleta_Dados_Sinistro,Escalado_Humano,45,4,"2032,42"
CVX-006885,2026-04-24 8:01:45,WhatsApp,Residencial,Varejo,Sudeste,Android,Upload_Fotos_Documentos,Abandonado,,,"19411,74"
CVX-000340,2026-04-24 8:17:00,WhatsApp,Residencial,Varejo,Sudeste,iOS,Upload_Fotos_Documentos,Escalado_Humano,"29,6",3,"7018,99"
CVX-003181,2026-04-24 8:17:56,WhatsApp,Residencial,Varejo,Sudeste,Android,Confirmacao_Protocolo,Resolvido_Bot,"11,6",,"495,94"
CVX-005089,2026-04-24 8:20:54,WhatsApp,Auto,Varejo,Sul,Android,Confirmacao_Protocolo,Resolvido_Bot,"9,8",5,"8051,53"
CVX-000191,2026-04-24 8:27:32,App,Auto,Premium,Sudeste,Android,Confirmacao_Protocolo,Resolvido_Bot,"9,7",4,"3431,58"
CVX-006247,2026-04-24 8:38:41,WhatsApp,Auto,Varejo,Norte,Android,Upload_Fotos_Documentos,Abandonado,,,"8797,36"
CVX-005425,2026-04-24 8:54:38,WhatsApp,Auto,Premium,Sul,iOS,Confirmacao_Protocolo,Resolvido_Bot,"11,1",,"3842,38"
CVX-003783,2026-04-24 9:03:20,WhatsApp,Vida,Varejo,Sul,Android,Inicio_Saudacao,Abandonado,,,
CVX-003457,2026-04-24 9:25:30,WhatsApp,Auto,Varejo,Sudeste,Android,Confirmacao_Protocolo,Resolvido_Bot,"12,9",4,"2341,57"
CVX-001586,2026-04-24 10:17:56,WhatsApp,Auto,Varejo,Nordeste,Android,Validacao_Apolice,Escalado_Humano,"43,2",4,
CVX-002202,2026-04-24 10:35:15,WhatsApp,Residencial,Varejo,Norte,iOS,Confirmacao_Protocolo,Resolvido_Bot,"11,4",3,"18244,6"
CVX-004914,2026-04-24 10:39:33,WhatsApp,Vida,Varejo,Sudeste,iOS,Inicio_Saudacao,Abandonado,,,
CVX-003312,2026-04-24 10:42:13,WhatsApp,Vida,Varejo,Sul,iOS,Coleta_Dados_Sinistro,Escalado_Humano,"45,7",,"35123,39"
CVX-004622,2026-04-24 10:56:55,WhatsApp,Vida,Corporativo,Nordeste,iOS,Upload_Fotos_Documentos,Abandonado,,,"55508,44"
CVX-002856,2026-04-24 11:02:30,WhatsApp,Auto,Varejo,Sudeste,Android,Validacao_Apolice,Escalado_Humano,"30,4",4,
CVX-001229,2026-04-24 11:35:33,WhatsApp,Auto,Premium,Sudeste,iOS,Validacao_Apolice,Escalado_Humano,"32,5",5,
CVX-005085,2026-04-24 11:36:17,WhatsApp,Auto,Premium,Sul,Android,Confirmacao_Protocolo,Resolvido_Bot,14,,"6403,55"
CVX-004317,2026-04-24 11:46:06,WhatsApp,Auto,Varejo,Sudeste,iOS,Confirmacao_Protocolo,Resolvido_Bot,4,5,"5407,96"
CVX-001114,2026-04-24 11:53:19,WhatsApp,Vida,Premium,Sudeste,Android,Confirmacao_Protocolo,Resolvido_Bot,"9,2",5,"24324,03"
CVX-001391,2026-04-24 11:53:48,WhatsApp,Auto,Corporativo,Sudeste,Android,Analise_Automatica,Escalado_Humano,"37,1",4,"2022,37"
CVX-003311,2026-04-24 11:54:11,WhatsApp,Residencial,Premium,Sudeste,Android,Validacao_Apolice,Abandonado,,,
CVX-000377,2026-04-24 11:56:06,WhatsApp,Auto,Varejo,Norte,Android,Confirmacao_Protocolo,Resolvido_Bot,"6,4",5,"8968,49"
CVX-003719,2026-04-24 12:10:09,WhatsApp,Residencial,Varejo,Sudeste,Android,Upload_Fotos_Documentos,Escalado_Humano,"32,4",5,"6525,84"
CVX-001286,2026-04-24 12:15:10,WhatsApp,Auto,Premium,Nordeste,Android,Confirmacao_Protocolo,Resolvido_Bot,"9,1",5,"14775,69"
CVX-003809,2026-04-24 12:22:24,WhatsApp,Vida,Varejo,Sudeste,Android,Coleta_Dados_Sinistro,Escalado_Humano,"30,7",3,"39303,29"
CVX-005114,2026-04-24 12:43:25,WhatsApp,Vida,Varejo,Sudeste,iOS,Validacao_Apolice,Escalado_Humano,"42,1",5,
CVX-005565,2026-04-24 12:49:03,WhatsApp,Auto,Premium,Sul,Android,Validacao_Apolice,Escalado_Humano,"57,7",2,
CVX-000468,2026-04-24 12:51:36,App,Residencial,Corporativo,Sul,Android,Validacao_Apolice,Escalado_Humano,"20,9",4,
CVX-001844,2026-04-24 13:07:32,App,Vida,Premium,Nordeste,Android,Upload_Fotos_Documentos,Abandonado,,,"39240,92"
CVX-004332,2026-04-24 13:09:52,WhatsApp,Vida,Premium,Sudeste,Android,Confirmacao_Protocolo,Resolvido_Bot,"9,5",4,"73818,92"
CVX-002888,2026-04-24 13:21:56,WhatsApp,Auto,Varejo,Sudeste,Android,Upload_Fotos_Documentos,Abandonado,,,"8654,75"
CVX-002789,2026-04-24 13:26:28,WhatsApp,Residencial,Premium,Sul,iOS,Upload_Fotos_Documentos,Abandonado,,,"14088,37"
CVX-000955,2026-04-24 13:43:10,WhatsApp,Vida,Varejo,Nordeste,Android,Validacao_Apolice,Escalado_Humano,"32,5",4,
CVX-000235,2026-04-24 13:45:16,WhatsApp,Vida,Varejo,Sudeste,Android,Confirmacao_Protocolo,Resolvido_Bot,"5,8",5,"64261,43"
CVX-001439,2026-04-24 13:56:28,WhatsApp,Auto,Premium,Sul,Android,Validacao_Apolice,Escalado_Humano,"44,6",3,
CVX-004814,2026-04-24 14:22:11,WhatsApp,Residencial,Varejo,Nordeste,Android,Confirmacao_Protocolo,Resolvido_Bot,14,4,"17282,95"
CVX-003731,2026-04-24 14:34:42,App,Auto,Varejo,Sudeste,Android,Confirmacao_Protocolo,Resolvido_Bot,6,4,"12703,98"
CVX-006822,2026-04-24 14:35:16,WhatsApp,Auto,Premium,Sul,Android,Upload_Fotos_Documentos,Abandonado,,,"9920,16"
CVX-001074,2026-04-24 14:35:51,App,Residencial,Premium,Norte,Android,Upload_Fotos_Documentos,Abandonado,,,"7270,4"
CVX-000382,2026-04-24 14:50:46,WhatsApp,Auto,Corporativo,Sul,iOS,Confirmacao_Protocolo,Resolvido_Bot,"6,4",5,"2073,47"
CVX-001471,2026-04-24 14:53:48,WhatsApp,Auto,Varejo,Nordeste,iOS,Confirmacao_Protocolo,Resolvido_Bot,"9,7",,"8091,33"
CVX-002507,2026-04-24 15:54:04,WhatsApp,Residencial,Varejo,Sudeste,Android,Upload_Fotos_Documentos,Abandonado,,,"15664,85"
CVX-005162,2026-04-24 17:16:14,WhatsApp,Auto,Varejo,Centro-Oeste,Android,Confirmacao_Protocolo,Resolvido_Bot,"8,9",4,"8619,95"
CVX-005847,2026-04-24 17:19:57,WhatsApp,Auto,Premium,Sudeste,Android,Confirmacao_Protocolo,Resolvido_Bot,"7,4",5,"4801,57"
CVX-001676,2026-04-24 17:20:38,WhatsApp,Auto,Varejo,Sudeste,Android,Validacao_Apolice,escalado_humano,"34,4",3,
CVX-004309,2026-04-24 17:29:28,WhatsApp,Auto,Varejo,Sudeste,Android,Inicio_Saudacao,Abandonado,,,
CVX-000883,2026-04-24 17:32:20,WhatsApp,Auto,Varejo,Sudeste,Android,Upload_Fotos_Documentos,Abandonado,,,"12606,47"
CVX-003605,2026-04-24 17:36:24,App,Residencial,Varejo,Sudeste,Android,Confirmacao_Protocolo,Resolvido_Bot,"10,3",4,"18553,08"
CVX-000174,2026-04-24 17:41:38,WhatsApp,Auto,Corporativo,Sul,iOS,Validacao_Apolice,escalado_humano,"21,5",4,
CVX-002104,2026-04-24 17:46:02,WhatsApp,Residencial,Varejo,Sudeste,Android,Confirmacao_Protocolo,Resolvido_Bot,"9,2",5,"14859,01"
CVX-003771,2026-04-24 18:09:22,App,Auto,Premium,Sudeste,iOS,Confirmacao_Protocolo,Resolvido_Bot,"5,9",5,"5412,87"
CVX-000143,2026-04-24 18:10:17,WhatsApp,Auto,Varejo,Centro-Oeste,Android,Confirmacao_Protocolo,Resolvido_Bot,"12,6",4,"11141,56"
CVX-003829,2026-04-24 18:11:05,App,Auto,Corporativo,Sudeste,Android,Inicio_Saudacao,Abandonado,,,
CVX-003110,2026-04-24 18:17:35,WhatsApp,Vida,Varejo,Sudeste,iOS,Confirmacao_Protocolo,Resolvido_Bot,"4,3",5,"55653,85"
CVX-001867,2026-04-24 18:20:31,App,Auto,Varejo,Sul,Android,Coleta_Dados_Sinistro,Escalado_Humano,"41,7",4,"11258,79"
CVX-002508,2026-04-24 18:50:01,WhatsApp,Residencial,Varejo,Sudeste,Android,Coleta_Dados_Sinistro,Abandonado,,,"11674,39"
CVX-000937,2026-04-24 20:08:32,WhatsApp,Auto,Varejo,Sudeste,Android,Validacao_Apolice,Escalado_Humano,"59,5",3,
CVX-003865,2026-04-25 8:11:38,WhatsApp,Residencial,Premium,Sul,Android,Confirmacao_Protocolo,Resolvido_Bot,9,,"14057,77"
CVX-002061,2026-04-25 8:12:49,WhatsApp,Auto,Corporativo,Nordeste,Android,Analise_Automatica,Escalado_Humano,37,,"5144,24"
CVX-004346,2026-04-25 8:19:19,WhatsApp,Residencial,Corporativo,Nordeste,Android,Validacao_Apolice,Escalado_Humano,"34,4",,
CVX-005586,2026-04-25 8:27:25,WhatsApp,Auto,Varejo,Sudeste,iOS,Upload_Fotos_Documentos,Abandonado,,,"9499,54"
CVX-003388,2026-04-25 8:27:33,App,Auto,Varejo,Centro-Oeste,Android,Confirmacao_Protocolo,Resolvido_Bot,"12,7",4,"8899,22"
CVX-001593,2026-04-25 8:43:47,WhatsApp,Auto,Premium,Sudeste,iOS,Confirmacao_Protocolo,RESOLVIDO_BOT,"6,5",4,"9179,31"
CVX-003953,2026-04-25 9:04:38,WhatsApp,Residencial,Varejo,Sudeste,Android,Validacao_Apolice,Escalado_Humano,"22,8",4,
CVX-005439,2026-04-25 9:07:44,WhatsApp,Residencial,Premium,Sul,iOS,Confirmacao_Protocolo,Resolvido_Bot,"3,6",4,"20423,8"
CVX-000463,2026-04-25 9:14:39,App,Auto,Premium,Sudeste,iOS,Confirmacao_Protocolo,Resolvido_Bot,"3,1",4,"12598,98"
CVX-002599,2026-04-25 9:24:15,WhatsApp,Auto,Corporativo,Sudeste,Android,Coleta_Dados_Sinistro,Abandonado,,,"5891,33"
CVX-002766,2026-04-25 9:24:29,WhatsApp,Vida,Varejo,Nordeste,iOS,Confirmacao_Protocolo,Resolvido_Bot,"7,4",4,"34925,5"
CVX-001454,2026-04-25 9:31:56,App,Auto,Varejo,Nordeste,iOS,Confirmacao_Protocolo,Resolvido_Bot,"8,5",3,"8235,04"
CVX-006974,2026-04-25 9:40:20,WhatsApp,Residencial,Premium,Sudeste,Android,Confirmacao_Protocolo,Resolvido_Bot,"8,6",5,"7457,59"
CVX-002503,2026-04-25 9:41:12,WhatsApp,Auto,Varejo,Sudeste,Android,Confirmacao_Protocolo,Resolvido_Bot,"11,1",5,"7722,98"
CVX-000320,2026-04-25 10:09:03,WhatsApp,Auto,Corporativo,Sudeste,Android,Confirmacao_Protocolo,Resolvido_Bot,"12,5",,"11902,4"
CVX-004681,2026-04-25 10:20:59,WhatsApp,Vida,Varejo,Sul,iOS,Validacao_Apolice,Escalado_Humano,"26,5",5,
CVX-001414,2026-04-25 10:21:08,WhatsApp,Residencial,Premium,Norte,iOS,Confirmacao_Protocolo,Resolvido_Bot,"6,3",,"17001,23"
CVX-000347,2026-04-25 10:26:59,WhatsApp,Vida,Premium,Sudeste,iOS,Confirmacao_Protocolo,Resolvido_Bot,"4,4",5,"15164,29"
CVX-004051,2026-04-25 10:36:36,WhatsApp,Auto,Varejo,Sudeste,Android,Validacao_Apolice,Abandonado,,,
CVX-002691,2026-04-25 10:44:04,WhatsApp,Auto,Varejo,Sul,Android,Confirmacao_Protocolo,Resolvido_Bot,"11,7",5,"13246,72"
CVX-001310,2026-04-25 10:47:07,WhatsApp,Residencial,Varejo,Nordeste,iOS,Coleta_Dados_Sinistro,Escalado_Humano,"29,4",4,"20948,77"
CVX-003017,2026-04-25 11:11:34,WhatsApp,Auto,Varejo,Norte,Android,Confirmacao_Protocolo,Resolvido_Bot,"13,7",4,"11498,88"
CVX-006358,2026-04-25 11:29:08,WhatsApp,Auto,Varejo,Sudeste,Android,Validacao_Apolice,Escalado_Humano,"46,8",3,
CVX-006900,2026-04-25 11:34:23,WhatsApp,Residencial,Varejo,Sudeste,Android,Confirmacao_Protocolo,Resolvido_Bot,"7,9",5,"21476,17"
CVX-002037,2026-04-25 11:51:41,WhatsApp,Residencial,Corporativo,Sul,Android,Confirmacao_Protocolo,Resolvido_Bot,"12,3",,"23425,52"
CVX-003599,2026-04-25 11:53:39,App,Vida,Premium,Sudeste,Android,Confirmacao_Protocolo,Resolvido_Bot,"5,4",4,"37272,98"
CVX-003301,2026-04-25 11:54:32,WhatsApp,Auto,Varejo,Centro-Oeste,Android,Validacao_Apolice,ESCALADO HUMANO,"26,8",3,
CVX-006020,2026-04-25 12:08:43,WhatsApp,Residencial,Varejo,Sudeste,iOS,Confirmacao_Protocolo,Resolvido_Bot,3,5,"14681,14"
CVX-002600,2026-04-25 12:28:42,WhatsApp,Auto,Varejo,Sudeste,Android,Validacao_Apolice,Escalado_Humano,"18,6",,
CVX-002219,2026-04-25 12:42:23,WhatsApp,Vida,Premium,Centro-Oeste,Android,Upload_Fotos_Documentos,Abandonado,,,"71463,57"
CVX-001459,2026-04-25 12:45:22,WhatsApp,Residencial,Varejo,Sudeste,Android,Validacao_Apolice,Escalado_humano,"41,4",2,
CVX-002480,2026-04-25 12:50:50,WhatsApp,Auto,Varejo,Nordeste,iOS,Validacao_Apolice,Abandonado,,,
CVX-005989,2026-04-25 13:01:32,WhatsApp,Residencial,Varejo,Centro-Oeste,Android,Confirmacao_Protocolo,Resolvido_Bot,"10,4",5,"24219,29"
CVX-003130,2026-04-25 13:24:05,WhatsApp,Vida,Varejo,Sudeste,Android,Validacao_Apolice,Escalado_Humano,"37,2",3,
CVX-002554,2026-04-25 13:29:32,WhatsApp,Auto,Premium,Centro-Oeste,Android,Upload_Fotos_Documentos,Abandonado,,,"13526,48"
CVX-005427,2026-04-25 13:39:42,WhatsApp,Auto,Varejo,Sudeste,Android,Coleta_Dados_Sinistro,Escalado_Humano,"60,3",3,"6225,59"
CVX-001655,2026-04-25 13:43:18,WhatsApp,Vida,Varejo,Sudeste,Android,Coleta_Dados_Sinistro,Abandonado,,,"41616,36"
CVX-004856,2026-04-25 13:43:40,WhatsApp,Auto,Varejo,Sudeste,Android,Validacao_Apolice,Abandonado,,,
CVX-003269,2026-04-25 14:00:06,WhatsApp,Auto,Varejo,Nordeste,Android,Coleta_Dados_Sinistro,Abandonado,,,"11181,51"
CVX-003331,2026-04-25 14:22:51,WhatsApp,Auto,Premium,Sudeste,Android,Upload_Fotos_Documentos,Abandonado,,,"11121,01"
CVX-000388,2026-04-25 14:24:18,WhatsApp,Residencial,Premium,Sul,Android,Coleta_Dados_Sinistro,Escalado_Humano,"31,9",4,"11185,46"
CVX-006414,2026-04-25 14:39:00,WhatsApp,Auto,Varejo,Nordeste,iOS,Validacao_Apolice,Escalado_Humano,"26,4",4,
CVX-002234,2026-04-25 15:34:14,App,Vida,Premium,Sudeste,iOS,Confirmacao_Protocolo,Resolvido_Bot,"9,8",3,"44153,91"
CVX-006808,2026-04-25 15:36:05,App,Vida,Varejo,Sul,Android,Confirmacao_Protocolo,resolvido_bot,"6,8",3,"33085,08"
CVX-002301,2026-04-25 15:47:49,App,Auto,Corporativo,Sul,Android,Inicio_Saudacao,Abandonado,,,
CVX-005473,2026-04-25 16:21:47,WhatsApp,Residencial,Varejo,Sul,Android,Analise_Automatica,Escalado_Humano,"30,2",,"18048,64"
CVX-001978,2026-04-25 16:39:34,WhatsApp,Auto,Premium,Sudeste,Android,Confirmacao_Protocolo,Resolvido_Bot,"6,8",4,"2600,51"
CVX-001027,2026-04-25 16:43:25,WhatsApp,Auto,Corporativo,Sudeste,Android,Confirmacao_Protocolo,Resolvido_Bot,"8,9",5,"7171,29"
CVX-001264,2026-04-25 17:07:31,WhatsApp,Auto,Varejo,Sudeste,iOS,Validacao_Apolice,Escalado_Humano,"44,2",3,
CVX-003958,2026-04-25 17:19:09,WhatsApp,Vida,Varejo,Sudeste,Android,Coleta_Dados_Sinistro,Escalado_Humano,"37,8",4,"42630,24"
CVX-001731,2026-04-25 17:44:23,WhatsApp,Residencial,Varejo,Sudeste,Android,Coleta_Dados_Sinistro,Abandonado,,,"10615,47"
CVX-001372,2026-04-25 18:50:50,WhatsApp,Auto,Varejo,Sul,Android,Upload_Fotos_Documentos,Abandonado,,,"6968,52"
CVX-006564,2026-04-25 18:58:27,WhatsApp,Auto,Varejo,Sudeste,Android,Coleta_Dados_Sinistro,Abandonado,,,"7590,64"
CVX-004026,2026-04-25 19:33:59,WhatsApp,Residencial,Premium,Sudeste,iOS,Inicio_Saudacao,Abandonado,,,
CVX-006507,2026-04-25 19:40:11,WhatsApp,Auto,Premium,Sul,Android,Upload_Fotos_Documentos,Abandonado,,,"9768,54"
CVX-004121,2026-04-25 19:58:31,WhatsApp,Residencial,Corporativo,Sudeste,Android,Confirmacao_Protocolo,Resolvido_Bot,"6,6",3,"15323,94"
CVX-001014,2026-04-25 20:32:16,WhatsApp,Auto,Varejo,Norte,Android,Upload_Fotos_Documentos,Abandonado,,,"8255,14"
CVX-006687,2026-04-25 20:50:59,WhatsApp,Vida,Varejo,Nordeste,iOS,Confirmacao_Protocolo,Resolvido_Bot,"8,9",4,"30346,21"
CVX-006114,2026-04-26 8:10:47,WhatsApp,Residencial,Varejo,Sudeste,Android,Confirmacao_Protocolo,Resolvido_Bot,"13,3",,"21592,52"
CVX-000965,2026-04-26 8:18:05,App,Residencial,Varejo,Nordeste,Android,Confirmacao_Protocolo,Resolvido_Bot,"7,5",,"16229,12"
CVX-004058,2026-04-26 8:18:06,WhatsApp,Auto,Varejo,Centro-Oeste,Android,Confirmacao_Protocolo,Resolvido_Bot,"12,5",5,"10687,03"
CVX-005445,2026-04-26 8:22:29,WhatsApp,Residencial,Premium,Sul,iOS,Inicio_Saudacao,Abandonado,,,
CVX-004261,2026-04-26 8:27:26,WhatsApp,Auto,Varejo,Sul,iOS,Confirmacao_Protocolo,Resolvido_Bot,"12,2",4,"10218,63"
CVX-002003,2026-04-26 8:30:01,WhatsApp,Residencial,Varejo,Sul,Android,Confirmacao_Protocolo,Resolvido_Bot,"12,7",4,"6181,4"
CVX-001744,2026-04-26 8:33:47,WhatsApp,Residencial,Premium,Sudeste,Android,Upload_Fotos_Documentos,Escalado_Humano,"35,7",4,"19100,44"
CVX-001699,2026-04-26 8:34:18,WhatsApp,Residencial,Premium,Sul,Android,Coleta_Dados_Sinistro,Escalado_Humano,"62,9",,"9822,37"
CVX-000688,2026-04-26 8:42:27,WhatsApp,Residencial,Premium,Sul,Android,Confirmacao_Protocolo,Resolvido_Bot,"6,4",5,"20059,53"
CVX-003271,2026-04-26 8:55:35,App,Auto,Varejo,Sul,iOS,Analise_Automatica,Escalado_Humano,"35,5",3,"11163,08"
CVX-003952,2026-04-26 9:00:58,App,Auto,Varejo,Nordeste,Android,Validacao_Apolice,Abandonado,,,
CVX-006580,2026-04-26 9:38:06,WhatsApp,Auto,Varejo,Nordeste,Android,Confirmacao_Protocolo,Resolvido_Bot,"10,9",5,"6410,06"
CVX-002949,2026-04-26 10:00:43,App,Residencial,Varejo,Sul,Android,Validacao_Apolice,Escalado_Humano,13,4,
CVX-006137,2026-04-26 10:09:33,App,Auto,Varejo,Centro-Oeste,Android,Validacao_Apolice,Escalado_Humano,"30,1",3,
CVX-000967,2026-04-26 10:11:40,WhatsApp,Auto,Corporativo,Nordeste,Android,Upload_Fotos_Documentos,Abandonado,,,"12135,18"
CVX-000527,2026-04-26 10:43:27,WhatsApp,Residencial,Premium,Sudeste,Android,Coleta_Dados_Sinistro,Abandonado,,,"13456,64"
CVX-004259,2026-04-26 10:43:40,WhatsApp,Auto,Varejo,Sul,iOS,Analise_Automatica,Abandonado,,,"8940,03"
CVX-003787,2026-04-26 10:49:26,WhatsApp,Residencial,Premium,Sudeste,Android,Validacao_Apolice,Abandonado,,,
CVX-005884,2026-04-26 10:58:53,WhatsApp,Auto,Premium,Nordeste,Android,Confirmacao_Protocolo,Resolvido_Bot,"5,8",5,"13565,04"
CVX-005748,2026-04-26 11:14:47,WhatsApp,Vida,Varejo,Sudeste,Android,Upload_Fotos_Documentos,Abandonado,,,"65464,88"
CVX-000905,2026-04-26 11:28:50,WhatsApp,Auto,Varejo,Sudeste,Android,Validacao_Apolice,Escalado_Humano,"55,4",4,
CVX-003845,2026-04-26 11:35:15,WhatsApp,Residencial,Varejo,Sudeste,Android,Validacao_Apolice,Escalado_Humano,"43,4",4,
CVX-006313,2026-04-26 11:46:06,WhatsApp,Auto,Premium,Sul,iOS,Coleta_Dados_Sinistro,Escalado_Humano,"49,3",3,"6134,32"
CVX-005271,2026-04-26 12:06:04,App,Auto,Premium,Sudeste,iOS,Coleta_Dados_Sinistro,Escalado_Humano,"24,3",4,"9016,74"
CVX-003101,2026-04-26 12:21:49,WhatsApp,Residencial,Varejo,Sudeste,Android,Confirmacao_Protocolo,Resolvido_Bot,"9,9",5,"10818,41"
CVX-001518,2026-04-26 12:31:20,App,Auto,Varejo,Sul,Android,Confirmacao_Protocolo,Resolvido_Bot,"8,3",,"14710,24"
CVX-000137,2026-04-26 12:33:23,App,Auto,Varejo,Sudeste,iOS,Confirmacao_Protocolo,RESOLVIDO_BOT,"10,3",4,"6963,14"
CVX-003103,2026-04-26 12:38:08,WhatsApp,Auto,Varejo,Sudeste,Android,Upload_Fotos_Documentos,Abandonado,,,"6477,65"
CVX-002491,2026-04-26 12:40:15,WhatsApp,Auto,Varejo,Sul,iOS,Confirmacao_Protocolo,Resolvido_Bot,"7,5",4,"14291,22"
CVX-006658,2026-04-26 12:49:19,App,Auto,Varejo,Sudeste,Android,Confirmacao_Protocolo,Resolvido_Bot,"5,6",5,"7813,17"
CVX-003878,2026-04-26 13:41:03,WhatsApp,Auto,Varejo,Sudeste,Android,Confirmacao_Protocolo,Resolvido_Bot,"9,9",4,"15619,11"
CVX-002824,2026-04-26 14:30:07,App,Auto,Corporativo,Sul,iOS,Validacao_Apolice,Escalado_Humano,"31,2",4,
CVX-000342,2026-04-26 14:32:55,WhatsApp,Auto,Varejo,Sudeste,Android,Upload_Fotos_Documentos,Escalado_Humano,"40,6",3,"8186,29"
CVX-001385,2026-04-26 14:38:07,WhatsApp,Auto,Premium,Sul,Android,Confirmacao_Protocolo,Resolvido_Bot,"5,4",5,"10954,07"
CVX-004794,2026-04-26 15:20:43,WhatsApp,Auto,Varejo,Sudeste,Android,Upload_Fotos_Documentos,Escalado_Humano,"34,4",4,"15540,43"
CVX-002436,2026-04-26 15:27:42,WhatsApp,Vida,Premium,Sudeste,iOS,Validacao_Apolice,Escalado_Humano,"22,6",5,
CVX-004357,2026-04-26 15:29:48,WhatsApp,Vida,Varejo,Sul,Android,Validacao_Apolice,Escalado_Humano,"23,8",4,
CVX-000224,2026-04-26 15:35:49,WhatsApp,Auto,Varejo,Sudeste,iOS,Upload_Fotos_Documentos,Abandonado,,,"13995,03"
CVX-003688,2026-04-26 15:47:16,WhatsApp,Vida,Varejo,Sudeste,iOS,Confirmacao_Protocolo,Resolvido_Bot,"9,9",,"44149,34"
CVX-006850,2026-04-26 16:00:55,WhatsApp,Auto,Varejo,Nordeste,Android,Confirmacao_Protocolo,Resolvido_Bot,"8,8",5,"10307,7"
CVX-005911,2026-04-26 16:03:10,WhatsApp,Residencial,Premium,Nordeste,Android,Upload_Fotos_Documentos,Escalado_Humano,"41,4",3,"13450,96"
CVX-000170,2026-04-26 16:13:24,WhatsApp,Residencial,Varejo,Centro-Oeste,Android,Validacao_Apolice,Escalado_Humano,"27,3",5,
CVX-000892,2026-04-26 16:30:01,WhatsApp,Auto,Premium,Sul,Android,Confirmacao_Protocolo,Resolvido_Bot,"7,4",,"10755,66"
CVX-000720,2026-04-26 16:31:36,WhatsApp,Auto,Varejo,Sudeste,Android,Confirmacao_Protocolo,Resolvido_Bot,"9,7",4,"12293,36"
CVX-001951,2026-04-26 16:51:56,WhatsApp,Residencial,Varejo,Nordeste,Android,Validacao_Apolice,Escalado_Humano,10,5,
CVX-001061,2026-04-26 17:05:49,WhatsApp,Auto,Varejo,Sudeste,Android,Confirmacao_Protocolo,Resolvido_Bot,"5,8",4,"13156,88"
CVX-000724,2026-04-26 18:00:40,WhatsApp,Vida,Varejo,Norte,Android,Confirmacao_Protocolo,Resolvido_Bot,"10,5",4,"23277,73"
CVX-005736,2026-04-26 18:13:11,WhatsApp,Auto,Varejo,Sudeste,iOS,Confirmacao_Protocolo,Resolvido_Bot,"10,4",,"7028,49"
CVX-005418,2026-04-26 18:16:00,WhatsApp,Auto,Varejo,Sul,Android,Confirmacao_Protocolo,Resolvido_Bot,"14,6",3,"12512,83"
CVX-000916,2026-04-26 18:29:27,WhatsApp,Auto,Premium,Sul,Android,Confirmacao_Protocolo,Resolvido_Bot,9,5,"2520,22"
CVX-003380,2026-04-26 18:43:39,WhatsApp,Auto,Varejo,Nordeste,iOS,Validacao_Apolice,Escalado_Humano,"25,2",4,
CVX-005281,2026-04-26 18:46:11,WhatsApp,Auto,Premium,Sudeste,Android,Confirmacao_Protocolo,Resolvido_Bot,"8,6",,"10902,59"
CVX-003237,2026-04-26 18:51:53,WhatsApp,Residencial,Varejo,Sul,iOS,Coleta_Dados_Sinistro,Abandonado,,,"17279,06"
CVX-001502,2026-04-26 19:08:20,WhatsApp,Vida,Corporativo,Sudeste,Android,Confirmacao_Protocolo,Resolvido_Bot,"8,3",,"12962,25"
CVX-003511,2026-04-26 19:25:09,App,Residencial,Varejo,Sudeste,Android,Coleta_Dados_Sinistro,Abandonado,,,"10781,49"
CVX-006469,2026-04-26 19:29:13,WhatsApp,Residencial,Varejo,Sudeste,Android,Validacao_Apolice,Escalado_Humano,"38,2",,
CVX-002622,2026-04-26 19:37:52,WhatsApp,Auto,Premium,Sudeste,Android,Confirmacao_Protocolo,Resolvido_Bot,"14,4",,"9678,08"
CVX-005529,2026-04-26 20:09:37,WhatsApp,Residencial,Varejo,Nordeste,Android,Confirmacao_Protocolo,Resolvido_Bot,"7,9",4,"16026,03"
CVX-001920,2026-04-26 20:14:02,WhatsApp,Vida,Varejo,Sul,Android,Confirmacao_Protocolo,Resolvido_Bot,11,5,"56512,02"
CVX-006332,2026-04-26 20:23:42,WhatsApp,Auto,Varejo,Nordeste,Android,Confirmacao_Protocolo,Resolvido_Bot,"13,5",,"14039,37"
CVX-005366,2026-04-26 20:27:08,WhatsApp,Auto,Premium,Sul,Android,Confirmacao_Protocolo,Resolvido_Bot,"9,6",2,"8854,74"
CVX-006347,2026-04-26 20:32:53,WhatsApp,Auto,Varejo,Centro-Oeste,Android,Upload_Fotos_Documentos,Abandonado,,,"2840,03"
CVX-003971,2026-04-26 20:41:15,WhatsApp,Auto,Varejo,Sul,Android,Confirmacao_Protocolo,Resolvido_Bot,"12,8",4,"7577,09"
CVX-002535,2026-04-26 20:43:36,WhatsApp,Residencial,Varejo,Sudeste,Android,Upload_Fotos_Documentos,Escalado_Humano,"39,7",,"9316,14"
CVX-006886,2026-04-26 20:51:41,WhatsApp,Auto,Premium,Sudeste,Android,Coleta_Dados_Sinistro,Escalado_Humano,33,3,"10393,96"
CVX-004171,2026-04-27 8:10:44,WhatsApp,Auto,Varejo,Sudeste,Android,Validacao_Apolice,Escalado_Humano,"43,8",5,
CVX-002962,2026-04-27 8:14:59,WhatsApp,Residencial,Varejo,Centro-Oeste,iOS,Validacao_Apolice,Escalado_Humano,"20,3",,
CVX-005993,2026-04-27 8:16:47,WhatsApp,Auto,Premium,Sudeste,Android,Confirmacao_Protocolo,Resolvido_Bot,"6,7",4,300
CVX-000613,2026-04-27 8:23:30,WhatsApp,Residencial,Varejo,Sudeste,Android,Inicio_Saudacao,Abandonado,,,
CVX-003780,2026-04-27 8:28:07,WhatsApp,Residencial,Corporativo,Sul,Android,Coleta_Dados_Sinistro,Escalado_Humano,"46,4",5,"10982,47"
CVX-001403,2026-04-27 8:33:21,WhatsApp,Auto,Premium,Sul,Android,Confirmacao_Protocolo,Resolvido_Bot,"9,1",5,"1959,01"
CVX-006952,2026-04-27 8:52:06,WhatsApp,Residencial,Premium,Sudeste,Android,Confirmacao_Protocolo,Resolvido_Bot,"10,2",5,"15771,31"
CVX-002180,2026-04-27 9:19:35,WhatsApp,Auto,Premium,Sul,Android,Upload_Fotos_Documentos,Escalado_Humano,"59,3",4,"9857,94"
CVX-000605,2026-04-27 9:29:04,App,Auto,Varejo,Nordeste,iOS,Validacao_Apolice,Escalado_Humano,"18,7",4,
CVX-006248,2026-04-27 9:38:49,App,Auto,Corporativo,Nordeste,Android,Coleta_Dados_Sinistro,Escalado_Humano,"34,9",4,"4566,13"
CVX-006288,2026-04-27 9:47:27,WhatsApp,Vida,Premium,Nordeste,Android,Validacao_Apolice,Escalado_Humano,"12,3",,
CVX-003772,2026-04-27 9:59:18,WhatsApp,Vida,Premium,Nordeste,Android,Upload_Fotos_Documentos,Escalado_Humano,"54,2",3,"82620,55"
CVX-005891,2026-04-27 10:35:29,WhatsApp,Auto,Varejo,Sul,Android,Confirmacao_Protocolo,Resolvido_Bot,10,4,"11861,06"
CVX-001972,2026-04-27 10:37:33,WhatsApp,Residencial,Corporativo,Sul,Android,Validacao_Apolice,Escalado_Humano,"37,5",,
CVX-005750,2026-04-27 10:37:53,WhatsApp,Residencial,Varejo,Sudeste,Android,Validacao_Apolice,Escalado_Humano,"17,2",4,
CVX-000104,2026-04-27 10:52:33,WhatsApp,Auto,Varejo,Sudeste,Android,Confirmacao_Protocolo,Resolvido_Bot,"9,8",3,"8944,04"
CVX-003072,2026-04-27 10:59:55,WhatsApp,Auto,Varejo,Sudeste,Android,Confirmacao_Protocolo,Resolvido_Bot,"14,9",3,"5615,91"
CVX-003296,2026-04-27 11:13:14,WhatsApp,Auto,Premium,Sudeste,Android,Validacao_Apolice,Escalado_Humano,10,5,
CVX-004785,2026-04-27 11:16:14,WhatsApp,Auto,Varejo,Sudeste,iOS,Upload_Fotos_Documentos,Abandonado,,,"9551,05"
CVX-006982,2026-04-27 11:17:30,WhatsApp,Auto,Varejo,Nordeste,Android,Confirmacao_Protocolo,Resolvido_Bot,"6,2",4,"8597,2"
CVX-006820,2026-04-27 11:28:15,App,Auto,Varejo,Nordeste,Android,Confirmacao_Protocolo,Resolvido_Bot,13,4,"7813,46"
CVX-002907,2026-04-27 11:29:16,WhatsApp,Residencial,Varejo,Nordeste,Android,Validacao_Apolice,Escalado_Humano,"22,5",3,
CVX-000100,2026-04-27 11:47:31,App,Auto,Varejo,Norte,iOS,Upload_Fotos_Documentos,ABANDONADO ,,,"7646,38"
CVX-003632,2026-04-27 12:04:19,App,Auto,Varejo,Nordeste,iOS,Confirmacao_Protocolo,Resolvido_Bot,"9,8",4,"5421,02"
CVX-002182,2026-04-27 12:24:31,WhatsApp,Vida,Varejo,Sudeste,Android,Validacao_Apolice,Escalado_Humano,"55,5",,
CVX-006588,2026-04-27 12:31:10,WhatsApp,Residencial,Premium,Sudeste,iOS,Confirmacao_Protocolo,Resolvido_Bot,"9,4",4,"11162,26"
CVX-004061,2026-04-27 12:40:56,WhatsApp,Auto,Varejo,Sul,iOS,Confirmacao_Protocolo,Resolvido_Bot,7,5,8835
CVX-003727,2026-04-27 13:13:01,WhatsApp,Auto,Corporativo,Sudeste,Android,Validacao_Apolice,Escalado_Humano,"37,4",3,
CVX-005497,2026-04-27 13:23:15,App,Auto,Varejo,Centro-Oeste,Android,Analise_Automatica,Escalado_Humano,"45,8",,"2746,72"
CVX-005213,2026-04-27 13:44:24,WhatsApp,Auto,Premium,Sudeste,Android,Confirmacao_Protocolo,Resolvido_Bot,"9,9",5,"12038,82"
CVX-001335,2026-04-27 14:07:43,WhatsApp,Auto,Premium,Sudeste,iOS,Validacao_Apolice,Escalado_Humano,"20,9",,
CVX-006407,2026-04-27 14:35:47,WhatsApp,Residencial,Varejo,Sudeste,iOS,Confirmacao_Protocolo,Resolvido_Bot,"12,9",3,"19848,98"
CVX-005975,2026-04-27 14:36:25,WhatsApp,Auto,Premium,Sul,Android,Confirmacao_Protocolo,Resolvido_Bot,"2,7",4,"12733,35"
CVX-006579,2026-04-27 14:52:07,WhatsApp,Auto,Premium,Nordeste,iOS,Validacao_Apolice,Escalado_Humano,"31,2",4,
CVX-006521,2026-04-27 15:26:52,WhatsApp,Vida,Varejo,Sudeste,iOS,Confirmacao_Protocolo,Resolvido_Bot,"6,6",,"32317,83"
CVX-003162,2026-04-27 15:35:34,WhatsApp,Auto,Varejo,Sul,Android,Upload_Fotos_Documentos,Abandonado,,,"5943,95"
CVX-000233,2026-04-27 15:37:14,WhatsApp,Residencial,Varejo,Sudeste,Android,Confirmacao_Protocolo,Resolvido_Bot,"8,7",5,"22445,19"
CVX-006300,2026-04-27 16:47:15,WhatsApp,Auto,Premium,Nordeste,iOS,Validacao_Apolice,Escalado_Humano,40,4,
CVX-006106,2026-04-27 16:58:26,WhatsApp,Auto,Premium,Sudeste,Android,Confirmacao_Protocolo,Resolvido_Bot,"10,2",5,"9222,5"
CVX-001607,2026-04-27 17:03:33,WhatsApp,Residencial,Varejo,Sudeste,Android,Coleta_Dados_Sinistro,Abandonado,,,"10066,52"
CVX-001271,2026-04-27 17:13:01,WhatsApp,Auto,Premium,Sudeste,Android,Confirmacao_Protocolo,Resolvido_Bot,"10,9",4,"8769,7"
CVX-005749,2026-04-27 17:17:18,WhatsApp,Auto,Varejo,Sudeste,Android,Validacao_Apolice,Escalado_Humano,"36,6",3,
CVX-002547,2026-04-27 17:18:38,WhatsApp,Residencial,Varejo,Sudeste,Android,Confirmacao_Protocolo,Resolvido_Bot,"10,9",5,"20490,5"
CVX-003094,2026-04-27 17:41:49,WhatsApp,Vida,Corporativo,Nordeste,Android,Confirmacao_Protocolo,Resolvido_Bot,"11,6",3,"50854,51"
CVX-000850,2026-04-27 17:44:01,App,Auto,Premium,Sudeste,Android,Confirmacao_Protocolo,resolvido_bot,"8,3",5,"8066,74"
CVX-003470,2026-04-27 17:55:17,WhatsApp,Auto,Varejo,Sudeste,Android,Confirmacao_Protocolo,Resolvido_Bot,"2,8",4,"12002,34"
CVX-001334,2026-04-27 18:01:51,WhatsApp,Auto,Varejo,Sul,Android,Confirmacao_Protocolo,Resolvido_Bot,"11,7",5,"7458,93"
CVX-002255,2026-04-27 18:07:09,App,Auto,Varejo,Nordeste,Android,Upload_Fotos_Documentos,Abandonado,,,"15351,73"
CVX-004464,2026-04-27 18:18:16,App,Auto,Premium,Nordeste,iOS,Upload_Fotos_Documentos,Abandonado,,,"9404,92"
CVX-001954,2026-04-27 18:54:19,WhatsApp,Auto,Varejo,Sudeste,Android,Validacao_Apolice,Escalado_Humano,"23,3",,
CVX-005541,2026-04-27 19:19:11,App,Auto,Premium,Sudeste,Android,Validacao_Apolice,Escalado_Humano,"28,2",3,
CVX-003620,2026-04-27 19:26:44,WhatsApp,Residencial,Premium,Sudeste,iOS,Upload_Fotos_Documentos,Abandonado,,,"19816,18"
CVX-000023,2026-04-27 19:56:11,WhatsApp,Residencial,Premium,Centro-Oeste,Android,Confirmacao_Protocolo,Resolvido_Bot,"7,4",3,"16164,73"
CVX-001407,2026-04-27 20:01:05,WhatsApp,Auto,Varejo,Sudeste,iOS,Confirmacao_Protocolo,Resolvido_Bot,"7,8",5,"8768,42"
CVX-001956,2026-04-27 20:27:30,App,Vida,Varejo,Sul,Android,Confirmacao_Protocolo,Resolvido_Bot,8,,"70195,48"
CVX-004480,2026-04-27 20:29:35,WhatsApp,Auto,Varejo,Nordeste,iOS,Validacao_Apolice,Escalado_Humano,"29,7",,
CVX-000032,2026-04-27 20:34:41,WhatsApp,Residencial,Varejo,Sudeste,Android,Confirmacao_Protocolo,Resolvido_Bot,"12,8",5,"26275,79"
CVX-006981,2026-04-27 20:42:28,WhatsApp,Vida,Premium,Nordeste,Android,Confirmacao_Protocolo,Resolvido_bot ,"6,8",5,"40975,2"
CVX-001832,2026-04-27 20:44:41,WhatsApp,Residencial,Premium,Sul,Android,Confirmacao_Protocolo,Resolvido_Bot,"10,6",5,"7611,44"
CVX-004610,2026-04-28 8:10:25,WhatsApp,Residencial,Varejo,Nordeste,Android,Upload_Fotos_Documentos,Abandonado,,,"7813,32"
CVX-004701,2026-04-28 8:49:54,WhatsApp,Residencial,Varejo,Norte,iOS,Confirmacao_Protocolo,Resolvido_Bot,"6,4",5,"12476,03"
CVX-005050,2026-04-28 9:06:55,WhatsApp,Residencial,Varejo,Sul,Android,Upload_Fotos_Documentos,Abandonado,,,"12445,6"
CVX-004364,2026-04-28 9:17:51,WhatsApp,Auto,Corporativo,Centro-Oeste,Android,Analise_Automatica,Abandonado,,,"4519,26"
CVX-004547,2026-04-28 9:19:45,WhatsApp,Auto,Varejo,Sul,Android,Upload_Fotos_Documentos,Abandonado,,,"11849,93"
CVX-000625,2026-04-28 9:36:18,App,Auto,Premium,Centro-Oeste,iOS,Confirmacao_Protocolo,Resolvido_Bot,"16,4",5,13714
CVX-001085,2026-04-28 10:44:59,App,Auto,Varejo,Sudeste,Android,Confirmacao_Protocolo,Resolvido_Bot,"2,1",,"5722,96"
CVX-003393,2026-04-28 10:50:20,App,Auto,Varejo,Sudeste,Android,Confirmacao_Protocolo,Resolvido_Bot,"10,7",3,"5842,59"
CVX-006485,2026-04-28 11:13:02,WhatsApp,Residencial,Premium,Sudeste,Android,Analise_Automatica,Abandonado,,,"14666,55"
CVX-006930,2026-04-28 11:15:40,WhatsApp,Residencial,Premium,Sudeste,Android,Confirmacao_Protocolo,Resolvido_Bot,"10,1",3,"22328,89"
CVX-003514,2026-04-28 11:30:35,App,Auto,Varejo,Sul,Android,Coleta_Dados_Sinistro,ABANDONADO ,,,"6901,68"
CVX-002897,2026-04-28 11:51:06,WhatsApp,Auto,Premium,Nordeste,Android,Confirmacao_Protocolo,Resolvido_Bot,"4,1",4,"11598,59"
CVX-001194,2026-04-28 11:53:26,WhatsApp,Auto,Premium,Sul,iOS,Confirmacao_Protocolo,Resolvido_Bot,"14,8",4,"16431,09"
CVX-003885,2026-04-28 11:57:08,WhatsApp,Auto,Varejo,Centro-Oeste,Android,Confirmacao_Protocolo,Resolvido_Bot,7,5,"8971,44"
CVX-001713,2026-04-28 12:05:18,WhatsApp,Vida,Premium,Nordeste,Android,Confirmacao_Protocolo,Resolvido_Bot,"8,1",,"26833,18"
CVX-002068,2026-04-28 12:09:04,WhatsApp,Auto,Corporativo,Sudeste,iOS,Confirmacao_Protocolo,Resolvido_Bot,"11,6",4,"10618,95"
CVX-006095,2026-04-28 12:16:13,WhatsApp,Residencial,Varejo,Sudeste,Android,Analise_Automatica,abandono,,,"12111,28"
CVX-002057,2026-04-28 12:19:53,WhatsApp,Auto,Varejo,Nordeste,Android,Upload_Fotos_Documentos,Escalado_Humano,"35,3",5,"10929,76"
CVX-001375,2026-04-28 12:21:42,WhatsApp,Auto,Varejo,Sudeste,Android,Upload_Fotos_Documentos,Abandonado,,,"9929,19"
CVX-000202,2026-04-28 12:24:46,WhatsApp,Vida,Varejo,Sul,iOS,Confirmacao_Protocolo,Resolvido_Bot,"11,7",5,"58350,8"
CVX-005196,2026-04-28 12:29:48,WhatsApp,Auto,Varejo,Sul,Android,Confirmacao_Protocolo,Resolvido_Bot,"11,7",5,"7839,07"
CVX-000297,2026-04-28 12:34:35,WhatsApp,Vida,Varejo,Sudeste,iOS,Confirmacao_Protocolo,Resolvido_Bot,"4,9",5,"39523,8"
CVX-002999,2026-04-28 12:42:59,WhatsApp,Auto,Premium,Sudeste,Android,Coleta_Dados_Sinistro,Escalado_Humano,"40,3",4,"6954,93"
CVX-005547,2026-04-28 12:44:53,WhatsApp,Auto,Varejo,Nordeste,Android,Coleta_Dados_Sinistro,Escalado_Humano,"19,4",,"7235,57"
CVX-002412,2026-04-28 12:49:05,WhatsApp,Auto,Corporativo,Sudeste,Android,Upload_Fotos_Documentos,Abandonado,,,"3424,91"
CVX-006703,2026-04-28 12:52:21,WhatsApp,Auto,Corporativo,Sudeste,iOS,Upload_Fotos_Documentos,Abandonado,,,"10082,56"
CVX-001066,2026-04-28 13:05:11,WhatsApp,Residencial,Varejo,Sudeste,Android,Confirmacao_Protocolo,Resolvido_Bot,"9,4",4,"11614,65"
CVX-004231,2026-04-28 13:15:30,WhatsApp,Auto,Varejo,Sudeste,iOS,Validacao_Apolice,Escalado_Humano,"37,4",4,
CVX-003736,2026-04-28 13:16:50,WhatsApp,Auto,Varejo,Sudeste,Android,Confirmacao_Protocolo,Resolvido_Bot,"9,2",4,"7571,86"
CVX-006736,2026-04-28 13:39:21,WhatsApp,Auto,Varejo,Sul,iOS,Upload_Fotos_Documentos,Abandonado,,,"10365,46"
CVX-001440,2026-04-28 13:41:28,WhatsApp,Vida,Varejo,Nordeste,Android,Confirmacao_Protocolo,Resolvido_bot ,"5,2",5,"61827,67"
CVX-006021,2026-04-28 13:54:05,WhatsApp,Residencial,Varejo,Sudeste,iOS,Validacao_Apolice,Escalado_Humano,"33,5",4,
CVX-006834,2026-04-28 14:07:45,WhatsApp,Auto,Varejo,Sul,iOS,Upload_Fotos_Documentos,Escalado_Humano,"71,1",4,"6886,2"
CVX-001412,2026-04-28 14:37:23,WhatsApp,Auto,Varejo,Sul,Android,Analise_Automatica,Abandonado,,,"8930,38"
CVX-003565,2026-04-28 15:25:25,WhatsApp,Auto,Corporativo,Nordeste,Android,Confirmacao_Protocolo,Resolvido_Bot,"8,7",5,"6017,05"
CVX-001268,2026-04-28 15:30:02,WhatsApp,Vida,Varejo,Nordeste,Android,Validacao_Apolice,Escalado_Humano,"40,3",,
CVX-000006,2026-04-28 15:46:57,WhatsApp,Residencial,Corporativo,Nordeste,iOS,Validacao_Apolice,Escalado_Humano,22,3,
CVX-006774,2026-04-28 16:15:35,WhatsApp,Auto,Varejo,Centro-Oeste,Android,Confirmacao_Protocolo,Resolvido_Bot,"9,8",,"3143,2"
CVX-002291,2026-04-28 16:19:34,WhatsApp,Auto,Varejo,Sudeste,Android,Confirmacao_Protocolo,Resolvido_Bot,"5,2",5,"8358,15"
CVX-002711,2026-04-28 16:20:27,WhatsApp,Vida,Varejo,Sudeste,Android,Upload_Fotos_Documentos,Escalado_Humano,"22,8",4,"72664,29"
CVX-005130,2026-04-28 16:29:30,WhatsApp,Auto,Premium,Centro-Oeste,Android,Confirmacao_Protocolo,resolvido_bot,2,5,"10304,82"
CVX-001135,2026-04-28 16:35:30,WhatsApp,Vida,Premium,Sudeste,Android,Validacao_Apolice,Abandonado,,,
CVX-001420,2026-04-28 16:39:34,WhatsApp,Auto,Varejo,Sul,Android,Validacao_Apolice,Escalado_Humano,"32,5",3,
CVX-006373,2026-04-28 17:00:05,WhatsApp,Vida,Varejo,Sul,Android,Confirmacao_Protocolo,Resolvido_Bot,"13,4",,"58112,61"
CVX-006389,2026-04-28 18:14:20,WhatsApp,Residencial,Premium,Norte,Android,Validacao_Apolice,Abandonado,,,
CVX-000447,2026-04-28 18:18:48,App,Auto,Varejo,Sul,Android,Coleta_Dados_Sinistro,Escalado_Humano,"30,2",4,"8510,61"
CVX-006107,2026-04-28 18:33:52,App,Auto,Varejo,Sudeste,Android,Coleta_Dados_Sinistro,Escalado_Humano,34,3,"9035,68"
CVX-003251,2026-04-28 18:39:46,WhatsApp,Auto,Premium,Centro-Oeste,Android,Confirmacao_Protocolo,RESOLVIDO_BOT,"7,4",4,"6507,83"
CVX-003991,2026-04-28 18:41:45,WhatsApp,Auto,Varejo,Sul,Android,Upload_Fotos_Documentos,Abandonado,,,"9409,65"
CVX-004452,2026-04-28 18:44:06,WhatsApp,Auto,Varejo,Nordeste,Android,Confirmacao_Protocolo,Resolvido_Bot,8,,"11996,8"
CVX-001436,2026-04-28 18:48:05,WhatsApp,Residencial,Varejo,Norte,Android,Confirmacao_Protocolo,Resolvido_Bot,"8,4",5,"17847,09"
CVX-005393,2026-04-28 19:01:45,WhatsApp,Auto,Premium,Sudeste,iOS,Validacao_Apolice,Abandonado,,,
CVX-000457,2026-04-28 19:05:20,App,Residencial,Varejo,Sudeste,Android,Confirmacao_Protocolo,Resolvido_Bot,"9,6",,"6063,2"
CVX-004219,2026-04-28 19:49:18,WhatsApp,Auto,Premium,Sudeste,iOS,Upload_Fotos_Documentos,Escalado_Humano,"27,7",4,"5922,21"
CVX-004596,2026-04-28 20:08:33,App,Residencial,Varejo,Sudeste,Android,Validacao_Apolice,Escalado_Humano,"29,6",5,
CVX-002077,2026-04-28 20:13:31,WhatsApp,Residencial,Varejo,Sudeste,Android,Validacao_Apolice,Escalado_Humano,"50,2",2,
CVX-003046,2026-04-28 20:34:45,WhatsApp,Auto,Corporativo,Nordeste,iOS,Upload_Fotos_Documentos,Abandonado,,,"4233,73"
CVX-001758,2026-04-28 20:37:00,WhatsApp,Auto,Varejo,Sudeste,iOS,Analise_Automatica,Abandonado,,,"8495,88"
CVX-000873,2026-04-28 20:56:54,WhatsApp,Vida,Varejo,Sudeste,Android,Confirmacao_Protocolo,Resolvido_Bot,"9,1",,"14424,84"
CVX-006652,2026-04-29 8:02:21,WhatsApp,Auto,Varejo,Sudeste,Android,Validacao_Apolice,Escalado_Humano,"35,7",4,
CVX-002892,2026-04-29 8:17:12,App,Residencial,Varejo,Sudeste,Android,Coleta_Dados_Sinistro,Abandonado,,,"15168,5"
CVX-000614,2026-04-29 8:56:37,WhatsApp,Auto,Premium,Sudeste,Android,Validacao_Apolice,Escalado_Humano,"26,9",4,
CVX-004944,2026-04-29 9:15:39,WhatsApp,Residencial,Varejo,Nordeste,Android,Confirmacao_Protocolo,Resolvido_Bot,"9,8",4,"25529,04"
CVX-006909,2026-04-29 9:22:52,App,Residencial,Premium,Centro-Oeste,iOS,Upload_Fotos_Documentos,Escalado_Humano,"53,5",4,"23421,43"
CVX-000785,2026-04-29 9:43:57,App,Residencial,Varejo,Sudeste,Android,Confirmacao_Protocolo,Resolvido_Bot,"10,1",3,"16168,95"
CVX-001873,2026-04-29 9:48:19,WhatsApp,Residencial,Premium,Centro-Oeste,iOS,Confirmacao_Protocolo,Resolvido_Bot,3,5,"12416,65"
CVX-003174,2026-04-29 9:49:19,WhatsApp,Auto,Premium,Sul,iOS,Confirmacao_Protocolo,Resolvido_Bot,"10,5",4,"5089,76"
CVX-003761,2026-04-29 9:53:58,WhatsApp,Auto,Varejo,Sudeste,Android,Confirmacao_Protocolo,Resolvido_Bot,"11,2",4,"9604,47"
CVX-005283,2026-04-29 10:22:02,WhatsApp,Vida,Premium,Sudeste,iOS,Validacao_Apolice,Escalado_Humano,"28,6",5,
CVX-000981,2026-04-29 10:25:53,WhatsApp,Residencial,Varejo,Sudeste,iOS,Confirmacao_Protocolo,Resolvido_Bot,"7,3",4,"11159,39"
CVX-003513,2026-04-29 10:38:18,WhatsApp,Vida,Premium,Sudeste,Android,Upload_Fotos_Documentos,Abandonado,,,"50878,12"
CVX-001874,2026-04-29 10:47:28,WhatsApp,Residencial,Corporativo,Sudeste,iOS,Confirmacao_Protocolo,Resolvido_Bot,"8,3",4,"3731,02"
CVX-003035,2026-04-29 10:59:56,WhatsApp,Auto,Premium,Norte,iOS,Confirmacao_Protocolo,Resolvido_Bot,"10,4",4,"10879,68"
CVX-002326,2026-04-29 11:01:21,WhatsApp,Residencial,Varejo,Sudeste,iOS,Validacao_Apolice,Abandonado,,,
CVX-006200,2026-04-29 11:01:23,App,Auto,Varejo,Sudeste,Android,Upload_Fotos_Documentos,Abandonado,,,"14007,93"
CVX-003887,2026-04-29 11:26:04,WhatsApp,Residencial,Varejo,Sudeste,Android,Validacao_Apolice,Escalado_Humano,"32,3",2,
CVX-000541,2026-04-29 11:27:58,App,Auto,Varejo,Sudeste,Android,Validacao_Apolice,Escalado_Humano,"43,6",4,
CVX-002045,2026-04-29 11:35:59,WhatsApp,Auto,Varejo,Sul,iOS,Confirmacao_Protocolo,Resolvido_Bot,"11,8",4,"16205,66"
CVX-002359,2026-04-29 11:39:54,WhatsApp,Vida,Corporativo,Sudeste,Android,Validacao_Apolice,abandono,,,
CVX-005075,2026-04-29 11:50:25,WhatsApp,Residencial,Premium,Sul,Android,Upload_Fotos_Documentos,Abandonado,,,"13337,24"
CVX-002941,2026-04-29 11:58:47,WhatsApp,Vida,Varejo,Sul,Android,Analise_Automatica,Abandonado,,,"39394,13"
CVX-004758,2026-04-29 12:21:44,WhatsApp,Auto,Premium,Norte,Android,Confirmacao_Protocolo,Resolvido_Bot,"6,7",4,"6961,09"
CVX-006839,2026-04-29 12:26:56,WhatsApp,Vida,Premium,Nordeste,Android,Upload_Fotos_Documentos,Abandonado,,,"12073,92"
CVX-001635,2026-04-29 12:29:10,App,Auto,Varejo,Sul,Android,Upload_Fotos_Documentos,Escalado_Humano,50,3,"9563,98"
CVX-002825,2026-04-29 12:39:46,WhatsApp,Vida,Corporativo,Sul,Android,Upload_Fotos_Documentos,Abandonado,,,"14250,95"
CVX-003433,2026-04-29 12:48:19,WhatsApp,Residencial,Varejo,Sudeste,Android,Coleta_Dados_Sinistro,Escalado_Humano,"36,7",3,"15733,12"
CVX-005577,2026-04-29 13:02:58,WhatsApp,Residencial,Varejo,Centro-Oeste,iOS,Coleta_Dados_Sinistro,Abandonado,,,"15371,8"
CVX-000599,2026-04-29 13:11:14,WhatsApp,Residencial,Varejo,Sudeste,iOS,Upload_Fotos_Documentos,Abandonado,,,"16723,93"
CVX-006615,2026-04-29 13:32:31,WhatsApp,Auto,Corporativo,Sudeste,Android,Validacao_Apolice,Escalado_Humano,74,2,
CVX-003161,2026-04-29 13:54:52,WhatsApp,Auto,Premium,Sudeste,Android,Coleta_Dados_Sinistro,Escalado_Humano,"31,5",3,"9426,41"
CVX-000838,2026-04-29 13:59:57,WhatsApp,Residencial,Corporativo,Sul,iOS,Validacao_Apolice,Escalado_Humano,"25,5",4,
CVX-006171,2026-04-29 14:41:04,App,Auto,Premium,Sudeste,iOS,Confirmacao_Protocolo,Resolvido_Bot,6,4,"7394,6"
CVX-001989,2026-04-29 14:48:35,App,Auto,Varejo,Sudeste,Android,Confirmacao_Protocolo,Resolvido_Bot,"2,9",4,"5141,44"
CVX-005516,2026-04-29 14:49:11,WhatsApp,Auto,Varejo,Centro-Oeste,iOS,Inicio_Saudacao,Abandonado,,,
CVX-004178,2026-04-29 14:50:46,WhatsApp,Auto,Varejo,Sul,Android,Upload_Fotos_Documentos,Abandonado,,,"9126,78"
CVX-001702,2026-04-29 15:06:39,WhatsApp,Auto,Varejo,Sudeste,Android,Confirmacao_Protocolo,Resolvido_Bot,"11,8",5,"5069,34"
CVX-001115,2026-04-29 15:06:44,WhatsApp,Residencial,Corporativo,Sudeste,iOS,Upload_Fotos_Documentos,Escalado_Humano,"53,5",3,"11870,06"
CVX-004954,2026-04-29 15:06:51,WhatsApp,Auto,Varejo,Sudeste,Android,Validacao_Apolice,Escalado_Humano,"37,5",,
CVX-002794,2026-04-29 15:06:54,WhatsApp,Auto,Varejo,Sudeste,iOS,Confirmacao_Protocolo,Resolvido_Bot,"12,3",,"12786,21"
CVX-000386,2026-04-29 15:12:00,WhatsApp,Auto,Varejo,Nordeste,iOS,Upload_Fotos_Documentos,Abandonado,,,"9680,68"
CVX-004561,2026-04-29 15:15:19,WhatsApp,Auto,Premium,Sudeste,Android,Confirmacao_Protocolo,Resolvido_Bot,"2,5",3,"8920,29"
CVX-000623,2026-04-29 15:15:36,WhatsApp,Auto,Premium,Nordeste,Android,Confirmacao_Protocolo,Resolvido_Bot,"6,9",4,"10922,26"
CVX-001706,2026-04-29 15:33:22,WhatsApp,Residencial,Varejo,Sudeste,Android,Validacao_Apolice,Escalado_Humano,"27,1",4,
CVX-003171,2026-04-29 15:36:05,App,Residencial,Varejo,Sudeste,Android,Validacao_Apolice,Escalado_Humano,"37,7",4,
CVX-002895,2026-04-29 16:04:54,WhatsApp,Vida,Varejo,Nordeste,Android,Validacao_Apolice,Escalado_Humano,"64,1",1,
CVX-000915,2026-04-29 16:07:22,App,Auto,Premium,Norte,iOS,Confirmacao_Protocolo,Resolvido_Bot,"9,6",5,"4008,73"
CVX-002694,2026-04-29 16:09:03,WhatsApp,Residencial,Varejo,Centro-Oeste,Android,Confirmacao_Protocolo,Resolvido_Bot,"11,9",,"19972,51"
CVX-002387,2026-04-29 16:10:24,WhatsApp,Auto,Varejo,Centro-Oeste,iOS,Analise_Automatica,Abandonado,,,"8700,91"
CVX-002262,2026-04-29 16:26:47,WhatsApp,Residencial,Corporativo,Nordeste,Android,Validacao_Apolice,Escalado_Humano,"45,5",4,
CVX-001487,2026-04-29 16:32:41,WhatsApp,Auto,Varejo,Centro-Oeste,Android,Validacao_Apolice,Escalado_Humano,"23,4",,
CVX-003957,2026-04-29 17:22:32,WhatsApp,Residencial,Premium,Sudeste,Android,Validacao_Apolice,Abandonado,,,
CVX-004543,2026-04-29 17:25:45,WhatsApp,Auto,Varejo,Centro-Oeste,iOS,Confirmacao_Protocolo,Resolvido_Bot,"6,8",5,"10603,88"
CVX-000914,2026-04-29 17:30:18,WhatsApp,Auto,Premium,Sul,iOS,Confirmacao_Protocolo,Resolvido_Bot,"7,5",5,"9389,17"
CVX-001767,2026-04-29 17:34:53,WhatsApp,Vida,Premium,Sudeste,iOS,Upload_Fotos_Documentos,Escalado_Humano,27,5,"56269,45"
CVX-002051,2026-04-29 18:12:35,WhatsApp,Residencial,Varejo,Sul,iOS,Validacao_Apolice,Escalado_Humano,"28,1",5,
CVX-001345,2026-04-29 18:23:21,WhatsApp,Auto,Premium,Sudeste,Android,Confirmacao_Protocolo,Resolvido_Bot,2,4,"8703,15"
CVX-004584,2026-04-29 19:15:37,WhatsApp,Auto,Premium,Sul,iOS,Upload_Fotos_Documentos,Abandonado,,,"7086,46"
CVX-004603,2026-04-29 19:17:49,WhatsApp,Vida,Premium,Sudeste,Android,Coleta_Dados_Sinistro,Escalado_Humano,"42,7",4,"64039,44"
CVX-005713,2026-04-29 20:14:25,WhatsApp,Auto,Varejo,Sul,iOS,Coleta_Dados_Sinistro,Abandonado,,,"8323,28"
CVX-005372,2026-04-30 8:04:16,App,Residencial,Premium,Sudeste,Android,Validacao_Apolice,Abandonado,,,
CVX-006294,2026-04-30 8:06:36,WhatsApp,Auto,Varejo,Sul,Android,Confirmacao_Protocolo,Resolvido_Bot,"4,3",5,"7629,28"
CVX-000813,2026-04-30 8:16:03,WhatsApp,Residencial,Varejo,Sudeste,iOS,Confirmacao_Protocolo,Resolvido_Bot,6,5,"17924,17"
CVX-000528,2026-04-30 8:17:28,WhatsApp,Auto,Premium,Sudeste,Android,Coleta_Dados_Sinistro,Escalado_Humano,"35,9",3,"9287,57"
CVX-005046,2026-04-30 8:24:47,WhatsApp,Residencial,Premium,Sudeste,Android,Confirmacao_Protocolo,Resolvido_Bot,"8,1",4,"29576,57"
CVX-002921,2026-04-30 8:26:45,WhatsApp,Residencial,Varejo,Sul,iOS,Analise_Automatica,Abandonado,,,"11583,07"
CVX-002133,2026-04-30 8:28:28,App,Auto,Premium,Sul,Android,Validacao_Apolice,Escalado_Humano,"62,5",3,
CVX-003989,2026-04-30 8:31:25,WhatsApp,Auto,Premium,Sudeste,Android,Validacao_Apolice,Escalado_Humano,"52,4",5,
CVX-006526,2026-04-30 8:51:51,WhatsApp,Auto,Corporativo,Sudeste,Android,Confirmacao_Protocolo,Resolvido_Bot,"12,7",5,"7864,95"
CVX-001863,2026-04-30 8:57:07,WhatsApp,Residencial,Varejo,Sudeste,Android,Upload_Fotos_Documentos,Escalado_Humano,"28,6",5,"8607,97"
CVX-001561,2026-04-30 9:00:19,WhatsApp,Auto,Varejo,Sudeste,Android,Confirmacao_Protocolo,Resolvido_Bot,"5,6",4,"14522,99"
CVX-002904,2026-04-30 9:10:55,WhatsApp,Auto,Premium,Centro-Oeste,Android,Upload_Fotos_Documentos,Abandonado,,,"4066,27"
CVX-001478,2026-04-30 9:11:39,WhatsApp,Vida,Varejo,Sudeste,Android,Validacao_Apolice,Escalado_Humano,"22,6",5,
CVX-002570,2026-04-30 9:22:27,WhatsApp,Auto,Varejo,Nordeste,Android,Confirmacao_Protocolo,Resolvido_Bot,"8,5",5,"15075,3"
CVX-004646,2026-04-30 9:45:48,WhatsApp,Auto,Premium,Sudeste,iOS,Confirmacao_Protocolo,Resolvido_Bot,"8,5",4,"10276,28"
CVX-005851,2026-04-30 10:00:36,WhatsApp,Residencial,Varejo,Sudeste,Android,Validacao_Apolice,Escalado_Humano,46,3,
CVX-005781,2026-04-30 10:01:13,App,Residencial,Premium,Sul,Android,Confirmacao_Protocolo,Resolvido_Bot,"10,5",,"21695,17"
CVX-006842,2026-04-30 10:13:46,WhatsApp,Auto,Varejo,Sudeste,Android,Upload_Fotos_Documentos,Abandonado,,,"7334,09"
CVX-002770,2026-04-30 10:14:04,WhatsApp,Auto,Varejo,Centro-Oeste,Android,Confirmacao_Protocolo,Resolvido_Bot,"10,7",4,"7210,97"
CVX-000178,2026-04-30 10:21:16,WhatsApp,Residencial,Premium,Nordeste,Android,Upload_Fotos_Documentos,Abandonado,,,"20440,38"
CVX-000673,2026-04-30 10:34:51,WhatsApp,Vida,Varejo,Sudeste,Android,Validacao_Apolice,Escalado_Humano,"38,4",,
CVX-002396,2026-04-30 10:45:59,WhatsApp,Residencial,Premium,Nordeste,Android,Analise_Automatica,Escalado_Humano,"41,1",5,"8355,17"
CVX-005161,2026-04-30 10:59:53,App,Residencial,Varejo,Sudeste,Android,Confirmacao_Protocolo,Resolvido_Bot,"16,6",,"7169,7"
CVX-005297,2026-04-30 11:04:59,WhatsApp,Vida,Premium,Nordeste,iOS,Confirmacao_Protocolo,Resolvido_bot ,"6,5",4,"39844,31"
CVX-006044,2026-04-30 11:42:06,App,Residencial,Varejo,Nordeste,Android,Validacao_Apolice,Abandonado,,,
CVX-001130,2026-04-30 11:50:41,WhatsApp,Residencial,Premium,Centro-Oeste,Android,Confirmacao_Protocolo,Resolvido_Bot,17,,"21469,75"
CVX-001862,2026-04-30 11:50:55,WhatsApp,Vida,Varejo,Sudeste,Android,Analise_Automatica,Escalado_Humano,"36,4",4,"39034,82"
CVX-003713,2026-04-30 11:51:37,WhatsApp,Auto,Varejo,Sul,iOS,Upload_Fotos_Documentos,abandonado,,,"8929,27"
CVX-006490,2026-04-30 12:04:37,WhatsApp,Residencial,Premium,Nordeste,iOS,Upload_Fotos_Documentos,Escalado_Humano,"33,2",,"10239,31"
CVX-002311,2026-04-30 12:06:55,WhatsApp,Auto,Premium,Sudeste,Android,Confirmacao_Protocolo,Resolvido_Bot,"6,9",5,"10739,3"
CVX-004303,2026-04-30 12:58:25,WhatsApp,Residencial,Varejo,Centro-Oeste,Android,Confirmacao_Protocolo,Resolvido_Bot,"11,2",4,"20367,47"
CVX-004271,2026-04-30 13:20:35,WhatsApp,Vida,Varejo,Sul,Android,Upload_Fotos_Documentos,Escalado_Humano,"34,7",3,"34998,06"
CVX-001384,2026-04-30 13:30:33,App,Residencial,Premium,Sudeste,Android,Confirmacao_Protocolo,Resolvido_Bot,"8,7",4,"18693,87"
CVX-006532,2026-04-30 13:30:59,WhatsApp,Auto,Premium,Nordeste,Android,Coleta_Dados_Sinistro,Escalado_Humano,10,4,"9445,86"
CVX-003990,2026-04-30 13:33:59,WhatsApp,Vida,Premium,Sul,Android,Validacao_Apolice,Escalado_Humano,"20,2",4,
CVX-002801,2026-04-30 13:36:09,WhatsApp,Vida,Varejo,Sudeste,Android,Confirmacao_Protocolo,Resolvido_Bot,"5,1",4,"56777,7"
CVX-006851,2026-04-30 13:41:52,WhatsApp,Residencial,Premium,Sul,iOS,Confirmacao_Protocolo,Resolvido_Bot,"13,7",5,"19641,18"
CVX-001856,2026-04-30 13:43:29,WhatsApp,Auto,Varejo,Norte,Android,Confirmacao_Protocolo,Resolvido_Bot,"7,9",,"9326,78"
CVX-002148,2026-04-30 13:50:19,WhatsApp,Auto,Premium,Sul,Android,Confirmacao_Protocolo,Resolvido_Bot,"8,7",3,"8726,16"
CVX-000999,2026-04-30 14:06:33,WhatsApp,Vida,Varejo,Nordeste,Android,Confirmacao_Protocolo,Resolvido_Bot,"7,8",3,"55491,36"
CVX-004493,2026-04-30 14:12:23,WhatsApp,Residencial,Varejo,Sul,iOS,Upload_Fotos_Documentos,Abandonado,,,"14282,48"
CVX-004125,2026-04-30 14:23:46,App,Vida,Varejo,Sudeste,Android,Validacao_Apolice,Escalado_Humano,"33,7",4,
CVX-002211,2026-04-30 14:29:21,WhatsApp,Auto,Varejo,Sudeste,Android,Confirmacao_Protocolo,RESOLVIDO_BOT,"10,8",5,"6697,37"
CVX-005307,2026-04-30 14:33:37,WhatsApp,Vida,Varejo,Sul,Android,Analise_Automatica,Escalado_humano,"23,1",3,"19019,67"
CVX-005718,2026-04-30 14:44:26,WhatsApp,Vida,Varejo,Norte,iOS,Confirmacao_Protocolo,Resolvido_Bot,"7,7",5,"40794,84"
CVX-000810,2026-04-30 15:02:49,WhatsApp,Auto,Corporativo,Nordeste,Android,Confirmacao_Protocolo,Resolvido_Bot,"9,2",5,"5945,38"
CVX-004289,2026-04-30 15:05:10,WhatsApp,Residencial,Varejo,Sudeste,Android,Confirmacao_Protocolo,Resolvido_Bot,"3,9",3,"10709,14"
CVX-004173,2026-04-30 15:07:20,WhatsApp,Auto,Varejo,Sul,iOS,Analise_Automatica,Escalado_Humano,"46,8",3,"17416,07"
CVX-006035,2026-04-30 15:11:52,WhatsApp,Vida,Premium,Nordeste,Android,Confirmacao_Protocolo,Resolvido_Bot,"11,7",3,"60861,31"
CVX-005931,2026-04-30 15:20:48,WhatsApp,Residencial,Varejo,Centro-Oeste,Android,Confirmacao_Protocolo,Resolvido_Bot,"2,3",4,"12106,48"
CVX-005782,2026-04-30 15:28:17,WhatsApp,Auto,Varejo,Norte,Android,Validacao_Apolice,Escalado_humano,"23,1",3,
CVX-004685,2026-04-30 15:35:05,App,Vida,Varejo,Sul,Android,Confirmacao_Protocolo,Resolvido_Bot,"8,4",5,"66287,48"
CVX-003596,2026-04-30 15:48:12,WhatsApp,Auto,Varejo,Sudeste,Android,Inicio_Saudacao,Abandonado,,,
CVX-000410,2026-04-30 15:53:04,App,Vida,Varejo,Sudeste,Android,Upload_Fotos_Documentos,Abandonado,,,"43749,72"
CVX-006473,2026-04-30 16:04:57,App,Residencial,Premium,Sudeste,Android,Confirmacao_Protocolo,Resolvido_Bot,"9,9",5,"5843,47"
CVX-004782,2026-04-30 16:11:00,WhatsApp,Vida,Varejo,Nordeste,iOS,Confirmacao_Protocolo,Resolvido_Bot,10,,"19461,25"
CVX-001109,2026-04-30 16:15:41,WhatsApp,Vida,Corporativo,Sudeste,Android,Validacao_Apolice,Escalado_Humano,"58,7",2,
CVX-000668,2026-04-30 16:33:12,App,Residencial,Varejo,Sul,Android,Confirmacao_Protocolo,Resolvido_Bot,"2,1",4,"7827,44"
CVX-005480,2026-04-30 16:34:25,App,Auto,Varejo,Sudeste,Android,Confirmacao_Protocolo,Resolvido_Bot,"14,5",5,"5610,51"
CVX-003455,2026-04-30 16:46:47,App,Auto,Varejo,Sudeste,iOS,Coleta_Dados_Sinistro,Escalado_Humano,"16,5",4,"10012,88"
CVX-001023,2026-04-30 17:07:05,App,Vida,Varejo,Centro-Oeste,iOS,Confirmacao_Protocolo,Resolvido_Bot,"13,7",,"52125,96"
CVX-002108,2026-04-30 17:08:23,App,Vida,Premium,Sul,Android,Upload_Fotos_Documentos,Abandonado,,,"48580,46"
CVX-004890,2026-04-30 17:14:28,WhatsApp,Residencial,Varejo,Sudeste,Android,Validacao_Apolice,Abandonado,,,
CVX-003143,2026-04-30 17:22:05,WhatsApp,Residencial,Varejo,Sudeste,Android,Confirmacao_Protocolo,Resolvido_Bot,"6,9",5,"19872,39"
CVX-003548,2026-04-30 17:46:55,App,Auto,Varejo,Nordeste,Android,Analise_Automatica,ESCALADO HUMANO,"36,4",,"5807,55"
CVX-002651,2026-04-30 17:50:24,WhatsApp,Auto,Varejo,Sudeste,iOS,Upload_Fotos_Documentos,Abandonado,,,"13021,94"
CVX-004469,2026-04-30 17:57:22,WhatsApp,Auto,Premium,Sudeste,iOS,Confirmacao_Protocolo,Resolvido_Bot,"8,6",,"16425,42"
CVX-001188,2026-04-30 18:32:43,WhatsApp,Residencial,Premium,Nordeste,Android,Validacao_Apolice,Escalado_Humano,"39,6",,
CVX-006176,2026-04-30 18:46:59,App,Residencial,Premium,Nordeste,Android,Confirmacao_Protocolo,Resolvido_Bot,"11,9",4,"1125,82"
CVX-005974,2026-04-30 18:48:58,App,Vida,Varejo,Sudeste,iOS,Validacao_Apolice,Escalado_Humano,"29,9",,
CVX-001260,2026-04-30 18:53:52,WhatsApp,Auto,Corporativo,Centro-Oeste,Android,Coleta_Dados_Sinistro,Abandonado,,,"7695,28"
CVX-006595,2026-04-30 19:09:42,App,Auto,Premium,Norte,iOS,Confirmacao_Protocolo,Resolvido_Bot,"6,5",5,"16041,4"
CVX-003875,2026-04-30 19:12:29,WhatsApp,Auto,Varejo,Sudeste,iOS,Coleta_Dados_Sinistro,Abandonado,,,"10735,68"
CVX-000405,2026-04-30 19:25:37,WhatsApp,Residencial,Varejo,Sul,Android,Confirmacao_Protocolo,Resolvido_Bot,"11,2",5,"8408,9"
CVX-000711,2026-04-30 19:35:07,WhatsApp,Auto,Varejo,Norte,Android,Validacao_Apolice,Escalado_Humano,"45,4",3,
CVX-002718,2026-04-30 19:38:31,WhatsApp,Residencial,Premium,Sudeste,Android,Upload_Fotos_Documentos,Abandonado,,,"18491,08"
CVX-005095,2026-04-30 19:39:15,WhatsApp,Auto,Varejo,Nordeste,Android,Upload_Fotos_Documentos,Escalado_Humano,"38,5",,"14882,5"
CVX-000544,2026-04-30 19:56:19,WhatsApp,Auto,Varejo,Norte,Android,Validacao_Apolice,Abandonado,,,
CVX-002441,2026-04-30 20:20:01,WhatsApp,Vida,Varejo,Sudeste,Android,Confirmacao_Protocolo,Resolvido_Bot,"3,6",,"70860,76"
CVX-003304,2026-04-30 20:20:02,WhatsApp,Residencial,Varejo,Centro-Oeste,Android,Upload_Fotos_Documentos,Abandonado,,,"10815,47"
CVX-001619,2026-04-30 20:38:02,WhatsApp,Residencial,Premium,Sudeste,Android,Confirmacao_Protocolo,Resolvido_Bot,"11,1",,"5618,94"
CVX-001131,2026-04-30 20:45:27,WhatsApp,Auto,Varejo,Nordeste,Android,Validacao_Apolice,Escalado_Humano,"20,8",3,
CVX-001579,2026-04-30 20:47:47,WhatsApp,Auto,Varejo,Sul,Android,Confirmacao_Protocolo,Resolvido_Bot,"8,5",4,"10893,91"