user_id,nome,sobrenome,email,cpf,data_nascimento,genero,estado,estado_civil,ocupacao,nivel_educacional,faixa_renda,data_ativacao,dispositivo,telefone
U00387,Evelyn,Vargas,bella96@example.org,15877677648.0,1980-07-03,Outro,BA,Viúvo/a,Empregado,Pós-graduação,Baixa,2022-06-27,iOS,(071) 1171 7647
U01365,Luara,da Cruz,nicolefreitas@example.org,33479908238.0,1973-10-09,Outro,PE,Viúvo/a,Empregado,Superior,Média,2022-06-27,iOS,(061) 7405 4952
U03892,Pietro,Pinto,caldeiraantony@example.org,63360500160.0,1983-12-24,Outro,SP,Divorciado/a,Aposentado,Ensino Médio,Baixa,2022-06-27,Android,11 9528-9767
U04316,Renan,Cardoso,heitor28@example.org,60149612137.0,1970-01-01,F,PE,Casado/a,Autônomo,Ensino Médio,Alta,2022-06-27,iOS,+55 (021) 7975-8379
U00169,Cecília,Santos,correiaana-cecilia@example.com,84547474894.0,1981-04-14,M,CE,Divorciado/a,Aposentado,Ensino Médio,Média,2022-06-28,iOS,+55 84 2320 8141
U00781,Beatriz,Farias,olivernunes@example.org,76000468455.0,1970-01-01,M,MG,Casado/a,Desempregado,Pós-graduação,Alta,2022-06-28,iOS,+55 (011) 2642-0084
U01305,Emanuella,Novais,correiajose-miguel@example.org,25439386804.0,1970-01-01,Outro,RS,Solteiro/a,Desempregado,Técnico,Média,2022-06-28,Android,(011) 1578-8526
U01923,Clara,Sampaio,davi-lucas86@example.com,47870287194.0,1970-01-01,Outro,RJ,Viúvo/a,Estudante,Pós-graduação,Baixa,2022-06-28,iOS,+55 (071) 3312-3533
U02334,Ian,Melo,fariaseduardo@example.com,28621798642.0,1975-09-22,F,MG,Viúvo/a,Aposentado,Ensino Médio,Alta,2022-06-28,iOS,+55 61 4550 8838
U03205,Francisco,Peixoto,das-nevesana-livia@example.org,80923152486.0,1976-12-20,F,PR,Solteiro/a,Estudante,Outro,Baixa,2022-06-28,iOS,(021) 0901 6931
U04260,Bruno,Santos,sampaiobruno@example.com,11305689772.0,1981-04-07,M,BA,Casado/a,Autônomo,Ensino Médio,Baixa,2022-06-28,iOS,31 6318-9151
U00799,Rebeca,Teixeira,joaquimda-paz@example.org,66671666340.0,1984-11-07,Outro,PE,Casado/a,Autônomo,Ensino Médio,Média,2022-06-29,Android,51 2092 3520
U01565,Emanuel,Carvalho,ocirino@example.net,93772335761.0,1970-01-01,M,PE,Casado/a,Empregado,Outro,Alta,2022-06-29,Android,51 0773 4513
U01873,João Felipe,Nunes,ninaaparecida@example.com,81590525729.0,1970-01-01,Outro,SP,Divorciado/a,Desempregado,Ensino Médio,Baixa,2022-06-29,iOS,+55 (011) 5665 2269
U01907,Lucas,Monteiro,tcasa-grande@example.org,54139278639.0,1996-03-11,M,SP,Divorciado/a,Empregado,Pós-graduação,Média,2022-06-29,Android,(041) 9133 7747
U04532,Melissa,Andrade,liviamendes@example.com,59535975881.0,1970-01-01,F,PR,Divorciado/a,Aposentado,Superior,Média,2022-06-29,iOS,(041) 8319-4054
U04591,Ester,Costa,cardosotheo@example.com,60037352143.0,1979-05-09,F,CE,Divorciado/a,Estudante,Pós-graduação,Baixa,2022-06-29,iOS,+55 51 9716 5370
U04939,Giovanna,Marques,csouza@example.net,41635091098.0,1987-04-19,Outro,CE,Divorciado/a,Estudante,Outro,Média,2022-06-29,Android,+55 (084) 2644-2500
U01759,Maria Clara,Fonseca,diogoribeiro@example.org,48487542768.0,2007-03-06,Outro,MG,Viúvo/a,Empregado,Ensino Médio,Alta,2022-06-30,Android,+55 (041) 5845 0528
U02077,Igor,Moura,emanuelly29@example.org,24183918154.0,1993-01-07,F,MG,Divorciado/a,Aposentado,Técnico,Baixa,2022-06-30,Android,84 3465-8052
U02220,Felipe,Jesus,eleao@example.org,73053718499.0,1970-01-01,M,RS,Solteiro/a,Desempregado,Técnico,Alta,2022-06-30,Android,+55 84 0544 5410
U02758,Gustavo Henrique,Almeida,machadomathias@example.net,68282866383.0,1982-06-19,Outro,RJ,Casado/a,Desempregado,Outro,Média,2022-06-30,Android,(031) 7579 1823
U02991,Rodrigo,Ribeiro,pfonseca@example.org,66616535519.0,1970-01-01,F,PR,Solteiro/a,Estudante,Outro,Alta,2022-06-30,Android,+55 (061) 4673 2211
U03286,Julia,Carvalho,uteixeira@example.net,40860976831.0,1970-01-01,F,PR,Casado/a,Estudante,Pós-graduação,Alta,2022-06-30,Android,84 7913-4723
U00383,Ana Cecília,Pereira,theo75@example.org,81520406683.0,1995-09-15,M,MG,Divorciado/a,Empregado,Pós-graduação,Média,2022-07-01,Android,+55 (071) 9123-9623
U00683,Bruno,Gonçalves,clara45@example.com,34151638847.0,2002-10-11,F,RJ,Viúvo/a,Desempregado,Pós-graduação,Alta,2022-07-01,Android,+55 (041) 0999 7454
U00880,Ana Luiza,Porto,davi-miguelduarte@example.com,95848798344.0,2002-05-19,F,DF,Divorciado/a,Autônomo,Outro,Alta,2022-07-01,iOS,(031) 3120 8647
U00947,João Pedro,da Costa,gabrielly90@example.com,40730537736.0,1980-07-01,M,MG,Casado/a,Desempregado,Outro,Média,2022-07-01,Android,31 2171-8919
U01280,Yuri,Siqueira,acassiano@example.net,35604082367.0,1985-03-21,F,RJ,Viúvo/a,Estudante,Superior,Baixa,2022-07-01,Android,+55 (084) 7758 8381
U02066,Natália,Silveira,gael-henrique92@example.com,36291337704.0,1988-05-15,F,DF,Solteiro/a,Estudante,Pós-graduação,Alta,2022-07-01,iOS,+55 (061) 3324 5178
U03186,Lucas Gabriel,Aragão,joao-guilherme89@example.org,49236433233.0,1976-03-20,Outro,RJ,Casado/a,Aposentado,Ensino Médio,Baixa,2022-07-01,Android,+55 51 3498 1756
U04526,João Gabriel,Melo,jcostela@example.com,11335263084.0,1970-01-01,F,BA,Viúvo/a,Empregado,Superior,Baixa,2022-07-01,Android,0300 382 9793
U04876,Eloah,Mendonça,enzo43@example.com,19552792406.0,1983-01-08,M,PE,Divorciado/a,Empregado,Ensino Médio,Baixa,2022-07-01,iOS,+55 51 9078 3622
U04144,Pedro Miguel,Albuquerque,hda-mata@example.org,43049425469.0,1982-09-26,F,CE,Viúvo/a,Autônomo,Outro,Média,2022-07-02,Android,+55 71 8243 1571
U04355,Henrique,Cunha,raulpeixoto@example.net,30847323136.0,1970-01-01,M,RJ,Solteiro/a,Empregado,Superior,Média,2022-07-02,Android,+55 (051) 5309 2395
U01407,Ian,Fernandes,calmeida@example.net,65895920109.0,1985-04-12,F,MG,Casado/a,Estudante,Técnico,Baixa,2022-07-03,iOS,71 8290-0295
U01429,Ágatha,Freitas,pietro32@example.org,51316937742.0,1990-08-05,F,PE,Solteiro/a,Autônomo,Superior,Média,2022-07-03,Android,+55 (084) 7292 3086
U02055,Bianca,Siqueira,hdias@example.org,18912263798.0,1970-01-01,F,RJ,Casado/a,Empregado,Ensino Médio,Média,2022-07-03,Android,81 0309 0482
U03029,Vitor Hugo,Jesus,silveirabianca@example.com,51988738524.0,1988-08-10,F,DF,Divorciado/a,Aposentado,Pós-graduação,Média,2022-07-03,iOS,+55 (061) 6540 8533
U03643,Anthony,Martins,joao-lucasmoraes@example.net,17842035451.0,1970-01-01,M,MG,Casado/a,Aposentado,Superior,Média,2022-07-03,iOS,(051) 0842-9119
U03773,Ana,Pastor,enzoabreu@example.com,27303391493.0,1972-03-03,M,RS,Solteiro/a,Empregado,Técnico,Alta,2022-07-03,Android,+55 84 5217-0739
U03849,Pedro,Sousa,duartearthur-gabriel@example.org,73240332775.0,1970-01-01,F,PE,Viúvo/a,Desempregado,Ensino Médio,Média,2022-07-03,Android,+55 51 8353 4305
U04520,Gabrielly,Rocha,arthur95@example.com,99366488901.0,1979-04-07,F,CE,Divorciado/a,Aposentado,Pós-graduação,Alta,2022-07-03,iOS,+55 (011) 2400-6493
U00106,Mariana,Azevedo,emachado@example.com,70098344090.0,1970-01-01,Outro,CE,Viúvo/a,Estudante,Pós-graduação,Baixa,2022-07-04,Android,+55 81 5205-4505
U00912,Carolina,Moraes,silveiramaysa@example.com,85886804677.0,1976-01-26,M,RS,Solteiro/a,Autônomo,Técnico,Alta,2022-07-04,Android,84 8368 5272
U01756,Stella,Monteiro,larissapereira@example.net,52609286500.0,1989-09-03,M,MG,Casado/a,Empregado,Superior,Alta,2022-07-04,iOS,0300-697-4461
U01764,Murilo,da Paz,lorenzocamara@example.net,33159792280.0,1994-08-23,F,MG,Solteiro/a,Estudante,Superior,Média,2022-07-04,iOS,(031) 8999 0478
U02610,João Gabriel,Costa,garciaallana@example.net,88804303640.0,1986-10-02,F,PE,Divorciado/a,Estudante,Pós-graduação,Alta,2022-07-04,Android,31 2040 0335
U02775,Ester,da Cunha,anthonymarques@example.net,45806902361.0,1983-05-23,M,SP,Solteiro/a,Autônomo,Pós-graduação,Alta,2022-07-04,Android,+55 (031) 9803-4825
U03209,Pedro Lucas,Caldeira,laviniamonteiro@example.com,36471160859.0,1988-09-20,Outro,RS,Divorciado/a,Aposentado,Pós-graduação,Alta,2022-07-04,iOS,+55 (071) 5019 7285
U03422,Ian,Freitas,abreupietro@example.net,89848296197.0,1970-01-01,F,PE,Solteiro/a,Aposentado,Outro,Média,2022-07-04,iOS,(071) 0872-7044
U04842,Enrico,Teixeira,pereiraana-julia@example.org,32912085673.0,1989-02-06,F,CE,Solteiro/a,Autônomo,Pós-graduação,Média,2022-07-04,Android,+55 11 0162-3501
U01768,Levi,Cirino,souzaalicia@example.net,69630702386.0,1970-01-01,F,PR,Casado/a,Aposentado,Outro,Alta,2022-07-05,iOS,+55 81 6590 1214
U02104,Vinicius,Cavalcante,vargasyan@example.net,66261486995.0,1976-04-08,F,MG,Casado/a,Empregado,Outro,Alta,2022-07-05,Android,84 0440-0378
U02376,Jade,Silva,iribeiro@example.net,96179850766.0,1987-09-10,F,RS,Viúvo/a,Empregado,Superior,Alta,2022-07-05,iOS,(031) 7886-4083
U02584,Antônio,Sá,gustavoda-paz@example.org,21502075838.0,1989-02-18,F,RJ,Viúvo/a,Aposentado,Pós-graduação,Alta,2022-07-05,Android,+55 (021) 9433 3781
U02668,Camila,da Conceição,ceciliada-mata@example.com,66315174912.0,1970-01-01,M,BA,Casado/a,Autônomo,Ensino Médio,Média,2022-07-05,iOS,0800 587 9651
U00838,Luara,Novaes,isabelrocha@example.net,96013940829.0,1970-01-01,Outro,RS,Casado/a,Empregado,Outro,Alta,2022-07-06,iOS,(051) 7979-5902
U01957,Enzo Gabriel,Pinto,juliananascimento@example.org,59034049499.0,1990-03-16,F,RJ,Casado/a,Aposentado,Pós-graduação,Média,2022-07-06,Android,(041) 6610 3249
U02246,Ana Luiza,das Neves,ravy54@example.org,46885806351.0,1971-06-16,Outro,PR,Viúvo/a,Autônomo,Superior,Média,2022-07-06,iOS,+55 51 5571 3417
U03264,Bento,Pires,ana-laura13@example.net,28725780874.0,1976-03-29,M,DF,Solteiro/a,Empregado,Superior,Baixa,2022-07-06,iOS,0800 555 4192
U03663,Mariah,Silveira,limaeloah@example.org,79800474032.0,1970-01-01,F,PE,Solteiro/a,Estudante,Outro,Baixa,2022-07-06,Android,84 6075 5981
U00894,Vitor,Rezende,aliceduarte@example.org,92355130630.0,1970-01-01,F,PR,Divorciado/a,Autônomo,Outro,Média,2022-07-07,Android,0900-395-5053
U01029,Heloísa,Castro,rael70@example.net,25914285376.0,1980-11-28,Outro,DF,Casado/a,Desempregado,Superior,Média,2022-07-07,Android,+55 (081) 3960-7184
U03793,Rael,Carvalho,gomeslunna@example.org,39932855587.0,1970-01-01,M,SP,Solteiro/a,Autônomo,Superior,Alta,2022-07-07,iOS,+55 51 6274 8571
U00481,Natália,Ribeiro,leticia53@example.net,33115171997.0,1970-01-01,M,BA,Solteiro/a,Desempregado,Pós-graduação,Baixa,2022-07-08,Android,+55 (051) 8558-1444
U02555,Luiz Otávio,Macedo,enricomoraes@example.org,72064727466.0,1987-05-16,M,SP,Solteiro/a,Desempregado,Outro,Alta,2022-07-08,iOS,+55 81 1303 3908
U03489,Isabel,Cassiano,nathan84@example.net,24243662501.0,1970-01-01,F,RS,Divorciado/a,Desempregado,Superior,Baixa,2022-07-08,iOS,+55 (051) 1498-2631
U00327,Henrique,Monteiro,mathias73@example.com,33780865352.0,2003-08-14,M,DF,Solteiro/a,Aposentado,Outro,Baixa,2022-07-09,Android,+55 31 2182 8480
U00404,Helena,Pires,vrios@example.org,17441866854.0,1970-01-01,Outro,RS,Casado/a,Autônomo,Outro,Alta,2022-07-09,iOS,(041) 4113 2007
U00480,Maria Alice,Rodrigues,pintoclara@example.com,55635034761.0,2000-07-09,Outro,RJ,Solteiro/a,Autônomo,Pós-graduação,Alta,2022-07-09,Android,61 0801-7001
U01794,Vitor,Rios,nborges@example.com,93978032966.0,1986-07-04,M,RJ,Divorciado/a,Desempregado,Ensino Médio,Média,2022-07-09,Android,+55 (041) 9551-9039
U04942,Aylla,Ramos,cmartins@example.org,68375569677.0,1986-10-29,M,PE,Casado/a,Estudante,Superior,Média,2022-07-09,iOS,(071) 1024-6443
U00702,Kamilly,Leão,diaslucas@example.org,51761358377.0,1986-01-10,Outro,MG,Solteiro/a,Empregado,Superior,Alta,2022-07-10,Android,0800 110 5588
U00983,Bryan,Cavalcanti,cavalcantikaique@example.org,28582861106.0,1990-04-22,F,RS,Divorciado/a,Estudante,Pós-graduação,Baixa,2022-07-10,iOS,+55 (021) 2914-3030
U01815,Aylla,Aragão,pda-conceicao@example.com,97146171602.0,1996-04-19,M,MG,Viúvo/a,Aposentado,Técnico,Alta,2022-07-10,Android,(041) 7711-5544
U01921,Levi,Camargo,santosolivia@example.org,53841958515.0,1970-01-01,F,PR,Viúvo/a,Empregado,Técnico,Média,2022-07-10,iOS,0300-578-8221
U03131,Asafe,Melo,borgesheitor@example.org,90158678116.0,1970-01-01,M,CE,Solteiro/a,Autônomo,Outro,Alta,2022-07-10,iOS,+55 (031) 7098 1880
U01586,Mariana,Marques,martinsfernanda@example.com,86398500269.0,1984-08-02,F,PR,Divorciado/a,Empregado,Superior,Alta,2022-07-11,Android,21 9207-2221
U03362,Ester,Pacheco,lucas21@example.net,55315019342.0,1992-04-18,Outro,CE,Casado/a,Desempregado,Ensino Médio,Alta,2022-07-11,Android,41 1405 4193
U03855,Maria Alice,da Rosa,macedofrancisco@example.net,41391476079.0,1970-01-01,M,CE,Casado/a,Autônomo,Superior,Baixa,2022-07-11,Android,84 3335-6474
U04039,Vitória,da Rocha,alanacasa-grande@example.com,55308209256.0,1980-05-05,F,CE,Divorciado/a,Estudante,Outro,Baixa,2022-07-11,iOS,(084) 3220-3884
U04523,Mariah,Silveira,benicio13@example.com,55198395555.0,1999-09-13,F,SP,Solteiro/a,Desempregado,Técnico,Baixa,2022-07-11,Android,+55 (011) 6027 3440
U00455,Ana,da Costa,vianaana-cecilia@example.net,17679356724.0,1970-01-01,M,SP,Casado/a,Desempregado,Técnico,Alta,2022-07-12,iOS,0500-659-3968
U00672,Kaique,Ramos,kamillyfarias@example.com,46724475887.0,1992-10-26,Outro,PE,Viúvo/a,Aposentado,Outro,Baixa,2022-07-12,Android,+55 (071) 6309 6349
U01283,José Pedro,Ribeiro,lucasda-rocha@example.net,93282436781.0,1970-01-01,M,MG,Viúvo/a,Empregado,Outro,Alta,2022-07-12,iOS,+55 (084) 3457-4674
U02401,Maria Flor,Fernandes,lvasconcelos@example.com,90807998745.0,2001-10-05,F,BA,Casado/a,Empregado,Pós-graduação,Alta,2022-07-12,Android,+55 (031) 4555 1883
U03314,Otávio,Sales,oliveirajose-pedro@example.com,46475808662.0,1990-12-28,Outro,PE,Divorciado/a,Empregado,Ensino Médio,Média,2022-07-12,Android,(021) 4210 0505
U03587,Liz,Sousa,costelabento@example.org,61927106138.0,1970-01-01,M,SP,Viúvo/a,Empregado,Superior,Alta,2022-07-12,Android,+55 (084) 4976-7056
U04178,Caio,Aparecida,juanribeiro@example.com,42284130627.0,1970-01-01,Outro,DF,Solteiro/a,Desempregado,Ensino Médio,Média,2022-07-12,iOS,+55 31 4644-2719
U04406,Cecília,Duarte,sarah02@example.com,52326244224.0,1979-11-23,Outro,PR,Divorciado/a,Desempregado,Técnico,Alta,2022-07-12,iOS,+55 41 4454 4451
U00786,João Vitor,Castro,hmarques@example.net,38804616034.0,1982-03-28,M,SP,Divorciado/a,Autônomo,Superior,Média,2022-07-13,Android,0300 254 6624
U01068,Nathan,da Rocha,hellena90@example.org,53727771110.0,1997-07-05,M,RS,Viúvo/a,Estudante,Pós-graduação,Média,2022-07-13,iOS,+55 (084) 9629-7754
U01642,Maria Sophia,Dias,maria-luisarezende@example.com,24382039348.0,1984-12-19,Outro,BA,Divorciado/a,Estudante,Técnico,Alta,2022-07-13,Android,+55 (051) 5312-3794
U02840,Ana Laura,Carvalho,hjesus@example.com,85138799249.0,1989-06-17,M,SP,Viúvo/a,Desempregado,Técnico,Média,2022-07-13,iOS,11 9303 3968
U03253,Yasmin,Pimenta,valentinateixeira@example.com,15736724895.0,1984-03-01,Outro,CE,Viúvo/a,Empregado,Pós-graduação,Baixa,2022-07-13,iOS,+55 11 2803-0479
U03634,João Pedro,Costa,ana-livia89@example.net,85368233051.0,2000-12-17,F,PE,Casado/a,Aposentado,Ensino Médio,Alta,2022-07-13,Android,+55 (031) 4696-8329
U04397,Maria Laura,Gomes,alice82@example.net,99608891538.0,1991-12-16,M,SP,Casado/a,Autônomo,Ensino Médio,Média,2022-07-13,Android,(011) 9212-6511
U04902,Maria Sophia,Montenegro,leonardonascimento@example.com,13264493426.0,1982-12-13,M,RS,Viúvo/a,Empregado,Técnico,Média,2022-07-13,iOS,(061) 6639 7380
U00899,Stephany,Vieira,ana-liz18@example.com,16609545320.0,1999-08-28,F,SP,Viúvo/a,Empregado,Outro,Alta,2022-07-14,Android,0500-163-8338
U01195,Maria Cecília,Cunha,raragao@example.org,26007385776.0,1970-01-01,Outro,CE,Viúvo/a,Empregado,Ensino Médio,Baixa,2022-07-14,iOS,81 1863-8832
U02574,Calebe,Almeida,camargogabriela@example.net,99921673875.0,1992-11-15,Outro,RS,Viúvo/a,Estudante,Outro,Média,2022-07-14,Android,+55 (021) 9526 5077
U02801,Larissa,Silva,guilhermevasconcelos@example.org,80709158161.0,1994-05-07,Outro,PR,Viúvo/a,Estudante,Pós-graduação,Baixa,2022-07-14,iOS,(081) 2311-7937
U03390,Natália,Porto,kramos@example.net,58399957862.0,1972-03-28,Outro,CE,Casado/a,Estudante,Pós-graduação,Baixa,2022-07-14,Android,(084) 5999 2812
U00161,Júlia,Oliveira,teixeirasophia@example.net,12603629063.0,1970-01-01,Outro,PR,Divorciado/a,Autônomo,Ensino Médio,Baixa,2022-07-15,iOS,+55 41 1782 9575
U00874,Sarah,Melo,julia37@example.com,37098812158.0,2002-05-13,Outro,PE,Viúvo/a,Empregado,Ensino Médio,Média,2022-07-15,iOS,0900-626-1979
U00938,Lucas Gabriel,Ribeiro,monteirocaue@example.net,90534170515.0,1978-11-21,Outro,CE,Solteiro/a,Aposentado,Superior,Alta,2022-07-15,iOS,41 4527-3273
U01689,Manuella,Andrade,hsantos@example.com,19454594163.0,1972-03-16,Outro,BA,Divorciado/a,Desempregado,Pós-graduação,Baixa,2022-07-15,iOS,+55 (051) 5972-9508
U02651,Zoe,Sá,cleao@example.net,20892449861.0,1970-12-12,F,PE,Casado/a,Desempregado,Ensino Médio,Baixa,2022-07-15,iOS,(021) 2617 7915
U02967,Laura,Novais,dante57@example.com,97349627182.0,2006-10-14,Outro,MG,Divorciado/a,Desempregado,Técnico,Média,2022-07-15,Android,+55 41 2364-8780
U04085,Manuela,da Luz,monteiroana-cecilia@example.com,47494115974.0,1971-09-15,M,CE,Solteiro/a,Autônomo,Ensino Médio,Média,2022-07-15,iOS,+55 84 6073 7993
U04086,Bella,Rodrigues,estheralmeida@example.org,73307273408.0,1970-01-01,Outro,MG,Solteiro/a,Autônomo,Pós-graduação,Alta,2022-07-15,Android,(021) 4008 5414
U04294,Raul,Costa,asafebrito@example.org,75548408348.0,1971-10-26,M,MG,Viúvo/a,Autônomo,Ensino Médio,Média,2022-07-15,iOS,+55 (084) 1382-6051
U04726,Noah,Silveira,asafe41@example.com,61746584305.0,2005-12-19,F,DF,Viúvo/a,Desempregado,Ensino Médio,Baixa,2022-07-15,Android,+55 11 5810-0685
U01664,Leandro,Aragão,ana-juliamonteiro@example.com,81922097191.0,1993-01-17,Outro,CE,Solteiro/a,Autônomo,Outro,Média,2022-07-16,Android,+55 21 5568-8666
U00008,Maria Julia,Martins,sophie66@example.org,53604959872.0,1987-07-13,F,CE,Casado/a,Autônomo,Superior,Alta,2022-07-17,Android,+55 61 1335 9451
U00343,Ísis,Fernandes,leaolara@example.org,18653980222.0,1970-01-01,Outro,DF,Solteiro/a,Desempregado,Superior,Alta,2022-07-17,Android,0500-598-0095
U02446,Manuella,Teixeira,cunhamelina@example.org,82571712401.0,1970-08-22,Outro,PE,Casado/a,Autônomo,Pós-graduação,Baixa,2022-07-17,Android,(041) 8504 8278
U00132,Maria Fernanda,Viana,noahfarias@example.com,23509500979.0,1970-01-01,M,MG,Divorciado/a,Aposentado,Pós-graduação,Alta,2022-07-18,iOS,+55 41 0103 7667
U01134,Mathias,Porto,oliviada-mata@example.com,80343432462.0,1970-01-01,M,BA,Divorciado/a,Empregado,Outro,Alta,2022-07-18,Android,+55 21 2254-6783
U04368,Joaquim,Aparecida,fcaldeira@example.com,46031522119.0,2004-04-04,F,PE,Casado/a,Aposentado,Técnico,Baixa,2022-07-18,iOS,+55 (071) 7472-3428
U01485,Isadora,Caldeira,britolorena@example.com,60984721313.0,1992-03-26,M,DF,Solteiro/a,Aposentado,Pós-graduação,Baixa,2022-07-19,Android,(061) 8925-9654
U02550,Oliver,Câmara,maya29@example.net,26961890281.0,1985-06-20,F,DF,Casado/a,Empregado,Outro,Alta,2022-07-19,Android,+55 81 6035 4159
U00299,Miguel,Porto,julia80@example.org,32389536712.0,1970-01-01,F,BA,Casado/a,Autônomo,Pós-graduação,Baixa,2022-07-20,Android,+55 84 2854 7474
U00751,Maria Eduarda,Cassiano,freitasaugusto@example.net,61036702854.0,1997-07-28,Outro,RS,Casado/a,Aposentado,Outro,Média,2022-07-20,iOS,+55 11 8174-8937
U03475,Larissa,Oliveira,ottorodrigues@example.net,44339291871.0,1970-01-01,F,PR,Solteiro/a,Empregado,Técnico,Alta,2022-07-20,iOS,(084) 8069-7745
U03681,Isabel,Fogaça,cda-luz@example.net,69131039770.0,1994-01-10,Outro,RJ,Casado/a,Aposentado,Superior,Média,2022-07-20,iOS,(071) 3383-2225
U03724,Ágatha,Cavalcante,maite53@example.org,11692050339.0,2004-10-25,F,BA,Divorciado/a,Estudante,Outro,Média,2022-07-20,iOS,(021) 9921-1273
U00056,Pedro Lucas,Marques,viniciusalves@example.org,84255913286.0,1981-09-11,Outro,BA,Viúvo/a,Empregado,Outro,Baixa,2022-07-21,Android,61 3968 7526
U01712,André,da Rocha,rodriguesravi@example.org,11441172735.0,1996-07-13,Outro,PR,Divorciado/a,Empregado,Técnico,Média,2022-07-21,iOS,+55 71 0762-6891
U01882,Júlia,Santos,isadora55@example.org,28821087326.0,1972-12-10,F,BA,Casado/a,Estudante,Pós-graduação,Média,2022-07-21,iOS,(084) 3055-1255
U03341,Luna,Silveira,salesvinicius@example.com,32022104104.0,1970-01-01,M,SP,Viúvo/a,Empregado,Outro,Baixa,2022-07-21,Android,(071) 0810-6229
U04156,Pedro Henrique,Novais,garaujo@example.com,16122621620.0,1975-10-27,Outro,RJ,Solteiro/a,Autônomo,Outro,Média,2022-07-21,Android,81 2128-5814
U04480,Cecilia,Silveira,gsilveira@example.com,39324945061.0,1970-01-01,Outro,DF,Casado/a,Desempregado,Outro,Alta,2022-07-21,Android,+55 (071) 3971-4370
U00109,Juan,Moreira,da-rochalavinia@example.org,29210756760.0,1970-01-01,M,MG,Solteiro/a,Empregado,Técnico,Baixa,2022-07-22,iOS,+55 (084) 8329-7483
U01325,Thales,Costa,allana97@example.org,66187047968.0,2005-02-13,M,RS,Casado/a,Empregado,Outro,Média,2022-07-22,iOS,+55 (041) 2822 0122
U01960,Liam,Pacheco,eda-rosa@example.org,80451231874.0,1985-08-20,Outro,PR,Casado/a,Estudante,Ensino Médio,Alta,2022-07-22,Android,+55 11 7427-4268
U04056,Bruno,Vargas,thomasmendes@example.org,65618541130.0,1998-02-14,Outro,SP,Solteiro/a,Desempregado,Ensino Médio,Baixa,2022-07-22,Android,(031) 8877-2758
U04573,Caleb,Carvalho,psouza@example.org,19504642194.0,1999-01-15,F,PR,Casado/a,Estudante,Outro,Alta,2022-07-22,iOS,+55 71 3961 1038
U04541,Emanuelly,Moreira,camposthiago@example.com,46938486621.0,1970-01-01,M,MG,Divorciado/a,Autônomo,Superior,Alta,2022-07-23,iOS,+55 41 1287-4516
U04600,Heloisa,da Luz,vieirasarah@example.org,67740252562.0,1987-12-01,M,DF,Divorciado/a,Aposentado,Técnico,Média,2022-07-23,Android,+55 (061) 5907-4529
U04781,Isabella,Monteiro,marquesjoao-vitor@example.com,69057632818.0,1993-10-25,F,DF,Viúvo/a,Desempregado,Pós-graduação,Média,2022-07-23,iOS,84 4377-1091
U04739,Matteo,Moura,apollo01@example.net,67470201199.0,1970-01-01,Outro,RJ,Viúvo/a,Desempregado,Ensino Médio,Alta,2022-07-24,iOS,+55 11 2124-6377
U00929,Jade,Oliveira,yasmin80@example.com,79585516323.0,1982-12-07,F,PR,Viúvo/a,Desempregado,Pós-graduação,Baixa,2022-07-25,Android,(061) 9681-0117
U00463,Emanuel,Albuquerque,tsantos@example.com,70645006631.0,1978-04-17,M,SP,Divorciado/a,Autônomo,Outro,Baixa,2022-07-26,iOS,+55 61 4552-8413
U01509,Ana Carolina,Melo,arthur-miguel64@example.net,26693635788.0,1982-07-01,M,MG,Viúvo/a,Empregado,Ensino Médio,Alta,2022-07-26,Android,71 5729 0037
U03267,Alice,Câmara,riosleandro@example.net,90876148678.0,1993-10-12,F,PE,Viúvo/a,Aposentado,Pós-graduação,Alta,2022-07-26,iOS,(021) 3650-6604
U03305,Sarah,Cirino,vitornovaes@example.com,80016770073.0,1983-04-02,F,PR,Casado/a,Estudante,Ensino Médio,Média,2022-07-26,iOS,0800 144 3585
U00221,Francisco,Albuquerque,gcaldeira@example.org,17521877999.0,1970-01-01,M,RJ,Divorciado/a,Aposentado,Ensino Médio,Média,2022-07-27,iOS,(081) 0046 7690
U00611,Yasmin,Dias,isilva@example.com,79620778924.0,1970-01-01,Outro,RS,Solteiro/a,Autônomo,Ensino Médio,Média,2022-07-27,iOS,+55 61 3972 9634
U02079,Marcela,Caldeira,davi-miguel49@example.com,77165154576.0,1970-01-03,M,CE,Divorciado/a,Aposentado,Técnico,Média,2022-07-27,Android,11 6405-9799
U02138,Oliver,Castro,bjesus@example.org,38203477094.0,1972-01-12,M,RJ,Casado/a,Desempregado,Pós-graduação,Baixa,2022-07-27,iOS,41 9939 1350
U02216,Ester,Porto,benicio30@example.org,22103616843.0,1974-03-18,M,MG,Casado/a,Estudante,Ensino Médio,Baixa,2022-07-27,Android,+55 51 0016 6396
U02956,Clara,Brito,kcastro@example.org,82835212900.0,1980-07-21,M,BA,Solteiro/a,Empregado,Ensino Médio,Média,2022-07-27,Android,+55 41 9190 3801
U03588,Gabrielly,Rios,costelapedro-lucas@example.com,59238496797.0,1970-01-01,F,SP,Solteiro/a,Aposentado,Pós-graduação,Baixa,2022-07-27,Android,+55 (071) 6383-5233
U03691,Marcos Vinicius,Câmara,maria-sophia70@example.com,99460860626.0,1970-09-13,F,DF,Solteiro/a,Estudante,Ensino Médio,Alta,2022-07-27,Android,(084) 7071 6809
U00076,Gael Henrique,da Rocha,santosmaria-alice@example.com,83949849403.0,1970-01-01,F,SP,Casado/a,Aposentado,Superior,Média,2022-07-28,Android,(071) 5461 7902
U00872,Dante,Dias,danilogarcia@example.net,92082472744.0,1989-01-16,F,SP,Viúvo/a,Empregado,Superior,Baixa,2022-07-28,Android,0900-818-8104
U01702,José Pedro,Nascimento,alicesales@example.org,30740565859.0,1970-01-01,M,DF,Casado/a,Autônomo,Técnico,Alta,2022-07-28,iOS,+55 (021) 2589-0712
U03503,Maria Sophia,Araújo,araujogustavo@example.com,48872899470.0,1996-11-03,Outro,MG,Divorciado/a,Desempregado,Ensino Médio,Média,2022-07-28,iOS,0300 758 6858
U04569,Diego,Duarte,valentina49@example.com,17349106382.0,1984-12-11,F,BA,Solteiro/a,Aposentado,Pós-graduação,Baixa,2022-07-28,iOS,+55 (081) 9162 7028
U00095,Lucas,Teixeira,alexianunes@example.org,51660539178.0,1970-01-01,M,MG,Viúvo/a,Empregado,Superior,Alta,2022-07-29,Android,+55 (071) 3664 3320
U01729,Melissa,Cavalcanti,isabel64@example.net,59794114645.0,1970-01-01,F,BA,Divorciado/a,Aposentado,Superior,Alta,2022-07-29,iOS,41 9908-2036
U00005,Larissa,Peixoto,fernanda10@example.org,78725618153.0,1992-04-08,M,DF,Viúvo/a,Empregado,Outro,Alta,2022-07-30,iOS,84 2120 9368
U01039,Caroline,Carvalho,lorenzo31@example.org,40557267688.0,1970-01-01,Outro,PE,Divorciado/a,Empregado,Ensino Médio,Média,2022-07-30,Android,71 9890 0772
U01139,Maria Liz,Cassiano,bryanoliveira@example.net,15421539690.0,1970-01-01,M,DF,Viúvo/a,Aposentado,Ensino Médio,Média,2022-07-30,Android,+55 (021) 6501 7085
U01501,João,Melo,liviaoliveira@example.com,75213722254.0,1991-02-21,Outro,RJ,Divorciado/a,Estudante,Superior,Alta,2022-07-30,Android,+55 11 5075 5172
U01829,Vinícius,Porto,maria-vitoriaaparecida@example.org,75727728117.0,1985-10-31,F,RS,Viúvo/a,Estudante,Pós-graduação,Baixa,2022-07-30,iOS,+55 (011) 6242 9561
U00082,Arthur,Novais,dante58@example.com,17929658296.0,1998-03-15,M,BA,Divorciado/a,Empregado,Técnico,Baixa,2022-07-31,iOS,(021) 0058 5050
U02364,Pedro Henrique,Costa,clarice86@example.org,84134764698.0,2007-02-07,F,PR,Viúvo/a,Estudante,Ensino Médio,Média,2022-07-31,Android,84 5615-3559
U04216,Maria Julia,Mendonça,machadopietro@example.com,76206404350.0,1970-01-01,M,DF,Viúvo/a,Aposentado,Pós-graduação,Média,2022-07-31,Android,+55 (011) 8160-6290
U04735,Bianca,da Mota,nnovais@example.net,47932495074.0,1970-01-01,F,PE,Viúvo/a,Empregado,Outro,Alta,2022-07-31,iOS,84 0898 4643
U01856,Helena,Farias,ravicarvalho@example.com,68795012935.0,1981-04-27,F,DF,Solteiro/a,Aposentado,Outro,Alta,2022-08-01,iOS,+55 (041) 3029-6511
U00613,Ana Julia,Ribeiro,costelalivia@example.net,68757478653.0,1993-10-19,M,PE,Solteiro/a,Autônomo,Pós-graduação,Baixa,2022-08-02,Android,+55 11 7753-6807
U01223,Théo,Marques,guilherme98@example.org,67332477560.0,1983-06-09,M,CE,Solteiro/a,Empregado,Superior,Média,2022-08-02,iOS,(051) 2850-7418
U01575,Nicole,da Mata,arthur-gabriel34@example.org,56364944016.0,1970-01-01,M,PR,Viúvo/a,Desempregado,Ensino Médio,Baixa,2022-08-02,Android,+55 61 7773-0681
U01608,Eduarda,Caldeira,heloisamonteiro@example.com,18394395582.0,1976-12-05,M,PR,Viúvo/a,Desempregado,Superior,Média,2022-08-02,Android,61 3259 3235
U01788,Liz,Aragão,monteirolaura@example.net,55014680263.0,1970-01-01,F,SP,Casado/a,Estudante,Outro,Média,2022-08-02,Android,21 9288 9366
U01810,Helena,Cavalcanti,camaraisaac@example.net,17464714743.0,1970-01-01,F,MG,Viúvo/a,Empregado,Pós-graduação,Baixa,2022-08-02,Android,0900-628-3909
U03631,Valentim,Sousa,fpastor@example.com,57549877279.0,1983-11-05,F,MG,Divorciado/a,Estudante,Pós-graduação,Média,2022-08-02,Android,61 6799-6630
U03656,João Vitor,Caldeira,xalmeida@example.com,53841297817.0,1970-01-01,M,PE,Divorciado/a,Autônomo,Pós-graduação,Média,2022-08-02,iOS,+55 (031) 0500 9685
U04237,Gael Henrique,Siqueira,oferreira@example.net,52025906543.0,1996-07-04,M,MG,Casado/a,Autônomo,Ensino Médio,Média,2022-08-02,Android,+55 21 2659-4535
U02731,Matheus,Rezende,hmachado@example.org,31676092069.0,1985-04-06,Outro,BA,Solteiro/a,Aposentado,Ensino Médio,Alta,2022-08-03,iOS,0500 408 5129
U03074,Maria Clara,Abreu,peixotoliam@example.net,20121458001.0,1995-01-07,M,BA,Solteiro/a,Aposentado,Ensino Médio,Média,2022-08-03,Android,+55 61 7394 4559
U04727,Beatriz,Mendes,xcirino@example.org,87317444542.0,1995-10-19,Outro,DF,Divorciado/a,Desempregado,Superior,Média,2022-08-03,Android,+55 (021) 5812 2007
U02227,Catarina,Correia,bernardo93@example.com,52094650243.0,2004-08-08,Outro,BA,Viúvo/a,Aposentado,Pós-graduação,Baixa,2022-08-04,iOS,0900-524-9613
U01204,Ryan,Vargas,anthony-gabriel35@example.com,12921454578.0,1971-09-05,Outro,PR,Viúvo/a,Autônomo,Superior,Alta,2022-08-05,Android,+55 31 7797-5009
U00150,Luna,Mendes,larissadas-neves@example.com,27518306677.0,1970-01-01,M,PE,Divorciado/a,Desempregado,Superior,Média,2022-08-06,Android,(011) 1144 1182
U02674,Stephany,Câmara,cunhaisabela@example.net,50155203468.0,1984-04-29,M,SP,Viúvo/a,Autônomo,Pós-graduação,Alta,2022-08-06,iOS,(084) 9763-2538
U03394,Luan,Novais,maria-lauraaraujo@example.org,85367113126.0,1970-01-01,M,BA,Solteiro/a,Autônomo,Técnico,Baixa,2022-08-06,iOS,81 0586-1981
U03957,Luan,Campos,raul20@example.org,94333801148.0,1973-07-01,M,DF,Solteiro/a,Desempregado,Pós-graduação,Alta,2022-08-06,Android,+55 (051) 6044-7660
U02522,Eduarda,Araújo,sjesus@example.org,26207648004.0,2003-05-24,F,PE,Solteiro/a,Autônomo,Ensino Médio,Média,2022-08-07,iOS,+55 51 6297 4608
U03302,Lara,Oliveira,vasconcelosvitor-gabriel@example.com,51086322748.0,1970-01-01,F,DF,Solteiro/a,Empregado,Pós-graduação,Baixa,2022-08-07,Android,+55 (051) 1416-0041
U00903,Isadora,Pinto,otavio46@example.org,33896147486.0,1970-01-01,F,RJ,Divorciado/a,Aposentado,Pós-graduação,Baixa,2022-08-08,iOS,(081) 3774-7607
U01123,Gael,Martins,oliveiralucas-gabriel@example.com,12408599732.0,2000-04-26,Outro,DF,Viúvo/a,Empregado,Ensino Médio,Alta,2022-08-08,Android,+55 (021) 3392-4633
U01402,Ravi Lucca,Fonseca,mendoncadanilo@example.org,89314572496.0,1970-01-01,M,PE,Divorciado/a,Autônomo,Pós-graduação,Alta,2022-08-08,iOS,0500-425-8684
U01473,Guilherme,Pereira,caroline25@example.net,42346073135.0,1998-06-29,Outro,RJ,Casado/a,Aposentado,Ensino Médio,Alta,2022-08-08,iOS,+55 41 3266 7730
U01638,Davi Miguel,Abreu,lucasbarbosa@example.org,93034383205.0,2002-03-07,F,MG,Divorciado/a,Aposentado,Pós-graduação,Alta,2022-08-08,Android,+55 (011) 2753 9490
U01958,Kamilly,Vieira,vitor-gabrielda-cruz@example.com,21327648878.0,1974-08-12,Outro,RS,Viúvo/a,Aposentado,Outro,Média,2022-08-08,Android,+55 (081) 5427-2945
U01965,Gustavo,Souza,gustavosantos@example.net,57497883083.0,1991-05-03,M,BA,Divorciado/a,Desempregado,Técnico,Baixa,2022-08-08,Android,+55 (031) 2324 6563
U02654,Ísis,Moura,casa-grandejoao-felipe@example.net,55284212935.0,1998-12-28,M,BA,Casado/a,Empregado,Outro,Média,2022-08-08,Android,+55 (051) 8315 3319
U03672,Maria Vitória,Alves,pvieira@example.org,58655887398.0,1992-09-05,M,MG,Divorciado/a,Aposentado,Pós-graduação,Alta,2022-08-08,Android,11 0754 6437
U04401,Nathan,Fogaça,novaesemilly@example.com,82422557225.0,1970-01-01,F,SP,Solteiro/a,Autônomo,Ensino Médio,Média,2022-08-08,Android,+55 21 9190 2402
U00258,Aurora,Araújo,joao-lucas30@example.org,52241029386.0,1970-01-01,M,DF,Viúvo/a,Desempregado,Técnico,Baixa,2022-08-09,Android,+55 31 0137-0298
U00326,Mariane,Pires,lrocha@example.com,75754437846.0,2000-06-12,F,SP,Solteiro/a,Empregado,Técnico,Média,2022-08-09,Android,(021) 2160-7283
U01737,Ana Beatriz,Rocha,helena40@example.org,90611022604.0,1999-01-16,Outro,BA,Viúvo/a,Autônomo,Ensino Médio,Média,2022-08-09,Android,+55 61 9400-4708
U02664,Cauã,Moura,yabreu@example.org,16746211242.0,1981-01-05,F,DF,Divorciado/a,Autônomo,Superior,Baixa,2022-08-09,Android,+55 51 0483 4174
U04353,Júlia,Novais,ana-luiza71@example.com,52883660434.0,1970-01-01,F,DF,Viúvo/a,Desempregado,Pós-graduação,Média,2022-08-09,iOS,51 6209 0672
U00593,João Felipe,Cavalcanti,da-rochalucas@example.com,95105409551.0,1991-12-30,F,PR,Casado/a,Desempregado,Ensino Médio,Baixa,2022-08-10,iOS,41 2235 8229
U00643,Gustavo Henrique,da Rocha,barbara43@example.org,17999438360.0,1970-01-01,F,SP,Casado/a,Aposentado,Ensino Médio,Alta,2022-08-10,Android,+55 84 0565-2849
U02280,Pedro Lucas,Fogaça,gabriela50@example.com,44438214120.0,2003-09-02,Outro,RJ,Viúvo/a,Empregado,Ensino Médio,Alta,2022-08-10,Android,(041) 6353-3038
U02463,Letícia,Novais,joaofreitas@example.org,24876694627.0,1997-04-24,Outro,RJ,Casado/a,Empregado,Ensino Médio,Média,2022-08-10,Android,(081) 1938 1645
U03164,Benjamin,Peixoto,da-rochaian@example.net,11864749855.0,1970-01-01,Outro,SP,Divorciado/a,Autônomo,Superior,Baixa,2022-08-10,iOS,+55 (081) 9903-0474
U03405,Maria Flor,Nunes,henry-gabrielabreu@example.net,24207711151.0,1996-08-11,F,RJ,Casado/a,Autônomo,Outro,Alta,2022-08-10,iOS,11 7841-2959
U00876,Ana Lívia,Lopes,ada-mota@example.net,97788848051.0,1970-01-01,Outro,PR,Viúvo/a,Estudante,Técnico,Alta,2022-08-11,Android,+55 (071) 6695-6218
U01146,Arthur,Mendonça,antony31@example.com,41056101912.0,1973-01-25,F,CE,Solteiro/a,Empregado,Superior,Alta,2022-08-11,iOS,71 5066-5355
U02109,Antônio,Farias,maria-julia25@example.net,53327415750.0,1985-01-31,Outro,DF,Divorciado/a,Estudante,Outro,Baixa,2022-08-11,iOS,61 7997 1907
U02700,Hadassa,Santos,ocavalcanti@example.org,74845599320.0,1970-01-01,M,DF,Viúvo/a,Estudante,Técnico,Média,2022-08-11,Android,+55 (081) 6003 2493
U02784,Dom,Almeida,moreiradaniel@example.com,81472249184.0,1991-02-11,Outro,RS,Casado/a,Aposentado,Ensino Médio,Alta,2022-08-12,iOS,(081) 9963-9163
U03125,Breno,Silva,maya91@example.net,94040018962.0,1970-01-01,M,MG,Solteiro/a,Desempregado,Técnico,Alta,2022-08-12,iOS,(041) 2378-9639
U03329,Liam,Nascimento,teixeiraluigi@example.net,48133394600.0,2000-03-02,M,PR,Casado/a,Estudante,Pós-graduação,Média,2022-08-12,iOS,(021) 4015 9476
U03968,Otávio,Mendonça,maria-helenaviana@example.org,23413615979.0,1997-01-20,Outro,MG,Viúvo/a,Autônomo,Superior,Alta,2022-08-12,Android,+55 41 3689-8631
U00395,Felipe,da Luz,pastorrenan@example.org,69934641903.0,1970-01-01,M,MG,Divorciado/a,Autônomo,Ensino Médio,Alta,2022-08-13,Android,(011) 4091-3223
U01750,Davi,Peixoto,vargasbruna@example.net,45050407475.0,1970-01-01,F,MG,Casado/a,Empregado,Pós-graduação,Média,2022-08-13,Android,21 4849 0770
U03744,Maria Cecília,Macedo,sabrina05@example.com,79467192156.0,1970-01-01,F,PE,Viúvo/a,Autônomo,Superior,Baixa,2022-08-13,iOS,0900-929-3061
U01099,Calebe,Cassiano,ocirino@example.com,18408857672.0,1970-01-01,F,BA,Viúvo/a,Aposentado,Ensino Médio,Baixa,2022-08-14,Android,+55 (041) 5732 2519
U02139,Emanuel,Garcia,apires@example.org,79924975123.0,2003-02-27,M,RJ,Viúvo/a,Autônomo,Ensino Médio,Média,2022-08-14,Android,31 5315-5526
U03524,Daniel,Nogueira,hcassiano@example.com,27324157121.0,1970-01-01,F,PR,Casado/a,Desempregado,Superior,Baixa,2022-08-14,iOS,+55 (041) 9312-7464
U03757,Agatha,Viana,azevedoluigi@example.net,47475727204.0,1985-02-13,M,PR,Viúvo/a,Autônomo,Pós-graduação,Alta,2022-08-14,Android,+55 (031) 2786 5381
U04711,Thales,Marques,fernandacorreia@example.com,89017817128.0,1972-03-08,M,DF,Casado/a,Empregado,Pós-graduação,Baixa,2022-08-14,iOS,+55 (071) 3950-5966
U01060,Dom,Ferreira,lcavalcante@example.com,58872180985.0,1983-09-10,Outro,CE,Viúvo/a,Empregado,Técnico,Alta,2022-08-15,iOS,61 8926 0823
U01382,Ana Lívia,Barros,isaquemonteiro@example.net,53291333933.0,2004-07-06,F,CE,Viúvo/a,Autônomo,Técnico,Baixa,2022-08-15,Android,11 8761 7269
U02317,Lavínia,Oliveira,isadora73@example.net,78281949728.0,1970-01-01,M,CE,Viúvo/a,Aposentado,Pós-graduação,Média,2022-08-15,iOS,0500 299 4364
U02508,Enzo Gabriel,Gomes,aurora29@example.org,30524077843.0,1970-01-01,Outro,BA,Solteiro/a,Autônomo,Pós-graduação,Alta,2022-08-15,iOS,+55 (011) 6768-2043
U03234,Josué,Mendes,souzaleticia@example.com,78678347462.0,1988-08-27,F,RS,Viúvo/a,Empregado,Técnico,Alta,2022-08-15,iOS,+55 41 8194 5094
U03325,Giovanna,Rodrigues,meloraul@example.org,13332772488.0,1995-07-13,M,BA,Divorciado/a,Aposentado,Pós-graduação,Média,2022-08-15,iOS,+55 (061) 7581-8047
U00138,Ana Liz,Lopes,henry-gabriel62@example.net,86276073060.0,1970-11-21,Outro,PE,Divorciado/a,Desempregado,Superior,Baixa,2022-08-16,iOS,0500-216-4773
U00197,Benjamim,da Mota,pietroalmeida@example.net,28395648494.0,1988-05-13,Outro,RJ,Solteiro/a,Estudante,Superior,Alta,2022-08-16,iOS,+55 81 0504 4722
U03800,Gabrielly,Aragão,vsouza@example.org,10730474255.0,2004-06-12,M,DF,Divorciado/a,Estudante,Pós-graduação,Média,2022-08-16,Android,41 5934-0695
U03956,Enrico,Jesus,silvamarina@example.org,49711894236.0,1997-12-25,Outro,PR,Viúvo/a,Estudante,Ensino Médio,Baixa,2022-08-16,Android,+55 81 3809 6141
U00068,Lorena,Cirino,luanamoreira@example.com,52506105171.0,1973-06-11,F,RJ,Divorciado/a,Autônomo,Pós-graduação,Baixa,2022-08-17,iOS,+55 (061) 4474 6204
U00440,Maria Isis,Montenegro,vieiraantony@example.net,30765841986.0,2001-10-16,Outro,PR,Casado/a,Estudante,Outro,Alta,2022-08-17,Android,+55 (051) 5734-1676
U01159,Diego,Gomes,rafael49@example.org,58650216533.0,1972-11-06,M,RS,Divorciado/a,Aposentado,Pós-graduação,Média,2022-08-17,Android,(011) 2355 4069
U01491,Mirella,Campos,joao-guilherme79@example.net,67986706626.0,1970-01-01,Outro,MG,Viúvo/a,Estudante,Técnico,Média,2022-08-17,Android,41 8762-2372
U02783,Gael Henrique,Vasconcelos,vieiratheo@example.org,81683355236.0,1970-01-01,Outro,PR,Viúvo/a,Desempregado,Ensino Médio,Baixa,2022-08-17,iOS,(084) 6559 6863
U03183,Pietro,Andrade,ida-paz@example.net,95518363244.0,2003-08-11,F,PR,Casado/a,Estudante,Técnico,Média,2022-08-17,iOS,(061) 8289-8504
U01192,Noah,Lima,ana-laura99@example.com,36841465021.0,1970-01-01,Outro,PE,Divorciado/a,Autônomo,Ensino Médio,Média,2022-08-18,Android,(081) 7624-3571
U00029,Diogo,Vargas,bruna76@example.org,92826378809.0,1970-01-01,Outro,DF,Viúvo/a,Estudante,Superior,Alta,2022-08-19,iOS,0900-673-7427
U00497,Júlia,Rios,maria-luisavieira@example.org,97445671139.0,1970-01-01,F,BA,Divorciado/a,Desempregado,Outro,Baixa,2022-08-19,iOS,(084) 5569 6808
U04136,Emanuella,Santos,ncassiano@example.org,96458896278.0,1970-01-01,F,SP,Solteiro/a,Aposentado,Técnico,Média,2022-08-19,Android,+55 (011) 0071-1600
U00563,Ayla,Almeida,joao-vitorcaldeira@example.net,22696605146.0,2004-05-14,M,CE,Solteiro/a,Empregado,Técnico,Média,2022-08-20,Android,+55 21 1327-4738
U00934,Julia,Viana,thomasmachado@example.net,82143242339.0,1982-12-20,Outro,PR,Divorciado/a,Autônomo,Técnico,Baixa,2022-08-20,Android,51 3475 1914
U01654,Vitória,Silva,correiasophia@example.org,95448701750.0,1986-01-04,M,SP,Solteiro/a,Empregado,Ensino Médio,Média,2022-08-20,Android,21 5194-2895
U02029,Maria Júlia,Sampaio,pedro-miguelviana@example.com,66701956022.0,1970-01-01,M,RJ,Divorciado/a,Empregado,Técnico,Alta,2022-08-20,Android,51 7240 3280
U03277,Rafael,Castro,mirellada-mata@example.com,54041531037.0,1975-02-02,M,BA,Solteiro/a,Autônomo,Ensino Médio,Alta,2022-08-20,Android,41 2947-1080
U04051,Luana,Rezende,piresbarbara@example.net,39419451509.0,1996-02-19,F,DF,Solteiro/a,Desempregado,Outro,Média,2022-08-20,iOS,81 5202-3360
U04207,Daniel,Marques,isis38@example.net,48963084073.0,1970-01-01,M,CE,Solteiro/a,Empregado,Pós-graduação,Média,2022-08-20,Android,84 3041-4082
U04303,Rebeca,Siqueira,juangarcia@example.net,72533947574.0,1992-12-21,Outro,DF,Solteiro/a,Desempregado,Superior,Média,2022-08-20,Android,0900-228-9081
U01658,Leandro,Viana,asafegarcia@example.org,28982715486.0,1970-01-01,F,SP,Viúvo/a,Empregado,Técnico,Baixa,2022-08-21,iOS,+55 (021) 1660 2731
U01974,Helena,Cunha,luiz-fernando81@example.net,76547014714.0,1996-07-10,F,PR,Viúvo/a,Aposentado,Ensino Médio,Alta,2022-08-21,Android,31 2154-7276
U02437,Bryan,Viana,joao-guilhermesa@example.com,50034482333.0,1985-11-11,F,RJ,Viúvo/a,Desempregado,Técnico,Alta,2022-08-21,iOS,+55 21 6102 7449
U03081,Isis,Pacheco,diaslucas@example.net,80626233668.0,1997-03-28,M,CE,Viúvo/a,Autônomo,Ensino Médio,Média,2022-08-21,Android,+55 81 6756 2590
U00281,Paulo,Costa,apacheco@example.net,54621826720.0,2002-11-02,Outro,PE,Casado/a,Estudante,Ensino Médio,Média,2022-08-22,Android,+55 (071) 0793 9467
U01791,Emanuella,Pacheco,maria-lizmontenegro@example.org,70305299471.0,1994-12-08,Outro,MG,Solteiro/a,Aposentado,Superior,Média,2022-08-22,Android,+55 (031) 4650-8490
U03860,Maria Luiza,Barbosa,vieiravitor@example.net,62986418163.0,1972-12-18,F,SP,Divorciado/a,Autônomo,Outro,Baixa,2022-08-22,Android,+55 (071) 2153-2921
U04737,Otávio,Cirino,agatha85@example.net,33685245430.0,1970-01-01,Outro,CE,Divorciado/a,Autônomo,Técnico,Alta,2022-08-22,Android,+55 (061) 0544-0330
U04924,Ana Clara,Cavalcante,upastor@example.org,68727405094.0,1970-01-01,M,DF,Viúvo/a,Desempregado,Pós-graduação,Média,2022-08-22,iOS,+55 81 6814-0909
U00744,Yan,Souza,qfarias@example.net,64000668953.0,1970-01-01,M,CE,Divorciado/a,Desempregado,Superior,Baixa,2022-08-23,Android,+55 71 1698 2267
U02423,Maria Sophia,Pires,anada-cunha@example.com,13597756283.0,2002-10-20,F,RJ,Solteiro/a,Aposentado,Ensino Médio,Alta,2022-08-23,Android,+55 84 3028-7548
U02685,Otávio,Rodrigues,teixeiramaria-helena@example.net,32066382335.0,1970-01-01,F,RS,Solteiro/a,Autônomo,Ensino Médio,Alta,2022-08-23,iOS,0500 740 3141
U02762,Emilly,Sampaio,ana-carolina32@example.net,97908069679.0,1980-04-06,Outro,RJ,Casado/a,Aposentado,Ensino Médio,Baixa,2022-08-23,Android,11 6369-7142
U03696,Liz,Ribeiro,andradeluna@example.com,82247881676.0,1990-02-03,M,MG,Casado/a,Empregado,Superior,Alta,2022-08-23,iOS,(011) 9015-1286
U04009,Allana,Carvalho,leandro77@example.com,14879000346.0,2002-07-26,M,RS,Casado/a,Autônomo,Superior,Baixa,2022-08-23,Android,(071) 7345-6954
U01633,Marcela,Gonçalves,valentina75@example.net,44240866221.0,1970-08-06,F,BA,Casado/a,Aposentado,Outro,Baixa,2022-08-24,iOS,(051) 3232 6714
U02477,Enrico,Nogueira,clarice06@example.net,65637666136.0,1985-05-01,F,BA,Casado/a,Empregado,Técnico,Baixa,2022-08-24,iOS,+55 (021) 1513 7414
U03243,Ana Beatriz,Rios,novaismariane@example.org,28901791903.0,1970-01-01,M,MG,Viúvo/a,Aposentado,Outro,Alta,2022-08-24,iOS,(071) 6607-0879
U00812,Matteo,da Costa,novaeskaique@example.net,23039469534.0,2005-06-16,F,DF,Divorciado/a,Estudante,Ensino Médio,Alta,2022-08-25,Android,+55 (071) 3664 7813
U01623,Eloá,Silva,beniciosales@example.org,33743645054.0,1977-07-29,M,BA,Divorciado/a,Aposentado,Técnico,Baixa,2022-08-25,Android,31 2712-2592
U03094,Aurora,das Neves,mateus59@example.com,48192541481.0,1970-01-01,F,PE,Viúvo/a,Desempregado,Pós-graduação,Média,2022-08-25,iOS,+55 51 2216 8384
U01012,Pedro,Marques,joao-lucas93@example.com,27890341214.0,1970-01-01,F,RJ,Solteiro/a,Autônomo,Técnico,Alta,2022-08-26,Android,+55 31 1232-3922
U01132,Brenda,Cunha,maria-vitoriacardoso@example.org,38829890853.0,1998-08-13,Outro,PR,Solteiro/a,Aposentado,Técnico,Alta,2022-08-26,iOS,31 9004 9561
U01942,Pietra,Abreu,davi-lucasgomes@example.org,34311221913.0,1993-05-02,F,SP,Divorciado/a,Desempregado,Técnico,Baixa,2022-08-26,iOS,(084) 6814 9653
U01966,Murilo,Martins,da-rochanoah@example.net,21337337079.0,1970-01-01,F,MG,Viúvo/a,Desempregado,Pós-graduação,Média,2022-08-26,Android,+55 51 2660 4870
U03115,Daniel,Fernandes,maya83@example.org,38359632993.0,1970-01-01,M,BA,Casado/a,Aposentado,Técnico,Baixa,2022-08-26,Android,(011) 1526-2993
U03191,Vinícius,da Rosa,lsiqueira@example.com,41378366561.0,1981-08-01,M,SP,Casado/a,Empregado,Outro,Média,2022-08-26,iOS,(071) 0870-7606
U03376,Marcela,Gomes,xporto@example.net,80371394927.0,1970-01-01,F,RS,Divorciado/a,Empregado,Técnico,Baixa,2022-08-26,iOS,11 1436-6663
U03113,Julia,Vargas,uviana@example.net,22577649466.0,1990-12-08,F,MG,Viúvo/a,Aposentado,Técnico,Baixa,2022-08-27,iOS,51 1749 5503
U03410,Luiz Henrique,da Rocha,vmartins@example.com,12537358218.0,1999-01-20,M,SP,Viúvo/a,Estudante,Outro,Alta,2022-08-27,iOS,(021) 9695 8127
U04343,Elisa,Sousa,brenocavalcanti@example.com,82263542063.0,1971-11-27,M,CE,Casado/a,Desempregado,Técnico,Média,2022-08-27,Android,+55 (041) 3157 6170
U01126,Felipe,Albuquerque,augusto25@example.org,23507120656.0,1997-11-21,F,CE,Solteiro/a,Estudante,Pós-graduação,Média,2022-08-28,Android,84 6835 8687
U01510,Alice,da Cunha,nogueiracecilia@example.org,65845715028.0,1970-01-01,Outro,DF,Divorciado/a,Aposentado,Pós-graduação,Baixa,2022-08-28,Android,(051) 2178 6047
U03506,Marcelo,Ramos,moraesthales@example.net,91470449402.0,1970-01-01,F,BA,Solteiro/a,Aposentado,Pós-graduação,Média,2022-08-28,Android,+55 (071) 6441 0160
U00597,Leonardo,Pacheco,cecilia10@example.com,85610483217.0,1976-01-24,Outro,CE,Divorciado/a,Desempregado,Outro,Alta,2022-08-29,iOS,+55 41 6454-8391
U00764,Danilo,Araújo,vvasconcelos@example.net,93215529813.0,1999-06-18,F,CE,Viúvo/a,Empregado,Superior,Alta,2022-08-29,iOS,+55 (071) 7797 1176
U02092,Esther,Pastor,luiz-henrique91@example.net,60544044237.0,1970-01-01,M,PR,Viúvo/a,Autônomo,Ensino Médio,Média,2022-08-29,iOS,+55 (041) 4859-2434
U02183,Alice,Aparecida,bentoandrade@example.org,40895730044.0,1977-02-21,Outro,PR,Casado/a,Aposentado,Técnico,Alta,2022-08-29,Android,(061) 6745-4110
U02351,Lucas Gabriel,Rodrigues,vitor10@example.com,78723736457.0,1981-01-06,Outro,PE,Divorciado/a,Aposentado,Outro,Baixa,2022-08-29,Android,51 8937 6897
U04374,Yago,Fonseca,fmoura@example.org,17923656887.0,1989-01-14,Outro,RJ,Divorciado/a,Aposentado,Técnico,Baixa,2022-08-29,Android,+55 61 3052-0596
U00359,Emanuelly,Aparecida,luigi33@example.com,43572961969.0,2005-09-01,F,DF,Viúvo/a,Empregado,Outro,Alta,2022-08-30,Android,21 5256-5650
U02855,Ian,Martins,hadassa72@example.org,44311226756.0,1977-03-05,M,BA,Casado/a,Autônomo,Pós-graduação,Alta,2022-08-30,iOS,+55 21 4966-4521
U03285,Ester,Macedo,dviana@example.com,72668109352.0,1996-09-06,F,SP,Casado/a,Empregado,Técnico,Baixa,2022-08-30,iOS,+55 21 4537 3023
U03935,Francisco,Porto,ana-vitoria25@example.org,29812333778.0,1993-12-30,M,SP,Viúvo/a,Aposentado,Outro,Baixa,2022-08-30,Android,+55 (061) 7659 5438
U00485,José,Dias,helena44@example.net,93492004975.0,1970-01-01,M,CE,Divorciado/a,Desempregado,Superior,Alta,2022-08-31,Android,+55 (061) 9846-8233
U01981,Pietro,Campos,ribeiroantony@example.org,90756034833.0,1976-08-05,F,PR,Viúvo/a,Aposentado,Outro,Alta,2022-08-31,iOS,(021) 1245 7259
U02249,Sarah,Cirino,mariah29@example.net,54851108066.0,2003-04-20,Outro,DF,Divorciado/a,Autônomo,Ensino Médio,Alta,2022-08-31,Android,0900-867-3637
U04040,Bruna,Rezende,raul44@example.com,29904218601.0,1970-01-01,M,SP,Solteiro/a,Desempregado,Técnico,Alta,2022-08-31,iOS,+55 31 7857-9996
U01486,Miguel,Camargo,arthur-gabrielnovais@example.net,33925747205.0,1976-12-28,M,PR,Viúvo/a,Autônomo,Ensino Médio,Média,2022-09-01,Android,(021) 7233 5120
U01022,Francisco,Costela,oliver84@example.com,59476772653.0,1970-01-01,F,MG,Viúvo/a,Aposentado,Ensino Médio,Alta,2022-09-02,Android,+55 21 9136 9766
U04560,Yuri,Novais,lavinia77@example.org,10653413702.0,1995-05-10,F,PE,Solteiro/a,Empregado,Técnico,Alta,2022-09-02,Android,+55 61 4048 2520
U00222,Jade,Pinto,kbrito@example.org,62154930181.0,1991-12-08,Outro,PE,Viúvo/a,Empregado,Técnico,Baixa,2022-09-03,Android,0300 026 6946
U00995,Agatha,Novais,apereira@example.com,34563057596.0,1970-01-01,F,PE,Divorciado/a,Desempregado,Superior,Alta,2022-09-03,iOS,+55 21 6915-6287
U01571,Léo,Almeida,souzafernando@example.net,16514679650.0,1970-01-01,Outro,RJ,Casado/a,Estudante,Outro,Baixa,2022-09-03,Android,+55 (061) 5889 7681
U02914,Matheus,Casa Grande,maria-isis25@example.com,13790678344.0,1978-02-06,M,PE,Viúvo/a,Estudante,Ensino Médio,Média,2022-09-03,iOS,0300-381-4001
U03059,Mariana,Vasconcelos,diascecilia@example.org,63121482757.0,1970-01-01,F,MG,Solteiro/a,Empregado,Técnico,Baixa,2022-09-03,Android,+55 41 3598-3522
U03648,Clara,Monteiro,oalbuquerque@example.net,35345153761.0,1970-01-01,M,SP,Viúvo/a,Autônomo,Ensino Médio,Alta,2022-09-03,iOS,(051) 5349 2731
U01130,Rafael,Albuquerque,fariasalexandre@example.org,80481221936.0,1970-01-01,M,DF,Divorciado/a,Desempregado,Técnico,Média,2022-09-04,Android,0800 421 7378
U02231,Davi Lucca,Pimenta,aleao@example.org,30308781259.0,1970-01-01,M,PE,Divorciado/a,Autônomo,Outro,Média,2022-09-04,iOS,+55 84 8499-6229
U02632,Maria Júlia,Aparecida,camila80@example.net,79459425792.0,1970-01-01,Outro,DF,Casado/a,Autônomo,Técnico,Média,2022-09-04,iOS,(071) 5164 6765
U03176,Rebeca,Novaes,fcaldeira@example.com,56903043750.0,1971-07-27,Outro,PE,Casado/a,Desempregado,Superior,Alta,2022-09-04,iOS,11 5389 4862
U04796,Thomas,Camargo,costajoao-felipe@example.net,99204918095.0,1984-08-13,M,CE,Solteiro/a,Empregado,Pós-graduação,Alta,2022-09-04,iOS,+55 (081) 4711 6425
U04859,Raul,Martins,snascimento@example.net,29133468069.0,2005-09-10,Outro,MG,Solteiro/a,Autônomo,Técnico,Alta,2022-09-04,Android,61 7393 9057
U00266,Heloisa,Novaes,montenegrolaura@example.org,65597437421.0,1974-10-21,F,CE,Divorciado/a,Empregado,Técnico,Baixa,2022-09-05,Android,71 6014-0724
U03157,Thiago,Vargas,zoecassiano@example.net,99527561365.0,1972-09-26,F,BA,Divorciado/a,Estudante,Ensino Médio,Baixa,2022-09-05,Android,+55 61 5671 7335
U03578,Luiz Fernando,Freitas,nmartins@example.com,51315595182.0,1970-01-01,Outro,BA,Viúvo/a,Aposentado,Superior,Média,2022-09-05,Android,+55 (021) 4383-7700
U04121,Yan,Barros,cavalcanteana-laura@example.com,36264183474.0,1974-10-18,F,RS,Solteiro/a,Aposentado,Técnico,Baixa,2022-09-05,iOS,+55 84 5739 7114
U01812,Fernanda,Moura,pnascimento@example.org,78319164544.0,1992-10-26,M,PR,Casado/a,Estudante,Ensino Médio,Alta,2022-09-06,iOS,(084) 3874-2815
U02313,Vitor,Pinto,theodorosilveira@example.net,17740916382.0,1999-12-13,F,CE,Viúvo/a,Autônomo,Superior,Alta,2022-09-06,Android,71 8462-7089
U02622,Heloísa,Siqueira,pramos@example.org,56481415399.0,1970-01-01,F,RJ,Divorciado/a,Estudante,Ensino Médio,Alta,2022-09-06,iOS,+55 (031) 7849-8711
U03352,Rael,Mendonça,britolevi@example.net,54675582204.0,2003-12-23,F,PR,Viúvo/a,Empregado,Ensino Médio,Baixa,2022-09-06,iOS,(061) 3837 0565
U04627,Antony,Monteiro,costabryan@example.org,51894810117.0,1980-12-14,M,RS,Viúvo/a,Aposentado,Outro,Média,2022-09-06,iOS,51 8346 5446
U04873,Marcelo,Aragão,raquelpeixoto@example.com,75145655757.0,1970-01-01,Outro,CE,Viúvo/a,Desempregado,Ensino Médio,Alta,2022-09-06,iOS,+55 81 3137 9275
U01372,Ana Liz,Mendes,camargobianca@example.net,71138769269.0,2001-08-29,M,DF,Casado/a,Autônomo,Ensino Médio,Alta,2022-09-07,iOS,81 1230 5008
U01736,Isabela,Moura,luna84@example.org,10989386247.0,1970-01-01,F,RS,Divorciado/a,Desempregado,Outro,Média,2022-09-07,iOS,+55 11 9976-0751
U01846,Lara,da Costa,pmonteiro@example.org,92301061563.0,1972-08-24,Outro,DF,Divorciado/a,Aposentado,Outro,Alta,2022-09-07,iOS,+55 (031) 7641 2062
U02277,Emanuelly,Marques,carvalhoevelyn@example.com,35699282607.0,1970-01-01,M,RJ,Casado/a,Estudante,Outro,Alta,2022-09-07,iOS,(084) 3280 3215
U02691,Maria Liz,Garcia,meloyasmin@example.com,40818132928.0,1970-01-01,Outro,RJ,Viúvo/a,Desempregado,Ensino Médio,Média,2022-09-07,iOS,84 0786-9737
U02852,João Gabriel,Borges,hadassarocha@example.com,52177985683.0,1997-01-25,F,PR,Viúvo/a,Empregado,Ensino Médio,Alta,2022-09-07,Android,84 6401 5176
U00351,Manuela,da Rosa,da-mataluiz-otavio@example.org,19758329877.0,1970-01-01,Outro,DF,Casado/a,Desempregado,Pós-graduação,Alta,2022-09-08,iOS,61 5712-9768
U00856,Enrico,Cirino,bandrade@example.com,77504009089.0,1981-04-28,F,CE,Divorciado/a,Autônomo,Ensino Médio,Baixa,2022-09-08,iOS,+55 (061) 6771 5959
U01734,André,da Costa,qgomes@example.org,50132893911.0,1975-06-12,M,SP,Casado/a,Autônomo,Outro,Alta,2022-09-08,iOS,84 2864-4225
U02727,Beatriz,Sousa,bruna34@example.com,14273047343.0,1970-01-01,F,RS,Divorciado/a,Desempregado,Técnico,Alta,2022-09-08,iOS,+55 (071) 3051 1251
U03437,Antônio,Vargas,almeidamaria-liz@example.net,61170673029.0,1970-01-01,M,RJ,Solteiro/a,Empregado,Outro,Baixa,2022-09-08,Android,+55 (071) 4648-1507
U04803,Maria Cecília,Sousa,lais45@example.com,47856234441.0,1993-11-16,Outro,PE,Casado/a,Desempregado,Pós-graduação,Baixa,2022-09-08,Android,(061) 7991-6818
U03133,Davi Lucas,da Mota,mendesjulia@example.com,25758801214.0,1972-05-16,F,PE,Casado/a,Desempregado,Outro,Média,2022-09-09,iOS,21 7477-6747
U04931,Maria Flor,Sá,lbarbosa@example.net,26063800143.0,1970-01-01,Outro,DF,Viúvo/a,Autônomo,Ensino Médio,Alta,2022-09-09,Android,+55 21 9148-4721
U01443,Ian,Pires,esilva@example.com,54755870082.0,1992-11-30,F,SP,Viúvo/a,Aposentado,Pós-graduação,Alta,2022-09-10,Android,(011) 6059 0044
U01849,Gael Henrique,Cirino,tborges@example.net,31290414938.0,1986-04-23,M,PR,Casado/a,Estudante,Superior,Baixa,2022-09-10,iOS,84 3900 8394
U02192,Mirella,Machado,snascimento@example.net,99640023539.0,1970-01-01,Outro,BA,Viúvo/a,Aposentado,Superior,Alta,2022-09-10,iOS,+55 (041) 9589 8218
U03495,Brayan,Campos,thomas24@example.com,20246406573.0,2001-05-16,F,RS,Viúvo/a,Autônomo,Pós-graduação,Média,2022-09-10,iOS,21 0691 9735
U03673,Gustavo Henrique,Vargas,juliaferreira@example.com,83675221924.0,1975-09-09,Outro,PR,Solteiro/a,Aposentado,Ensino Médio,Baixa,2022-09-10,Android,(041) 6457-9048
U04719,Brenda,Andrade,guerramurilo@example.net,83872798453.0,1970-01-01,M,SP,Casado/a,Estudante,Pós-graduação,Média,2022-09-10,Android,11 0682-4507
U04746,João Felipe,Castro,fsousa@example.org,13169721927.0,1970-01-01,Outro,MG,Solteiro/a,Aposentado,Superior,Média,2022-09-10,iOS,+55 (031) 2997-9012
U00639,Vitória,Cardoso,da-cunhaguilherme@example.org,71692175677.0,1995-12-11,F,DF,Solteiro/a,Autônomo,Ensino Médio,Média,2022-09-11,iOS,+55 (084) 9789-3555
U00766,Pedro Henrique,Nogueira,isabellypires@example.net,68106405901.0,1970-01-01,Outro,PR,Divorciado/a,Desempregado,Superior,Alta,2022-09-11,iOS,+55 21 1315 3891
U01175,Renan,Araújo,sofia70@example.com,77667307151.0,1971-10-06,F,RJ,Viúvo/a,Desempregado,Superior,Baixa,2022-09-11,iOS,+55 (041) 1788-4075
U02787,Bento,Cavalcante,maria-cecilia30@example.org,14485295141.0,1980-01-12,Outro,RJ,Solteiro/a,Desempregado,Pós-graduação,Alta,2022-09-11,Android,31 4660 3537
U02832,Manuela,Monteiro,gomesarthur-gabriel@example.net,21558510755.0,1976-07-28,M,SP,Divorciado/a,Estudante,Técnico,Baixa,2022-09-11,Android,+55 (011) 4809 4427
U03367,Heloísa,Montenegro,das-nevesgabrielly@example.com,16704045222.0,1970-01-01,M,CE,Casado/a,Estudante,Superior,Alta,2022-09-11,iOS,84 6022 0264
U03675,Rael,Pires,vitorteixeira@example.net,48467668164.0,1970-01-01,Outro,PE,Casado/a,Empregado,Ensino Médio,Baixa,2022-09-11,Android,71 9926-1953
U04769,Maria Vitória,Brito,andradeotto@example.net,86350955976.0,2002-05-28,Outro,DF,Viúvo/a,Empregado,Pós-graduação,Alta,2022-09-11,iOS,+55 61 8839-2138
U00122,Lucas Gabriel,Siqueira,esther03@example.com,36892902283.0,1970-01-01,Outro,PR,Solteiro/a,Estudante,Técnico,Baixa,2022-09-12,iOS,11 8286 2130
U01267,Vitor Hugo,Teixeira,oda-costa@example.com,28043912162.0,1973-12-31,F,MG,Viúvo/a,Desempregado,Técnico,Alta,2022-09-12,iOS,+55 81 4962 8166
U01641,Eloah,Freitas,maria-lizferreira@example.com,71808776420.0,1970-01-01,F,SP,Divorciado/a,Desempregado,Ensino Médio,Baixa,2022-09-12,Android,+55 (051) 0620-1381
U01757,Maya,Leão,raul62@example.com,68343064167.0,2004-02-11,Outro,RJ,Divorciado/a,Desempregado,Técnico,Baixa,2022-09-12,Android,(041) 3258-2621
U02174,Emanuelly,Pereira,maria-sophia84@example.net,40851601947.0,1970-01-01,M,BA,Viúvo/a,Autônomo,Outro,Baixa,2022-09-12,Android,84 3218-8777
U02385,Clara,Peixoto,hsilva@example.net,11518625313.0,1970-01-01,Outro,RS,Casado/a,Empregado,Outro,Média,2022-09-12,iOS,+55 31 3980-4222
U03105,José Pedro,da Cunha,juliaborges@example.org,10064892930.0,2002-07-19,F,PE,Viúvo/a,Estudante,Superior,Baixa,2022-09-12,Android,+55 (011) 6951-1838
U03902,João Guilherme,Brito,alexia87@example.net,36165580848.0,1984-08-01,M,PE,Divorciado/a,Desempregado,Pós-graduação,Baixa,2022-09-12,iOS,41 4307-2691
U04402,Luiz Gustavo,Abreu,moraeslorena@example.com,39620711702.0,2006-06-21,M,MG,Casado/a,Estudante,Superior,Baixa,2022-09-12,iOS,+55 81 2720-7824
U00102,Ravi Lucca,Rodrigues,davi-lucasrodrigues@example.org,93577468618.0,1983-01-20,Outro,MG,Solteiro/a,Estudante,Pós-graduação,Baixa,2022-09-13,iOS,+55 (061) 0957 0168
U01809,Liam,Cavalcanti,danteramos@example.net,50733518238.0,1970-01-01,F,RS,Divorciado/a,Estudante,Outro,Média,2022-09-13,iOS,+55 41 1948 8360
U02734,Heloísa,Leão,jazevedo@example.org,57623400794.0,1972-03-29,M,BA,Solteiro/a,Aposentado,Superior,Alta,2022-09-13,iOS,(041) 5765-1428
U03890,Thales,Sousa,nmacedo@example.com,53064488271.0,1989-03-01,F,RJ,Divorciado/a,Autônomo,Pós-graduação,Alta,2022-09-13,iOS,(061) 4533-2994
U04740,Davi,Vieira,wborges@example.com,78169008869.0,1970-01-01,F,SP,Viúvo/a,Desempregado,Superior,Média,2022-09-13,Android,11 9455 3482
U00560,Helena,Caldeira,njesus@example.org,48985681838.0,1980-04-14,M,SP,Viúvo/a,Empregado,Ensino Médio,Baixa,2022-09-14,iOS,81 4474-0576
U00626,Matteo,Marques,hcastro@example.net,59552829364.0,2004-04-14,F,DF,Viúvo/a,Autônomo,Ensino Médio,Alta,2022-09-14,iOS,+55 11 2981-3701
U02988,Larissa,Monteiro,caleb46@example.com,22337356895.0,2002-11-24,Outro,PR,Viúvo/a,Empregado,Superior,Alta,2022-09-14,Android,(071) 6589-2608
U03318,Bella,Cirino,caio44@example.com,72261109966.0,2005-01-18,M,SP,Divorciado/a,Aposentado,Outro,Baixa,2022-09-14,Android,61 4487-9039
U04778,Rodrigo,Andrade,jose-miguel97@example.org,64598748852.0,1970-01-01,M,PE,Viúvo/a,Aposentado,Superior,Baixa,2022-09-14,Android,+55 (051) 1701-5805
U00471,Isadora,Peixoto,lopesvitor-gabriel@example.org,18412406454.0,1970-01-01,Outro,DF,Viúvo/a,Estudante,Ensino Médio,Alta,2022-09-15,Android,+55 (071) 0920-8959
U00783,Benjamin,Porto,caldeiradiogo@example.com,14104455650.0,1988-06-27,F,RJ,Casado/a,Empregado,Técnico,Média,2022-09-15,Android,+55 (084) 7351-9852
U00816,Luara,Montenegro,portobianca@example.net,94205100507.0,1970-01-01,M,CE,Solteiro/a,Aposentado,Superior,Média,2022-09-15,Android,(071) 7331-3806
U01016,Francisco,Costa,goncalvesbrayan@example.org,23702583609.0,1998-12-26,Outro,PE,Solteiro/a,Empregado,Técnico,Alta,2022-09-15,Android,(081) 6195 1838
U04563,Emanuella,Machado,caue30@example.net,99543282007.0,1975-09-13,Outro,BA,Solteiro/a,Autônomo,Pós-graduação,Média,2022-09-15,iOS,+55 21 3386 8650
U02404,Manuela,Aparecida,da-cruzcamila@example.net,62589548106.0,1977-01-20,Outro,RJ,Casado/a,Desempregado,Ensino Médio,Baixa,2022-09-16,Android,(071) 8935 7998
U03533,Léo,Azevedo,joao-lucasda-cruz@example.com,87784391936.0,1984-10-15,M,DF,Casado/a,Desempregado,Superior,Média,2022-09-16,iOS,0800-829-8309
U04233,Gael Henrique,Borges,joao-miguelalves@example.net,23012043035.0,1970-01-01,Outro,BA,Divorciado/a,Autônomo,Pós-graduação,Média,2022-09-16,iOS,(021) 0985 4061
U04958,Luiz Otávio,Lopes,nunesanthony@example.org,63731289896.0,1971-07-29,F,PE,Solteiro/a,Aposentado,Técnico,Baixa,2022-09-16,iOS,+55 (051) 4580 6469
U01049,Benício,Castro,apollo74@example.org,37145300730.0,1973-08-19,Outro,PR,Divorciado/a,Aposentado,Ensino Médio,Alta,2022-09-17,iOS,51 0684 9573
U02619,Maria Luiza,Peixoto,asafepereira@example.com,20107124655.0,2007-04-12,Outro,RJ,Divorciado/a,Estudante,Superior,Média,2022-09-17,Android,(061) 8523 9134
U03610,Henry,Guerra,davi-lucca41@example.net,37038081202.0,1983-05-30,Outro,PE,Solteiro/a,Empregado,Pós-graduação,Média,2022-09-17,Android,+55 (011) 6889 3613
U00465,Gael Henrique,Pastor,machadoana-clara@example.net,94288234815.0,2000-11-30,Outro,PE,Solteiro/a,Empregado,Superior,Média,2022-09-18,Android,+55 (041) 8395-3017
U00692,Sophia,Campos,marquesana-livia@example.net,85160380978.0,1972-06-06,M,BA,Solteiro/a,Autônomo,Ensino Médio,Alta,2022-09-18,Android,+55 (071) 5581 0055
U03714,Rafaela,Silva,alexandre34@example.net,40561128570.0,1998-04-07,M,RJ,Viúvo/a,Empregado,Técnico,Baixa,2022-09-18,Android,+55 (031) 5716 2500
U00509,Vitor Gabriel,Cassiano,wnovais@example.org,48481711211.0,1983-05-21,F,DF,Casado/a,Aposentado,Técnico,Baixa,2022-09-19,Android,(051) 1501-4628
U01229,Léo,Siqueira,roliveira@example.org,25128764661.0,1995-06-08,F,DF,Viúvo/a,Empregado,Outro,Alta,2022-09-19,Android,+55 (021) 7654-2250
U01653,Heitor,da Cunha,rcamara@example.net,95129005409.0,1982-05-12,Outro,PE,Solteiro/a,Empregado,Pós-graduação,Baixa,2022-09-19,Android,+55 (041) 0175-8835
U03741,Otto,Viana,vasconcelosrafael@example.net,89887658085.0,2001-07-18,M,PR,Divorciado/a,Aposentado,Ensino Médio,Baixa,2022-09-19,iOS,(051) 3626 2098
U04043,Emanuelly,Novaes,ana-carolinaleao@example.com,58104416790.0,1997-01-30,M,PE,Viúvo/a,Empregado,Técnico,Média,2022-09-19,Android,(051) 5611 5212
U04795,Emanuel,Pacheco,nramos@example.net,67108423073.0,1995-01-13,M,RJ,Divorciado/a,Aposentado,Pós-graduação,Alta,2022-09-19,iOS,(031) 8470 4147
U01050,Anthony Gabriel,Pimenta,enzosousa@example.net,98104805405.0,1970-01-01,F,PR,Viúvo/a,Desempregado,Técnico,Baixa,2022-09-20,Android,+55 81 8894 6119
U01860,Maria Luísa,Fonseca,gsantos@example.net,68873019967.0,1998-07-12,Outro,MG,Solteiro/a,Autônomo,Pós-graduação,Baixa,2022-09-20,Android,+55 61 2544 1142
U02281,Levi,Pastor,abreuana-laura@example.org,93533039881.0,1983-09-08,Outro,PE,Casado/a,Autônomo,Outro,Baixa,2022-09-20,iOS,81 1555-0924
U02599,Henry,Mendonça,jsouza@example.org,92283989662.0,2006-03-08,M,CE,Divorciado/a,Autônomo,Superior,Alta,2022-09-20,iOS,(031) 8563 7013
U03445,Vinicius,Ribeiro,clopes@example.org,70630332100.0,1970-01-01,M,DF,Divorciado/a,Empregado,Superior,Baixa,2022-09-20,Android,+55 (081) 2521 1137
U03558,Stella,Andrade,ana-sophia31@example.org,43190181785.0,1970-01-01,M,CE,Solteiro/a,Empregado,Superior,Baixa,2022-09-20,iOS,+55 (051) 8328-9557
U04509,Ana Julia,Vargas,osampaio@example.org,45476243223.0,2000-05-14,M,CE,Casado/a,Estudante,Pós-graduação,Alta,2022-09-20,Android,+55 (061) 0658 5767
U01783,Julia,Fonseca,evelyn62@example.org,79496248191.0,1970-01-01,Outro,PE,Viúvo/a,Desempregado,Superior,Baixa,2022-09-21,Android,(061) 7156 1329
U04193,Heloísa,Silva,da-cunhaluiz-felipe@example.com,86920523615.0,1970-01-01,M,RS,Solteiro/a,Autônomo,Ensino Médio,Média,2022-09-21,Android,(071) 8336 7014
U00179,Hellena,Pacheco,rlopes@example.com,37267103008.0,1970-01-01,M,BA,Solteiro/a,Desempregado,Ensino Médio,Alta,2022-09-22,Android,+55 31 4810-9497
U00300,Luiz Henrique,Martins,antonella35@example.com,31488103283.0,1970-01-01,F,RS,Solteiro/a,Estudante,Outro,Média,2022-09-22,Android,+55 71 8887-4858
U02161,Manuella,Vasconcelos,rsantos@example.net,34169236552.0,1980-07-26,F,PE,Divorciado/a,Aposentado,Ensino Médio,Média,2022-09-22,iOS,+55 41 5716-0577
U02181,Henrique,da Luz,qdas-neves@example.net,60490278401.0,1980-06-01,M,DF,Solteiro/a,Desempregado,Técnico,Média,2022-09-22,iOS,+55 (051) 8301-3831
U02583,Breno,Pimenta,lucas-gabriel20@example.org,42738111166.0,1970-01-01,F,CE,Solteiro/a,Aposentado,Superior,Baixa,2022-09-22,Android,(081) 1155 4556
U02902,Daniela,Cirino,emoura@example.org,45065189214.0,1993-03-05,F,RJ,Casado/a,Aposentado,Superior,Alta,2022-09-22,Android,(031) 5752 5842
U03900,Enrico,Moreira,miguelda-mata@example.net,64682756649.0,1992-12-16,M,CE,Solteiro/a,Desempregado,Ensino Médio,Média,2022-09-22,Android,+55 81 0345 5617
U00986,Allana,Castro,leticiacarvalho@example.com,74852142076.0,2001-12-15,M,MG,Divorciado/a,Aposentado,Ensino Médio,Baixa,2022-09-23,Android,81 5016 2207
U03455,Brenda,Aparecida,vasconcelosyasmin@example.net,75364109378.0,1971-04-11,Outro,DF,Divorciado/a,Autônomo,Técnico,Alta,2022-09-23,iOS,+55 81 2762 1635
U00237,Nicole,Costela,enricofonseca@example.org,33781522831.0,1973-05-05,F,CE,Divorciado/a,Estudante,Pós-graduação,Alta,2022-09-24,iOS,+55 71 2552 2874
U00406,Gabriel,Siqueira,isabela60@example.net,13175513578.0,1978-07-08,Outro,SP,Divorciado/a,Aposentado,Superior,Baixa,2022-09-24,iOS,(041) 3017-1157
U00774,Liam,Macedo,aribeiro@example.net,87336093047.0,2002-12-16,Outro,SP,Casado/a,Estudante,Ensino Médio,Baixa,2022-09-24,iOS,+55 61 8850 7959
U01009,Raul,Vargas,silveiraryan@example.org,39264219926.0,1970-01-01,Outro,SP,Viúvo/a,Autônomo,Superior,Média,2022-09-24,iOS,(081) 6629-7206
U02877,Breno,Sampaio,sarahrodrigues@example.org,48363155442.0,1997-08-30,M,DF,Viúvo/a,Estudante,Ensino Médio,Média,2022-09-24,Android,+55 61 8399 1801
U03259,Daniela,Garcia,cassianomariah@example.net,24271125511.0,1980-02-03,F,SP,Casado/a,Autônomo,Ensino Médio,Baixa,2022-09-24,Android,(071) 0197-9104
U04979,Giovanna,Marques,vasconcelosjoao-vitor@example.net,14015655118.0,1985-04-09,Outro,DF,Viúvo/a,Desempregado,Ensino Médio,Média,2022-09-24,Android,+55 (031) 2062 4231
U01876,Levi,Fernandes,pereiramaria@example.net,71093832718.0,1970-01-01,M,PR,Divorciado/a,Empregado,Pós-graduação,Alta,2022-09-25,iOS,0900 765 7962
U01528,Hellena,Andrade,aurora76@example.net,37544546527.0,1970-01-01,F,SP,Divorciado/a,Empregado,Outro,Média,2022-09-26,iOS,(061) 5260 5147
U02300,João Felipe,Carvalho,gaelsa@example.com,39315247818.0,1970-01-01,M,PR,Viúvo/a,Estudante,Técnico,Alta,2022-09-26,iOS,(061) 4190 5460
U02582,Lorena,da Rosa,antony43@example.com,80087295563.0,1970-01-01,Outro,RJ,Solteiro/a,Autônomo,Superior,Alta,2022-09-26,Android,+55 (084) 7847 8779
U03213,Theo,Freitas,ana-lauracunha@example.net,47886572251.0,1984-09-13,M,SP,Casado/a,Estudante,Superior,Alta,2022-09-26,iOS,+55 (081) 0041-6705
U03544,Maria Luiza,Lima,miguel05@example.org,49427192766.0,1990-04-21,M,RJ,Solteiro/a,Desempregado,Pós-graduação,Média,2022-09-26,Android,(071) 5161 1926
U04705,Kamilly,Cunha,pimentaalana@example.net,70139344548.0,1973-06-09,F,BA,Casado/a,Autônomo,Pós-graduação,Baixa,2022-09-26,Android,81 7407 3951
U00771,Henry Gabriel,Pires,rhavi71@example.com,59852058319.0,1970-01-01,F,CE,Solteiro/a,Autônomo,Ensino Médio,Alta,2022-09-27,iOS,+55 (031) 2304-0683
U01704,Yan,Santos,erickteixeira@example.com,66720182185.0,2004-08-22,F,PE,Divorciado/a,Desempregado,Ensino Médio,Baixa,2022-09-27,Android,+55 (061) 0206 5766
U03722,Heloisa,Monteiro,dfarias@example.net,74396556363.0,1979-12-31,Outro,MG,Viúvo/a,Autônomo,Técnico,Média,2022-09-27,Android,(084) 4544 6626
U04492,Aurora,Rios,mendoncamaya@example.com,67733319358.0,1998-06-01,M,PE,Divorciado/a,Empregado,Ensino Médio,Alta,2022-09-27,iOS,+55 41 1253 5229
U01231,Maria,Cardoso,joana20@example.net,11725448896.0,1998-02-06,Outro,CE,Viúvo/a,Estudante,Ensino Médio,Alta,2022-09-28,Android,(061) 1566 0612
U03710,Cauê,Siqueira,yda-conceicao@example.com,98767852671.0,2004-08-20,M,PR,Divorciado/a,Autônomo,Superior,Média,2022-09-28,Android,+55 71 6175 1492
U04888,Stephany,Carvalho,arthur-gabriel18@example.net,61528793070.0,1970-01-01,M,RJ,Viúvo/a,Aposentado,Técnico,Alta,2022-09-28,Android,(041) 1595-4454
U00022,Benicio,Vargas,erick65@example.net,87560353155.0,1970-01-01,M,RJ,Viúvo/a,Autônomo,Superior,Alta,2022-09-29,Android,+55 31 4219-8833
U00196,Henry Gabriel,Alves,maria-flormonteiro@example.com,11535832305.0,1988-01-17,F,RS,Solteiro/a,Autônomo,Pós-graduação,Alta,2022-09-29,iOS,+55 21 0829-4232
U01265,Maria Alice,da Paz,almeidalucca@example.net,27698690980.0,1989-11-05,M,CE,Divorciado/a,Autônomo,Superior,Baixa,2022-09-29,Android,(011) 6257-6713
U03313,Ana Júlia,Nascimento,mbarros@example.com,91868764711.0,1970-01-01,F,PR,Casado/a,Autônomo,Pós-graduação,Alta,2022-09-29,Android,+55 (071) 0780 2975
U03377,Bruno,Gomes,rmendonca@example.org,50945542352.0,1978-08-24,F,DF,Divorciado/a,Autônomo,Ensino Médio,Média,2022-09-29,Android,+55 31 6771-2354
U04377,Enzo,Rezende,liviasampaio@example.com,23982429141.0,1970-01-01,M,SP,Solteiro/a,Desempregado,Outro,Baixa,2022-09-29,Android,(081) 5615 5846
U04384,Allana,Correia,viniciuscosta@example.com,50774756043.0,1995-04-05,M,SP,Solteiro/a,Aposentado,Outro,Média,2022-09-29,iOS,+55 (061) 1781-9516
U00135,Lunna,Porto,vicente21@example.net,87685696355.0,1981-03-02,Outro,RS,Casado/a,Desempregado,Técnico,Alta,2022-09-30,iOS,(021) 6831-4068
U00180,Maria Eduarda,Ramos,isabelly68@example.net,88390056140.0,1971-12-28,M,SP,Divorciado/a,Autônomo,Superior,Alta,2022-09-30,iOS,+55 (011) 8891-0780
U00640,Maria Alice,Moraes,moraesalexandre@example.net,74037864775.0,1972-10-28,Outro,CE,Solteiro/a,Autônomo,Superior,Alta,2022-09-30,iOS,(051) 1290 4062
U00944,Heitor,Gonçalves,gabriela42@example.org,16187910636.0,1970-01-01,Outro,PE,Solteiro/a,Aposentado,Outro,Baixa,2022-09-30,Android,0500 415 1785
U01845,Isaac,Martins,pietro91@example.net,22427030833.0,1986-02-23,F,BA,Viúvo/a,Autônomo,Ensino Médio,Alta,2022-09-30,iOS,(011) 5912-8020
U02187,Bento,Nunes,gabriellycamargo@example.org,64010997201.0,1970-01-01,F,DF,Viúvo/a,Desempregado,Técnico,Média,2022-09-30,Android,21 3935-1851
U04320,Léo,Castro,correiamaya@example.org,76682664109.0,1970-01-01,M,BA,Casado/a,Aposentado,Superior,Alta,2022-09-30,Android,+55 84 4851-5708
U04417,Calebe,Gomes,nmontenegro@example.com,99443987101.0,1970-01-01,Outro,SP,Solteiro/a,Aposentado,Ensino Médio,Média,2022-09-30,iOS,+55 (051) 3185-2634
U04522,Maria Flor,Sá,tda-costa@example.org,12447239292.0,1970-01-01,Outro,CE,Divorciado/a,Autônomo,Outro,Média,2022-09-30,iOS,0900-292-3632
U00137,Guilherme,Cavalcanti,liviasouza@example.net,47512926131.0,1970-03-25,F,PR,Viúvo/a,Empregado,Pós-graduação,Média,2022-10-01,Android,+55 (084) 9867 8480
U02208,Isadora,Andrade,emanuellydias@example.org,61609027159.0,1970-01-01,F,MG,Divorciado/a,Estudante,Técnico,Média,2022-10-01,iOS,+55 41 4688 8761
U00674,Ana Júlia,Gomes,gabrielly56@example.org,47874323394.0,1970-01-01,F,MG,Divorciado/a,Desempregado,Técnico,Média,2022-10-02,iOS,(041) 0437-8153
U01577,Antony,Caldeira,ymendes@example.org,74921398115.0,2004-02-17,F,PE,Divorciado/a,Aposentado,Ensino Médio,Baixa,2022-10-02,Android,(011) 6535 5070
U02656,Sara,Fernandes,britocatarina@example.net,14182052933.0,1985-04-20,M,RS,Viúvo/a,Autônomo,Superior,Média,2022-10-02,Android,84 3650-6394
U00568,Marcelo,Almeida,leodas-neves@example.net,44884968487.0,1986-05-15,M,MG,Viúvo/a,Aposentado,Superior,Baixa,2022-10-03,iOS,11 9691 4517
U01612,Matteo,Marques,clara17@example.org,74547966080.0,2002-03-18,M,RJ,Casado/a,Empregado,Técnico,Alta,2022-10-03,iOS,+55 (051) 8404-4195
U04124,Joaquim,Souza,mendesemanuella@example.com,82563347885.0,2002-03-25,Outro,BA,Casado/a,Desempregado,Outro,Alta,2022-10-03,iOS,+55 (071) 7149 4541
U00458,Benício,Duarte,fpinto@example.net,72478920764.0,1972-08-21,F,RJ,Divorciado/a,Aposentado,Outro,Baixa,2022-10-04,iOS,+55 21 4409 7042
U01201,Oliver,Borges,marinada-costa@example.com,13702747970.0,1970-01-01,F,MG,Viúvo/a,Autônomo,Superior,Alta,2022-10-04,Android,(051) 8483 9066
U04473,Alice,da Luz,ninalopes@example.org,40173676495.0,1971-02-07,M,SP,Viúvo/a,Aposentado,Ensino Médio,Baixa,2022-10-04,iOS,+55 (041) 7858-8888
U00090,Daniel,Montenegro,lgomes@example.org,65429591898.0,1970-01-01,M,CE,Viúvo/a,Desempregado,Técnico,Alta,2022-10-05,iOS,51 3678 9473
U00885,João Guilherme,Rocha,renan41@example.com,65387903146.0,1970-01-01,F,BA,Viúvo/a,Estudante,Superior,Alta,2022-10-05,iOS,+55 (021) 4611 5872
U01497,Juan,Monteiro,benjamin38@example.com,23265314153.0,1970-01-01,F,RJ,Casado/a,Autônomo,Técnico,Baixa,2022-10-05,iOS,11 1931-8482
U02237,Luiz Henrique,Cavalcante,milenanovais@example.org,89407367715.0,1994-09-27,M,RS,Viúvo/a,Estudante,Técnico,Alta,2022-10-05,Android,+55 81 3262-8947
U02592,Lavínia,Nascimento,umoreira@example.net,64475774285.0,1970-01-01,Outro,SP,Viúvo/a,Empregado,Pós-graduação,Alta,2022-10-05,Android,+55 81 9086-5516
U02998,Pedro Lucas,Rocha,tnovais@example.net,57199451930.0,1970-01-01,M,DF,Divorciado/a,Estudante,Pós-graduação,Alta,2022-10-05,iOS,(021) 8738 0290
U04032,Juan,Costela,qcunha@example.org,41338774806.0,1981-10-31,M,BA,Casado/a,Empregado,Pós-graduação,Média,2022-10-05,iOS,31 1112 2008
U01424,Lorenzo,Rocha,joao39@example.org,60826645048.0,1975-05-08,Outro,PR,Solteiro/a,Estudante,Ensino Médio,Baixa,2022-10-06,iOS,41 7962 5563
U02699,Maysa,Aragão,da-costasofia@example.org,86211066873.0,1996-05-01,M,BA,Divorciado/a,Aposentado,Pós-graduação,Baixa,2022-10-06,iOS,+55 (081) 9187 0843
U03419,Maitê,Novaes,pireslivia@example.org,95590116362.0,1979-06-01,M,PR,Viúvo/a,Aposentado,Superior,Baixa,2022-10-06,iOS,+55 51 6125 9335
U03427,Ana Liz,Viana,pastoreduardo@example.org,58863470034.0,1987-10-18,M,CE,Casado/a,Aposentado,Ensino Médio,Baixa,2022-10-06,iOS,+55 (011) 8976 6281
U03912,Felipe,Freitas,vcorreia@example.net,77574049830.0,1996-01-28,Outro,PR,Viúvo/a,Empregado,Outro,Baixa,2022-10-06,Android,+55 21 5917-2045
U04071,Vitor Gabriel,Caldeira,clarabarbosa@example.com,33169598003.0,1978-05-23,M,MG,Divorciado/a,Estudante,Técnico,Alta,2022-10-06,Android,+55 71 5100-1948
U04077,Nina,Teixeira,isabelgomes@example.net,49524487443.0,1971-03-17,F,RJ,Casado/a,Aposentado,Técnico,Média,2022-10-06,Android,(051) 4424-8828
U04140,Cecilia,Rezende,nguerra@example.com,49824151292.0,1970-01-01,Outro,BA,Divorciado/a,Desempregado,Pós-graduação,Média,2022-10-06,Android,+55 51 9030 6795
U00303,Sarah,Castro,alvesvitor-gabriel@example.net,31349829380.0,1989-07-08,M,BA,Casado/a,Estudante,Superior,Alta,2022-10-07,Android,(051) 7556 6879
U03654,João Felipe,Farias,ryan01@example.com,62206605477.0,1972-12-04,M,DF,Casado/a,Aposentado,Pós-graduação,Baixa,2022-10-07,Android,21 5539 4381
U04721,Cauê,Andrade,maria-lauradas-neves@example.net,80196635016.0,1970-01-01,F,RS,Viúvo/a,Autônomo,Superior,Baixa,2022-10-07,iOS,(021) 4637-6880
U01307,Bruna,Souza,raulcasa-grande@example.com,72950891743.0,1992-11-13,F,PR,Casado/a,Estudante,Técnico,Alta,2022-10-08,iOS,71 8595 8840
U01647,Antônio,Cavalcanti,leaomaria-isis@example.com,61611852404.0,1970-01-01,Outro,SP,Solteiro/a,Aposentado,Técnico,Baixa,2022-10-08,Android,(071) 6252 5140
U01848,Davi,Nunes,diogo48@example.com,87813288831.0,1979-02-11,Outro,PR,Casado/a,Aposentado,Técnico,Alta,2022-10-08,Android,+55 11 1825 7558
U02287,Isaque,da Cunha,otavio36@example.com,83002789892.0,1997-03-29,M,RJ,Divorciado/a,Empregado,Pós-graduação,Alta,2022-10-08,iOS,+55 41 2974 6949
U04807,Luana,Lopes,gomesrenan@example.org,47720239903.0,1970-01-01,M,RS,Divorciado/a,Autônomo,Superior,Alta,2022-10-08,Android,(084) 5246-1735
U00365,Diego,Abreu,milenalima@example.org,59056496138.0,1970-01-01,Outro,CE,Casado/a,Empregado,Técnico,Média,2022-10-09,Android,(084) 1297-1825
U04046,Maria Vitória,Ramos,nda-cruz@example.org,24329035445.0,2005-10-10,F,PE,Divorciado/a,Desempregado,Pós-graduação,Baixa,2022-10-09,iOS,(021) 6602-2791
U00136,Isabel,da Paz,carlos-eduardo38@example.org,53351665806.0,1986-11-22,Outro,SP,Divorciado/a,Aposentado,Técnico,Média,2022-10-10,iOS,+55 11 0059 6982
U00655,Anthony,Vieira,freitaslucca@example.com,56361977568.0,1970-01-01,Outro,DF,Casado/a,Empregado,Ensino Médio,Média,2022-10-10,Android,84 6821 3425
U00131,Ana Clara,Câmara,xrios@example.net,31254085059.0,2002-02-22,Outro,PE,Viúvo/a,Estudante,Outro,Baixa,2022-10-11,iOS,+55 81 5958 5252
U00140,Henry Gabriel,Campos,andradeeloa@example.org,18702534864.0,2006-06-09,M,RJ,Casado/a,Autônomo,Superior,Baixa,2022-10-11,iOS,31 7741 3588
U01447,Aylla,Albuquerque,gomesantonio@example.net,48447956694.0,1970-01-01,M,RS,Solteiro/a,Aposentado,Outro,Baixa,2022-10-11,Android,11 7322-7916
U01454,Kaique,Fogaça,cirinodaniel@example.org,15457196371.0,2003-04-22,M,RJ,Viúvo/a,Autônomo,Pós-graduação,Baixa,2022-10-11,Android,+55 11 2955 9244
U04184,Mathias,Cirino,da-conceicaodaniela@example.org,15829150031.0,2003-09-14,Outro,RJ,Viúvo/a,Aposentado,Pós-graduação,Baixa,2022-10-11,iOS,(061) 9562 7661
U04194,Francisco,Barbosa,ravi-lucca18@example.net,79435572156.0,1988-02-03,F,CE,Casado/a,Autônomo,Outro,Baixa,2022-10-11,iOS,+55 (061) 7122-8071
U01037,Fernanda,Silva,pastoramanda@example.com,88351758284.0,1993-03-10,M,DF,Viúvo/a,Desempregado,Técnico,Alta,2022-10-12,Android,(051) 8264-1457
U02396,Melissa,Costela,davi-lucasteixeira@example.org,55953604396.0,1970-01-01,Outro,MG,Casado/a,Autônomo,Técnico,Baixa,2022-10-12,iOS,+55 11 3708-3962
U03873,Alexia,Peixoto,da-matadavi-luiz@example.org,24042738304.0,1970-01-01,Outro,BA,Viúvo/a,Desempregado,Outro,Média,2022-10-12,Android,+55 71 4768 6403
U00390,Vinicius,da Cruz,isabella27@example.com,84410208962.0,1970-01-01,M,PR,Viúvo/a,Empregado,Pós-graduação,Baixa,2022-10-13,iOS,(061) 9644-2384
U02799,Yasmin,Cirino,lopescarolina@example.com,52649801211.0,1999-06-29,F,MG,Divorciado/a,Desempregado,Ensino Médio,Alta,2022-10-13,Android,+55 (081) 8495-4837
U02894,Stella,da Paz,rdias@example.org,76047881880.0,1974-10-01,Outro,MG,Solteiro/a,Aposentado,Pós-graduação,Alta,2022-10-13,iOS,+55 81 6333 5936
U02924,Isis,Dias,marquesmelissa@example.com,70674008071.0,1970-01-01,M,PR,Viúvo/a,Desempregado,Pós-graduação,Baixa,2022-10-13,iOS,0500-407-9257
U00518,Ana Liz,Farias,maria-luizanovaes@example.com,49670799014.0,1971-07-02,Outro,CE,Viúvo/a,Autônomo,Ensino Médio,Alta,2022-10-14,Android,(011) 1178-1333
U01740,Valentina,Leão,cpires@example.net,75954741627.0,1980-07-14,Outro,DF,Divorciado/a,Aposentado,Superior,Alta,2022-10-14,Android,(021) 4623-5851
U03008,Nicole,Moura,pimentagael@example.com,75522114264.0,1995-06-01,F,BA,Viúvo/a,Aposentado,Ensino Médio,Alta,2022-10-14,Android,(041) 0346 5588
U03236,Lucca,Macedo,lgoncalves@example.net,15491856629.0,1995-04-08,M,PR,Casado/a,Estudante,Técnico,Alta,2022-10-14,iOS,(081) 9790-5991
U03447,Pedro Miguel,Gomes,lara05@example.net,23693081227.0,1970-09-08,M,PE,Viúvo/a,Autônomo,Superior,Média,2022-10-14,iOS,(051) 9579-9145
U04020,Mariah,Nascimento,zpires@example.com,71168986351.0,1970-01-01,M,DF,Solteiro/a,Estudante,Técnico,Alta,2022-10-14,Android,0800-679-6003
U00417,Maria Flor,Costela,jadeda-costa@example.com,95798972341.0,1985-08-01,F,SP,Solteiro/a,Autônomo,Técnico,Alta,2022-10-15,iOS,(061) 6738 5394
U01320,Nicole,Sales,leonardopires@example.net,10106433143.0,2003-07-12,Outro,CE,Casado/a,Desempregado,Técnico,Baixa,2022-10-15,iOS,41 6975 0180
U01703,Luiza,Carvalho,yribeiro@example.net,53266955807.0,1989-07-21,F,CE,Casado/a,Estudante,Técnico,Baixa,2022-10-15,Android,(011) 3427 4932
U02620,Mariana,Nunes,joao-pedroteixeira@example.com,33954129811.0,1970-01-01,Outro,CE,Casado/a,Aposentado,Outro,Baixa,2022-10-15,Android,(041) 5908-5628
U02876,Miguel,Machado,dandrade@example.org,96255596648.0,1970-01-01,Outro,CE,Casado/a,Autônomo,Outro,Baixa,2022-10-15,iOS,0300-610-3865
U00621,Elisa,Vieira,fcampos@example.net,40916730623.0,1970-01-01,M,MG,Solteiro/a,Desempregado,Pós-graduação,Alta,2022-10-16,Android,+55 (021) 2714 2903
U02232,Nicolas,Moura,isadoraandrade@example.com,78175608388.0,1974-01-01,M,CE,Casado/a,Autônomo,Outro,Média,2022-10-16,iOS,+55 84 5179-3656
U02697,João Lucas,Almeida,peixotocaio@example.com,71775464845.0,1992-06-06,M,SP,Solteiro/a,Aposentado,Ensino Médio,Média,2022-10-16,Android,+55 41 4745 7813
U03034,Larissa,Fogaça,emanuella50@example.com,21202491270.0,1970-01-01,F,CE,Solteiro/a,Aposentado,Ensino Médio,Média,2022-10-16,Android,0300 264 7421
U03171,Maria,da Rosa,mendesana-carolina@example.net,52209288395.0,1970-01-01,M,RJ,Solteiro/a,Empregado,Pós-graduação,Alta,2022-10-16,iOS,+55 (011) 1082-8615
U04088,Asafe,Pereira,ggarcia@example.net,79710203126.0,1980-02-18,F,PR,Viúvo/a,Empregado,Técnico,Média,2022-10-16,iOS,41 0346-7358
U04334,Aurora,Sá,mariahsales@example.org,76069035368.0,1991-09-08,M,CE,Casado/a,Empregado,Pós-graduação,Alta,2022-10-16,iOS,0500-101-6743
U02541,Brenda,Machado,brendaramos@example.org,20269617435.0,1990-07-22,F,DF,Viúvo/a,Desempregado,Pós-graduação,Alta,2022-10-17,Android,11 2298-6743
U03224,Gael Henrique,Cassiano,mathias17@example.com,13707123810.0,1970-01-01,Outro,BA,Solteiro/a,Estudante,Superior,Alta,2022-10-17,Android,0800 360 2816
U04433,Lara,Farias,valentinasa@example.com,98084496646.0,2005-06-23,Outro,DF,Solteiro/a,Aposentado,Ensino Médio,Média,2022-10-17,iOS,(071) 4366 3190
U00054,Theodoro,Cirino,ovargas@example.com,76679165711.0,1991-10-22,M,BA,Solteiro/a,Aposentado,Superior,Baixa,2022-10-18,Android,+55 61 6203 8805
U02240,Heitor,da Paz,emendonca@example.net,80925838910.0,1970-01-01,Outro,BA,Viúvo/a,Empregado,Ensino Médio,Alta,2022-10-18,iOS,+55 11 5408 0451
U00496,Maria Luiza,Ramos,heitor51@example.com,53403593879.0,1970-01-01,F,CE,Casado/a,Empregado,Superior,Alta,2022-10-19,Android,+55 21 1051 4413
U00977,Lunna,Pastor,sleao@example.org,78228515970.0,1971-12-14,F,RJ,Casado/a,Desempregado,Técnico,Baixa,2022-10-19,iOS,+55 (031) 1919-9154
U01895,Emilly,da Conceição,ana-clarapimenta@example.com,28384706082.0,1991-01-15,M,RS,Casado/a,Aposentado,Outro,Alta,2022-10-19,Android,71 9971 0757
U02011,Pietro,Fogaça,thalesfogaca@example.net,92646424169.0,1976-08-31,Outro,SP,Viúvo/a,Autônomo,Técnico,Baixa,2022-10-19,Android,84 0285-0406
U03916,Anna Liz,Silva,xsilva@example.com,48818829377.0,1970-01-01,M,PE,Casado/a,Estudante,Outro,Baixa,2022-10-19,Android,51 5719 9436
U00631,Theo,Moreira,sajose-pedro@example.net,70774787544.0,2003-06-25,M,PE,Solteiro/a,Empregado,Técnico,Média,2022-10-20,Android,51 6154 8839
U02422,Raul,Sousa,pda-mota@example.net,25982396213.0,2002-03-31,Outro,PE,Viúvo/a,Autônomo,Outro,Alta,2022-10-20,Android,(061) 4215-5813
U02571,Joana,Marques,eda-luz@example.com,62276095670.0,1970-01-01,Outro,BA,Casado/a,Desempregado,Ensino Médio,Média,2022-10-20,Android,+55 21 9342 6861
U03309,Rafael,Pastor,faraujo@example.org,71946600414.0,1997-08-01,Outro,CE,Casado/a,Autônomo,Técnico,Média,2022-10-20,iOS,11 4839 6887
U00635,Sophie,Campos,ppires@example.com,12925541986.0,1981-04-02,F,RS,Solteiro/a,Aposentado,Pós-graduação,Média,2022-10-21,iOS,(071) 3436-5684
U01570,Ana Beatriz,Mendes,mouraana-julia@example.com,73856778179.0,1993-06-10,Outro,RS,Casado/a,Aposentado,Ensino Médio,Média,2022-10-21,iOS,0300-003-6587
U03053,Ravy,Caldeira,melina51@example.com,52309864087.0,1972-07-25,M,DF,Casado/a,Desempregado,Ensino Médio,Baixa,2022-10-21,Android,(011) 8080 9299
U04127,Maya,da Cunha,luizasantos@example.org,52988467565.0,1984-07-11,F,BA,Casado/a,Estudante,Ensino Médio,Média,2022-10-21,Android,0900 201 1463
U04500,Miguel,Pacheco,da-luzmarina@example.net,60983403708.0,1997-08-07,Outro,CE,Viúvo/a,Estudante,Ensino Médio,Baixa,2022-10-21,iOS,+55 84 2776-5788
U01234,Antônio,Borges,garciarafael@example.org,98602370939.0,1970-01-01,F,MG,Viúvo/a,Autônomo,Técnico,Média,2022-10-22,Android,+55 (061) 5957 3685
U01636,Ana Liz,Pinto,moraesemilly@example.net,57636026180.0,1988-10-19,M,RS,Viúvo/a,Autônomo,Outro,Baixa,2022-10-22,Android,41 1321 2848
U02190,Thomas,Montenegro,sophia21@example.net,68372579472.0,1970-01-01,M,SP,Casado/a,Estudante,Superior,Baixa,2022-10-22,iOS,+55 41 3675-3863
U02472,João Gabriel,Pereira,arthur73@example.com,27688561484.0,1995-06-23,M,PR,Viúvo/a,Desempregado,Ensino Médio,Média,2022-10-22,iOS,(051) 0464 7651
U01219,Maria Luiza,da Paz,joao-miguelmontenegro@example.net,69365799291.0,1996-11-20,Outro,SP,Solteiro/a,Autônomo,Pós-graduação,Alta,2022-10-23,iOS,+55 81 4858 8379
U02153,Ravy,Pimenta,sabrinalopes@example.net,74617290025.0,2004-10-16,M,BA,Divorciado/a,Desempregado,Pós-graduação,Alta,2022-10-23,iOS,0800-070-4018
U02180,Caio,Silva,nmarques@example.net,33229875285.0,1970-01-01,F,PE,Viúvo/a,Autônomo,Superior,Baixa,2022-10-23,Android,+55 (031) 4074-5429
U02765,Ana Júlia,Caldeira,allanaalbuquerque@example.com,99220524439.0,1970-01-01,Outro,PE,Divorciado/a,Desempregado,Pós-graduação,Alta,2022-10-23,Android,+55 (061) 7096 8422
U03947,Gael,Pires,marina41@example.net,78940937759.0,1983-04-12,Outro,DF,Solteiro/a,Autônomo,Ensino Médio,Média,2022-10-23,iOS,+55 41 9455 3404
U04648,Fernanda,Marques,enricomendes@example.net,60930621807.0,1979-11-27,M,RJ,Viúvo/a,Desempregado,Superior,Alta,2022-10-23,iOS,(041) 7912 0681
U04754,Vitor Gabriel,Viana,mayaferreira@example.com,98975107193.0,1994-09-30,F,BA,Solteiro/a,Empregado,Superior,Alta,2022-10-23,Android,+55 21 4038-0126
U03622,Luiz Otávio,Novaes,vviana@example.org,82080643412.0,1970-01-01,F,RS,Viúvo/a,Estudante,Técnico,Alta,2022-10-24,iOS,(051) 8988 7483
U03762,Augusto,Azevedo,aylasilveira@example.com,37318818877.0,1978-01-12,Outro,CE,Solteiro/a,Autônomo,Superior,Alta,2022-10-24,Android,(031) 7299 1051
U04490,Daniel,Pacheco,snunes@example.com,93025958672.0,1970-01-01,Outro,PE,Casado/a,Empregado,Superior,Baixa,2022-10-24,iOS,+55 51 8135 1781
U04641,Gustavo,Azevedo,benicioduarte@example.com,51374241433.0,1970-01-01,F,SP,Viúvo/a,Empregado,Técnico,Baixa,2022-10-24,iOS,+55 (081) 3860 6550
U04645,Gustavo Henrique,Nascimento,bella49@example.com,40605616183.0,1970-01-01,F,CE,Casado/a,Autônomo,Técnico,Média,2022-10-24,Android,(051) 0235 1304
U00162,Zoe,Novais,alexandrerocha@example.org,11699088659.0,1991-09-09,Outro,PE,Solteiro/a,Aposentado,Superior,Alta,2022-10-25,iOS,(051) 9551-8646
U00719,Olívia,Lopes,claraferreira@example.org,56783416506.0,1970-01-01,M,RS,Divorciado/a,Aposentado,Técnico,Média,2022-10-25,iOS,(041) 2154 2821
U00909,Ana Vitória,Andrade,luiz-miguelfernandes@example.org,26605085854.0,1970-01-01,F,MG,Divorciado/a,Estudante,Superior,Alta,2022-10-25,Android,+55 (084) 9064-9097
U03667,Anna Liz,Teixeira,osa@example.com,85967703316.0,1976-09-27,F,PE,Viúvo/a,Desempregado,Técnico,Média,2022-10-25,Android,61 3489 8492
U03791,Bianca,Alves,leaoesther@example.net,24788996680.0,1993-01-15,F,PE,Viúvo/a,Autônomo,Pós-graduação,Alta,2022-10-25,iOS,+55 (031) 2403-9114
U04010,Joaquim,Souza,anasampaio@example.net,80128145646.0,1970-01-01,M,DF,Casado/a,Estudante,Ensino Médio,Baixa,2022-10-25,iOS,+55 (041) 2106-1906
U00889,Leonardo,Silva,lrezende@example.com,52345795196.0,1993-01-13,M,SP,Casado/a,Desempregado,Pós-graduação,Baixa,2022-10-26,Android,0800 832 3895
U01287,Samuel,Borges,livia13@example.org,76492868895.0,1971-03-05,Outro,PE,Divorciado/a,Estudante,Pós-graduação,Alta,2022-10-26,Android,+55 51 8655 6331
U01853,Camila,Costela,ccampos@example.net,36089084502.0,1979-07-11,Outro,PE,Divorciado/a,Desempregado,Superior,Alta,2022-10-26,Android,+55 (011) 8428-9592
U03233,Benjamim,Souza,milenasilveira@example.com,24913718546.0,1977-09-27,Outro,MG,Solteiro/a,Empregado,Técnico,Média,2022-10-26,Android,(061) 6833 3520
U04887,Guilherme,Barbosa,samuelda-mata@example.org,86959081166.0,1994-04-07,M,MG,Divorciado/a,Aposentado,Superior,Baixa,2022-10-26,iOS,(084) 9578-1868
U00483,Maria Laura,Ramos,barroslevi@example.com,38261336140.0,1970-01-01,F,PE,Viúvo/a,Aposentado,Técnico,Média,2022-10-27,iOS,71 2671-1069
U01985,Natália,Silveira,gabriela82@example.com,78257715057.0,1981-11-05,Outro,PE,Solteiro/a,Autônomo,Ensino Médio,Baixa,2022-10-28,Android,21 4775-0844
U02704,Oliver,Pimenta,tfarias@example.net,98580829736.0,1988-06-02,M,RS,Viúvo/a,Desempregado,Pós-graduação,Baixa,2022-10-28,Android,81 6625-6700
U03099,Ana Vitória,Pires,hfonseca@example.net,11507913086.0,1970-01-01,Outro,BA,Casado/a,Estudante,Pós-graduação,Baixa,2022-10-28,Android,(021) 2264 1110
U03165,Theodoro,Cunha,cmelo@example.net,95370697991.0,1987-04-16,M,RJ,Casado/a,Autônomo,Pós-graduação,Média,2022-10-28,iOS,0500-029-4855
U03335,Léo,Pimenta,bianca79@example.org,55068430327.0,1979-12-06,Outro,PR,Divorciado/a,Autônomo,Técnico,Alta,2022-10-28,Android,+55 (051) 0197-7313
U04561,Isaque,Cavalcante,calbuquerque@example.net,53188440619.0,1989-03-08,M,MG,Solteiro/a,Aposentado,Superior,Média,2022-10-28,Android,(071) 3521 9033
U00323,Kaique,Correia,fonsecathales@example.org,50792528315.0,2000-05-24,F,PR,Divorciado/a,Desempregado,Técnico,Alta,2022-10-29,Android,21 2922-2404
U00397,Camila,Azevedo,isabelalopes@example.org,88130353369.0,1970-01-01,F,PE,Casado/a,Autônomo,Pós-graduação,Alta,2022-10-29,iOS,0500-680-4520
U00756,Murilo,Souza,vitoria88@example.org,56648376677.0,1976-03-15,Outro,MG,Viúvo/a,Estudante,Superior,Média,2022-10-29,Android,+55 (031) 4380-7309
U01000,Diego,Lima,azevedosarah@example.org,99288126596.0,1981-08-19,M,SP,Casado/a,Autônomo,Outro,Baixa,2022-10-29,Android,(061) 8086 1754
U03753,Maria Vitória,Oliveira,lunnafonseca@example.com,95090798710.0,1973-08-16,M,MG,Solteiro/a,Autônomo,Ensino Médio,Baixa,2022-10-29,Android,41 6450-5665
U00573,José,Rios,da-pazrafaela@example.net,90765261687.0,1983-04-26,Outro,PR,Viúvo/a,Empregado,Superior,Baixa,2022-10-30,Android,(061) 8596-6593
U04182,Maria Laura,Garcia,umendonca@example.org,41589240041.0,1995-08-14,Outro,SP,Casado/a,Desempregado,Ensino Médio,Baixa,2022-10-30,Android,(041) 1259 3174
U04275,Gabriela,Barbosa,icaldeira@example.com,26379655144.0,1970-01-01,M,DF,Viúvo/a,Aposentado,Superior,Baixa,2022-10-30,Android,21 4830 0621
U04442,Igor,Albuquerque,diaspedro@example.org,33643741517.0,2002-12-03,M,RS,Solteiro/a,Aposentado,Pós-graduação,Alta,2022-10-30,Android,(081) 6613-2832
U04714,Marcela,Ferreira,camaraoliver@example.com,99145542545.0,1971-09-08,M,RJ,Divorciado/a,Autônomo,Ensino Médio,Baixa,2022-10-30,Android,(081) 0451-2056
U02008,Gustavo Henrique,Pereira,ioliveira@example.org,73497781430.0,1970-01-01,F,BA,Casado/a,Desempregado,Ensino Médio,Baixa,2022-10-31,iOS,61 1768-0883
U03847,Matteo,Porto,ribeiroemanuelly@example.net,27787280467.0,1974-04-25,Outro,BA,Viúvo/a,Empregado,Pós-graduação,Alta,2022-10-31,iOS,+55 31 7082 4847
U04496,Caleb,Macedo,hrocha@example.net,19049948801.0,1970-01-01,Outro,RJ,Viúvo/a,Estudante,Técnico,Média,2022-10-31,iOS,11 3189-5336
U00685,Theo,Farias,lopeshenry@example.net,35264521237.0,2005-04-18,M,CE,Solteiro/a,Estudante,Ensino Médio,Baixa,2022-11-01,Android,+55 (011) 3946-6881
U02637,Nina,Rodrigues,jose-pedro68@example.net,77165733194.0,1977-10-23,M,BA,Casado/a,Desempregado,Outro,Baixa,2022-11-01,iOS,(051) 6835-1220
U03363,Gustavo Henrique,Rodrigues,azevedoisis@example.net,13094131693.0,1970-01-01,M,PE,Solteiro/a,Desempregado,Pós-graduação,Média,2022-11-01,iOS,31 3499-7247
U03861,José Pedro,Camargo,alicelima@example.org,44488729636.0,1981-03-07,M,RS,Solteiro/a,Autônomo,Ensino Médio,Média,2022-11-01,Android,41 2165-5492
U03883,Ian,Casa Grande,livia24@example.org,57289010611.0,1984-07-19,Outro,BA,Solteiro/a,Empregado,Ensino Médio,Alta,2022-11-01,Android,61 3225-1674
U04219,Arthur Miguel,Silveira,correiamelina@example.net,70974900935.0,1997-08-02,M,CE,Divorciado/a,Autônomo,Ensino Médio,Baixa,2022-11-01,Android,+55 (041) 1196 9388
U04446,Josué,Macedo,jalves@example.com,60699818939.0,1983-09-21,M,RS,Solteiro/a,Empregado,Outro,Alta,2022-11-01,Android,51 3521 5493
U04802,Bruno,Ribeiro,isaqueda-paz@example.org,46243963316.0,1980-09-28,Outro,BA,Solteiro/a,Desempregado,Ensino Médio,Baixa,2022-11-01,Android,84 7972-5018
U01222,Enzo,Sales,nicolas39@example.com,91662123922.0,1970-01-01,Outro,MG,Viúvo/a,Desempregado,Superior,Alta,2022-11-02,Android,(081) 7473-1142
U02324,Rafaela,Duarte,lucca22@example.net,22627022701.0,1970-01-01,F,RJ,Solteiro/a,Autônomo,Ensino Médio,Baixa,2022-11-02,iOS,+55 31 9087-0603
U03715,Miguel,Macedo,naraujo@example.org,57731489189.0,1984-08-23,M,CE,Viúvo/a,Empregado,Ensino Médio,Alta,2022-11-02,Android,+55 11 8578-6687
U04513,Catarina,Pacheco,rafaela00@example.net,45827581812.0,1970-01-01,M,RS,Casado/a,Estudante,Outro,Média,2022-11-02,Android,(084) 0207-4974
U01472,Heloísa,Rios,marceloalbuquerque@example.com,51806274826.0,1995-06-29,F,DF,Divorciado/a,Estudante,Pós-graduação,Baixa,2022-11-03,iOS,+55 71 0648 2774
U02203,Davi Lucas,Sales,dnogueira@example.com,10072991474.0,1988-11-23,M,BA,Divorciado/a,Desempregado,Ensino Médio,Média,2022-11-03,iOS,+55 (021) 9172-7221
U04934,Isadora,Cassiano,paulomoreira@example.net,31207836063.0,1970-01-01,Outro,RJ,Solteiro/a,Empregado,Ensino Médio,Baixa,2022-11-03,iOS,+55 (061) 5049 2181
U04978,Mariah,Ribeiro,enzo-gabrielsales@example.net,41705853024.0,1975-02-14,Outro,CE,Divorciado/a,Autônomo,Técnico,Alta,2022-11-03,Android,51 2435 8467
U02386,Lara,das Neves,camila98@example.org,81043265792.0,1970-01-01,Outro,CE,Viúvo/a,Aposentado,Superior,Baixa,2022-11-04,iOS,(084) 0945 6756
U04373,Arthur Gabriel,Duarte,cirinoisaac@example.com,99902322847.0,1997-05-08,M,RS,Divorciado/a,Aposentado,Superior,Média,2022-11-04,iOS,+55 81 8287 7244
U00407,Vinicius,da Mata,benjamim95@example.net,64660677318.0,1996-12-24,M,RS,Divorciado/a,Autônomo,Outro,Média,2022-11-05,Android,+55 (071) 8162-3958
U00562,Olívia,Montenegro,juliana69@example.net,26963125158.0,2005-08-21,F,CE,Divorciado/a,Autônomo,Outro,Baixa,2022-11-05,Android,31 3889-1470
U01271,Noah,Fogaça,lucasaparecida@example.net,63447467572.0,2003-06-24,M,RJ,Divorciado/a,Empregado,Técnico,Média,2022-11-05,Android,+55 (021) 6085-1130
U01272,Luiza,Cardoso,sophiaramos@example.com,50461527363.0,1970-01-01,Outro,SP,Solteiro/a,Aposentado,Superior,Alta,2022-11-05,Android,0500-031-4454
U02338,Isabel,da Luz,mleao@example.com,40707410917.0,1992-07-06,M,RJ,Divorciado/a,Empregado,Superior,Baixa,2022-11-05,Android,11 2189-1954
U03123,Isabelly,Marques,mouradavi-miguel@example.net,75339916440.0,2005-07-28,F,PE,Viúvo/a,Desempregado,Pós-graduação,Alta,2022-11-05,Android,+55 (021) 5960-8637
U03458,Luan,Fonseca,marcela51@example.org,70143455246.0,1995-01-30,M,PR,Divorciado/a,Aposentado,Técnico,Média,2022-11-05,iOS,+55 81 7134 2062
U04559,Vitor Gabriel,da Conceição,peixotodaniela@example.com,77488838465.0,1970-01-01,F,SP,Solteiro/a,Autônomo,Outro,Média,2022-11-05,Android,(084) 6106 9669
U02020,Clarice,Fonseca,danielviana@example.org,97314760263.0,1970-01-01,M,SP,Solteiro/a,Empregado,Técnico,Alta,2022-11-06,Android,+55 (051) 9640 4377
U03033,Alice,Garcia,benjamimribeiro@example.com,77924735719.0,2000-05-01,M,BA,Solteiro/a,Estudante,Superior,Média,2022-11-06,Android,+55 61 2776 3522
U04253,Lavínia,Albuquerque,limaalexandre@example.com,31917464449.0,1996-08-25,M,RS,Viúvo/a,Autônomo,Técnico,Média,2022-11-06,iOS,(011) 9588 3422
U04760,Sarah,Pacheco,pereiralucas@example.com,56340827686.0,1970-01-01,M,DF,Divorciado/a,Estudante,Outro,Média,2022-11-06,iOS,(084) 2425 4640
U00466,Melina,da Cunha,rodrigomarques@example.com,96484714042.0,1970-01-01,Outro,BA,Divorciado/a,Autônomo,Outro,Média,2022-11-07,Android,(081) 4514 6455
U00754,Rhavi,Castro,maria-florcaldeira@example.org,40323103062.0,1998-12-23,M,DF,Casado/a,Estudante,Superior,Média,2022-11-07,Android,(011) 6869-2846
U00966,Matheus,Pinto,cbrito@example.net,68011020517.0,2002-06-07,F,PE,Casado/a,Desempregado,Superior,Alta,2022-11-07,Android,+55 (081) 5161-9838
U03491,Ravi Lucca,Câmara,ana-laurasa@example.net,42475041275.0,1977-09-04,F,PE,Solteiro/a,Empregado,Outro,Média,2022-11-07,Android,+55 61 1436-4934
U04289,Helena,Pimenta,da-luzdiogo@example.com,81992063561.0,1996-11-10,M,MG,Casado/a,Autônomo,Superior,Baixa,2022-11-07,iOS,(031) 3036 4474
U00955,Marina,Azevedo,jose-miguel07@example.net,99316421207.0,1970-01-01,F,RS,Viúvo/a,Aposentado,Superior,Média,2022-11-08,iOS,71 9435 9707
U01301,João,Silva,hmendonca@example.com,51962202617.0,1981-11-11,Outro,PE,Viúvo/a,Estudante,Técnico,Alta,2022-11-08,iOS,+55 21 0352-7280
U01572,Catarina,Gomes,maria-liz88@example.net,37109988018.0,1979-02-13,M,BA,Viúvo/a,Desempregado,Pós-graduação,Alta,2022-11-08,Android,0900 244 1538
U02941,José Pedro,Silveira,nicolasnogueira@example.com,77791772579.0,1978-07-26,Outro,CE,Casado/a,Autônomo,Outro,Alta,2022-11-08,iOS,(031) 1185 3009
U03734,Sophia,Pacheco,csa@example.org,16060901957.0,1970-01-01,Outro,SP,Divorciado/a,Estudante,Superior,Baixa,2022-11-08,iOS,0300-121-8080
U04983,Mariane,Macedo,qfarias@example.net,49992495102.0,1981-06-12,F,BA,Casado/a,Aposentado,Técnico,Alta,2022-11-08,iOS,11 9260 4406
U02846,Kaique,Cirino,sjesus@example.com,63036599838.0,1970-01-01,F,CE,Casado/a,Aposentado,Ensino Médio,Baixa,2022-11-09,Android,+55 84 1071-1358
U04004,Isaque,Rezende,isabellacardoso@example.com,41639274083.0,1970-01-01,M,BA,Divorciado/a,Aposentado,Ensino Médio,Alta,2022-11-09,Android,(081) 7563-5412
U01299,Melina,Borges,rabreu@example.org,54503070076.0,1994-07-18,F,PE,Divorciado/a,Empregado,Técnico,Baixa,2022-11-10,iOS,+55 (051) 6670-2067
U01747,Guilherme,Mendonça,ana-luizasantos@example.com,43824040243.0,2004-09-28,F,DF,Viúvo/a,Autônomo,Outro,Média,2022-11-10,Android,0300 280 1742
U02204,Isabela,Montenegro,rafaela43@example.com,28772193928.0,1996-12-08,M,PR,Viúvo/a,Aposentado,Superior,Média,2022-11-10,iOS,51 8967 3330
U03196,Heloísa,Albuquerque,ovasconcelos@example.net,10120344373.0,2004-04-08,F,CE,Solteiro/a,Empregado,Pós-graduação,Alta,2022-11-10,iOS,0500 579 1599
U04784,Renan,Cavalcanti,camposluara@example.com,89408735064.0,1970-01-01,Outro,RJ,Viúvo/a,Autônomo,Outro,Alta,2022-11-10,Android,(021) 9810-8473
U02003,Maria Júlia,Pimenta,hguerra@example.net,32144933643.0,1974-04-23,M,RS,Divorciado/a,Aposentado,Outro,Baixa,2022-11-11,Android,(081) 4610 4819
U02202,Valentim,Barbosa,oaragao@example.net,40758920630.0,1970-01-01,M,RJ,Solteiro/a,Empregado,Superior,Alta,2022-11-11,iOS,84 3854 1347
U03803,Lucas,Brito,santosleandro@example.net,13737976277.0,1972-03-04,M,RS,Divorciado/a,Empregado,Outro,Média,2022-11-11,iOS,0500 124 1957
U04738,Kamilly,Peixoto,maite46@example.org,20002213091.0,2000-03-04,F,BA,Divorciado/a,Empregado,Ensino Médio,Baixa,2022-11-11,Android,0800-269-5916
U00543,Bruno,Oliveira,qsantos@example.net,22850549851.0,1982-05-14,Outro,BA,Viúvo/a,Desempregado,Técnico,Alta,2022-11-12,Android,51 5337 0693
U00904,Daniel,Cavalcante,bcunha@example.org,87953582093.0,1973-01-28,M,RS,Viúvo/a,Empregado,Técnico,Alta,2022-11-12,iOS,+55 61 6895-3062
U01186,Yasmin,Borges,tsantos@example.com,90629724758.0,1977-03-06,M,SP,Viúvo/a,Empregado,Outro,Média,2022-11-12,Android,71 5982 5682
U01398,Isaque,Lima,isaqueda-rocha@example.org,83511484856.0,1980-01-02,F,PE,Solteiro/a,Autônomo,Pós-graduação,Média,2022-11-12,iOS,(061) 1233-1307
U02431,Lucca,Oliveira,amandaguerra@example.org,81043099741.0,2002-04-01,M,RS,Solteiro/a,Autônomo,Ensino Médio,Média,2022-11-12,Android,+55 (051) 7399 6243
U03254,Gael,da Conceição,enrico17@example.com,52863337541.0,2007-06-08,Outro,PR,Solteiro/a,Autônomo,Pós-graduação,Média,2022-11-12,Android,0500-537-8134
U03522,Ester,Andrade,joao-lucaslopes@example.net,28228686176.0,1975-05-18,Outro,BA,Divorciado/a,Estudante,Pós-graduação,Baixa,2022-11-12,Android,(051) 5143-9950
U00867,Maria Cecília,Peixoto,macedobrayan@example.com,82181200381.0,1985-06-13,M,CE,Viúvo/a,Desempregado,Outro,Alta,2022-11-13,iOS,(011) 2152-6568
U01854,Milena,Cunha,candrade@example.com,60945983361.0,1970-01-01,M,CE,Viúvo/a,Estudante,Outro,Média,2022-11-13,Android,+55 (031) 5373 8983
U04468,Júlia,Novais,gnascimento@example.com,91313219359.0,1990-05-16,F,PR,Divorciado/a,Desempregado,Superior,Média,2022-11-13,iOS,+55 (081) 8605 8974
U04671,Sophie,Rocha,fcastro@example.net,13778802257.0,1970-01-01,Outro,BA,Viúvo/a,Autônomo,Superior,Baixa,2022-11-13,Android,+55 61 9359 1759
U00262,Luiz Felipe,Farias,thiago70@example.com,31734320716.0,1987-04-01,F,DF,Divorciado/a,Estudante,Ensino Médio,Baixa,2022-11-14,Android,61 9722-6406
U00855,Isadora,Campos,maria-juliarezende@example.net,57754309777.0,1989-06-25,M,MG,Solteiro/a,Empregado,Ensino Médio,Alta,2022-11-14,iOS,21 3236 0587
U01006,Vitória,da Mota,nda-conceicao@example.net,22517228465.0,1981-12-18,Outro,RJ,Solteiro/a,Estudante,Outro,Média,2022-11-14,Android,(081) 6011-6203
U00386,Ian,da Cunha,da-conceicaodavi-luiz@example.net,55256066872.0,1970-01-01,F,SP,Casado/a,Autônomo,Outro,Alta,2022-11-15,iOS,+55 21 6202-0607
U00976,José Pedro,Moreira,ppeixoto@example.org,65382670509.0,1989-11-02,M,CE,Casado/a,Estudante,Ensino Médio,Média,2022-11-15,Android,0500-309-1261
U01544,Arthur Gabriel,Nogueira,miguel30@example.net,23071796553.0,1970-01-01,Outro,PR,Divorciado/a,Autônomo,Pós-graduação,Baixa,2022-11-15,Android,+55 84 9969-5134
U01665,Sofia,Almeida,sda-mata@example.com,28255563837.0,1976-10-04,F,SP,Divorciado/a,Autônomo,Outro,Alta,2022-11-15,Android,(021) 5817 4566
U01905,Evelyn,Novaes,goncalvesmaria-julia@example.net,34512454958.0,1977-03-11,F,CE,Solteiro/a,Desempregado,Superior,Média,2022-11-15,iOS,+55 (071) 0413 6249
U01941,Ester,da Luz,gnovaes@example.net,42481775237.0,1975-06-28,M,RJ,Solteiro/a,Autônomo,Superior,Alta,2022-11-15,iOS,+55 61 8700 9539
U02684,Maria Liz,da Cunha,oduarte@example.org,53768165235.0,1993-11-08,F,MG,Casado/a,Aposentado,Técnico,Alta,2022-11-15,iOS,(051) 5649-1925
U02755,Zoe,Moura,abreuluna@example.net,76562387829.0,2005-12-10,F,PE,Divorciado/a,Aposentado,Superior,Média,2022-11-16,iOS,+55 61 8415-7221
U02770,Leonardo,Camargo,rodriguesjoao-felipe@example.com,28145985744.0,1989-02-12,F,DF,Viúvo/a,Desempregado,Outro,Média,2022-11-16,iOS,51 6257 9138
U04080,Ryan,Macedo,cirinomariah@example.org,19379002641.0,1970-01-01,M,CE,Divorciado/a,Empregado,Pós-graduação,Alta,2022-11-16,Android,(061) 9898 7082
U04646,Ayla,da Cunha,gabriela65@example.org,29255569609.0,1972-04-16,Outro,PR,Solteiro/a,Estudante,Ensino Médio,Média,2022-11-16,Android,+55 (061) 0770-4290
U04658,Isabela,Sales,biancaazevedo@example.org,58723797848.0,1998-07-17,Outro,MG,Casado/a,Empregado,Ensino Médio,Alta,2022-11-16,Android,+55 71 7836-0206
U04691,André,Nunes,biancasiqueira@example.org,33063927164.0,1970-01-01,F,CE,Viúvo/a,Empregado,Outro,Baixa,2022-11-16,iOS,+55 41 6655 6923
U02159,Anthony,Câmara,igorcaldeira@example.com,62311922350.0,1970-01-01,Outro,RS,Casado/a,Autônomo,Técnico,Alta,2022-11-17,iOS,+55 31 2015-4063
U03266,Anthony,da Mata,raelcamara@example.org,60316476584.0,1973-01-22,M,RJ,Viúvo/a,Empregado,Ensino Médio,Média,2022-11-17,Android,71 2526-1026
U04910,Isabelly,Sales,vitor-hugo23@example.com,51558774028.0,1990-02-23,M,PR,Casado/a,Estudante,Pós-graduação,Baixa,2022-11-17,iOS,0800 803 0854
U01042,Maya,Silva,luiz-henriquecaldeira@example.org,77741591905.0,1987-12-02,Outro,RJ,Solteiro/a,Autônomo,Outro,Média,2022-11-18,iOS,+55 (084) 5499 8374
U01553,Clarice,Brito,eduarda87@example.org,64529707189.0,1970-01-01,Outro,RJ,Divorciado/a,Aposentado,Técnico,Média,2022-11-18,Android,0500 766 7687
U01993,Maria Luiza,Cavalcanti,casa-grandecaio@example.org,64486545096.0,1970-01-01,Outro,BA,Solteiro/a,Aposentado,Superior,Baixa,2022-11-18,iOS,(011) 7846 3871
U03854,Gustavo,Rios,josue38@example.com,86245245276.0,1970-01-01,Outro,RJ,Divorciado/a,Autônomo,Pós-graduação,Baixa,2022-11-18,iOS,0500-290-1014
U00675,Hellena,Farias,alana93@example.net,80511597409.0,1985-10-03,M,RJ,Viúvo/a,Aposentado,Pós-graduação,Alta,2022-11-19,Android,+55 (041) 1003-1196
U02557,Lara,da Costa,bcavalcante@example.com,59318610721.0,1996-04-22,M,DF,Viúvo/a,Desempregado,Pós-graduação,Alta,2022-11-19,iOS,0800-416-4699
U04774,Benício,Azevedo,guerrabenicio@example.org,66507731669.0,1979-05-07,Outro,MG,Viúvo/a,Autônomo,Outro,Média,2022-11-19,iOS,0300-463-6165
U01718,Guilherme,Nunes,cirinoarthur-gabriel@example.net,89291664307.0,1974-09-26,F,DF,Divorciado/a,Estudante,Superior,Alta,2022-11-20,iOS,0300 117 5944
U01765,João Gabriel,da Rocha,danielada-conceicao@example.com,65758547361.0,1976-04-15,Outro,SP,Viúvo/a,Estudante,Pós-graduação,Alta,2022-11-20,iOS,51 0395 3729
U02290,Luiz Felipe,Moraes,luiz-felipe41@example.net,49256982558.0,1993-02-13,Outro,CE,Divorciado/a,Desempregado,Pós-graduação,Alta,2022-11-20,Android,81 7330-3680
U04034,Vitor,da Cunha,augusto59@example.org,65782902945.0,2006-02-06,M,SP,Viúvo/a,Autônomo,Outro,Baixa,2022-11-20,iOS,(071) 8906 6268
U04035,Gabriel,Macedo,jmontenegro@example.org,20502940301.0,1970-01-01,Outro,MG,Casado/a,Empregado,Outro,Alta,2022-11-20,iOS,+55 51 2443 6442
U02050,Cauê,Nunes,rda-luz@example.net,55801604891.0,1970-01-01,F,RJ,Solteiro/a,Aposentado,Pós-graduação,Média,2022-11-21,Android,(051) 2693-5636
U02247,José,Gonçalves,maria-sophiacavalcanti@example.net,85030202277.0,1982-03-10,Outro,BA,Viúvo/a,Estudante,Ensino Médio,Baixa,2022-11-21,Android,0800-779-3077
U03004,Bella,Caldeira,raulvieira@example.net,33408753150.0,1995-09-21,Outro,RJ,Viúvo/a,Estudante,Pós-graduação,Alta,2022-11-21,Android,+55 (051) 5671-8609
U03215,Cauã,Pinto,henry-gabriel97@example.net,73016686168.0,1970-01-01,F,PR,Solteiro/a,Desempregado,Superior,Média,2022-11-21,Android,(041) 9588 0787
U04354,Clara,Cardoso,xnascimento@example.net,29018413025.0,1970-01-01,M,SP,Solteiro/a,Autônomo,Pós-graduação,Baixa,2022-11-21,Android,11 7569 0864
U04580,Mariah,Farias,benjamimfonseca@example.net,82294554379.0,1987-08-28,Outro,MG,Divorciado/a,Empregado,Superior,Baixa,2022-11-21,Android,(084) 1642-5981
U01892,Asafe,Moraes,tpeixoto@example.org,49150075797.0,2001-03-11,F,BA,Viúvo/a,Estudante,Outro,Média,2022-11-22,Android,41 4625 6773
U02221,João Felipe,Alves,souzaana-clara@example.com,15635576749.0,1972-01-08,Outro,DF,Divorciado/a,Autônomo,Ensino Médio,Alta,2022-11-22,Android,81 0925 8169
U00099,Camila,Araújo,allana06@example.com,81194147775.0,1982-05-13,M,RJ,Casado/a,Autônomo,Superior,Média,2022-11-23,Android,(081) 2400 1157
U00339,Ian,Porto,lopesjoaquim@example.org,25966117539.0,1990-09-29,M,SP,Divorciado/a,Empregado,Pós-graduação,Alta,2022-11-23,Android,31 7577-1567
U02650,Maysa,da Rocha,stephanymoraes@example.net,58104778713.0,1981-11-27,M,MG,Casado/a,Empregado,Superior,Média,2022-11-23,iOS,+55 (021) 8588-4001
U02985,Mirella,Silva,vitoria40@example.net,27104132196.0,1998-11-20,Outro,RS,Viúvo/a,Empregado,Superior,Média,2022-11-23,iOS,+55 (021) 0220 5851
U04227,Alice,Cardoso,cavalcantevitor@example.com,29210704413.0,1983-03-28,Outro,DF,Solteiro/a,Autônomo,Ensino Médio,Média,2022-11-23,iOS,+55 51 7349 5762
U00234,Luna,Aparecida,sophia79@example.com,93747017185.0,1970-01-01,F,CE,Solteiro/a,Estudante,Ensino Médio,Alta,2022-11-24,Android,0800 921 1987
U01676,Bruna,Silva,aparecidamarcelo@example.net,25312733968.0,1976-06-12,M,CE,Viúvo/a,Estudante,Superior,Baixa,2022-11-24,Android,(061) 4764 6975
U02319,Ana Cecília,Guerra,heitor84@example.net,75890560623.0,1999-08-10,M,RJ,Casado/a,Estudante,Outro,Média,2022-11-24,iOS,+55 (051) 8924-1851
U01041,Brenda,Alves,gustavomelo@example.org,80441087867.0,1970-01-01,M,RS,Casado/a,Desempregado,Outro,Média,2022-11-25,iOS,+55 (021) 6828-6485
U01163,Davi Lucca,Pereira,hadassafreitas@example.com,28820063697.0,2005-12-23,F,PR,Divorciado/a,Desempregado,Ensino Médio,Baixa,2022-11-25,Android,+55 (011) 2678 1393
U02491,João,Mendonça,iviana@example.org,40567326272.0,1985-12-21,M,MG,Viúvo/a,Desempregado,Pós-graduação,Alta,2022-11-25,Android,(071) 6242 0957
U02529,Marcela,Dias,maria-julianunes@example.net,48368899262.0,1991-12-17,Outro,CE,Casado/a,Empregado,Ensino Médio,Baixa,2022-11-25,Android,(041) 4636-5298
U04609,Valentim,Silva,viniciuscassiano@example.org,49224542457.0,1987-04-12,Outro,RJ,Divorciado/a,Empregado,Pós-graduação,Baixa,2022-11-25,Android,0800 334 9417
U04884,Helena,Oliveira,renanda-mota@example.org,46487115531.0,1989-02-02,M,CE,Solteiro/a,Autônomo,Técnico,Média,2022-11-25,iOS,+55 71 5952 3159
U02826,Emanuella,Alves,marianamarques@example.org,56001292121.0,1987-10-18,Outro,CE,Divorciado/a,Autônomo,Superior,Média,2022-11-26,iOS,+55 (031) 9224 5809
U04084,Esther,Guerra,alicia35@example.org,31755764708.0,1997-02-10,F,BA,Solteiro/a,Estudante,Outro,Média,2022-11-26,Android,(061) 1945 8533
U04486,Kevin,Montenegro,ajesus@example.org,62643431004.0,1979-03-02,Outro,MG,Casado/a,Empregado,Superior,Alta,2022-11-26,Android,+55 (071) 5906 5184
U02168,Lorenzo,Carvalho,maria-alice40@example.com,94991025450.0,1970-01-01,F,SP,Casado/a,Aposentado,Técnico,Alta,2022-11-27,Android,+55 (021) 4774 5921
U02786,Davi Lucca,Santos,laurada-rosa@example.com,50792246382.0,1982-10-13,M,BA,Casado/a,Aposentado,Pós-graduação,Alta,2022-11-27,iOS,84 0531-9341
U03561,Henry Gabriel,Souza,arthur-gabrielmelo@example.com,49396082577.0,1977-09-07,M,BA,Viúvo/a,Empregado,Técnico,Alta,2022-11-27,Android,(071) 3419 9198
U02647,Marina,da Rocha,ubarbosa@example.org,42027191123.0,2003-01-17,F,MG,Casado/a,Aposentado,Ensino Médio,Baixa,2022-11-28,iOS,21 5669-0318
U03017,Arthur Gabriel,das Neves,qpacheco@example.net,96552892362.0,2007-01-24,F,BA,Casado/a,Autônomo,Pós-graduação,Média,2022-11-28,iOS,84 0894-4913
U03068,Alice,Novaes,alana72@example.com,26362928142.0,1986-02-27,F,PE,Viúvo/a,Aposentado,Ensino Médio,Média,2022-11-28,Android,(081) 3621-0146
U03952,José,Mendonça,agathacampos@example.net,40505951616.0,1971-06-26,M,DF,Solteiro/a,Desempregado,Superior,Baixa,2022-11-28,iOS,(081) 7506 3350
U04528,Paulo,Brito,cassianoryan@example.com,48022616579.0,1970-01-01,Outro,RJ,Viúvo/a,Empregado,Ensino Médio,Baixa,2022-11-28,iOS,81 0964 1557
U01886,Nathan,Aparecida,apollo28@example.org,13050172435.0,1990-03-05,M,PR,Casado/a,Empregado,Superior,Alta,2022-11-29,Android,0800 562 5796
U02301,Léo,Santos,qcavalcanti@example.org,69508789985.0,1970-01-01,F,DF,Casado/a,Empregado,Pós-graduação,Alta,2022-11-29,Android,+55 84 9468-7570
U02892,Valentina,Nascimento,bellafarias@example.com,24093239688.0,1992-07-19,M,RS,Viúvo/a,Autônomo,Pós-graduação,Alta,2022-11-29,iOS,81 3613-4622
U03817,Ana Clara,Machado,rafaelviana@example.net,52050374444.0,1971-01-19,F,BA,Viúvo/a,Empregado,Outro,Baixa,2022-11-29,iOS,+55 (084) 6514 3958
U04359,Brayan,Melo,manuellacosta@example.org,27357152282.0,1986-02-12,Outro,PR,Casado/a,Empregado,Superior,Média,2022-11-29,Android,+55 41 0652 1427
U00430,Maria Julia,Cassiano,maria-fernandanascimento@example.net,98891006432.0,1970-01-01,Outro,DF,Solteiro/a,Empregado,Outro,Baixa,2022-11-30,iOS,(071) 4172-0755
U02492,Antony,Mendonça,caualopes@example.net,88246138910.0,1983-04-24,M,MG,Viúvo/a,Empregado,Superior,Alta,2022-11-30,iOS,(051) 1686-2372
U04538,Larissa,da Cruz,pietrolopes@example.org,67615515249.0,1970-01-01,Outro,BA,Solteiro/a,Estudante,Pós-graduação,Média,2022-11-30,Android,0500-627-5672
U00871,João Gabriel,Costa,ncarvalho@example.net,47216423830.0,1986-04-18,Outro,MG,Viúvo/a,Estudante,Outro,Alta,2022-12-01,iOS,61 2137-9280
U01910,Francisco,Camargo,pedro86@example.net,26963063420.0,1970-01-01,F,PE,Casado/a,Empregado,Superior,Média,2022-12-01,iOS,31 3957 3852
U03660,Amanda,Moura,milena42@example.net,83024191394.0,1983-05-14,Outro,CE,Solteiro/a,Empregado,Técnico,Média,2022-12-01,Android,0800 371 9654
U03951,Luiz Fernando,Rezende,ana-sophiada-mata@example.net,92126941536.0,1974-02-10,M,MG,Solteiro/a,Estudante,Pós-graduação,Alta,2022-12-01,Android,+55 81 3857 5281
U00691,Eduarda,Ribeiro,correiaravy@example.com,27950332661.0,1980-06-17,Outro,RS,Solteiro/a,Empregado,Pós-graduação,Baixa,2022-12-02,Android,(031) 5288-5343
U02349,Caroline,Abreu,aragaosofia@example.com,10325474843.0,1970-01-01,F,BA,Solteiro/a,Empregado,Superior,Baixa,2022-12-02,Android,(084) 9715-5079
U02761,Gustavo,Cassiano,rdas-neves@example.net,83753177977.0,1971-05-26,F,DF,Divorciado/a,Autônomo,Técnico,Baixa,2022-12-02,iOS,(081) 1728-5766
U03686,Luiz Gustavo,da Conceição,pdas-neves@example.com,85239457739.0,1999-01-21,M,SP,Solteiro/a,Desempregado,Superior,Baixa,2022-12-02,iOS,(021) 3482 3505
U04497,Maria Fernanda,Aragão,bnunes@example.com,50906549136.0,1976-01-13,F,RJ,Casado/a,Empregado,Técnico,Baixa,2022-12-02,iOS,61 8856-8818
U03863,João Lucas,Cassiano,da-mataisadora@example.com,88927151181.0,1981-08-07,M,CE,Divorciado/a,Aposentado,Técnico,Média,2022-12-03,iOS,+55 81 1950-7367
U04895,Yasmin,Farias,luanjesus@example.com,89811068035.0,1998-08-18,M,PE,Divorciado/a,Autônomo,Outro,Baixa,2022-12-03,iOS,+55 (084) 7568-1986
U01837,Zoe,Cavalcanti,zmontenegro@example.com,64120453304.0,1971-12-06,Outro,BA,Viúvo/a,Desempregado,Ensino Médio,Média,2022-12-04,iOS,+55 84 2256 7375
U03826,Nina,Aparecida,sophie39@example.com,27223780487.0,1989-01-11,F,CE,Divorciado/a,Aposentado,Técnico,Alta,2022-12-04,iOS,(051) 0713 3138
U04805,Davi Lucca,Araújo,da-matathales@example.net,49249780537.0,1970-01-01,M,CE,Divorciado/a,Aposentado,Técnico,Baixa,2022-12-04,iOS,+55 21 7940 7770
U00725,Luiz Otávio,Gonçalves,pastormaria-vitoria@example.org,24797149990.0,2002-06-08,M,PE,Divorciado/a,Autônomo,Ensino Médio,Alta,2022-12-05,iOS,+55 11 5790 6564
U02957,Davi Lucas,Pereira,nicole14@example.com,72085684767.0,1970-01-01,Outro,RS,Solteiro/a,Empregado,Outro,Média,2022-12-05,iOS,+55 (011) 4126 1249
U03514,Hadassa,Guerra,valentim18@example.net,49876608621.0,1980-01-05,M,SP,Casado/a,Empregado,Ensino Médio,Alta,2022-12-05,Android,41 2605-0721
U04189,Emanuelly,Barros,fogacaagatha@example.org,39887552648.0,2006-07-22,F,PR,Casado/a,Desempregado,Outro,Baixa,2022-12-05,Android,61 4897 6164
U02128,João Felipe,Pires,ribeirothiago@example.com,53278463164.0,1970-01-01,F,RJ,Solteiro/a,Estudante,Outro,Baixa,2022-12-06,iOS,+55 84 5977 0805
U02919,Julia,Montenegro,sda-mata@example.com,94436567691.0,1974-05-15,Outro,BA,Viúvo/a,Empregado,Outro,Baixa,2022-12-06,Android,0900 320 9092
U03181,Alice,Alves,albuquerquealice@example.com,48157710803.0,2002-02-11,F,PR,Solteiro/a,Estudante,Outro,Alta,2022-12-06,Android,0900-213-0903
U03347,Eloá,Macedo,leaodavi-miguel@example.com,91060733505.0,2001-03-17,Outro,BA,Viúvo/a,Autônomo,Outro,Alta,2022-12-06,Android,+55 31 7224-7461
U04920,Benício,da Mata,maria-luisaborges@example.org,93433577014.0,1970-01-01,F,RS,Solteiro/a,Autônomo,Ensino Médio,Alta,2022-12-06,iOS,0500 975 4117
U00402,Fernando,Alves,laraviana@example.com,21954635760.0,1970-01-01,F,MG,Viúvo/a,Estudante,Superior,Média,2022-12-07,Android,0500 436 8101
U00705,Carolina,Cunha,cunhagustavo-henrique@example.net,69166639841.0,1970-01-01,F,MG,Viúvo/a,Desempregado,Outro,Alta,2022-12-07,Android,41 6372-9820
U02163,Maria,da Conceição,caleb60@example.org,61244633917.0,1970-01-01,F,RS,Divorciado/a,Empregado,Outro,Alta,2022-12-07,Android,+55 84 4531 4185
U02274,Daniel,Ribeiro,zcassiano@example.com,41002808942.0,1971-08-20,M,RJ,Solteiro/a,Estudante,Pós-graduação,Média,2022-12-07,iOS,+55 (021) 9059 9443
U02374,Josué,Aragão,melobenicio@example.com,80720640805.0,1970-01-01,M,RJ,Casado/a,Empregado,Ensino Médio,Alta,2022-12-07,iOS,(084) 5141-9238
U02977,Ayla,Ramos,miguelsampaio@example.com,25411986614.0,1970-01-01,M,BA,Casado/a,Desempregado,Técnico,Baixa,2022-12-07,iOS,+55 (031) 4402 5124
U03815,Sophia,Cavalcanti,manuela73@example.net,46518674930.0,1982-08-19,F,CE,Casado/a,Aposentado,Superior,Média,2022-12-07,Android,+55 (071) 7316-5458
U00216,João Lucas,Sampaio,lsouza@example.com,27529966285.0,1997-05-19,F,RS,Divorciado/a,Desempregado,Outro,Média,2022-12-08,Android,+55 81 6356 4258
U00555,Gabriela,Brito,alexiaborges@example.org,25256055436.0,1995-07-17,M,PE,Solteiro/a,Aposentado,Técnico,Alta,2022-12-08,Android,(081) 6778-5382
U01782,Helena,Siqueira,ceciliapastor@example.com,62905775406.0,1970-01-01,M,CE,Divorciado/a,Empregado,Superior,Média,2022-12-08,Android,+55 41 1239-7989
U03378,Rodrigo,Casa Grande,ramosgabriela@example.net,27389765878.0,1970-07-09,Outro,PR,Casado/a,Aposentado,Outro,Baixa,2022-12-08,iOS,(011) 2935 1367
U03546,Caroline,Dias,camargomaria@example.com,28535794117.0,1970-01-01,M,RJ,Casado/a,Estudante,Técnico,Baixa,2022-12-08,iOS,+55 41 1280 3184
U03629,Isabela,Santos,souzaarthur-miguel@example.org,20291316580.0,1970-01-01,F,MG,Divorciado/a,Autônomo,Outro,Alta,2022-12-08,iOS,(051) 2586 8032
U04081,Giovanna,da Mata,ester79@example.net,82219057188.0,1970-01-01,M,SP,Solteiro/a,Empregado,Ensino Médio,Alta,2022-12-08,Android,0800 503 1577
U04892,Heloísa,Campos,manuela08@example.org,73322100772.0,1970-01-01,F,PE,Divorciado/a,Estudante,Técnico,Alta,2022-12-08,iOS,+55 (071) 0337-6870
U00461,Murilo,Mendonça,caldeiragabriela@example.net,56627419034.0,1970-04-04,M,DF,Viúvo/a,Desempregado,Superior,Média,2022-12-09,Android,+55 61 1059 3736
U02032,Sophie,Cirino,zviana@example.net,37958637849.0,1970-01-01,M,PE,Casado/a,Autônomo,Ensino Médio,Média,2022-12-09,Android,+55 51 1320 3248
U03160,Enrico,Freitas,hda-mata@example.com,92909744983.0,2003-09-08,M,SP,Viúvo/a,Estudante,Pós-graduação,Baixa,2022-12-09,iOS,21 4022-9066
U04306,Gabrielly,Pires,vitoriaaparecida@example.net,88185518751.0,1970-01-01,F,CE,Casado/a,Desempregado,Pós-graduação,Baixa,2022-12-09,iOS,+55 84 8476 0384
U00647,Enzo,Araújo,cmonteiro@example.com,27031295312.0,1970-01-01,M,MG,Casado/a,Desempregado,Pós-graduação,Baixa,2022-12-10,iOS,+55 84 2659 5739
U01013,Julia,Viana,yduarte@example.com,20007350401.0,1995-08-07,M,RS,Casado/a,Estudante,Outro,Baixa,2022-12-10,iOS,(061) 7105-5137
U03612,Rhavi,Nogueira,costadavi@example.net,45576994973.0,1970-01-01,Outro,BA,Solteiro/a,Desempregado,Ensino Médio,Média,2022-12-10,iOS,(071) 2044-9405
U03848,Ryan,Santos,moreiraana-carolina@example.com,56598203852.0,1979-10-30,F,RS,Viúvo/a,Aposentado,Ensino Médio,Baixa,2022-12-10,iOS,41 1514 4638
U04604,Nicole,Castro,helenabrito@example.org,58077595280.0,1989-09-05,Outro,RJ,Viúvo/a,Empregado,Ensino Médio,Alta,2022-12-10,iOS,+55 31 8142 3279
U04816,Guilherme,Carvalho,qnunes@example.net,49009022574.0,1991-11-16,F,PR,Casado/a,Estudante,Pós-graduação,Média,2022-12-10,Android,+55 51 3164 7295
U00101,Benjamim,Santos,luiz-gustavosilveira@example.net,76354245302.0,1978-09-03,Outro,RS,Divorciado/a,Autônomo,Outro,Média,2022-12-11,iOS,(011) 6081 7997
U00559,Maria Eduarda,Araújo,mendesana-beatriz@example.org,74737618945.0,1970-01-01,Outro,RS,Solteiro/a,Desempregado,Superior,Média,2022-12-11,iOS,0300-257-8428
U01203,Ana,Vieira,cmendes@example.com,74393661398.0,2001-08-05,F,MG,Divorciado/a,Empregado,Outro,Média,2022-12-11,Android,(031) 8543-0311
U01225,Ester,da Mota,souzaantonio@example.com,39245939229.0,2003-11-08,M,RJ,Divorciado/a,Empregado,Superior,Média,2022-12-11,Android,+55 (084) 8809 2593
U01380,Maria Julia,Rodrigues,martinsana-cecilia@example.org,32414227350.0,1983-07-13,F,PE,Viúvo/a,Autônomo,Ensino Médio,Baixa,2022-12-11,Android,+55 (051) 7090-9481
U04489,Maria Laura,Camargo,guerrabenicio@example.org,96607855078.0,1992-01-15,F,MG,Solteiro/a,Aposentado,Ensino Médio,Baixa,2022-12-11,iOS,51 4061 2924
U02488,Valentina,Machado,luna40@example.com,56366250954.0,1987-01-07,F,DF,Viúvo/a,Autônomo,Pós-graduação,Alta,2022-12-12,Android,+55 31 1936 3765
U03750,Maysa,Nogueira,mendoncaotto@example.org,93426735627.0,1970-01-01,M,SP,Divorciado/a,Autônomo,Técnico,Média,2022-12-12,Android,(061) 3525-4097
U02514,Eduarda,Monteiro,hellena49@example.com,43947163736.0,1998-10-16,M,BA,Viúvo/a,Aposentado,Ensino Médio,Baixa,2022-12-13,Android,0900-429-6296
U01176,Joana,Leão,laisfogaca@example.org,72429449626.0,1999-03-04,F,RJ,Casado/a,Aposentado,Pós-graduação,Alta,2022-12-14,iOS,+55 (084) 3502-3225
U01465,Otto,Sá,vasconcelosdante@example.com,38856666401.0,1990-10-22,M,RJ,Divorciado/a,Estudante,Técnico,Média,2022-12-14,iOS,(081) 8719-4843
U01593,Dom,Nogueira,vitoria77@example.net,92613166195.0,1981-02-27,Outro,PE,Casado/a,Estudante,Ensino Médio,Média,2022-12-14,Android,11 5455-6791
U04027,Clarice,Martins,lmonteiro@example.org,82870844463.0,1994-06-05,Outro,SP,Divorciado/a,Autônomo,Outro,Alta,2022-12-14,Android,0500-067-7460
U04750,Dante,Camargo,camposdavi@example.com,60957032593.0,1970-01-01,Outro,PR,Casado/a,Autônomo,Pós-graduação,Alta,2022-12-14,iOS,+55 (041) 7722 9813
U01444,João Pedro,Novaes,jade36@example.com,99593576077.0,1970-01-01,Outro,MG,Solteiro/a,Desempregado,Superior,Baixa,2022-12-15,Android,+55 61 7610-8991
U01475,Marcelo,Mendonça,casa-grandepietro@example.com,31582165696.0,1970-01-01,Outro,PE,Viúvo/a,Autônomo,Pós-graduação,Alta,2022-12-15,Android,+55 81 0952-7531
U01918,Heloísa,Porto,maria-luisamarques@example.net,80256541561.0,1997-03-24,M,BA,Solteiro/a,Desempregado,Pós-graduação,Baixa,2022-12-15,iOS,(061) 2414-4449
U02979,Benjamin,Aparecida,mathiasmachado@example.org,49476882486.0,1970-01-01,M,PE,Viúvo/a,Desempregado,Superior,Baixa,2022-12-15,Android,61 2269-7815
U03015,Nicole,Lopes,caldeirarafaela@example.net,59646163599.0,1970-01-01,M,CE,Solteiro/a,Empregado,Ensino Médio,Baixa,2022-12-15,iOS,(051) 5396 1412
U03911,Josué,Cunha,ravi23@example.org,52543141989.0,1990-08-25,M,BA,Divorciado/a,Aposentado,Ensino Médio,Média,2022-12-15,Android,81 1480 9148
U03946,Maria Eduarda,Vasconcelos,freitasraquel@example.net,78797948158.0,1970-01-01,Outro,CE,Viúvo/a,Desempregado,Pós-graduação,Média,2022-12-15,Android,+55 61 4734-6780
U00256,Isaque,Vieira,ramosjose@example.com,76006946716.0,1970-01-01,Outro,BA,Solteiro/a,Empregado,Ensino Médio,Alta,2022-12-16,Android,+55 81 9266-9670
U02142,Alexia,Martins,yurida-cunha@example.net,49644707082.0,1970-01-01,M,DF,Viúvo/a,Desempregado,Pós-graduação,Baixa,2022-12-16,iOS,+55 (081) 4908-6856
U02214,Melissa,Moura,camaralucas-gabriel@example.com,72413877307.0,1970-01-01,M,RJ,Divorciado/a,Autônomo,Técnico,Média,2022-12-16,Android,+55 (071) 9866 6819
U02395,Lucas Gabriel,Cavalcanti,salesgustavo@example.org,19083540124.0,1970-01-01,F,PE,Divorciado/a,Autônomo,Outro,Média,2022-12-16,iOS,+55 81 9961 0879
U04248,Ian,Caldeira,joana91@example.org,32109345750.0,1997-06-29,Outro,MG,Viúvo/a,Estudante,Técnico,Média,2022-12-16,Android,21 5821 1851
U04267,Maria,Melo,hadassa86@example.org,69185656088.0,1992-01-12,M,MG,Casado/a,Desempregado,Outro,Média,2022-12-16,Android,51 0788 9538
U00124,João Lucas,das Neves,clara86@example.net,23292691046.0,1982-04-30,Outro,BA,Casado/a,Aposentado,Pós-graduação,Alta,2022-12-17,Android,+55 (031) 6617 5036
U01478,Larissa,Cunha,barbara02@example.net,87160543867.0,1977-01-02,F,DF,Casado/a,Autônomo,Superior,Alta,2022-12-17,Android,0500-059-6164
U03457,Ana Julia,Sousa,nataliafonseca@example.org,86649621181.0,2002-09-11,Outro,PE,Divorciado/a,Estudante,Técnico,Alta,2022-12-17,Android,(021) 0699 7586
U03745,Igor,Silveira,scorreia@example.org,74632396690.0,1990-08-06,Outro,SP,Solteiro/a,Autônomo,Pós-graduação,Média,2022-12-17,Android,+55 (084) 6344 2349
U04199,Caio,Nunes,portocaue@example.org,16158420058.0,1970-01-01,F,MG,Solteiro/a,Estudante,Outro,Alta,2022-12-17,Android,+55 (071) 2621 8311
U04783,Ísis,Pereira,laraujo@example.com,66916568555.0,1970-01-01,M,RJ,Solteiro/a,Autônomo,Pós-graduação,Média,2022-12-17,Android,(071) 0068 6520
U00209,Caio,Ramos,anthony-gabrielcostela@example.org,77600169512.0,1972-05-28,M,PR,Viúvo/a,Desempregado,Outro,Alta,2022-12-18,Android,+55 (081) 6195-3385
U00352,Valentina,Monteiro,nborges@example.org,77331756933.0,2001-12-01,M,PE,Casado/a,Estudante,Superior,Alta,2022-12-18,Android,+55 (061) 0475-2377
U00362,Maysa,Mendonça,jmontenegro@example.org,52891674167.0,1970-01-01,Outro,SP,Casado/a,Autônomo,Técnico,Alta,2022-12-18,Android,(084) 6466-2224
U00837,Caroline,Cavalcanti,opires@example.net,65220302873.0,1998-12-17,Outro,PE,Divorciado/a,Desempregado,Técnico,Média,2022-12-18,iOS,(051) 4184 6160
U02481,Maria Flor,Cunha,camargojuliana@example.org,79764600230.0,1972-09-04,M,RS,Casado/a,Empregado,Ensino Médio,Média,2022-12-18,Android,(041) 1863 9990
U00070,Mariane,Monteiro,cavalcantimelina@example.net,29330623325.0,1986-03-15,M,SP,Viúvo/a,Desempregado,Outro,Média,2022-12-19,iOS,61 5657 8616
U00703,Juliana,Siqueira,luiz-gustavoaraujo@example.com,55778718231.0,1970-04-15,M,RS,Divorciado/a,Autônomo,Pós-graduação,Alta,2022-12-19,Android,(021) 2356-8278
U00738,Asafe,Ribeiro,raquel10@example.com,53680458589.0,1972-04-10,M,DF,Solteiro/a,Estudante,Pós-graduação,Baixa,2022-12-19,iOS,+55 (084) 0549 0881
U00840,José,Ramos,anthony-gabrielvieira@example.com,58897893414.0,1970-08-02,M,PE,Casado/a,Empregado,Técnico,Média,2022-12-19,Android,(081) 1412-2898
U01552,Sophia,Vieira,asouza@example.org,92211641957.0,1970-01-01,Outro,SP,Solteiro/a,Desempregado,Pós-graduação,Média,2022-12-19,Android,+55 84 3675-6478
U02635,Luan,Pastor,alvesleandro@example.com,99545115449.0,1992-07-21,F,RS,Solteiro/a,Desempregado,Outro,Alta,2022-12-19,Android,61 3610 9030
U03553,Arthur Gabriel,Sampaio,luiz-henrique31@example.net,10293469754.0,1975-07-09,M,CE,Solteiro/a,Autônomo,Superior,Baixa,2022-12-19,iOS,+55 41 7310-0806
U04211,Ana Clara,das Neves,vasconcelosmarcelo@example.net,67124561783.0,1970-01-01,Outro,PR,Solteiro/a,Desempregado,Outro,Baixa,2022-12-19,iOS,51 8282 2637
U05000,Otávio,da Paz,mmontenegro@example.com,29176311881.0,1970-01-01,M,CE,Solteiro/a,Aposentado,Outro,Baixa,2022-12-19,iOS,21 5480 8489
U02177,Pietro,Ribeiro,liviacavalcanti@example.com,21568129754.0,1970-01-01,Outro,RS,Casado/a,Empregado,Técnico,Baixa,2022-12-20,Android,0300-578-2897
U02308,Maria,Fernandes,maria-eduardalopes@example.org,96998703655.0,1977-10-30,Outro,CE,Divorciado/a,Estudante,Ensino Médio,Baixa,2022-12-20,iOS,+55 21 8930 0163
U03077,Isabelly,Gonçalves,marceladias@example.net,97995842001.0,1977-07-11,F,RS,Viúvo/a,Aposentado,Ensino Médio,Baixa,2022-12-20,Android,(021) 4240-0122
U03807,Rhavi,das Neves,calebebrito@example.net,67021266623.0,1970-01-01,Outro,RJ,Solteiro/a,Estudante,Técnico,Baixa,2022-12-20,iOS,61 9177 5945
U04430,André,Alves,amachado@example.net,28919636706.0,1990-05-23,M,DF,Casado/a,Desempregado,Ensino Médio,Baixa,2022-12-20,iOS,+55 (021) 7414 7398
U01228,Danilo,Correia,azevedohelena@example.net,19520767188.0,1970-01-01,M,BA,Solteiro/a,Aposentado,Outro,Alta,2022-12-21,iOS,(011) 6848 1391
U02608,Letícia,Alves,marqueserick@example.org,24541288502.0,1985-01-25,Outro,SP,Casado/a,Aposentado,Pós-graduação,Baixa,2022-12-21,iOS,+55 (051) 1015 5047
U02899,Evelyn,Azevedo,garciaantonella@example.org,80574166549.0,1999-05-19,M,RJ,Solteiro/a,Aposentado,Pós-graduação,Alta,2022-12-21,Android,+55 84 5086 5985
U03051,Marcos Vinicius,Ferreira,lucasda-mota@example.org,26374683780.0,1970-01-01,M,RJ,Viúvo/a,Empregado,Pós-graduação,Alta,2022-12-21,Android,+55 (081) 6355 9665
U02125,Ana Carolina,Vasconcelos,luana33@example.org,95070453499.0,1994-06-19,M,RJ,Solteiro/a,Autônomo,Outro,Média,2022-12-22,Android,+55 (041) 3002 6741
U02154,Thiago,Casa Grande,vieirathales@example.org,30058708690.0,1993-05-27,F,SP,Viúvo/a,Desempregado,Ensino Médio,Média,2022-12-22,Android,+55 84 9919 4579
U02452,Theodoro,Almeida,pedro-migueloliveira@example.com,95677874959.0,1970-01-01,M,BA,Viúvo/a,Autônomo,Pós-graduação,Média,2022-12-22,iOS,+55 61 5359-5880
U03249,Esther,Porto,enricoda-cunha@example.com,73739829604.0,1990-06-21,F,RS,Casado/a,Estudante,Técnico,Baixa,2022-12-22,Android,+55 71 8160-8128
U03816,Raquel,Dias,abreuantonio@example.com,30792100049.0,1987-12-16,F,SP,Viúvo/a,Autônomo,Ensino Médio,Média,2022-12-22,Android,+55 81 7906 2569
U04682,Henry,Ribeiro,vitorcosta@example.org,92134790442.0,1976-07-07,Outro,RS,Solteiro/a,Autônomo,Outro,Média,2022-12-22,Android,61 0641 0571
U01495,Rebeca,Vasconcelos,borgesravi-lucca@example.com,61749193679.0,1974-07-29,Outro,SP,Divorciado/a,Empregado,Técnico,Baixa,2022-12-23,iOS,(031) 5081 8851
U00330,Maria,Duarte,xvargas@example.net,46122289564.0,1970-01-01,Outro,PE,Divorciado/a,Estudante,Outro,Baixa,2022-12-24,iOS,31 9957 2927
U00600,Sofia,Silva,ana-luiza53@example.net,70692901116.0,1970-01-01,M,PE,Divorciado/a,Desempregado,Pós-graduação,Média,2022-12-24,Android,31 5588-8655
U01288,Stella,da Cunha,clarice59@example.com,66009420073.0,1991-03-14,F,MG,Viúvo/a,Autônomo,Superior,Baixa,2022-12-24,Android,+55 71 2431-8462
U02017,Cauê,Rezende,hcunha@example.com,38578403819.0,1994-08-06,F,BA,Divorciado/a,Aposentado,Ensino Médio,Baixa,2022-12-24,Android,+55 71 1996-9220
U02779,Isabela,Pires,maria-laura61@example.net,20196639522.0,1976-05-28,M,RJ,Casado/a,Empregado,Superior,Média,2022-12-24,iOS,+55 (071) 8775 6836
U00881,Emanuella,Cavalcanti,qda-luz@example.com,44591746919.0,1970-01-01,Outro,PE,Solteiro/a,Estudante,Técnico,Baixa,2022-12-25,Android,+55 (061) 6697-9503
U01539,Maitê,Silva,jbarros@example.com,77410215571.0,2003-12-30,F,PE,Solteiro/a,Aposentado,Superior,Média,2022-12-25,Android,+55 61 5565 4779
U02562,Otávio,Pimenta,maria-lauranovais@example.net,91259614422.0,2003-03-06,F,PR,Casado/a,Desempregado,Outro,Baixa,2022-12-25,Android,(021) 4934-7963
U03093,Bryan,da Rosa,ncaldeira@example.org,72925772575.0,1980-01-14,Outro,PR,Viúvo/a,Aposentado,Superior,Baixa,2022-12-25,iOS,+55 (071) 3519-9163
U03530,Allana,Nascimento,ribeirolaura@example.org,20724672320.0,1970-01-01,Outro,SP,Divorciado/a,Estudante,Outro,Baixa,2022-12-25,iOS,+55 (031) 9199-8394
U03742,Otávio,Rocha,sofiaaparecida@example.org,93408818142.0,1989-11-04,F,PE,Solteiro/a,Aposentado,Técnico,Média,2022-12-25,iOS,+55 51 0993 7185
U04764,Ana Clara,Peixoto,piresbernardo@example.com,41332570816.0,2006-11-14,M,PE,Casado/a,Estudante,Ensino Médio,Alta,2022-12-25,Android,(011) 7823-1334
U02088,Maria Alice,Nogueira,melissa14@example.net,81525166574.0,1970-01-01,Outro,CE,Casado/a,Desempregado,Pós-graduação,Alta,2022-12-26,Android,+55 31 2678 5372
U02713,Arthur Gabriel,Freitas,smelo@example.org,73773202061.0,1970-01-01,M,RJ,Solteiro/a,Aposentado,Ensino Médio,Alta,2022-12-26,iOS,81 7258-4850
U04899,Gustavo Henrique,Novaes,otto30@example.com,55530786402.0,1970-01-01,Outro,MG,Solteiro/a,Estudante,Ensino Médio,Alta,2022-12-26,Android,(021) 7311 2080
U00651,Marcelo,Souza,manuella07@example.net,22500917629.0,1982-01-23,Outro,DF,Casado/a,Desempregado,Técnico,Alta,2022-12-27,iOS,84 6907 4761
U00787,Stella,Cardoso,maya08@example.com,44701992926.0,1982-01-31,M,PE,Viúvo/a,Autônomo,Outro,Média,2022-12-27,Android,(021) 7490-0251
U01173,Enrico,Carvalho,carvalhovitor-gabriel@example.net,86598564358.0,1970-01-01,F,RJ,Divorciado/a,Autônomo,Pós-graduação,Alta,2022-12-27,iOS,81 1375 5983
U01989,Davi Lucas,da Cruz,ana30@example.net,59554507836.0,1975-09-15,F,PR,Divorciado/a,Autônomo,Técnico,Média,2022-12-27,Android,51 0599 5285
U03384,Luiz Fernando,Andrade,benjamin00@example.com,50991889821.0,1970-01-01,F,RS,Viúvo/a,Empregado,Ensino Médio,Alta,2022-12-27,Android,41 0390 0231
U04246,Otto,Silva,maria-clara74@example.com,28940373561.0,1970-01-01,Outro,PE,Viúvo/a,Aposentado,Outro,Baixa,2022-12-27,iOS,+55 (051) 7183-3013
U00770,Oliver,das Neves,wcamara@example.net,66525020947.0,1995-12-09,Outro,RS,Solteiro/a,Desempregado,Superior,Média,2022-12-28,iOS,+55 (071) 7164 9229
U01057,Gustavo,Macedo,balmeida@example.org,51970026651.0,1970-01-01,M,SP,Divorciado/a,Autônomo,Ensino Médio,Média,2022-12-28,iOS,+55 (081) 4282 2847
U02148,Valentina,Cavalcanti,pietrasousa@example.org,64885059264.0,1990-01-31,F,PR,Divorciado/a,Desempregado,Ensino Médio,Média,2022-12-28,Android,(071) 5267-8241
U02795,Matheus,Novaes,qbarros@example.net,41935079721.0,1991-09-21,F,DF,Viúvo/a,Autônomo,Outro,Baixa,2022-12-28,Android,+55 61 0813 8197
U03075,Stephany,da Luz,azevedoyuri@example.net,15011306667.0,1983-10-08,M,PE,Casado/a,Desempregado,Ensino Médio,Alta,2022-12-28,Android,(041) 5143-8107
U04602,Thales,Teixeira,pintobella@example.com,72958951862.0,1992-10-31,F,RJ,Solteiro/a,Empregado,Outro,Média,2022-12-28,Android,+55 81 4540 3726
U00712,Camila,Pimenta,fariasdom@example.com,57075651177.0,1981-06-17,F,PE,Divorciado/a,Estudante,Outro,Média,2022-12-29,iOS,41 8829 1432
U02211,Davi Miguel,Vargas,fogacamelissa@example.com,44656657917.0,1970-01-01,M,CE,Viúvo/a,Aposentado,Outro,Baixa,2022-12-29,Android,(071) 7579 5814
U02433,Yan,da Luz,manuellafogaca@example.com,89605422350.0,1970-01-01,F,PE,Viúvo/a,Desempregado,Outro,Média,2022-12-29,iOS,+55 (071) 2134-0004
U02960,Kevin,Freitas,diasbenjamim@example.net,28016276026.0,1970-01-01,F,RJ,Divorciado/a,Desempregado,Técnico,Alta,2022-12-29,iOS,+55 (031) 0367-5240
U03383,Raul,da Mata,evelynmoreira@example.net,71177515591.0,1970-01-01,M,SP,Solteiro/a,Aposentado,Pós-graduação,Baixa,2022-12-29,iOS,0900-120-1503
U03441,Ana Clara,da Luz,barbara94@example.org,72045043147.0,1988-11-11,F,DF,Divorciado/a,Empregado,Superior,Baixa,2022-12-30,iOS,+55 41 2809 8754
U01095,Henrique,Casa Grande,esantos@example.org,58873690791.0,1975-05-27,M,CE,Casado/a,Aposentado,Outro,Baixa,2023-01-01,Android,+55 (081) 6828 3583
U03049,Pietro,Pimenta,gbrito@example.org,65780014016.0,1974-04-29,Outro,PR,Solteiro/a,Aposentado,Pós-graduação,Média,2023-01-01,Android,0900-502-5954
U03954,Alana,Pires,iguerra@example.net,66471151320.0,1994-04-01,Outro,PE,Viúvo/a,Estudante,Ensino Médio,Média,2023-01-01,Android,21 8708 4055
U04732,Ana Cecília,Mendonça,sofia07@example.net,68131113514.0,2001-08-23,Outro,RJ,Casado/a,Empregado,Pós-graduação,Alta,2023-01-01,Android,0300 376 9740
U00201,Melina,Ramos,gomesdavi-miguel@example.com,95054475706.0,1973-02-02,M,BA,Divorciado/a,Autônomo,Outro,Alta,2023-01-02,iOS,(031) 8608 8954
U00939,Rodrigo,Rezende,isadora96@example.net,19279520517.0,1991-05-07,Outro,PE,Casado/a,Desempregado,Pós-graduação,Baixa,2023-01-02,Android,11 3794 2204
U02085,Bella,Andrade,kaique53@example.org,70474752753.0,1991-12-30,M,SP,Divorciado/a,Empregado,Técnico,Média,2023-01-02,Android,+55 (071) 5128 7366
U02219,Vinicius,Novaes,gmoura@example.com,82474707509.0,2004-12-24,Outro,PE,Casado/a,Empregado,Pós-graduação,Média,2023-01-02,iOS,+55 51 4685 8829
U02344,Marcela,Gonçalves,garcialavinia@example.net,17900316530.0,1999-02-14,F,PE,Divorciado/a,Empregado,Superior,Baixa,2023-01-02,Android,+55 (081) 2972 1345
U03797,Pedro Miguel,Sales,francisco23@example.net,75752053887.0,1995-08-13,Outro,RJ,Solteiro/a,Estudante,Pós-graduação,Alta,2023-01-02,Android,+55 (031) 1357-8051
U03975,Allana,Aragão,ravy62@example.org,73389876268.0,1971-02-11,M,RJ,Casado/a,Autônomo,Superior,Baixa,2023-01-02,Android,0900-309-7620
U00396,Maria Clara,da Rocha,maria-vitoriacamara@example.org,31685418381.0,1970-08-06,F,PR,Viúvo/a,Desempregado,Ensino Médio,Alta,2023-01-03,iOS,+55 31 3562 5348
U00656,José,da Rosa,piresmaya@example.com,12908129217.0,1975-06-02,F,CE,Casado/a,Empregado,Pós-graduação,Baixa,2023-01-04,iOS,11 5446-8947
U01007,Ryan,Abreu,kmoura@example.net,89989070139.0,1978-09-18,F,PE,Casado/a,Aposentado,Superior,Alta,2023-01-04,Android,41 9343 1630
U01349,Natália,Silva,erickbarros@example.com,51939477393.0,1970-01-01,M,MG,Viúvo/a,Aposentado,Técnico,Média,2023-01-04,iOS,+55 (011) 8378-5195
U02039,Samuel,Albuquerque,sousaleticia@example.com,85193957748.0,1970-01-01,F,PR,Solteiro/a,Autônomo,Superior,Média,2023-01-04,iOS,+55 81 6896 4162
U04581,Pietra,Gomes,calebemoraes@example.net,22463261487.0,2004-02-29,M,SP,Divorciado/a,Autônomo,Técnico,Alta,2023-01-04,iOS,+55 (011) 8465 9141
U00181,Cauã,Santos,eduardasousa@example.com,99235050311.0,1970-01-01,M,CE,Divorciado/a,Empregado,Superior,Média,2023-01-05,iOS,+55 (071) 0223 1920
U01352,Calebe,Lima,gbarros@example.com,13584386899.0,1980-05-06,Outro,DF,Casado/a,Estudante,Ensino Médio,Alta,2023-01-05,Android,0500 775 9662
U02459,Hadassa,Campos,raulvieira@example.org,12723168345.0,1976-02-15,F,BA,Casado/a,Desempregado,Superior,Baixa,2023-01-05,Android,+55 31 5422 5381
U00671,João Gabriel,Ramos,fernandesleo@example.org,44924397607.0,2004-04-17,M,RJ,Viúvo/a,Aposentado,Técnico,Baixa,2023-01-06,Android,71 5697-8049
U01189,Amanda,Nunes,mariahalmeida@example.org,97308628120.0,1970-01-01,Outro,PE,Divorciado/a,Estudante,Ensino Médio,Baixa,2023-01-06,Android,84 0002-7962
U01841,Marcos Vinicius,Pinto,correiabrenda@example.net,17589549869.0,1970-01-01,Outro,PE,Viúvo/a,Estudante,Ensino Médio,Baixa,2023-01-06,iOS,(081) 6119 5450
U01967,Stella,Nascimento,correiamilena@example.org,93515004455.0,2000-06-04,M,CE,Viúvo/a,Aposentado,Técnico,Baixa,2023-01-06,iOS,(031) 1967-5284
U02321,Ian,Porto,yda-rosa@example.com,51250827276.0,1976-08-21,Outro,RJ,Divorciado/a,Empregado,Ensino Médio,Alta,2023-01-06,iOS,(011) 1506 1666
U04533,Ravi Lucca,da Conceição,tsiqueira@example.com,81567639751.0,1994-03-27,Outro,BA,Casado/a,Estudante,Técnico,Alta,2023-01-06,Android,(084) 5465-5807
U00142,Gabriel,da Mata,britoeloa@example.com,31369638089.0,1997-05-16,Outro,RJ,Solteiro/a,Autônomo,Outro,Baixa,2023-01-07,iOS,+55 (081) 9688-1399
U02035,Allana,Novais,borgescarlos-eduardo@example.com,52582194460.0,1980-03-31,F,SP,Divorciado/a,Desempregado,Técnico,Média,2023-01-07,Android,+55 (041) 4565 6364
U00779,Maria Júlia,Mendonça,monteiroeduarda@example.org,75897418438.0,1995-11-21,Outro,PR,Divorciado/a,Empregado,Técnico,Alta,2023-01-08,Android,+55 61 5379 1731
U01087,Thiago,Costela,costelanicolas@example.com,47650702269.0,1970-12-17,M,PE,Solteiro/a,Estudante,Pós-graduação,Baixa,2023-01-08,Android,(011) 5124 1321
U01356,Heitor,Ribeiro,omontenegro@example.org,96015363132.0,1994-02-03,F,SP,Casado/a,Aposentado,Pós-graduação,Baixa,2023-01-08,iOS,+55 71 6644 3632
U02912,Oliver,Farias,gael-henrique65@example.com,38997418323.0,1999-01-24,Outro,RJ,Casado/a,Estudante,Técnico,Alta,2023-01-08,iOS,61 1499 0835
U00072,Marcelo,Barros,leandrobrito@example.net,32750447851.0,1970-01-01,F,PE,Divorciado/a,Empregado,Pós-graduação,Média,2023-01-09,Android,+55 (061) 1504-1340
U00220,Vitória,Moreira,milena31@example.org,90593557270.0,1992-06-26,M,RS,Solteiro/a,Empregado,Pós-graduação,Baixa,2023-01-09,iOS,+55 41 4893 8633
U02464,Ana Lívia,Peixoto,valentim22@example.net,19994768856.0,1970-01-01,M,BA,Viúvo/a,Estudante,Outro,Média,2023-01-09,iOS,81 5417-0637
U03127,Marcela,Cavalcante,francisco25@example.net,70440034367.0,1987-11-23,Outro,RJ,Divorciado/a,Autônomo,Outro,Média,2023-01-09,iOS,+55 51 6380 7936
U03433,Léo,Castro,mendoncadante@example.net,93293379536.0,1991-04-28,Outro,RJ,Viúvo/a,Desempregado,Superior,Média,2023-01-09,iOS,41 6842 2666
U00223,Enzo Gabriel,Macedo,sousaisabella@example.com,61181016832.0,1970-01-01,F,PR,Solteiro/a,Aposentado,Outro,Média,2023-01-10,Android,0800 103 9292
U00286,Leandro,Gomes,ferreiraluiz-henrique@example.net,28693086652.0,1970-01-01,Outro,MG,Viúvo/a,Autônomo,Pós-graduação,Alta,2023-01-10,Android,+55 (084) 3658-8198
U00823,Camila,Nogueira,anthony20@example.org,88815508879.0,1992-02-01,F,RJ,Casado/a,Empregado,Pós-graduação,Baixa,2023-01-10,iOS,(051) 0628-8532
U03600,Pedro,Cassiano,nicolasbarros@example.net,99884566229.0,1986-11-07,M,BA,Casado/a,Aposentado,Superior,Alta,2023-01-10,iOS,(081) 1355-3355
U04948,Maya,Ferreira,marquesalice@example.org,99190015171.0,1988-05-19,F,PE,Divorciado/a,Aposentado,Ensino Médio,Alta,2023-01-10,iOS,+55 (081) 8916-9996
U00414,Samuel,Melo,heitor45@example.net,78991165816.0,1970-05-21,F,MG,Divorciado/a,Aposentado,Outro,Baixa,2023-01-11,Android,31 4530 3599
U00431,Dom,Ferreira,leaoisabel@example.com,43276196994.0,1970-01-01,Outro,RJ,Solteiro/a,Desempregado,Ensino Médio,Baixa,2023-01-11,iOS,+55 41 7783-6703
U01816,Pedro,Moreira,poliveira@example.net,81036131881.0,1988-12-19,Outro,RJ,Divorciado/a,Empregado,Pós-graduação,Alta,2023-01-11,iOS,(041) 2273-7404
U02266,Felipe,Rios,hadassa84@example.net,79634902884.0,1970-01-01,Outro,SP,Casado/a,Autônomo,Ensino Médio,Média,2023-01-11,iOS,+55 (011) 3767 3492
U03199,Ágatha,Aragão,jda-paz@example.com,81210586961.0,1970-01-01,M,PE,Viúvo/a,Autônomo,Pós-graduação,Baixa,2023-01-11,Android,+55 11 3769-1059
U04730,João Felipe,Lima,ana-sophiamarques@example.net,19563355070.0,1970-01-01,F,DF,Solteiro/a,Empregado,Outro,Alta,2023-01-11,iOS,+55 61 1752 6521
U01463,Allana,Cassiano,fgarcia@example.net,43930095675.0,1979-10-18,F,MG,Viúvo/a,Aposentado,Ensino Médio,Baixa,2023-01-12,Android,(031) 8993-8619
U04828,Joana,Correia,fcosta@example.net,96598890992.0,1970-01-01,Outro,DF,Viúvo/a,Desempregado,Outro,Média,2023-01-12,iOS,+55 (084) 9854 4927
U04112,Luana,Ferreira,fmoraes@example.net,42362379429.0,1998-11-07,M,PR,Casado/a,Estudante,Ensino Médio,Média,2023-01-13,iOS,41 4615 7492
U01426,Ravy,Pastor,mariane70@example.com,40955923184.0,1970-01-01,Outro,RS,Divorciado/a,Autônomo,Ensino Médio,Média,2023-01-14,Android,(021) 0235-6845
U01908,Lucca,da Cruz,teixeiraantonella@example.org,19293018532.0,2000-02-17,M,MG,Divorciado/a,Empregado,Técnico,Baixa,2023-01-14,iOS,71 4951-2349
U03467,Maria Cecília,Lopes,onogueira@example.net,19037343794.0,2005-05-24,M,SP,Divorciado/a,Desempregado,Outro,Baixa,2023-01-14,iOS,(084) 9582 1537
U04063,Luara,Mendonça,ana-julia38@example.net,77053037103.0,1974-07-28,M,BA,Casado/a,Empregado,Ensino Médio,Alta,2023-01-14,Android,51 6658 9041
U04455,Maitê,Abreu,duartearthur@example.com,82189381210.0,2001-10-12,Outro,BA,Divorciado/a,Empregado,Pós-graduação,Baixa,2023-01-14,iOS,41 1951 8542
U00460,Luara,Rocha,lavinia19@example.com,86737122031.0,1974-02-11,M,BA,Solteiro/a,Autônomo,Ensino Médio,Alta,2023-01-15,iOS,(071) 4058-2952
U00905,Nina,Gomes,ypires@example.net,49542741736.0,1991-01-16,Outro,PE,Casado/a,Aposentado,Ensino Médio,Média,2023-01-15,iOS,+55 61 3823 1078
U01211,Asafe,da Rocha,joao-guilhermeda-mata@example.org,68366467230.0,1972-05-20,F,CE,Divorciado/a,Autônomo,Outro,Alta,2023-01-15,iOS,(081) 7078 1562
U01599,Dante,da Luz,thiago83@example.com,13771819037.0,1983-07-31,M,RJ,Divorciado/a,Aposentado,Técnico,Alta,2023-01-16,Android,+55 (041) 4303 1409
U02951,Ana Liz,Pinto,aragaolucas@example.com,35825450704.0,1970-01-01,M,CE,Solteiro/a,Aposentado,Outro,Média,2023-01-16,Android,+55 (041) 6760 6718
U03086,Olivia,Aparecida,yribeiro@example.org,11012295409.0,1982-11-14,F,DF,Divorciado/a,Estudante,Técnico,Baixa,2023-01-16,iOS,0300 007 9578
U03407,Rodrigo,Sampaio,cecilia95@example.net,98604912251.0,2003-10-17,M,PR,Viúvo/a,Estudante,Técnico,Baixa,2023-01-17,iOS,(081) 4710-6688
U03453,Maria Eduarda,Mendonça,barrosenzo@example.com,63991126062.0,2007-01-19,Outro,BA,Casado/a,Empregado,Técnico,Baixa,2023-01-17,iOS,+55 61 3578-7802
U04212,Julia,da Conceição,duarteluigi@example.org,77784451088.0,1970-01-01,F,MG,Solteiro/a,Autônomo,Ensino Médio,Baixa,2023-01-17,Android,31 5719-8276
U01466,Maria Julia,Novais,bernardo66@example.net,54263988661.0,2005-03-06,F,PR,Solteiro/a,Desempregado,Ensino Médio,Média,2023-01-18,Android,(021) 9877-0732
U03019,Catarina,Novaes,pfarias@example.net,80911940091.0,1992-04-22,Outro,MG,Divorciado/a,Empregado,Ensino Médio,Baixa,2023-01-18,iOS,+55 31 4262 1980
U03037,Allana,Rocha,alexiacosta@example.net,82334982804.0,2002-11-06,M,CE,Viúvo/a,Empregado,Ensino Médio,Baixa,2023-01-18,iOS,31 3255-7607
U03251,Maria Luiza,Araújo,azevedojoao-felipe@example.org,35408807638.0,1970-01-01,M,MG,Divorciado/a,Desempregado,Técnico,Baixa,2023-01-18,Android,+55 (084) 9090 2684
U01610,Ester,Castro,camargoluiz-henrique@example.org,75340089329.0,1989-10-11,Outro,MG,Divorciado/a,Autônomo,Ensino Médio,Alta,2023-01-19,Android,+55 21 8531-0693
U02046,Fernando,Aparecida,ayla82@example.com,59903207913.0,1970-01-01,Outro,PE,Solteiro/a,Estudante,Superior,Baixa,2023-01-19,iOS,+55 (031) 4094 0251
U02943,Enzo,Cardoso,zaparecida@example.net,20583355278.0,1970-01-01,F,MG,Viúvo/a,Desempregado,Superior,Média,2023-01-19,Android,(051) 5747 0572
U01243,Raquel,Jesus,pereiraarthur-miguel@example.net,26768262265.0,2001-08-28,M,DF,Divorciado/a,Desempregado,Superior,Média,2023-01-20,Android,(031) 1370-7497
U02346,Alana,da Cruz,nicole29@example.com,57594697118.0,2006-04-30,M,BA,Solteiro/a,Empregado,Técnico,Média,2023-01-20,Android,+55 (081) 1325-1986
U03894,Brenda,Sales,oda-mata@example.net,24074379353.0,1970-01-01,F,RS,Divorciado/a,Empregado,Técnico,Alta,2023-01-20,Android,+55 61 5230 7837
U04543,Manuella,Lima,mpacheco@example.net,48493956414.0,1970-01-01,Outro,CE,Solteiro/a,Autônomo,Pós-graduação,Alta,2023-01-20,Android,11 3696-7448
U04821,Maya,Vieira,costelabenicio@example.net,28242222434.0,1970-01-01,Outro,DF,Solteiro/a,Aposentado,Pós-graduação,Média,2023-01-20,Android,+55 71 7670 0492
U00602,Ana Vitória,Novaes,handrade@example.com,19535346992.0,1984-10-17,Outro,RJ,Casado/a,Aposentado,Ensino Médio,Alta,2023-01-21,iOS,(061) 7401 4291
U01121,Gustavo Henrique,Câmara,leaoisabelly@example.org,10715807458.0,1972-07-01,F,CE,Divorciado/a,Desempregado,Ensino Médio,Média,2023-01-21,iOS,+55 61 3035-2603
U02172,Sophie,Rodrigues,luiz-henriquefarias@example.org,60477473981.0,1970-01-01,M,SP,Casado/a,Aposentado,Técnico,Média,2023-01-21,iOS,+55 11 9120 4111
U03129,Vinicius,Caldeira,brunasousa@example.org,13141547298.0,1970-01-01,Outro,BA,Divorciado/a,Aposentado,Outro,Média,2023-01-21,Android,61 5514 7298
U03443,Davi,Vieira,nogueiradiego@example.org,82675591597.0,1970-01-01,F,RJ,Divorciado/a,Aposentado,Superior,Alta,2023-01-21,Android,(084) 8808-3118
U03752,Luiz Felipe,Mendes,borgesana-cecilia@example.com,46698192800.0,1970-01-01,Outro,CE,Casado/a,Aposentado,Técnico,Alta,2023-01-21,iOS,(031) 0986-5555
U04321,Fernando,Duarte,fborges@example.com,26438091564.0,1996-07-31,Outro,DF,Divorciado/a,Estudante,Superior,Baixa,2023-01-21,Android,+55 84 0203 9551
U00689,Jade,Fogaça,dmelo@example.org,61437967696.0,2003-07-29,F,SP,Divorciado/a,Desempregado,Outro,Baixa,2023-01-22,Android,(021) 6650-5029
U01435,Ana Lívia,Rios,riosliz@example.com,94125055331.0,1970-01-01,M,CE,Divorciado/a,Aposentado,Outro,Alta,2023-01-22,Android,81 2634 6391
U02667,Léo,Borges,cdas-neves@example.com,19667281176.0,1988-06-30,M,RJ,Viúvo/a,Aposentado,Outro,Baixa,2023-01-22,Android,+55 (061) 9123 2013
U00763,Sabrina,Moraes,dpires@example.net,15820400394.0,1970-01-01,M,SP,Divorciado/a,Desempregado,Superior,Alta,2023-01-23,Android,81 6139-1603
U00830,Mateus,Dias,leaomatteo@example.com,40052489329.0,1970-01-01,F,BA,Solteiro/a,Estudante,Técnico,Alta,2023-01-23,iOS,41 0080 0649
U01880,Cecilia,Ferreira,luan56@example.net,56815741360.0,1983-08-26,Outro,RJ,Divorciado/a,Autônomo,Pós-graduação,Alta,2023-01-23,Android,(011) 2353 6538
U02921,José,Costa,rcaldeira@example.com,35164857393.0,1979-08-24,M,CE,Divorciado/a,Estudante,Superior,Alta,2023-01-23,iOS,+55 (061) 3809 1709
U04650,Marcela,Cirino,aragaoclara@example.com,43869807187.0,1977-11-13,M,SP,Solteiro/a,Autônomo,Superior,Média,2023-01-23,iOS,(031) 1357-4766
U00556,Vinícius,Brito,maria-luisa87@example.org,39780411648.0,1970-01-01,F,PE,Divorciado/a,Desempregado,Superior,Baixa,2023-01-24,iOS,(021) 0912-3871
U04971,Isabela,Peixoto,fogacamariana@example.org,58443828518.0,1973-04-08,F,RS,Casado/a,Autônomo,Ensino Médio,Alta,2023-01-24,iOS,+55 21 6805-1589
U02166,Isabela,Silveira,ssilva@example.net,35499203602.0,1970-01-01,M,PR,Casado/a,Autônomo,Superior,Alta,2023-01-25,Android,+55 (071) 2924-2508
U03245,Lucca,Dias,rabreu@example.net,99161820741.0,1992-05-15,F,MG,Casado/a,Aposentado,Pós-graduação,Baixa,2023-01-25,Android,+55 11 6088-2950
U04060,Rael,Marques,da-rochajose-pedro@example.org,64761196858.0,1990-04-20,Outro,RJ,Divorciado/a,Desempregado,Superior,Média,2023-01-25,Android,+55 11 9733 9390
U00575,Cauê,Guerra,oda-cruz@example.com,36307773601.0,1970-01-01,F,CE,Divorciado/a,Autônomo,Outro,Baixa,2023-01-26,iOS,(021) 9507-4247
U01021,Joaquim,Gonçalves,jda-costa@example.net,54042915511.0,1970-01-01,Outro,DF,Viúvo/a,Empregado,Ensino Médio,Alta,2023-01-26,iOS,31 7029-7194
U02970,Helena,Novaes,afernandes@example.net,19321556396.0,1970-01-01,F,MG,Divorciado/a,Empregado,Superior,Média,2023-01-26,iOS,(011) 1747-5249
U03709,Gustavo Henrique,Araújo,caroline66@example.net,65253834534.0,1995-10-29,F,DF,Solteiro/a,Empregado,Ensino Médio,Baixa,2023-01-26,iOS,0300 330 8811
U04282,Carolina,Vasconcelos,isabelavasconcelos@example.com,66715520621.0,1970-01-01,F,PR,Solteiro/a,Estudante,Ensino Médio,Média,2023-01-26,Android,(031) 0013 5620
U00348,Ryan,Jesus,andradedanilo@example.com,42764221412.0,2004-10-16,F,SP,Solteiro/a,Empregado,Técnico,Média,2023-01-27,Android,+55 11 4505 1286
U01527,Luiz Henrique,Gonçalves,luigi95@example.com,61596349775.0,2007-03-23,M,CE,Divorciado/a,Desempregado,Pós-graduação,Alta,2023-01-27,iOS,11 3763 4519
U01062,Lorena,da Conceição,acaldeira@example.net,50919063015.0,1999-02-03,F,PE,Casado/a,Autônomo,Superior,Média,2023-01-28,Android,+55 84 6919 4499
U02060,Valentina,da Cruz,hnascimento@example.org,84585427378.0,1981-04-24,F,BA,Casado/a,Aposentado,Outro,Alta,2023-01-28,iOS,0500 867 3004
U03114,Yan,Vargas,gnunes@example.org,67831908780.0,2005-02-21,Outro,BA,Divorciado/a,Empregado,Técnico,Média,2023-01-28,Android,(051) 8793 9149
U03225,Lucas Gabriel,Silveira,wdas-neves@example.net,52115768357.0,2000-04-11,F,RJ,Casado/a,Desempregado,Técnico,Alta,2023-01-28,iOS,0900 871 6258
U04689,Luara,Porto,lucca30@example.com,60596910455.0,2002-08-19,Outro,RS,Viúvo/a,Aposentado,Superior,Baixa,2023-01-28,Android,(011) 4425-4003
U00280,Marcos Vinicius,Albuquerque,mendesgael@example.com,11748921827.0,1992-08-24,M,DF,Divorciado/a,Estudante,Ensino Médio,Alta,2023-01-29,iOS,0900-283-3816
U00557,João Pedro,Dias,carlos-eduardo11@example.org,25771531248.0,1997-05-30,M,RJ,Viúvo/a,Empregado,Superior,Alta,2023-01-29,iOS,+55 (081) 7059 8445
U00749,Lucas Gabriel,Leão,caldeirajoao-gabriel@example.org,96235660563.0,1970-01-01,M,DF,Solteiro/a,Desempregado,Pós-graduação,Média,2023-01-29,iOS,(021) 5464 5415
U01059,Emilly,Cassiano,valentim45@example.com,53979345753.0,1970-11-09,M,PE,Viúvo/a,Autônomo,Outro,Baixa,2023-01-29,Android,+55 (084) 1351 2438
U01258,Pedro,Garcia,hnascimento@example.org,14084422926.0,1983-09-02,F,PE,Casado/a,Desempregado,Superior,Média,2023-01-29,iOS,+55 (011) 5834 5577
U01433,Olivia,Alves,anna-lizleao@example.com,40745016153.0,1980-08-29,Outro,PE,Solteiro/a,Autônomo,Outro,Média,2023-01-29,iOS,21 7175-1968
U03685,Maria Laura,da Rocha,mda-cruz@example.org,16906016116.0,1970-01-01,M,RS,Solteiro/a,Empregado,Outro,Média,2023-01-29,iOS,41 7136 1878
U03812,Juan,Sales,acamargo@example.net,14069996358.0,1970-01-01,Outro,DF,Viúvo/a,Empregado,Outro,Média,2023-01-29,Android,11 8304-6581
U00850,Isaac,Almeida,maria-eduardanogueira@example.net,31744925093.0,1973-10-19,M,CE,Casado/a,Desempregado,Pós-graduação,Média,2023-01-30,iOS,+55 (061) 0915 3311
U01080,Calebe,Aparecida,stephanysiqueira@example.org,34361171229.0,1970-01-01,M,RJ,Solteiro/a,Aposentado,Técnico,Média,2023-01-30,Android,+55 (011) 5168-1379
U01606,Mirella,Cassiano,mariahalmeida@example.com,18002809674.0,2002-08-13,F,PE,Viúvo/a,Empregado,Superior,Alta,2023-01-30,Android,81 7097-3426
U02033,Lucas,Lima,maria-aliceviana@example.net,95605568616.0,1995-03-14,M,RS,Divorciado/a,Empregado,Técnico,Baixa,2023-01-30,iOS,+55 11 9609-2782
U02609,Esther,Machado,da-conceicaopietro@example.com,79393243480.0,1979-11-13,M,MG,Solteiro/a,Autônomo,Outro,Alta,2023-01-30,iOS,+55 31 5316-3859
U02733,Ian,Cunha,luigisiqueira@example.com,36607019970.0,1994-09-30,Outro,RJ,Casado/a,Aposentado,Outro,Alta,2023-01-30,Android,(071) 1604 1598
U00578,Cecilia,Albuquerque,yfernandes@example.org,32540921134.0,2007-05-30,F,MG,Solteiro/a,Estudante,Outro,Alta,2023-01-31,Android,+55 (071) 2583 7522
U00991,Ágatha,Costela,franciscoda-mota@example.org,85174785819.0,1970-01-01,F,PE,Casado/a,Aposentado,Pós-graduação,Alta,2023-01-31,Android,+55 41 8654 1712
U00425,Sophia,Fogaça,ldias@example.org,78753821163.0,1970-01-01,M,PE,Viúvo/a,Estudante,Superior,Alta,2023-02-01,Android,0800 028 2376
U01524,Fernanda,Santos,costatheo@example.net,40857316960.0,1981-11-19,Outro,PE,Viúvo/a,Desempregado,Outro,Alta,2023-02-01,iOS,+55 71 9472 4218
U02791,Calebe,Vieira,nascimentomariah@example.net,21123490520.0,1979-02-17,F,DF,Divorciado/a,Aposentado,Técnico,Baixa,2023-02-01,Android,(031) 8801-9476
U02794,Natália,da Luz,caldeiraryan@example.org,92824852509.0,1973-04-25,F,PR,Divorciado/a,Autônomo,Superior,Baixa,2023-02-01,Android,+55 81 9349 3937
U03201,Isadora,Machado,ffreitas@example.com,87353342944.0,1996-02-29,M,RS,Casado/a,Empregado,Superior,Baixa,2023-02-01,iOS,41 6086 4307
U04214,Henrique,Silva,pintolorenzo@example.com,57203706222.0,1970-01-01,M,PE,Divorciado/a,Autônomo,Superior,Baixa,2023-02-01,Android,(071) 1511-6229
U01025,Hadassa,Ramos,vinicius32@example.org,73473027066.0,1970-01-01,M,MG,Casado/a,Estudante,Pós-graduação,Alta,2023-02-02,iOS,+55 61 0322-3149
U01101,Melina,Albuquerque,peixotomatteo@example.com,32848000610.0,2007-06-25,F,BA,Casado/a,Autônomo,Outro,Baixa,2023-02-02,Android,+55 31 0198 3755
U02034,Daniel,Monteiro,gael-henrique57@example.net,54728775927.0,1971-08-06,F,BA,Solteiro/a,Estudante,Pós-graduação,Baixa,2023-02-02,Android,+55 (011) 7035 6729
U03992,Amanda,Borges,allana08@example.org,66056162983.0,1978-03-19,Outro,MG,Viúvo/a,Empregado,Técnico,Baixa,2023-02-02,iOS,+55 (041) 3501-8662
U04768,Rafaela,Sousa,luiz-henrique58@example.net,60037630672.0,1972-05-11,M,BA,Viúvo/a,Aposentado,Técnico,Média,2023-02-02,Android,+55 (061) 0360-1152
U04985,Giovanna,Siqueira,luiz-fernandonovais@example.com,11591484041.0,1998-03-20,M,BA,Viúvo/a,Estudante,Pós-graduação,Média,2023-02-02,iOS,0300-707-9136
U03528,Theodoro,Martins,icamargo@example.com,92705127056.0,1993-01-04,M,SP,Divorciado/a,Empregado,Ensino Médio,Baixa,2023-02-03,Android,+55 (051) 6130-9332
U03993,Leonardo,Mendes,nicolas28@example.org,39710728410.0,1970-01-01,M,DF,Casado/a,Desempregado,Superior,Baixa,2023-02-03,iOS,+55 11 3241 9765
U01696,Isabella,Pacheco,guerrasarah@example.com,27708186212.0,1994-07-14,M,SP,Divorciado/a,Aposentado,Pós-graduação,Média,2023-02-04,iOS,+55 (031) 2870 4537
U00511,Bernardo,Caldeira,omontenegro@example.com,59882245535.0,1970-01-01,Outro,BA,Solteiro/a,Estudante,Outro,Baixa,2023-02-05,iOS,0300 175 6188
U02725,Maria Laura,Andrade,dda-paz@example.net,35341935703.0,1984-01-26,M,DF,Solteiro/a,Estudante,Ensino Médio,Média,2023-02-05,Android,+55 (011) 1977 4125
U03364,Mathias,Pereira,barrosmaria-eduarda@example.org,86989213031.0,1970-01-01,M,PR,Viúvo/a,Autônomo,Outro,Alta,2023-02-05,iOS,+55 21 4579-5762
U04507,Ana Julia,Alves,thiagogoncalves@example.com,40830072967.0,1998-09-07,M,RJ,Solteiro/a,Aposentado,Superior,Baixa,2023-02-05,Android,+55 81 0720-2133
U04733,Yasmin,Mendonça,esterda-rocha@example.org,16760119184.0,2001-08-27,M,SP,Viúvo/a,Desempregado,Pós-graduação,Baixa,2023-02-05,Android,(084) 2882 8180
U04817,Maria Isis,Ferreira,melojoao-vitor@example.com,48989410187.0,1990-05-06,M,SP,Solteiro/a,Empregado,Superior,Média,2023-02-05,Android,+55 71 0272 0193
U03482,Josué,Teixeira,borgeslucas@example.com,37538641262.0,1993-03-28,Outro,RJ,Casado/a,Autônomo,Ensino Médio,Alta,2023-02-06,Android,+55 51 1828 0617
U03891,Samuel,Nogueira,alicemelo@example.org,41956698288.0,1988-03-22,Outro,BA,Solteiro/a,Empregado,Técnico,Alta,2023-02-06,iOS,(031) 8633-3468
U04371,Giovanna,Pimenta,isabelbarros@example.com,53313499286.0,1996-06-26,F,RS,Casado/a,Desempregado,Pós-graduação,Baixa,2023-02-06,iOS,+55 61 9735-1900
U00517,Felipe,Jesus,casa-grandefernando@example.net,62399130600.0,1989-05-16,Outro,SP,Casado/a,Autônomo,Outro,Média,2023-02-07,Android,+55 (071) 2594 1470
U01949,Sara,das Neves,hfreitas@example.org,93003725074.0,1982-02-25,F,PE,Casado/a,Autônomo,Ensino Médio,Média,2023-02-07,iOS,+55 (031) 7494-9199
U02974,Luigi,Barbosa,emanuellavieira@example.org,35846542818.0,1970-01-01,Outro,DF,Casado/a,Desempregado,Ensino Médio,Alta,2023-02-07,Android,+55 51 0738 8529
U03452,Camila,Souza,luiz-henriquesampaio@example.net,19749974750.0,1999-12-05,Outro,RS,Casado/a,Empregado,Pós-graduação,Baixa,2023-02-07,Android,+55 (021) 9008 2666
U04243,Gustavo Henrique,Vargas,pastorvalentina@example.net,16385643090.0,1990-06-27,M,MG,Solteiro/a,Empregado,Superior,Baixa,2023-02-07,Android,41 5263 7283
U00513,Maria Cecília,Correia,castrojoao-gabriel@example.net,12357387428.0,1982-10-09,Outro,RJ,Divorciado/a,Empregado,Ensino Médio,Média,2023-02-08,iOS,81 4034-8450
U00992,Bruno,Cavalcante,fernandesliz@example.com,63893490881.0,1975-09-13,Outro,BA,Divorciado/a,Estudante,Técnico,Baixa,2023-02-08,iOS,31 2122-4561
U02209,João Miguel,Fernandes,wteixeira@example.com,91916726131.0,2002-11-29,F,BA,Solteiro/a,Empregado,Técnico,Baixa,2023-02-08,Android,+55 (071) 6986-4943
U02886,Gabrielly,Monteiro,davi-lucas48@example.com,54661362325.0,2004-04-03,Outro,DF,Solteiro/a,Desempregado,Técnico,Média,2023-02-08,Android,0300-805-6187
U03865,Lívia,Leão,wcirino@example.org,43913737023.0,1970-01-01,M,RJ,Solteiro/a,Estudante,Ensino Médio,Média,2023-02-08,Android,0300-188-8488
U00592,Emilly,Ramos,ada-luz@example.org,73441082232.0,1992-04-19,Outro,RJ,Casado/a,Aposentado,Técnico,Alta,2023-02-09,Android,(041) 5673 5731
U00943,Bernardo,Cavalcante,piresotavio@example.net,74176108909.0,1979-09-02,F,RS,Divorciado/a,Empregado,Ensino Médio,Média,2023-02-09,Android,+55 61 0285-5031
U02218,Luiz Fernando,Santos,macedodanilo@example.org,57385767522.0,1985-08-28,M,CE,Casado/a,Aposentado,Pós-graduação,Alta,2023-02-09,iOS,0800 857 9198
U04358,Isaque,Aparecida,isabellyribeiro@example.org,54861201134.0,1973-12-10,F,RS,Solteiro/a,Empregado,Pós-graduação,Alta,2023-02-09,iOS,(011) 4443-4352
U04685,Clara,Nascimento,matheusramos@example.net,21611607123.0,2003-06-24,M,SP,Viúvo/a,Aposentado,Outro,Alta,2023-02-09,Android,+55 (051) 8255 4447
U02259,Bianca,Cavalcante,benicio90@example.com,99498182966.0,1993-12-09,Outro,PR,Divorciado/a,Empregado,Técnico,Média,2023-02-10,iOS,+55 (081) 6092-2886
U00118,José,Ribeiro,castroantony@example.org,92773157811.0,1970-01-01,Outro,RJ,Viúvo/a,Estudante,Superior,Baixa,2023-02-11,iOS,0800-445-6240
U00921,Thiago,Mendes,ferreiraraquel@example.com,15902434217.0,1983-10-04,Outro,DF,Solteiro/a,Aposentado,Técnico,Alta,2023-02-11,Android,21 3638 4676
U02910,Vitória,Santos,fda-rosa@example.com,30990534790.0,1970-01-01,Outro,MG,Viúvo/a,Estudante,Ensino Médio,Alta,2023-02-11,Android,0800 294 3476
U04007,Arthur,Dias,theocastro@example.com,70882893075.0,1970-01-01,Outro,RS,Casado/a,Desempregado,Outro,Alta,2023-02-11,Android,(011) 0855-2345
U00400,Yan,da Luz,joaquimaraujo@example.org,38063881935.0,2003-03-20,Outro,CE,Casado/a,Aposentado,Técnico,Média,2023-02-12,Android,0500-017-4357
U00449,Lavínia,Viana,isadora76@example.com,32002397630.0,1971-11-02,Outro,RJ,Casado/a,Estudante,Ensino Médio,Alta,2023-02-12,iOS,+55 (051) 0929-3330
U04228,Clara,Novais,claricesilva@example.org,50016128732.0,1970-01-01,F,CE,Divorciado/a,Desempregado,Técnico,Média,2023-02-12,Android,(051) 7587-2500
U00708,Bianca,Mendonça,maria-isiscastro@example.net,60213828335.0,1994-01-20,Outro,CE,Casado/a,Empregado,Outro,Média,2023-02-13,iOS,+55 11 0428 4182
U04517,Ágatha,Cardoso,sjesus@example.org,37863341275.0,1993-03-12,Outro,CE,Viúvo/a,Autônomo,Superior,Baixa,2023-02-13,Android,+55 (031) 8318 6747
U00524,Brenda,Moura,epastor@example.com,31098854000.0,1982-01-02,Outro,DF,Solteiro/a,Aposentado,Superior,Alta,2023-02-14,Android,+55 (021) 5036 9115
U00617,Otto,Borges,antoniofernandes@example.com,53562814802.0,1996-12-11,Outro,BA,Solteiro/a,Desempregado,Técnico,Média,2023-02-14,iOS,+55 (011) 4618-9610
U01442,Brenda,da Rosa,lais71@example.org,45400822988.0,2006-12-26,F,DF,Casado/a,Estudante,Técnico,Baixa,2023-02-14,iOS,(084) 2257 7284
U01833,Rodrigo,Cardoso,zgoncalves@example.com,41418873221.0,1970-01-01,Outro,BA,Viúvo/a,Aposentado,Ensino Médio,Média,2023-02-14,Android,+55 31 6195 1506
U04210,Juliana,Araújo,maria-flor94@example.org,37276046501.0,1970-01-01,M,PE,Solteiro/a,Estudante,Outro,Baixa,2023-02-14,Android,+55 (031) 4022 3486
U04767,Davi Lucas,Rocha,paragao@example.net,33848161375.0,1973-10-07,Outro,SP,Divorciado/a,Empregado,Ensino Médio,Alta,2023-02-14,Android,(071) 5366-8134
U02054,Isaque,Cavalcante,ana-sophiamonteiro@example.net,21562232440.0,1970-08-03,M,CE,Viúvo/a,Aposentado,Técnico,Alta,2023-02-15,Android,81 8070 5093
U04551,Nina,Casa Grande,marcelo18@example.org,17674297875.0,1997-12-23,M,BA,Solteiro/a,Empregado,Pós-graduação,Média,2023-02-15,Android,21 3152-1493
U04791,Isaque,da Paz,ana-livia43@example.org,83636018899.0,1987-10-14,F,BA,Casado/a,Empregado,Ensino Médio,Média,2023-02-15,iOS,+55 (011) 1606-8759
U00086,Felipe,Caldeira,julianada-mata@example.net,92513300441.0,1970-01-01,F,PR,Divorciado/a,Estudante,Técnico,Média,2023-02-16,Android,71 5612-0260
U02475,Agatha,Fogaça,mmarques@example.net,92617694987.0,1970-01-01,M,PE,Solteiro/a,Aposentado,Ensino Médio,Média,2023-02-16,Android,+55 81 6198-2464
U02695,Lucas Gabriel,da Mota,guerrajoao-vitor@example.org,71788730583.0,1970-01-01,M,MG,Solteiro/a,Aposentado,Superior,Baixa,2023-02-16,iOS,0900-007-6793
U04570,Marcelo,Lopes,ana-lauraguerra@example.com,89500345289.0,1987-02-01,M,DF,Divorciado/a,Aposentado,Outro,Alta,2023-02-16,Android,+55 (041) 1693-1669
U00048,Heitor,Vasconcelos,theodoro43@example.com,53004462410.0,1970-01-01,M,SP,Solteiro/a,Empregado,Pós-graduação,Alta,2023-02-17,Android,(071) 0556-4093
U00493,Ravy,Rodrigues,rezenderavy@example.net,61880490330.0,2000-03-02,M,CE,Solteiro/a,Desempregado,Outro,Média,2023-02-17,iOS,71 9670 2039
U01047,Lavínia,Camargo,joao-lucasborges@example.org,78459750233.0,1977-05-16,F,PE,Viúvo/a,Autônomo,Outro,Média,2023-02-17,Android,+55 51 7626 7149
U03047,Manuella,Rios,emanuella09@example.com,79410249215.0,1970-01-01,M,PE,Solteiro/a,Aposentado,Pós-graduação,Baixa,2023-02-17,iOS,(021) 9207-7903
U04169,Ian,Pacheco,zda-luz@example.org,43319429344.0,1970-01-01,Outro,SP,Divorciado/a,Desempregado,Outro,Baixa,2023-02-17,iOS,+55 31 3781-9348
U01587,João Pedro,Pimenta,jguerra@example.org,15965759506.0,1980-07-26,F,CE,Solteiro/a,Estudante,Técnico,Alta,2023-02-18,Android,(084) 5151 5239
U04345,Francisco,Ribeiro,xgarcia@example.net,60269723085.0,1970-01-01,M,RJ,Solteiro/a,Autônomo,Ensino Médio,Média,2023-02-18,iOS,(041) 4511-7922
U04521,Danilo,Siqueira,qteixeira@example.org,20148665435.0,1970-01-01,M,RS,Divorciado/a,Desempregado,Ensino Médio,Média,2023-02-18,iOS,(061) 7711 7015
U00088,Erick,Câmara,nataliamelo@example.net,43968134297.0,1974-08-16,M,SP,Casado/a,Autônomo,Outro,Média,2023-02-19,Android,+55 (041) 3461 4827
U00277,Luara,Novais,matheusrodrigues@example.com,21408389397.0,1988-01-22,Outro,RS,Casado/a,Desempregado,Ensino Médio,Baixa,2023-02-19,Android,+55 71 9057-4832
U00459,Léo,Camargo,qcamargo@example.com,81500257004.0,1990-04-06,F,MG,Divorciado/a,Desempregado,Ensino Médio,Alta,2023-02-19,Android,+55 41 2823 4034
U00623,João Miguel,Monteiro,piresluiz-gustavo@example.com,86204774862.0,1970-01-01,F,RS,Divorciado/a,Desempregado,Outro,Média,2023-02-19,iOS,(031) 0552-2157
U02357,João Pedro,Oliveira,icavalcanti@example.net,85323840968.0,1970-01-01,M,DF,Solteiro/a,Aposentado,Outro,Média,2023-02-19,iOS,+55 (051) 5154 4386
U03170,Nathan,Correia,isiscamargo@example.net,28769138102.0,2007-03-06,Outro,RJ,Divorciado/a,Desempregado,Ensino Médio,Alta,2023-02-19,iOS,84 8439 3643
U03379,Arthur,Pereira,rodriguesmanuela@example.com,58599231716.0,1972-08-19,Outro,SP,Casado/a,Autônomo,Superior,Alta,2023-02-19,iOS,+55 (061) 6826-2507
U03605,Ana Liz,Barbosa,jose-miguelborges@example.net,72503408076.0,2002-11-25,M,CE,Solteiro/a,Autônomo,Técnico,Baixa,2023-02-19,Android,+55 (071) 7918 6882
U02735,Davi Luiz,Monteiro,lunna20@example.org,10324191770.0,1970-01-01,M,PE,Casado/a,Empregado,Pós-graduação,Alta,2023-02-20,Android,+55 31 8249-0768
U04623,Amanda,Ramos,zcamara@example.org,67017087790.0,1970-01-01,M,SP,Viúvo/a,Estudante,Ensino Médio,Média,2023-02-20,Android,61 5740-1186
U00184,Alexandre,Souza,lucas-gabriel65@example.net,89812641901.0,1970-01-01,M,BA,Viúvo/a,Desempregado,Outro,Média,2023-02-21,Android,+55 51 2352 9228
U00302,Clarice,Nogueira,giovannalima@example.org,19958556365.0,1976-05-06,M,DF,Divorciado/a,Desempregado,Pós-graduação,Baixa,2023-02-21,Android,+55 11 4139 6645
U01483,Lucca,Pinto,cdas-neves@example.com,49150966290.0,2007-06-26,M,SP,Solteiro/a,Autônomo,Superior,Baixa,2023-02-21,iOS,+55 (071) 3382 8752
U03311,Maria Cecília,Pires,unogueira@example.net,80506278457.0,1989-04-13,M,SP,Divorciado/a,Desempregado,Pós-graduação,Média,2023-02-21,Android,21 3591-4114
U04840,Oliver,da Mata,vsantos@example.net,87101744135.0,1982-04-12,F,BA,Viúvo/a,Empregado,Outro,Baixa,2023-02-21,Android,(084) 5891-7163
U00206,Enrico,Cavalcanti,juliana94@example.org,26594673564.0,1975-11-21,Outro,PR,Divorciado/a,Estudante,Ensino Médio,Média,2023-02-22,iOS,81 5629 7573
U00902,Arthur Miguel,da Conceição,zdias@example.net,89890201053.0,1981-05-31,M,SP,Solteiro/a,Aposentado,Superior,Baixa,2023-02-22,iOS,11 4750 1701
U01628,Kevin,Souza,davi-miguelfernandes@example.net,93271880521.0,2007-02-17,M,RS,Solteiro/a,Desempregado,Ensino Médio,Alta,2023-02-22,Android,(071) 6609-1500
U03532,Benício,Guerra,riosliam@example.org,17463425086.0,1987-12-20,F,PR,Solteiro/a,Empregado,Técnico,Alta,2023-02-22,Android,21 5932 4234
U03559,Lavínia,Gomes,da-matacarolina@example.com,99322541184.0,1996-02-20,Outro,PE,Casado/a,Desempregado,Ensino Médio,Baixa,2023-02-22,Android,0900 866 5927
U04380,Léo,Peixoto,epastor@example.com,16636998134.0,1992-07-02,Outro,SP,Divorciado/a,Aposentado,Outro,Média,2023-02-22,Android,(051) 7577-4344
U00619,Mateus,Lima,benjaminmachado@example.net,61427597001.0,2001-12-09,F,PE,Casado/a,Empregado,Pós-graduação,Alta,2023-02-23,Android,0500 266 8856
U00633,Eduardo,Rodrigues,dantepinto@example.net,66562758229.0,1997-03-10,Outro,PE,Viúvo/a,Empregado,Outro,Baixa,2023-02-23,Android,84 0008-1529
U01954,Rael,Fonseca,novaeslucas-gabriel@example.net,71543405225.0,1981-12-30,F,CE,Viúvo/a,Estudante,Técnico,Baixa,2023-02-23,Android,(051) 4894-3243
U02002,Thomas,Dias,pietrada-rosa@example.com,53982050484.0,1970-01-01,M,MG,Viúvo/a,Autônomo,Outro,Baixa,2023-02-23,Android,84 5352 5306
U02473,Vitória,Souza,hellena03@example.net,37756138147.0,1970-01-01,M,RS,Divorciado/a,Aposentado,Superior,Alta,2023-02-23,Android,+55 (061) 1517-2549
U04172,Catarina,Dias,henry12@example.com,45312399887.0,1971-06-13,M,RS,Casado/a,Aposentado,Pós-graduação,Alta,2023-02-23,Android,0300 269 5569
U01418,Vitor Gabriel,Carvalho,tsales@example.com,63927136628.0,1972-11-26,F,RS,Divorciado/a,Estudante,Ensino Médio,Média,2023-02-24,Android,+55 51 2936 3962
U02383,Manuella,Nogueira,macedomaria-sophia@example.net,68938049671.0,1970-01-01,Outro,PR,Divorciado/a,Empregado,Ensino Médio,Baixa,2023-02-24,iOS,0800 892 7228
U03161,Arthur Gabriel,Cavalcante,caroline43@example.net,99059566998.0,1976-07-24,M,PR,Viúvo/a,Empregado,Superior,Média,2023-02-24,Android,(084) 0618 3773
U03197,Manuella,Sousa,limadom@example.net,54408160004.0,1972-09-13,F,BA,Divorciado/a,Estudante,Ensino Médio,Média,2023-02-24,iOS,(051) 3549-4691
U04366,Eduarda,Monteiro,thalesferreira@example.org,60509916477.0,1970-01-01,M,PE,Viúvo/a,Desempregado,Técnico,Baixa,2023-02-24,iOS,+55 (051) 4439-2823
U00178,Luna,Oliveira,pereiraluara@example.com,33377635929.0,1970-01-01,F,RS,Viúvo/a,Desempregado,Pós-graduação,Média,2023-02-25,Android,+55 (081) 8703-3948
U00398,Maria Clara,Pacheco,teixeiraryan@example.org,20558710250.0,1970-01-01,Outro,RJ,Casado/a,Empregado,Ensino Médio,Alta,2023-02-25,Android,+55 (051) 1478 8232
U00794,Maria Alice,Vargas,enrico56@example.net,92029776439.0,1995-08-28,M,DF,Viúvo/a,Aposentado,Pós-graduação,Baixa,2023-02-25,iOS,+55 81 8836 3019
U01153,Julia,Oliveira,vargasluiz-otavio@example.net,41600915825.0,1970-01-01,M,MG,Solteiro/a,Aposentado,Pós-graduação,Alta,2023-02-25,Android,+55 (071) 1192 0845
U01346,Nathan,Pinto,isaacfogaca@example.net,30502925426.0,1980-10-30,Outro,CE,Solteiro/a,Desempregado,Técnico,Alta,2023-02-25,Android,+55 21 8992-8693
U01801,Stephany,Jesus,ana-vitoria51@example.com,26029171876.0,1994-12-25,M,PR,Solteiro/a,Aposentado,Técnico,Média,2023-02-25,Android,41 0717-3464
U02527,Ana Laura,Cardoso,davisilva@example.org,12323459298.0,1970-01-01,F,SP,Viúvo/a,Autônomo,Pós-graduação,Alta,2023-02-25,iOS,61 8874-3012
U02669,Luiz Fernando,Aparecida,oda-cunha@example.net,34843764968.0,1970-01-01,M,RS,Casado/a,Desempregado,Superior,Baixa,2023-02-25,iOS,+55 31 8164 2320
U04148,Bianca,Farias,ravy83@example.net,72297288735.0,1970-01-01,F,SP,Viúvo/a,Empregado,Técnico,Alta,2023-02-25,iOS,+55 11 5406-3310
U00040,Maria Fernanda,da Luz,maria-luisa83@example.com,30663628212.0,1988-01-14,Outro,RS,Viúvo/a,Empregado,Pós-graduação,Média,2023-02-26,Android,41 0528-6575
U00306,Ana Júlia,Cunha,wfernandes@example.org,89048646467.0,1996-09-06,F,PE,Casado/a,Empregado,Ensino Médio,Alta,2023-02-26,Android,(084) 5690-9174
U00831,Isabel,da Cruz,kevin84@example.org,13523804666.0,2003-09-16,F,BA,Solteiro/a,Empregado,Ensino Médio,Alta,2023-02-26,Android,71 4809 1964
U01904,Helena,Rios,marcos-viniciusda-cruz@example.net,15415136322.0,1970-01-01,M,PE,Divorciado/a,Estudante,Outro,Baixa,2023-02-26,iOS,+55 71 5963-2370
U02082,Daniela,Mendonça,isisdias@example.com,67221246427.0,1970-01-01,F,CE,Casado/a,Autônomo,Pós-graduação,Média,2023-02-26,iOS,+55 (071) 3214-3728
U02345,Melissa,Borges,rezendecaio@example.org,13721084798.0,1975-04-23,F,MG,Solteiro/a,Estudante,Outro,Baixa,2023-02-26,Android,0800-619-5313
U03118,Nina,Sousa,vianapedro-lucas@example.com,39167090119.0,1970-01-01,F,RS,Divorciado/a,Empregado,Outro,Alta,2023-02-26,Android,81 8825 0639
U04810,Isadora,Barros,pastorelisa@example.com,70910531780.0,2006-04-11,M,RS,Solteiro/a,Empregado,Outro,Média,2023-02-26,iOS,(021) 7031 9598
U02756,Zoe,Sales,joaocampos@example.org,60020239162.0,1970-01-01,M,DF,Viúvo/a,Empregado,Ensino Médio,Alta,2023-02-27,Android,+55 84 9276 7241
U03459,Raul,Pacheco,agathacirino@example.net,23846195366.0,1987-09-11,Outro,RS,Casado/a,Autônomo,Superior,Baixa,2023-02-27,iOS,+55 81 1969 2452
U03512,Luiza,Mendonça,beniciomoreira@example.com,60171668307.0,1970-01-01,Outro,RS,Viúvo/a,Estudante,Pós-graduação,Baixa,2023-02-27,iOS,+55 21 9737-8709
U03541,Apollo,da Rosa,britomariane@example.org,39031602496.0,1970-01-01,Outro,CE,Casado/a,Autônomo,Superior,Média,2023-02-27,Android,31 7605-1133
U04340,João Felipe,da Paz,camposrael@example.com,40621143673.0,1977-08-24,M,DF,Divorciado/a,Desempregado,Pós-graduação,Média,2023-02-27,Android,61 3634-9576
U00796,Ana Sophia,Marques,maria-alicemoura@example.net,63377992039.0,1989-04-12,M,SP,Casado/a,Autônomo,Ensino Médio,Média,2023-02-28,iOS,51 7967 5346
U01535,Rafael,Gomes,sofianunes@example.net,42395251075.0,1970-01-01,M,SP,Divorciado/a,Desempregado,Pós-graduação,Média,2023-02-28,Android,11 7230 4406
U02500,Isabela,Vieira,psilva@example.org,22670048705.0,1970-01-01,F,RJ,Viúvo/a,Autônomo,Outro,Baixa,2023-02-28,iOS,+55 (081) 4612 8237
U02553,Beatriz,Moreira,nsiqueira@example.com,50714415292.0,1970-01-01,Outro,PE,Divorciado/a,Aposentado,Técnico,Média,2023-02-28,Android,71 4124-3131
U02722,Maria Eduarda,Barros,leonardofogaca@example.com,52933341881.0,1975-02-28,Outro,RJ,Solteiro/a,Aposentado,Superior,Alta,2023-02-28,iOS,+55 21 4548-2675
U00288,Mariah,Vargas,epereira@example.com,71200420737.0,1970-01-01,F,RJ,Viúvo/a,Desempregado,Pós-graduação,Alta,2023-03-01,Android,81 4803 8195
U00694,Caroline,Ramos,ribeiroeduarda@example.net,63149658867.0,1970-01-01,Outro,BA,Casado/a,Autônomo,Outro,Alta,2023-03-01,iOS,+55 71 8958-3372
U00892,Maya,Souza,lda-mota@example.com,28435643310.0,1998-09-09,M,CE,Divorciado/a,Aposentado,Pós-graduação,Alta,2023-03-01,iOS,(084) 7543-4165
U01629,Olivia,Casa Grande,uramos@example.org,21106221275.0,1972-03-12,Outro,SP,Solteiro/a,Aposentado,Superior,Alta,2023-03-01,iOS,11 9704-6532
U01630,Helena,Santos,vianamaria-helena@example.com,61298912292.0,1983-06-29,M,DF,Casado/a,Empregado,Superior,Baixa,2023-03-01,iOS,(041) 8277-2294
U02176,Julia,Abreu,kpastor@example.com,51505557784.0,1991-07-16,M,CE,Casado/a,Aposentado,Técnico,Alta,2023-03-01,Android,0800 056 5415
U04249,Alexandre,Ferreira,nfogaca@example.com,35131589329.0,1970-01-01,M,PE,Viúvo/a,Aposentado,Superior,Média,2023-03-01,iOS,(084) 2055-0333
U04595,Evelyn,Aragão,rrodrigues@example.com,80283099860.0,1977-10-24,Outro,PE,Divorciado/a,Autônomo,Técnico,Média,2023-03-01,Android,31 0278-1878
U00743,Benjamin,Moreira,guilherme51@example.com,67110404086.0,1970-01-01,Outro,RS,Casado/a,Empregado,Superior,Média,2023-03-02,Android,(011) 2310 2067
U01790,Ravi,Andrade,maria-ceciliaandrade@example.net,45194057263.0,1974-07-07,F,RS,Viúvo/a,Desempregado,Superior,Alta,2023-03-02,iOS,+55 31 9573 9369
U02901,Ana Clara,Jesus,valentimmonteiro@example.net,15000500663.0,1994-01-28,Outro,CE,Viúvo/a,Autônomo,Ensino Médio,Baixa,2023-03-02,Android,61 8647 8137
U03392,Maitê,Barbosa,kpereira@example.org,36704535551.0,1970-01-01,Outro,BA,Solteiro/a,Autônomo,Superior,Média,2023-03-02,iOS,51 2002 4258
U04183,Ana,Pastor,castroanthony@example.org,10704573202.0,1981-07-25,Outro,BA,Viúvo/a,Estudante,Pós-graduação,Alta,2023-03-02,Android,21 5398-2273
U04565,Nathan,Marques,thomas41@example.net,10512523956.0,1971-05-14,Outro,CE,Viúvo/a,Desempregado,Pós-graduação,Média,2023-03-02,iOS,81 5903 9023
U04587,Sarah,da Costa,arthur-gabriel21@example.net,45964431180.0,1970-01-01,Outro,SP,Divorciado/a,Autônomo,Ensino Médio,Baixa,2023-03-02,Android,(071) 5941-7076
U02445,Paulo,Carvalho,luisamachado@example.com,37179088172.0,1988-06-19,M,SP,Viúvo/a,Aposentado,Pós-graduação,Alta,2023-03-03,iOS,41 2432 3928
U03535,Maria,Abreu,leaobenicio@example.com,26786389366.0,1993-11-13,F,RS,Casado/a,Aposentado,Outro,Baixa,2023-03-03,Android,21 5206 9866
U00273,Cecilia,Pereira,gustavo15@example.com,82045040727.0,1970-01-01,M,PE,Divorciado/a,Empregado,Outro,Baixa,2023-03-04,Android,+55 31 9369 6001
U00688,Thales,Guerra,marcela25@example.net,62604052347.0,1970-01-01,M,SP,Solteiro/a,Desempregado,Técnico,Alta,2023-03-04,iOS,(081) 7656-0585
U03513,Gustavo,Pastor,benjamimabreu@example.org,23834572206.0,1999-03-26,Outro,CE,Viúvo/a,Empregado,Técnico,Média,2023-03-04,iOS,(051) 3493-6032
U03562,Pietro,Sousa,da-motabella@example.org,31461855683.0,1970-01-01,F,RJ,Divorciado/a,Estudante,Técnico,Baixa,2023-03-04,iOS,+55 (041) 1394 0211
U04413,Allana,Novaes,luna15@example.net,21644249732.0,2003-10-09,M,MG,Casado/a,Autônomo,Técnico,Média,2023-03-04,iOS,+55 61 2658-7734
U02094,Ana Júlia,Souza,xduarte@example.net,18768817866.0,2001-06-12,Outro,CE,Divorciado/a,Aposentado,Outro,Média,2023-03-05,Android,0900 654 1967
U02990,Diogo,Araújo,fernanda91@example.org,36723289931.0,1970-01-01,M,SP,Solteiro/a,Empregado,Pós-graduação,Média,2023-03-05,Android,21 6328 7441
U04845,Davi,Porto,jose-miguel01@example.org,42766717449.0,1986-07-13,F,MG,Viúvo/a,Desempregado,Técnico,Média,2023-03-05,iOS,(021) 8977-9423
U01313,Joaquim,da Rocha,monteiromaria@example.com,92969764965.0,1970-01-01,Outro,DF,Viúvo/a,Desempregado,Pós-graduação,Baixa,2023-03-06,iOS,+55 84 6956-6837
U03594,Luiza,Carvalho,emanuellygomes@example.com,94881941301.0,2002-05-27,Outro,RJ,Casado/a,Aposentado,Ensino Médio,Alta,2023-03-06,Android,81 0172-9921
U04995,Isis,Gonçalves,bcosta@example.com,11362286411.0,1981-12-08,M,DF,Divorciado/a,Autônomo,Pós-graduação,Alta,2023-03-06,Android,41 0889 1498
U02257,Sophia,Sousa,thomasda-rosa@example.com,29254946468.0,1970-01-01,F,SP,Casado/a,Empregado,Pós-graduação,Média,2023-03-07,Android,+55 (021) 3199-0423
U00423,Marcos Vinicius,Lima,jmendes@example.com,72939543207.0,1978-08-04,M,RJ,Casado/a,Estudante,Técnico,Alta,2023-03-08,Android,0300-119-3673
U00584,Manuella,Mendes,melobarbara@example.org,37219158664.0,1970-01-01,M,RS,Casado/a,Autônomo,Superior,Baixa,2023-03-08,Android,81 1900-7704
U01111,Igor,Freitas,aylla20@example.net,40341656077.0,1970-01-01,M,MG,Divorciado/a,Empregado,Técnico,Baixa,2023-03-08,iOS,84 2891-0898
U03038,Lorenzo,Souza,da-cruzjoao@example.com,93330743292.0,2005-11-28,M,SP,Viúvo/a,Desempregado,Outro,Média,2023-03-08,Android,+55 31 1535-8221
U01205,Pedro Henrique,Novais,yda-mota@example.net,94522216887.0,1997-06-05,Outro,PE,Solteiro/a,Desempregado,Técnico,Baixa,2023-03-10,Android,+55 41 8680 6015
U01732,Eloah,Macedo,abarbosa@example.net,30507151823.0,1970-01-01,Outro,CE,Solteiro/a,Desempregado,Superior,Baixa,2023-03-10,iOS,+55 81 1358-4826
U01770,Hadassa,Ramos,santosolivia@example.com,83795342512.0,1970-02-02,M,RS,Casado/a,Empregado,Outro,Média,2023-03-10,Android,+55 11 7789-8726
U02114,Liam,Nogueira,qnogueira@example.net,37539286790.0,1998-06-22,Outro,BA,Casado/a,Aposentado,Técnico,Baixa,2023-03-10,iOS,(084) 4791 8819
U03425,Luigi,Rios,da-matamarina@example.org,61819700336.0,1970-01-01,M,DF,Divorciado/a,Autônomo,Ensino Médio,Baixa,2023-03-10,iOS,(071) 8963-4222
U03540,Luiz Fernando,Santos,correiavicente@example.org,70563124622.0,1991-11-06,M,BA,Viúvo/a,Empregado,Ensino Médio,Média,2023-03-10,Android,(021) 4776-9016
U04271,Ana Vitória,Rocha,tda-mata@example.net,33924856207.0,1976-11-16,Outro,RS,Viúvo/a,Autônomo,Pós-graduação,Baixa,2023-03-10,iOS,+55 (041) 4269-6689
U01946,Lunna,Cirino,bella59@example.com,32504189467.0,2005-08-15,F,MG,Viúvo/a,Aposentado,Técnico,Baixa,2023-03-11,iOS,(011) 0666 4546
U02833,Vinícius,Correia,gael-henrique44@example.org,13898425565.0,1997-03-02,M,PE,Casado/a,Empregado,Técnico,Alta,2023-03-11,iOS,+55 (061) 3531-5927
U04408,Liam,Fernandes,sdas-neves@example.com,59521690095.0,1974-12-29,M,RS,Divorciado/a,Estudante,Outro,Baixa,2023-03-11,Android,+55 41 4067 4118
U00366,Maria Eduarda,Martins,alana35@example.net,66747797115.0,1970-01-01,F,SP,Casado/a,Estudante,Pós-graduação,Alta,2023-03-12,iOS,+55 (084) 3189-1579
U01093,Rael,Casa Grande,antonio45@example.net,50294942878.0,2000-02-19,F,CE,Solteiro/a,Empregado,Técnico,Média,2023-03-12,iOS,(071) 6119-5401
U01198,Mariana,da Luz,valentim20@example.com,56320181940.0,1997-08-03,F,RS,Viúvo/a,Estudante,Ensino Médio,Alta,2023-03-12,Android,+55 11 8825 6525
U01787,Henry Gabriel,Pastor,correialorenzo@example.net,42411615568.0,1981-10-08,Outro,CE,Viúvo/a,Desempregado,Pós-graduação,Média,2023-03-12,Android,(071) 9061-6848
U02686,Pietra,Barbosa,isiscarvalho@example.com,58976448849.0,1970-01-01,F,RJ,Casado/a,Desempregado,Outro,Alta,2023-03-12,iOS,+55 71 0402-5625
U03180,Maria Alice,Almeida,aporto@example.com,96002907310.0,1971-08-16,M,RJ,Viúvo/a,Empregado,Superior,Alta,2023-03-12,iOS,31 5915 4381
U03845,Laís,da Cunha,vmendonca@example.com,12927241940.0,1970-01-01,Outro,PR,Viúvo/a,Aposentado,Superior,Média,2023-03-12,Android,71 9382 2369
U04262,Esther,Mendonça,qramos@example.com,87568169218.0,1984-09-21,M,PE,Casado/a,Empregado,Pós-graduação,Baixa,2023-03-12,Android,(071) 9915-8682
U00391,Eduarda,Caldeira,cirinopaulo@example.net,11787579947.0,1970-01-01,F,MG,Divorciado/a,Autônomo,Técnico,Média,2023-03-13,iOS,(051) 3729-0007
U02618,Ayla,Pimenta,lavinia51@example.org,25181631092.0,1992-10-24,Outro,RJ,Viúvo/a,Empregado,Pós-graduação,Baixa,2023-03-13,Android,11 5948-2278
U03069,Davi,Monteiro,isispeixoto@example.org,36928097812.0,2005-03-20,F,PR,Divorciado/a,Aposentado,Ensino Médio,Alta,2023-03-13,iOS,+55 (051) 3153-1123
U03106,Ana Sophia,Sampaio,limayan@example.net,20283806283.0,2002-05-11,Outro,MG,Divorciado/a,Autônomo,Pós-graduação,Baixa,2023-03-13,Android,(061) 2621-0319
U03907,Anthony,Fonseca,matteo83@example.org,90910680064.0,1986-09-07,F,SP,Divorciado/a,Empregado,Ensino Médio,Média,2023-03-13,Android,+55 11 9405-9642
U04200,Maria Liz,Pires,fernando28@example.net,14201721757.0,1993-12-24,F,RJ,Viúvo/a,Aposentado,Outro,Baixa,2023-03-13,Android,11 9343-5994
U04409,Fernando,Silveira,monteirosarah@example.net,92151655440.0,1982-01-19,F,SP,Viúvo/a,Autônomo,Técnico,Média,2023-03-13,Android,+55 (081) 6234 1839
U00267,Stella,Ramos,vicenteda-rosa@example.com,18574453338.0,1992-09-28,Outro,RS,Divorciado/a,Estudante,Pós-graduação,Alta,2023-03-14,iOS,+55 41 2212 3946
U00298,Isabela,Campos,estersantos@example.org,47211261701.0,1998-03-18,F,SP,Casado/a,Desempregado,Superior,Baixa,2023-03-14,iOS,(041) 6669 2731
U01347,Maya,da Conceição,ocavalcanti@example.org,23983190821.0,1977-11-11,F,BA,Viúvo/a,Estudante,Ensino Médio,Baixa,2023-03-14,Android,0900 672 4032
U02076,Arthur Gabriel,Nascimento,lopesvalentina@example.org,75393283577.0,1977-01-12,Outro,PR,Viúvo/a,Estudante,Ensino Médio,Alta,2023-03-14,iOS,+55 81 2381 3733
U03333,Aylla,Souza,salesluna@example.com,45851169309.0,1975-03-28,Outro,RS,Divorciado/a,Estudante,Pós-graduação,Baixa,2023-03-14,Android,+55 (041) 6361 6638
U04167,Maria Vitória,Vieira,martinsmaite@example.org,79211175499.0,1998-05-09,M,SP,Divorciado/a,Autônomo,Técnico,Média,2023-03-14,Android,+55 (084) 8511-2919
U00745,Laura,Câmara,mendesaugusto@example.org,49712719985.0,1970-01-01,M,BA,Viúvo/a,Desempregado,Técnico,Média,2023-03-15,Android,(071) 9295 9807
U00942,Yuri,Moreira,sophie64@example.net,75240821385.0,1989-05-11,F,PE,Viúvo/a,Aposentado,Ensino Médio,Alta,2023-03-15,iOS,+55 81 3394 0517
U01322,Matteo,da Paz,heitor77@example.net,60594744412.0,1999-12-24,Outro,RS,Divorciado/a,Aposentado,Ensino Médio,Alta,2023-03-15,iOS,61 6170-9322
U03908,Cecilia,Albuquerque,henriquemartins@example.net,52813173345.0,1980-07-04,F,BA,Casado/a,Aposentado,Ensino Médio,Baixa,2023-03-15,Android,+55 (084) 7519 0115
U04011,Alana,Pacheco,marquesfernanda@example.net,90936122192.0,1987-12-29,F,PE,Viúvo/a,Desempregado,Superior,Baixa,2023-03-15,iOS,(071) 5787 0634
U02099,Otávio,Castro,luccacardoso@example.org,81876405112.0,1970-01-01,Outro,PR,Divorciado/a,Autônomo,Técnico,Baixa,2023-03-16,iOS,41 3760 6441
U03139,João Lucas,Duarte,isabellylima@example.com,55179550948.0,2004-01-03,F,CE,Divorciado/a,Desempregado,Outro,Baixa,2023-03-16,Android,+55 (021) 6691-3075
U03140,Cauê,Porto,agathasousa@example.org,96827817263.0,2003-12-05,M,PR,Solteiro/a,Desempregado,Superior,Baixa,2023-03-16,iOS,(051) 2644-2300
U03203,Bárbara,Costela,mariana88@example.org,85219952499.0,1976-03-21,M,RJ,Solteiro/a,Desempregado,Pós-graduação,Média,2023-03-16,Android,+55 (031) 2649-9599
U03260,Samuel,Farias,qsouza@example.net,97032017448.0,1987-10-01,Outro,MG,Casado/a,Estudante,Técnico,Média,2023-03-16,Android,+55 (031) 9226-3437
U00945,Henry,da Cunha,moraescecilia@example.com,53542123703.0,1977-04-20,Outro,SP,Casado/a,Estudante,Outro,Média,2023-03-17,Android,+55 (021) 4470 8764
U02072,Ana Júlia,Teixeira,eda-costa@example.com,17185658775.0,2000-10-15,M,RJ,Viúvo/a,Empregado,Técnico,Alta,2023-03-17,iOS,(071) 7735-4848
U03869,Felipe,Montenegro,dda-rocha@example.com,89714886146.0,1970-01-01,F,PE,Divorciado/a,Autônomo,Ensino Médio,Média,2023-03-17,Android,0300-711-6128
U00143,Fernando,Aragão,arthur-miguel85@example.org,87729502492.0,1981-06-03,F,RS,Viúvo/a,Desempregado,Ensino Médio,Média,2023-03-18,iOS,+55 (011) 8144-6670
U00157,Ana Sophia,Teixeira,thomas72@example.net,42905843293.0,1970-01-01,Outro,RJ,Solteiro/a,Aposentado,Superior,Alta,2023-03-18,Android,41 6638-2024
U01212,Francisco,Sá,rduarte@example.com,60617929545.0,1970-01-01,F,CE,Casado/a,Empregado,Técnico,Alta,2023-03-18,Android,+55 21 3303 6592
U02416,Kevin,das Neves,ana-vitoria66@example.com,60514868548.0,1989-05-14,F,CE,Casado/a,Autônomo,Superior,Baixa,2023-03-18,Android,+55 84 2310-5756
U00526,Matteo,Vargas,breno41@example.com,22215452107.0,1978-02-11,M,BA,Divorciado/a,Desempregado,Pós-graduação,Média,2023-03-19,Android,+55 (021) 2415 5949
U00713,Sabrina,Cavalcante,luiz-otavioleao@example.org,37439825329.0,1970-01-01,M,RS,Viúvo/a,Estudante,Pós-graduação,Alta,2023-03-19,Android,(041) 0472-6493
U02905,Miguel,Brito,pguerra@example.net,35200031226.0,1986-05-28,F,PR,Casado/a,Empregado,Técnico,Média,2023-03-19,Android,(051) 9763-6801
U04247,Emilly,Moreira,sousasophia@example.net,36336485170.0,1970-01-01,M,RJ,Solteiro/a,Aposentado,Superior,Alta,2023-03-19,iOS,+55 (051) 3151-9588
U04582,Isabelly,Siqueira,maria-julia89@example.org,35023533578.0,1986-08-27,Outro,PE,Casado/a,Desempregado,Pós-graduação,Baixa,2023-03-19,Android,0300 226 1163
U01835,Isadora,Costela,jadenascimento@example.org,44616201356.0,1990-11-19,M,BA,Divorciado/a,Aposentado,Outro,Baixa,2023-03-20,Android,11 0640-6300
U02291,Samuel,Peixoto,camargoigor@example.net,90602815151.0,1973-11-18,Outro,RS,Casado/a,Aposentado,Técnico,Baixa,2023-03-20,iOS,(021) 9719-1423
U03089,Laura,Vieira,nicolas11@example.com,40616090441.0,1971-12-23,F,PR,Casado/a,Estudante,Superior,Baixa,2023-03-20,Android,31 7143-4933
U01033,Maria Eduarda,Nogueira,silvarhavi@example.com,93399551258.0,1980-06-19,M,BA,Casado/a,Estudante,Superior,Baixa,2023-03-21,iOS,(061) 7647-3108
U01237,Benjamim,Jesus,eabreu@example.com,65276263082.0,1970-01-01,F,CE,Divorciado/a,Desempregado,Outro,Média,2023-03-21,Android,+55 51 3156 9252
U01355,Júlia,Siqueira,da-motaana-cecilia@example.com,39805505416.0,2005-02-24,M,CE,Viúvo/a,Aposentado,Ensino Médio,Alta,2023-03-21,Android,11 2089 1830
U03240,Rafaela,Lima,heloisa26@example.org,18602114580.0,1978-10-29,Outro,CE,Viúvo/a,Autônomo,Superior,Alta,2023-03-21,Android,21 5758-5400
U03717,Manuela,Vargas,apollo34@example.com,71393165766.0,1995-11-19,F,BA,Divorciado/a,Estudante,Outro,Baixa,2023-03-21,Android,+55 11 6825 1737
U00531,Luísa,Barbosa,leonardo21@example.net,84343481772.0,1970-01-01,Outro,PR,Viúvo/a,Aposentado,Superior,Média,2023-03-22,iOS,84 4816 3663
U04885,Alexandre,Pereira,oda-mota@example.net,15766105233.0,1970-01-01,Outro,PE,Viúvo/a,Empregado,Pós-graduação,Média,2023-03-22,Android,(081) 0419 2447
U00998,Juan,Mendonça,mcamara@example.org,85327403610.0,2005-05-22,Outro,CE,Solteiro/a,Empregado,Ensino Médio,Média,2023-03-23,Android,71 6664 0189
U04232,Davi Lucca,Pacheco,lopesmatteo@example.net,45975560127.0,1982-07-14,M,SP,Viúvo/a,Autônomo,Outro,Média,2023-03-23,Android,0900 494 9166
U00534,Arthur Gabriel,Fogaça,ana-juliacaldeira@example.org,60097008387.0,1972-09-24,Outro,PE,Viúvo/a,Empregado,Pós-graduação,Baixa,2023-03-24,Android,(051) 8675-9817
U00833,Gustavo Henrique,Alves,borgesmariah@example.com,17570043702.0,1983-09-09,F,PR,Casado/a,Desempregado,Outro,Média,2023-03-24,iOS,+55 (081) 9330-8703
U01115,Melissa,Campos,eduarda86@example.org,32457229382.0,1970-01-01,F,RS,Casado/a,Desempregado,Pós-graduação,Alta,2023-03-24,Android,+55 (051) 2967-2795
U01440,Davi,Araújo,wpeixoto@example.net,56398375363.0,1987-04-07,F,RS,Solteiro/a,Autônomo,Ensino Médio,Média,2023-03-24,Android,84 1385 3006
U02328,Caio,da Paz,xsales@example.com,76323915575.0,1980-08-02,Outro,RJ,Viúvo/a,Autônomo,Superior,Média,2023-03-24,Android,+55 (011) 3753 5763
U03551,Lorena,Porto,amarques@example.org,58382663449.0,1970-01-01,M,RS,Solteiro/a,Empregado,Ensino Médio,Alta,2023-03-24,iOS,(041) 7515 9227
U04673,Otto,Macedo,fonsecaemanuella@example.net,55799064719.0,1971-06-15,M,RS,Viúvo/a,Autônomo,Outro,Média,2023-03-24,iOS,11 6317-1278
U04855,Ian,Silveira,luanapacheco@example.com,56982377488.0,1970-01-01,Outro,PR,Divorciado/a,Desempregado,Superior,Baixa,2023-03-24,Android,(061) 3458 3415
U00664,Heitor,Fernandes,pachecopietro@example.com,36688120401.0,1978-06-08,F,BA,Divorciado/a,Autônomo,Outro,Baixa,2023-03-25,iOS,11 8791 4811
U02589,Kevin,Almeida,ana-sophiabarros@example.org,27705607968.0,1970-01-01,F,PR,Divorciado/a,Empregado,Pós-graduação,Alta,2023-03-25,Android,+55 (061) 0008 3200
U04903,Daniel,Vasconcelos,znovais@example.com,16742057637.0,1970-01-01,Outro,PR,Casado/a,Aposentado,Pós-graduação,Média,2023-03-25,iOS,+55 41 7124 1133
U00232,Vitor,da Rosa,maria57@example.com,94779398740.0,1970-01-01,M,PR,Divorciado/a,Empregado,Técnico,Média,2023-03-26,iOS,+55 (084) 0479-0775
U00247,Kamilly,Leão,duarteester@example.net,69455865925.0,2003-04-02,Outro,MG,Casado/a,Aposentado,Outro,Baixa,2023-03-26,iOS,0500 579 1009
U01196,Pedro Lucas,Teixeira,ocostela@example.org,96758510466.0,1986-03-30,F,SP,Divorciado/a,Autônomo,Ensino Médio,Média,2023-03-26,Android,(011) 0187 7492
U02167,Luísa,Mendonça,maria-luiza20@example.com,76058451975.0,1970-01-01,F,SP,Solteiro/a,Desempregado,Técnico,Alta,2023-03-26,Android,0300-820-6507
U02726,Cauê,Oliveira,benicio21@example.net,68281086320.0,2006-05-12,M,PE,Solteiro/a,Aposentado,Ensino Médio,Alta,2023-03-26,Android,+55 (071) 8755-2392
U03480,Isabel,Fernandes,ada-luz@example.net,17401056507.0,1970-01-01,Outro,PE,Casado/a,Aposentado,Superior,Alta,2023-03-26,iOS,0500-056-0288
U03552,Kevin,das Neves,francisco49@example.com,41435122078.0,1976-10-08,F,RJ,Casado/a,Estudante,Técnico,Alta,2023-03-26,iOS,71 0548-3627
U00800,Ana Julia,Sousa,umoreira@example.org,31915673324.0,1970-01-01,Outro,BA,Divorciado/a,Estudante,Ensino Médio,Baixa,2023-03-27,Android,+55 (084) 6723-7224
U01868,Olívia,Carvalho,gaelpeixoto@example.net,33324395141.0,1999-01-20,Outro,RS,Viúvo/a,Aposentado,Técnico,Baixa,2023-03-27,iOS,(021) 1624 8975
U01936,Ísis,Nascimento,ana-laurada-cunha@example.net,70486289862.0,1975-07-22,M,CE,Divorciado/a,Desempregado,Outro,Média,2023-03-27,iOS,+55 (041) 6008-2678
U02641,Davi Lucas,da Conceição,gcosta@example.org,75364035439.0,1970-01-01,Outro,MG,Solteiro/a,Desempregado,Superior,Baixa,2023-03-27,Android,+55 21 7424 4094
U02903,Marina,Barbosa,siqueiradavi-luiz@example.net,89980096665.0,2005-06-10,F,PE,Casado/a,Desempregado,Pós-graduação,Baixa,2023-03-27,iOS,+55 81 8947-6463
U04375,Pedro,Souza,apollorezende@example.com,18261242354.0,2001-09-21,Outro,CE,Divorciado/a,Autônomo,Outro,Baixa,2023-03-27,iOS,0500-743-6526
U01403,Brenda,Siqueira,sbarros@example.org,51398091471.0,1970-01-01,F,DF,Solteiro/a,Desempregado,Ensino Médio,Baixa,2023-03-28,Android,81 1139-9316
U04175,Erick,Novais,costaryan@example.org,20704931879.0,1999-02-23,F,PR,Casado/a,Aposentado,Pós-graduação,Baixa,2023-03-28,Android,+55 31 9962 0859
U04205,Caio,Peixoto,fernandesarthur-gabriel@example.net,33669350222.0,1970-06-26,Outro,RS,Viúvo/a,Desempregado,Pós-graduação,Alta,2023-03-28,iOS,+55 71 4755 7289
U01520,Maria Flor,Caldeira,alana92@example.net,72064153243.0,1997-01-03,M,PE,Viúvo/a,Desempregado,Pós-graduação,Baixa,2023-03-29,iOS,84 1575-4610
U03446,Maria Júlia,Sampaio,melina15@example.net,72198434679.0,1982-01-13,M,RS,Viúvo/a,Estudante,Outro,Alta,2023-03-29,Android,81 6796 6239
U04091,Bella,Camargo,montenegromaria-isis@example.net,18123722071.0,2005-06-08,Outro,CE,Viúvo/a,Estudante,Outro,Baixa,2023-03-29,Android,+55 (081) 7526 7902
U04195,Daniela,Cirino,nogueiraagatha@example.com,48107109144.0,1976-04-18,M,DF,Casado/a,Empregado,Ensino Médio,Alta,2023-03-29,Android,+55 71 0302 8374
U02867,Otto,Aparecida,diasvitoria@example.org,34706346604.0,1970-01-01,M,PE,Viúvo/a,Aposentado,Técnico,Média,2023-03-30,iOS,+55 21 0593-5271
U00854,Olivia,Nunes,ffernandes@example.net,46990256837.0,1988-01-21,M,PR,Divorciado/a,Autônomo,Outro,Média,2023-03-31,Android,+55 21 5107-4643
U01798,João Vitor,Siqueira,davi-lucca58@example.com,64497360686.0,1987-01-04,Outro,RJ,Viúvo/a,Aposentado,Outro,Baixa,2023-03-31,Android,(084) 5215 2457
U03485,Natália,Borges,davi-luizmontenegro@example.net,17924723427.0,1970-01-01,Outro,MG,Divorciado/a,Autônomo,Superior,Média,2023-03-31,iOS,+55 (061) 4322 0268
U03487,Théo,Pinto,beatriz28@example.com,19757968567.0,1970-01-01,M,RJ,Viúvo/a,Estudante,Outro,Média,2023-03-31,iOS,+55 21 8889-2718
U03635,Emanuel,Farias,rda-mata@example.net,83860802851.0,1999-01-03,M,RJ,Divorciado/a,Desempregado,Ensino Médio,Baixa,2023-03-31,iOS,+55 (061) 3911 5753
U04021,Letícia,Cunha,luiza73@example.com,62202738727.0,1970-01-01,F,SP,Viúvo/a,Desempregado,Pós-graduação,Alta,2023-03-31,iOS,+55 11 8593-9330
U04117,Paulo,Nogueira,enricopastor@example.org,40436627532.0,2003-04-02,M,RS,Solteiro/a,Empregado,Ensino Médio,Média,2023-03-31,iOS,61 6960 2211
U00193,Eduarda,Pacheco,camaraluiz-fernando@example.net,74896725794.0,1990-12-02,M,RJ,Solteiro/a,Empregado,Outro,Baixa,2023-04-01,iOS,+55 (011) 0541 8275
U01657,Fernando,da Rocha,sgomes@example.net,28970377642.0,1970-01-01,Outro,CE,Solteiro/a,Desempregado,Técnico,Média,2023-04-01,Android,+55 51 5759 8627
U02814,Aurora,Sampaio,ana-carolinaalbuquerque@example.net,81321377099.0,2001-07-30,Outro,BA,Divorciado/a,Desempregado,Outro,Baixa,2023-04-01,iOS,+55 (031) 7206-0639
U04930,Arthur Miguel,Silveira,kevin50@example.net,84352821754.0,1982-03-31,M,PE,Casado/a,Desempregado,Superior,Alta,2023-04-01,iOS,+55 (061) 7355 7810
U00474,Gael Henrique,da Mata,pireslucas@example.net,12786523592.0,2007-02-01,M,DF,Viúvo/a,Autônomo,Ensino Médio,Alta,2023-04-02,Android,+55 31 5069-0993
U00982,Laís,Câmara,rafaelabreu@example.org,89093297486.0,1970-01-01,M,SP,Divorciado/a,Aposentado,Outro,Baixa,2023-04-02,iOS,(021) 5933-9774
U01145,Melina,Lima,camargoana-julia@example.org,14651830198.0,1983-06-18,F,DF,Divorciado/a,Desempregado,Ensino Médio,Média,2023-04-02,Android,0900-032-6753
U01169,Noah,Novaes,luiz-gustavoferreira@example.com,94003224873.0,1972-07-08,Outro,RS,Solteiro/a,Autônomo,Ensino Médio,Média,2023-04-02,iOS,+55 51 6183 0442
U03858,Stella,Farias,maria-luisanovais@example.net,42877635926.0,1976-04-04,M,CE,Casado/a,Empregado,Superior,Alta,2023-04-02,iOS,41 5285 9825
U04339,Carlos Eduardo,Alves,vieiraana@example.com,26267429622.0,1981-09-24,F,CE,Casado/a,Empregado,Técnico,Média,2023-04-02,Android,(081) 8948-8796
U00248,Maria Sophia,da Paz,prezende@example.com,83535199088.0,1970-01-01,Outro,PR,Casado/a,Aposentado,Superior,Alta,2023-04-03,Android,+55 11 3318 9923
U01191,Paulo,Fonseca,uda-cunha@example.org,67930347329.0,1977-08-30,M,PR,Divorciado/a,Autônomo,Técnico,Alta,2023-04-03,iOS,31 9318-9412
U03682,Marcos Vinicius,Correia,gael82@example.net,17176294244.0,1970-01-01,F,CE,Divorciado/a,Autônomo,Ensino Médio,Média,2023-04-03,Android,41 7576-4642
U00388,Giovanna,Caldeira,maria-laura06@example.net,85314156185.0,1976-04-19,F,MG,Solteiro/a,Estudante,Técnico,Alta,2023-04-04,Android,(041) 7071-7836
U01328,Otávio,Dias,davi-lucasalbuquerque@example.com,10444233622.0,1995-11-19,Outro,MG,Viúvo/a,Autônomo,Pós-graduação,Alta,2023-04-04,Android,(081) 1036 0639
U02642,Noah,Pacheco,livia80@example.net,90753216628.0,1991-07-21,M,PE,Divorciado/a,Estudante,Técnico,Alta,2023-04-04,iOS,+55 (031) 1121 3173
U03463,Maria Helena,Pinto,beatrizlima@example.net,40852358094.0,1970-01-01,M,RJ,Viúvo/a,Empregado,Técnico,Baixa,2023-04-04,iOS,+55 (021) 0070-0393
U04012,Bruno,Moura,fogacaenrico@example.org,85855813291.0,1970-01-01,F,CE,Divorciado/a,Estudante,Ensino Médio,Média,2023-04-04,iOS,81 6172 0890
U04231,Luiz Miguel,Fonseca,marcelonovais@example.net,66896839472.0,1999-10-16,M,MG,Divorciado/a,Autônomo,Superior,Alta,2023-04-04,iOS,+55 41 8740 4396
U00044,Alexandre,Nascimento,sophiecosta@example.net,43991063839.0,1983-08-13,M,PR,Solteiro/a,Estudante,Superior,Baixa,2023-04-05,iOS,(051) 0533 7858
U01847,Yago,da Cunha,theodoroaparecida@example.org,35869523519.0,2000-10-19,Outro,PE,Divorciado/a,Empregado,Outro,Alta,2023-04-05,Android,+55 84 3346 7143
U02531,Augusto,Costela,bjesus@example.org,13567048339.0,1970-01-01,Outro,BA,Solteiro/a,Autônomo,Pós-graduação,Alta,2023-04-05,Android,(071) 7482 1341
U03735,Vitória,Cirino,henry93@example.net,33786555280.0,1980-11-19,Outro,PR,Casado/a,Aposentado,Técnico,Média,2023-04-05,Android,(081) 3414-4076
U04153,Isis,Moraes,heitorpacheco@example.net,17870321558.0,1970-01-01,F,CE,Viúvo/a,Empregado,Técnico,Alta,2023-04-05,iOS,0800 296 6706
U00933,José Miguel,Borges,marcos-vinicius37@example.net,53724325156.0,1970-01-01,Outro,RS,Casado/a,Estudante,Ensino Médio,Média,2023-04-06,iOS,+55 (041) 1533-9327
U02053,Luísa,Montenegro,isismelo@example.net,26500729622.0,1970-01-01,Outro,DF,Viúvo/a,Desempregado,Ensino Médio,Média,2023-04-06,iOS,(031) 6697-3917
U02424,Ana Lívia,Costela,emanuellycarvalho@example.net,59122844482.0,1970-01-01,M,PE,Divorciado/a,Aposentado,Pós-graduação,Baixa,2023-04-06,iOS,(011) 6066 1941
U02546,José Pedro,Pires,sbrito@example.org,68548790308.0,1970-01-01,Outro,BA,Viúvo/a,Estudante,Ensino Médio,Baixa,2023-04-06,iOS,+55 71 2623 4280
U01464,Vitor,da Costa,hadassada-mata@example.org,41599659870.0,1979-03-26,M,DF,Viúvo/a,Estudante,Outro,Baixa,2023-04-07,iOS,41 8001-2084
U01855,Maria Cecília,Fernandes,jpimenta@example.org,92415475120.0,1992-03-04,Outro,RJ,Viúvo/a,Aposentado,Outro,Baixa,2023-04-07,iOS,+55 (041) 1951 9339
U03349,Luigi,Silva,brayansantos@example.org,61232971978.0,1987-04-22,M,PR,Solteiro/a,Estudante,Pós-graduação,Baixa,2023-04-07,Android,(084) 1447-7684
U04362,Antony,Costa,vianaleandro@example.com,29113341826.0,2006-08-30,Outro,PE,Solteiro/a,Desempregado,Ensino Médio,Baixa,2023-04-07,iOS,+55 51 4203 5465
U02042,João Felipe,Lopes,siqueiramaria-helena@example.com,98510482798.0,1970-01-01,F,DF,Solteiro/a,Estudante,Pós-graduação,Média,2023-04-08,Android,(021) 0938 6071
U04954,Vitor Hugo,Siqueira,maria-liz61@example.net,84837907256.0,1985-11-15,M,BA,Solteiro/a,Aposentado,Técnico,Alta,2023-04-08,iOS,+55 (031) 2823-7421
U01367,Lucca,Sá,luarada-conceicao@example.net,22531878981.0,1970-01-01,Outro,BA,Divorciado/a,Estudante,Técnico,Média,2023-04-09,iOS,71 3561 7277
U03242,Fernando,da Costa,olivercavalcanti@example.net,34565073751.0,1996-05-01,M,RJ,Casado/a,Aposentado,Técnico,Baixa,2023-04-09,iOS,41 8407-7216
U00707,Davi Miguel,Nascimento,ccastro@example.org,77067149632.0,1970-10-08,Outro,BA,Casado/a,Desempregado,Superior,Baixa,2023-04-10,Android,61 0169-0516
U01579,Juliana,Montenegro,cecilia04@example.com,21580661034.0,1970-01-01,M,PR,Solteiro/a,Estudante,Técnico,Alta,2023-04-10,iOS,+55 (061) 0407-6727
U02056,Zoe,Silveira,abarbosa@example.org,47080697149.0,1970-01-01,M,RS,Solteiro/a,Estudante,Ensino Médio,Baixa,2023-04-10,Android,+55 (084) 2654-0817
U02355,Isabelly,Novaes,ana-vitoriajesus@example.net,73131928991.0,1971-07-29,M,MG,Viúvo/a,Aposentado,Outro,Alta,2023-04-10,iOS,+55 (061) 2209-1395
U03901,Ravi Lucca,Lima,castroalicia@example.org,49139593430.0,1970-05-06,Outro,RJ,Viúvo/a,Autônomo,Superior,Média,2023-04-10,iOS,+55 84 4596-9733
U01065,Pietro,Gonçalves,gustavo36@example.org,62104115601.0,1970-01-01,F,SP,Casado/a,Aposentado,Ensino Médio,Alta,2023-04-11,iOS,84 9818 8220
U01674,Lívia,Viana,isaquecunha@example.net,62898389702.0,1976-01-19,F,DF,Solteiro/a,Empregado,Ensino Médio,Média,2023-04-11,iOS,51 0674 7053
U02236,Mateus,Mendonça,araujodavi@example.com,31253104929.0,1977-09-27,Outro,PR,Viúvo/a,Desempregado,Ensino Médio,Alta,2023-04-11,Android,+55 (021) 0980-3845
U02539,Stella,Azevedo,da-cruzmaria-clara@example.org,83079543405.0,1974-06-25,F,RJ,Solteiro/a,Empregado,Superior,Alta,2023-04-11,iOS,+55 41 0708-6017
U04278,Juan,Gomes,lorenzo74@example.com,58361746515.0,1970-01-01,F,DF,Casado/a,Aposentado,Pós-graduação,Baixa,2023-04-11,Android,21 9218 2778
U04572,Isaac,Novaes,garciajoao-vitor@example.net,21059885887.0,1970-01-01,F,PE,Casado/a,Desempregado,Outro,Média,2023-04-11,Android,(081) 4179 7724
U00023,Raul,Cavalcanti,rafaelalopes@example.com,48590138610.0,1982-10-30,F,RJ,Solteiro/a,Estudante,Superior,Alta,2023-04-12,Android,+55 21 6574 1045
U02040,Maria Flor,Garcia,riosclara@example.com,46822021594.0,1972-10-20,M,BA,Viúvo/a,Empregado,Ensino Médio,Baixa,2023-04-12,iOS,(011) 6147 4591
U02179,Henrique,Garcia,manuellafreitas@example.com,31112038691.0,1995-03-06,Outro,PE,Viúvo/a,Aposentado,Ensino Médio,Média,2023-04-12,iOS,(071) 0029-0981
U03792,Benício,Gomes,enzo85@example.com,55334817933.0,1979-01-30,F,BA,Casado/a,Empregado,Pós-graduação,Baixa,2023-04-12,Android,0500-522-4434
U04146,Pedro Miguel,Cavalcante,guerrapietra@example.com,70629381748.0,1972-10-20,F,PE,Viúvo/a,Estudante,Superior,Alta,2023-04-12,Android,(051) 3714 8953
U04605,Joaquim,Alves,lucas51@example.com,60940850479.0,1986-11-09,Outro,SP,Divorciado/a,Desempregado,Técnico,Média,2023-04-12,Android,0900 752 4583
U04628,Rael,Alves,raviramos@example.net,13322691480.0,1987-10-01,Outro,RS,Viúvo/a,Desempregado,Ensino Médio,Média,2023-04-12,iOS,(041) 1513 5429
U01934,Mateus,Pires,isabelly68@example.org,72489031010.0,1970-01-01,F,PR,Divorciado/a,Estudante,Outro,Média,2023-04-13,Android,+55 (011) 3011 4988
U03501,Mathias,Nunes,vnovais@example.com,43674694962.0,1988-12-30,F,BA,Viúvo/a,Desempregado,Pós-graduação,Alta,2023-04-13,iOS,0800-222-5790
U03804,Marcelo,Sampaio,maria-lizvargas@example.com,64482459314.0,1991-07-27,M,BA,Viúvo/a,Estudante,Pós-graduação,Média,2023-04-13,Android,+55 71 6610-4511
U00870,Vinícius,Pinto,limalarissa@example.org,28047613739.0,1970-01-01,Outro,BA,Casado/a,Autônomo,Pós-graduação,Alta,2023-04-14,iOS,+55 41 7238-3622
U00963,Juliana,Pimenta,joana47@example.com,17270689445.0,1970-01-01,Outro,DF,Solteiro/a,Empregado,Pós-graduação,Média,2023-04-14,iOS,+55 (071) 1001 5828
U03627,Murilo,Marques,alice81@example.com,28508023080.0,1970-01-01,M,PR,Solteiro/a,Desempregado,Superior,Alta,2023-04-14,iOS,0300 871 2804
U04134,Heitor,Souza,rafaelcamargo@example.org,12620422314.0,1970-01-01,F,SP,Divorciado/a,Autônomo,Ensino Médio,Baixa,2023-04-14,iOS,(061) 7481-4629
U00093,João Felipe,Ribeiro,salesgabriel@example.com,67136707961.0,1970-01-01,M,BA,Casado/a,Empregado,Superior,Baixa,2023-04-15,iOS,+55 (031) 4492-9289
U00246,Maria Laura,Correia,andrecarvalho@example.org,44730294120.0,2004-07-13,Outro,RJ,Viúvo/a,Desempregado,Ensino Médio,Média,2023-04-15,Android,(051) 0661 9639
U00654,Benício,Mendes,ryan08@example.com,86826243062.0,1982-04-25,Outro,DF,Solteiro/a,Estudante,Outro,Baixa,2023-04-15,iOS,+55 (084) 4981 8907
U02966,Pedro Miguel,Santos,leonardo40@example.org,69381888429.0,2007-01-18,M,DF,Solteiro/a,Autônomo,Outro,Alta,2023-04-15,iOS,+55 (041) 7574 1283
U03058,Enrico,da Conceição,silvarael@example.net,67439855114.0,1977-10-14,Outro,CE,Viúvo/a,Empregado,Ensino Médio,Alta,2023-04-15,iOS,41 4162-3050
U04363,Henry Gabriel,Teixeira,pietrobarros@example.com,39578303751.0,1971-12-08,Outro,SP,Viúvo/a,Autônomo,Técnico,Baixa,2023-04-15,Android,+55 84 1072 7594
U04427,Ana Carolina,Câmara,salesmateus@example.com,11272128434.0,1971-05-28,Outro,SP,Solteiro/a,Empregado,Pós-graduação,Média,2023-04-15,Android,21 3438-7244
U01276,Benjamim,Gomes,gomesgabrielly@example.org,43523053629.0,1970-01-01,Outro,SP,Divorciado/a,Autônomo,Pós-graduação,Média,2023-04-16,iOS,+55 61 2066-3931
U01293,Isadora,da Mata,kribeiro@example.org,13356311356.0,1970-01-01,F,RJ,Divorciado/a,Empregado,Outro,Média,2023-04-16,Android,(071) 9218-1996
U04574,Carlos Eduardo,Nascimento,liviada-costa@example.net,32294213484.0,1998-02-14,F,DF,Viúvo/a,Autônomo,Técnico,Alta,2023-04-16,iOS,+55 31 5428-3567
U04918,Calebe,Nogueira,ian89@example.net,93251437616.0,1994-07-09,F,RJ,Solteiro/a,Desempregado,Outro,Baixa,2023-04-16,iOS,(084) 3173 2527
U00841,Pietra,Mendonça,kcardoso@example.com,48164549914.0,1970-03-04,F,RS,Viúvo/a,Autônomo,Ensino Médio,Baixa,2023-04-18,Android,+55 71 5390 5457
U02296,Emilly,Fernandes,jandrade@example.net,46905305461.0,2004-07-29,Outro,RS,Solteiro/a,Desempregado,Pós-graduação,Média,2023-04-18,Android,(041) 8329 7304
U03066,Yago,Castro,eduardacorreia@example.org,67291366959.0,1970-01-01,M,SP,Divorciado/a,Desempregado,Pós-graduação,Baixa,2023-04-18,Android,+55 61 7330-3229
U03120,Leandro,Fernandes,fernandesrafaela@example.net,38477565160.0,1970-01-01,Outro,RS,Divorciado/a,Estudante,Técnico,Alta,2023-04-18,iOS,+55 (084) 3378-0814
U03227,Cecília,Azevedo,da-motaravi@example.net,58547616675.0,1970-01-01,Outro,RS,Divorciado/a,Estudante,Pós-graduação,Média,2023-04-18,Android,+55 (081) 9176 9791
U00218,Nina,Jesus,xcorreia@example.com,46047849611.0,1978-09-21,Outro,BA,Casado/a,Empregado,Superior,Alta,2023-04-19,iOS,+55 51 2056 2961
U00829,Isis,Carvalho,vsa@example.org,18263488572.0,1970-01-01,F,PR,Solteiro/a,Empregado,Ensino Médio,Baixa,2023-04-19,Android,+55 31 4740 5400
U00897,Ian,Cardoso,diasantonella@example.org,45085669399.0,1970-01-01,M,RS,Divorciado/a,Estudante,Outro,Alta,2023-04-19,Android,0900-467-5788
U02673,Bella,Pires,vargasjose-pedro@example.com,36278690284.0,1994-10-12,F,BA,Solteiro/a,Estudante,Técnico,Média,2023-04-19,iOS,84 0958-1552
U02723,Ana Luiza,Azevedo,mcavalcante@example.org,24871681857.0,2000-08-07,Outro,RS,Viúvo/a,Aposentado,Técnico,Alta,2023-04-19,Android,+55 41 1408-6880
U04531,Bárbara,Martins,luiz-otavio77@example.net,86659476684.0,1995-10-17,M,SP,Divorciado/a,Desempregado,Superior,Alta,2023-04-19,iOS,0800 321 9430
U01701,Stella,Sales,rodriguesdaniela@example.net,49309829757.0,1989-03-02,Outro,CE,Divorciado/a,Autônomo,Pós-graduação,Alta,2023-04-20,iOS,31 9638 3499
U03332,Noah,da Cunha,hellena70@example.net,54661857834.0,1970-01-01,M,SP,Viúvo/a,Desempregado,Outro,Baixa,2023-04-20,Android,21 3395-8848
U04474,Jade,da Mata,joaquim29@example.org,25740782897.0,2004-09-26,M,PR,Viúvo/a,Autônomo,Ensino Médio,Baixa,2023-04-20,iOS,71 8445-0203
U04571,Isaac,Guerra,ravy00@example.net,72916042984.0,1979-06-06,Outro,MG,Solteiro/a,Desempregado,Superior,Baixa,2023-04-20,iOS,+55 51 2293 3510
U02984,Liam,Camargo,cardosobenicio@example.net,41414043385.0,2001-10-28,F,BA,Viúvo/a,Empregado,Superior,Alta,2023-04-21,iOS,(071) 6971-1051
U04476,Carolina,Rodrigues,esilva@example.org,59971314951.0,1984-03-05,Outro,BA,Casado/a,Autônomo,Ensino Médio,Média,2023-04-21,iOS,0300 504 3537
U00476,Gabriel,Fernandes,uviana@example.net,61440771119.0,1994-12-24,M,PE,Divorciado/a,Autônomo,Pós-graduação,Baixa,2023-04-22,Android,+55 41 2685 2388
U00486,Bianca,Ramos,castrofrancisco@example.net,62775949215.0,2004-08-09,F,MG,Viúvo/a,Empregado,Outro,Baixa,2023-04-22,iOS,+55 (021) 5533 8721
U02950,Caio,Leão,pcunha@example.org,40789818390.0,1980-02-17,M,RJ,Solteiro/a,Empregado,Técnico,Média,2023-04-22,Android,+55 (081) 5977 4793
U03965,Nathan,da Mota,barrosnatalia@example.org,86518981130.0,1970-01-01,M,DF,Casado/a,Aposentado,Técnico,Média,2023-04-22,iOS,+55 (041) 9360 8448
U00123,Cauã,Nunes,barrosbenicio@example.org,20258742206.0,1970-01-01,F,CE,Viúvo/a,Autônomo,Pós-graduação,Média,2023-04-23,Android,0900 838 8874
U01500,Léo,Aragão,ada-cruz@example.net,19455539603.0,1995-09-18,M,CE,Solteiro/a,Empregado,Ensino Médio,Alta,2023-04-23,Android,+55 81 2962 3671
U01945,João Gabriel,Cavalcanti,vitor-gabriel84@example.org,18120259594.0,1981-01-22,F,RS,Solteiro/a,Aposentado,Pós-graduação,Média,2023-04-23,iOS,+55 61 4654-4731
U03350,Helena,Casa Grande,pedro-miguelduarte@example.com,23557888229.0,1978-08-03,F,PR,Solteiro/a,Desempregado,Outro,Baixa,2023-04-23,iOS,+55 21 4083 4950
U04369,Gustavo,Rodrigues,dmendes@example.com,57178543808.0,2002-06-01,F,BA,Solteiro/a,Aposentado,Superior,Alta,2023-04-23,iOS,+55 (031) 1511 1322
U01129,Olívia,Almeida,ravyfonseca@example.net,27462998678.0,1985-06-23,M,RJ,Divorciado/a,Aposentado,Outro,Baixa,2023-04-24,iOS,+55 (011) 8301 7356
U04870,Gustavo Henrique,da Cruz,isabela26@example.com,13023429235.0,1973-12-13,Outro,CE,Viúvo/a,Autônomo,Outro,Alta,2023-04-24,Android,+55 11 7315-1123
U04143,Jade,Sousa,ecasa-grande@example.com,82742047316.0,1970-01-01,M,MG,Divorciado/a,Estudante,Superior,Baixa,2023-04-25,Android,+55 (071) 4611 9077
U04804,Beatriz,Marques,da-motastephany@example.org,87894833325.0,1984-05-02,F,SP,Divorciado/a,Aposentado,Outro,Baixa,2023-04-25,iOS,(061) 6026 8182
U00010,Isabel,Pacheco,caue41@example.net,52562839560.0,1970-01-01,Outro,BA,Divorciado/a,Empregado,Pós-graduação,Média,2023-04-26,iOS,+55 (061) 1183 8617
U00614,Aylla,Carvalho,claricevasconcelos@example.net,44526560704.0,1977-09-11,Outro,RJ,Divorciado/a,Empregado,Pós-graduação,Média,2023-04-26,Android,+55 (071) 2419-9364
U01707,Ana,Caldeira,orezende@example.org,62164126122.0,1987-08-25,M,BA,Casado/a,Autônomo,Superior,Alta,2023-04-26,iOS,+55 (061) 4422-8712
U02071,Ester,Cavalcante,cda-cruz@example.com,47236244440.0,2000-03-18,M,BA,Solteiro/a,Desempregado,Técnico,Alta,2023-04-26,iOS,+55 (051) 8229-9987
U02381,Luiz Henrique,Fonseca,cunhamaria-luiza@example.com,66047576859.0,1998-04-19,F,MG,Divorciado/a,Estudante,Outro,Média,2023-04-26,iOS,+55 11 5923 0812
U04625,Olivia,da Conceição,fernandesana@example.org,95926422268.0,1985-05-02,M,SP,Divorciado/a,Desempregado,Outro,Alta,2023-04-26,Android,+55 31 8102-1611
U02493,Sophie,Garcia,jesusrodrigo@example.com,55977564022.0,1970-01-01,F,RJ,Viúvo/a,Autônomo,Ensino Médio,Baixa,2023-04-27,Android,61 3510 2914
U03102,Camila,Peixoto,rnovais@example.com,57916425066.0,1970-01-01,M,PR,Casado/a,Desempregado,Técnico,Baixa,2023-04-27,Android,0500-427-2440
U03315,Maria Luiza,Garcia,maria-julia65@example.net,80460297558.0,1974-02-04,M,BA,Viúvo/a,Aposentado,Técnico,Baixa,2023-04-27,Android,+55 (071) 4249 6137
U03556,Larissa,Duarte,hellena85@example.org,57356220674.0,1970-01-01,F,BA,Casado/a,Desempregado,Outro,Média,2023-04-27,Android,+55 31 4589-3768
U03756,Rodrigo,Silva,esterteixeira@example.org,10199920988.0,1973-04-30,M,SP,Divorciado/a,Empregado,Ensino Médio,Média,2023-04-27,iOS,+55 84 2910-5656
U04109,Raquel,Sampaio,allana08@example.net,26275129038.0,2006-12-31,Outro,RJ,Divorciado/a,Desempregado,Pós-graduação,Alta,2023-04-27,Android,+55 41 0230-8070
U04638,Gael,Machado,alana07@example.com,84272404437.0,1970-01-01,F,CE,Viúvo/a,Empregado,Técnico,Baixa,2023-04-27,iOS,+55 41 3027-1418
U04777,Erick,Pereira,xazevedo@example.org,81397220687.0,1971-04-30,M,DF,Divorciado/a,Estudante,Outro,Média,2023-04-27,Android,+55 41 4682 9293
U01090,Luiz Otávio,das Neves,cbarros@example.net,75612405794.0,1970-01-01,Outro,DF,Viúvo/a,Aposentado,Ensino Médio,Alta,2023-04-28,Android,+55 (031) 7098-2468
U02484,Esther,Andrade,yagoleao@example.net,37428258798.0,2005-05-10,M,MG,Divorciado/a,Aposentado,Superior,Alta,2023-04-28,iOS,+55 41 2012-3994
U03244,Benício,Almeida,eribeiro@example.net,61977022493.0,1970-01-01,F,DF,Viúvo/a,Desempregado,Ensino Médio,Baixa,2023-04-28,Android,0300 826 1852
U04114,Bruna,Nogueira,gpeixoto@example.net,21550164973.0,1994-01-25,Outro,RS,Viúvo/a,Autônomo,Pós-graduação,Baixa,2023-04-28,iOS,(081) 1471 7900
U00134,Maria Cecília,da Mata,maria-julia70@example.org,53301462212.0,1979-08-23,F,CE,Solteiro/a,Estudante,Ensino Médio,Baixa,2023-04-29,iOS,+55 (061) 9760-7629
U00239,Henry,Souza,maria-luiza53@example.org,77152498049.0,1986-01-28,Outro,CE,Solteiro/a,Estudante,Ensino Médio,Média,2023-04-29,Android,+55 11 9691 2651
U03301,Caroline,Azevedo,ramosyago@example.com,55379379930.0,1970-01-01,Outro,RJ,Solteiro/a,Autônomo,Outro,Alta,2023-04-29,iOS,81 4873 7267
U03749,Sarah,Leão,theodoro77@example.net,84874511364.0,1978-07-27,Outro,BA,Solteiro/a,Aposentado,Superior,Alta,2023-04-29,iOS,31 2208-0253
U04014,Matheus,Almeida,elisa17@example.net,58009224450.0,1970-01-01,M,PR,Solteiro/a,Desempregado,Outro,Baixa,2023-04-29,Android,21 4289-4190
U00549,Pedro Miguel,Cardoso,da-rochaemanuella@example.org,75199763324.0,1975-05-14,M,SP,Casado/a,Aposentado,Técnico,Média,2023-04-30,Android,61 1009-5779
U02196,Luiz Henrique,Araújo,qgarcia@example.com,70331829353.0,1970-01-01,F,MG,Solteiro/a,Empregado,Ensino Médio,Média,2023-04-30,iOS,+55 (081) 7077-3255
U02341,Laís,da Paz,maria-fernanda41@example.com,26528500485.0,1970-01-01,Outro,PR,Casado/a,Autônomo,Técnico,Alta,2023-04-30,iOS,(061) 5899-2342
U02110,Catarina,Sousa,ana-beatrizpinto@example.net,10363350761.0,1986-05-06,M,RJ,Casado/a,Estudante,Técnico,Média,2023-05-01,iOS,+55 84 4386-4725
U02504,Ana Liz,Mendes,sacecilia@example.com,43660633170.0,1970-01-01,Outro,SP,Divorciado/a,Estudante,Pós-graduação,Baixa,2023-05-01,Android,(011) 5592-1809
U03206,Vinicius,Peixoto,da-rochamaria-eduarda@example.com,67751791086.0,2001-06-24,F,PE,Viúvo/a,Desempregado,Técnico,Alta,2023-05-01,iOS,(031) 7322 0443
U03640,Davi Luiz,Borges,pimentadanilo@example.com,79655931194.0,1970-01-01,M,DF,Casado/a,Estudante,Outro,Alta,2023-05-01,Android,(021) 3835 2741
U03688,Arthur Gabriel,Almeida,matheusviana@example.com,33499256985.0,2006-12-26,F,DF,Viúvo/a,Autônomo,Outro,Alta,2023-05-01,iOS,+55 81 0850-9010
U01997,Davi Miguel,Santos,melissa85@example.com,64776306688.0,1994-06-13,Outro,BA,Solteiro/a,Empregado,Pós-graduação,Média,2023-05-02,Android,(061) 5716 5808
U04712,Kamilly,Pacheco,mda-mata@example.org,36111949784.0,2005-10-31,F,PE,Casado/a,Empregado,Superior,Alta,2023-05-02,iOS,0800-622-0481
U03842,Dom,Dias,ivargas@example.com,14339532312.0,1998-07-16,Outro,RS,Divorciado/a,Autônomo,Técnico,Baixa,2023-05-03,Android,+55 71 8998-6078
U03925,Cauê,das Neves,wpastor@example.com,41081594142.0,1986-02-15,Outro,DF,Solteiro/a,Aposentado,Outro,Alta,2023-05-03,iOS,+55 51 2876 0047
U04794,Danilo,Borges,pbarros@example.net,77362197931.0,1997-02-26,M,CE,Casado/a,Aposentado,Outro,Baixa,2023-05-03,iOS,+55 (021) 1897-4511
U02549,Maria Luísa,Borges,yleao@example.net,35477060588.0,2002-09-30,F,CE,Casado/a,Estudante,Outro,Alta,2023-05-04,Android,+55 51 1210 1717
U02636,Ana Sophia,Sales,josebrito@example.org,52449067475.0,1990-03-24,Outro,RJ,Divorciado/a,Aposentado,Outro,Média,2023-05-04,Android,31 3149-7053
U02757,Sophia,Castro,kcasa-grande@example.net,20762952712.0,1981-12-09,M,RJ,Viúvo/a,Desempregado,Ensino Médio,Baixa,2023-05-04,iOS,71 7527-3515
U04221,Marcos Vinicius,Andrade,olivia10@example.org,43913936387.0,1970-01-01,Outro,PR,Solteiro/a,Estudante,Técnico,Média,2023-05-04,iOS,+55 (021) 0812-3607
U00199,Vinicius,Novais,olima@example.org,53777450753.0,1973-09-24,F,PR,Divorciado/a,Aposentado,Outro,Média,2023-05-05,iOS,41 0209-3497
U00547,Isadora,Brito,diogocirino@example.com,39137329044.0,1970-01-01,M,BA,Viúvo/a,Estudante,Ensino Médio,Média,2023-05-05,iOS,(031) 8396 9790
U02132,Fernando,Santos,omendonca@example.org,21687173342.0,1973-10-08,F,RS,Divorciado/a,Empregado,Superior,Alta,2023-05-05,Android,+55 (084) 2909-1644
U02705,Brenda,Sales,fcavalcanti@example.com,97189853813.0,1999-02-17,Outro,RJ,Divorciado/a,Aposentado,Técnico,Baixa,2023-05-05,iOS,(041) 4545-3651
U03617,Dom,Cunha,anthony68@example.com,11358743483.0,1970-01-01,F,CE,Casado/a,Desempregado,Ensino Médio,Média,2023-05-05,iOS,0800-615-8786
U00066,Gabriela,Moura,souzapedro-lucas@example.com,72978398493.0,1970-01-01,F,PE,Casado/a,Desempregado,Outro,Alta,2023-05-07,iOS,0800-126-8035
U02023,Maysa,Cassiano,josue18@example.org,56996149912.0,1970-01-01,Outro,PE,Solteiro/a,Aposentado,Superior,Média,2023-05-07,iOS,+55 (071) 8463-5542
U03343,Isabel,Casa Grande,vicentevasconcelos@example.org,38941563476.0,1983-05-25,F,DF,Viúvo/a,Empregado,Pós-graduação,Alta,2023-05-07,Android,+55 71 3949 7173
U04867,Sofia,Abreu,arthur-gabrielvargas@example.net,95875681025.0,1988-07-19,M,SP,Solteiro/a,Estudante,Pós-graduação,Alta,2023-05-07,Android,+55 61 2292 8869
U00160,Daniel,Borges,helena09@example.com,27450929070.0,1999-08-03,Outro,PR,Viúvo/a,Autônomo,Outro,Baixa,2023-05-08,iOS,+55 (021) 2924 2312
U01043,Clara,Lopes,spereira@example.net,69813172727.0,1970-01-01,Outro,BA,Solteiro/a,Empregado,Superior,Baixa,2023-05-08,Android,+55 (081) 9796-9979
U01438,Raul,da Mota,wfarias@example.org,14012303896.0,1987-01-09,M,SP,Casado/a,Aposentado,Técnico,Média,2023-05-08,Android,(051) 3250-0722
U02250,Bruno,Castro,isabelacardoso@example.org,34391377018.0,1970-01-01,M,MG,Casado/a,Aposentado,Pós-graduação,Média,2023-05-08,Android,(061) 3096 2371
U03448,Marina,Siqueira,guilherme68@example.net,64080120066.0,1978-01-22,M,PR,Divorciado/a,Desempregado,Pós-graduação,Baixa,2023-05-08,iOS,0900 615 8975
U00969,Thomas,Lima,moraesdavi-lucca@example.com,60343745904.0,1978-11-27,F,PE,Viúvo/a,Estudante,Ensino Médio,Baixa,2023-05-09,iOS,+55 84 1718-5345
U01061,Maitê,da Paz,da-matamaria-vitoria@example.net,33710341389.0,1999-02-08,Outro,DF,Divorciado/a,Autônomo,Técnico,Alta,2023-05-09,Android,(041) 8788 0830
U03175,Gustavo,da Rosa,leaoenzo-gabriel@example.org,44523657423.0,1970-01-01,M,SP,Casado/a,Estudante,Técnico,Alta,2023-05-09,Android,+55 (061) 1046-7839
U03365,Olivia,Duarte,juanmelo@example.com,88054324238.0,1970-01-01,M,SP,Solteiro/a,Desempregado,Outro,Baixa,2023-05-09,Android,0800 191 9831
U03802,Eloah,Cavalcante,ucardoso@example.org,51099450981.0,1983-04-02,Outro,PR,Solteiro/a,Autônomo,Outro,Média,2023-05-09,Android,(041) 6876-5859
U04191,Luiz Miguel,Carvalho,raulsouza@example.com,18043406026.0,1970-01-01,M,CE,Divorciado/a,Autônomo,Ensino Médio,Alta,2023-05-09,Android,51 9087 9752
U04356,Levi,Teixeira,gsouza@example.net,71790088829.0,1998-10-05,Outro,PE,Casado/a,Aposentado,Técnico,Baixa,2023-05-09,Android,(021) 0396 8561
U01583,Jade,Duarte,bfernandes@example.net,76422048231.0,2002-05-13,Outro,PE,Viúvo/a,Desempregado,Técnico,Média,2023-05-10,Android,(081) 9232-2322
U01805,Gustavo Henrique,Rios,gda-cunha@example.net,86229609263.0,2002-08-21,F,CE,Solteiro/a,Estudante,Superior,Baixa,2023-05-10,Android,(071) 7423 5271
U02171,Melissa,Cavalcante,estheraparecida@example.org,27409024048.0,2000-03-31,M,DF,Viúvo/a,Empregado,Outro,Alta,2023-05-10,Android,+55 51 7728 0561
U04576,Nina,Oliveira,dvargas@example.org,25712447184.0,1970-01-01,F,MG,Divorciado/a,Autônomo,Superior,Alta,2023-05-10,iOS,0900 780 1478
U04447,Gabriel,das Neves,cfonseca@example.com,84811736536.0,1970-01-01,Outro,PE,Viúvo/a,Autônomo,Pós-graduação,Média,2023-05-11,Android,0300-380-4022
U04758,Benício,Leão,ecarvalho@example.org,72627921453.0,1998-05-29,F,CE,Solteiro/a,Aposentado,Outro,Média,2023-05-11,iOS,+55 (084) 5850 5212
U01827,Ravi Lucca,Rocha,cauabarbosa@example.org,28425798502.0,2004-12-23,F,MG,Viúvo/a,Autônomo,Superior,Alta,2023-05-12,iOS,51 5093 9759
U02230,Thales,Santos,lunna18@example.com,59743278599.0,1970-01-01,F,BA,Casado/a,Empregado,Pós-graduação,Alta,2023-05-12,Android,(021) 8582-2785
U03248,Natália,Barros,esterda-rocha@example.com,42723895889.0,1987-05-09,Outro,DF,Divorciado/a,Estudante,Pós-graduação,Alta,2023-05-12,Android,(081) 3581 8649
U00283,Renan,Borges,qlopes@example.org,96204474015.0,1970-01-01,Outro,PR,Casado/a,Autônomo,Técnico,Alta,2023-05-13,Android,41 1224 0814
U01045,Luiz Miguel,Pereira,santosmariane@example.org,89353328861.0,1997-01-09,F,SP,Divorciado/a,Autônomo,Superior,Baixa,2023-05-13,iOS,+55 (041) 5011 0984
U01275,Benjamim,da Luz,limadavi@example.net,18004176114.0,2000-03-24,F,MG,Viúvo/a,Autônomo,Pós-graduação,Média,2023-05-13,Android,+55 (061) 7697 2760
U04089,Murilo,Albuquerque,palmeida@example.net,62023766591.0,1996-11-16,F,MG,Solteiro/a,Desempregado,Outro,Alta,2023-05-13,iOS,0900-185-0555
U04530,Marcos Vinicius,Fernandes,maria-florsilva@example.org,61237856596.0,1984-05-08,M,MG,Viúvo/a,Aposentado,Técnico,Alta,2023-05-13,iOS,+55 (011) 5876-7953
U00923,Luna,Pimenta,barbosalaura@example.com,93576799274.0,1974-01-23,F,RS,Solteiro/a,Autônomo,Pós-graduação,Alta,2023-05-14,Android,81 4069 7539
U02061,Gabrielly,Ramos,luiz-gustavo58@example.com,44794941806.0,1985-03-22,F,RJ,Solteiro/a,Autônomo,Pós-graduação,Média,2023-05-14,iOS,(041) 1642 7324
U02563,Vitor Hugo,Nogueira,zpastor@example.net,78205016094.0,1973-05-21,M,CE,Viúvo/a,Desempregado,Pós-graduação,Baixa,2023-05-14,iOS,(021) 3562-0464
U02958,Eduarda,Rocha,clopes@example.com,59198444833.0,1997-11-24,M,PE,Casado/a,Desempregado,Ensino Médio,Baixa,2023-05-14,iOS,+55 84 2087-2611
U04637,Eloah,Pastor,ravy34@example.com,99179632322.0,2004-07-19,F,RS,Casado/a,Autônomo,Pós-graduação,Alta,2023-05-14,iOS,21 9239 3980
U00012,Yuri,Monteiro,ninanunes@example.com,70715407820.0,1987-12-27,Outro,BA,Casado/a,Estudante,Ensino Médio,Baixa,2023-05-15,Android,21 5563 2167
U00233,Rodrigo,Peixoto,camposdom@example.net,24054667926.0,2000-07-01,Outro,MG,Casado/a,Estudante,Técnico,Alta,2023-05-15,Android,+55 71 9415-5857
U01144,Jade,Almeida,da-luzeloa@example.com,46003206923.0,1982-09-13,F,RS,Casado/a,Aposentado,Ensino Médio,Alta,2023-05-15,iOS,0500 093 1455
U01916,Heloisa,Peixoto,thomas34@example.org,12426869262.0,1999-05-13,F,PR,Viúvo/a,Aposentado,Ensino Médio,Média,2023-05-15,iOS,+55 (061) 2552 9285
U03415,Rhavi,Jesus,portonoah@example.com,25682498384.0,1987-02-21,F,RJ,Viúvo/a,Aposentado,Técnico,Alta,2023-05-15,iOS,+55 41 4121-2297
U03581,Liz,Mendonça,helena05@example.org,39260427364.0,1970-01-01,Outro,DF,Casado/a,Autônomo,Superior,Alta,2023-05-15,Android,21 0889-5114
U01127,Bryan,Carvalho,mbrito@example.com,27604070211.0,1970-01-01,Outro,CE,Solteiro/a,Desempregado,Outro,Média,2023-05-16,Android,+55 (011) 2187 9638
U02242,Benjamin,Nogueira,rlima@example.net,36991346274.0,1970-01-01,M,PR,Solteiro/a,Desempregado,Superior,Média,2023-05-16,iOS,0900 125 6906
U03097,Maria Liz,da Costa,fda-costa@example.com,82873978793.0,1970-01-01,Outro,RJ,Divorciado/a,Estudante,Superior,Baixa,2023-05-16,iOS,+55 (051) 3275 5596
U04173,Agatha,Montenegro,cassianogabriel@example.net,75243162230.0,1970-01-01,Outro,RJ,Solteiro/a,Estudante,Pós-graduação,Alta,2023-05-16,Android,0800 699 9180
U04424,Alana,Costela,bryancosta@example.net,55110344441.0,2003-11-28,Outro,PR,Viúvo/a,Autônomo,Técnico,Média,2023-05-16,iOS,+55 (031) 7662 0481
U00041,Bianca,Sousa,qalbuquerque@example.com,52161396035.0,2006-03-07,M,CE,Solteiro/a,Desempregado,Técnico,Média,2023-05-17,Android,+55 (071) 6989 8010
U02413,Rafael,Oliveira,machadobianca@example.com,46426681962.0,1987-06-17,F,RJ,Casado/a,Estudante,Outro,Média,2023-05-17,iOS,71 4270 1694
U04757,Maria Flor,Sales,ramosclarice@example.net,38865475078.0,1970-01-01,F,DF,Solteiro/a,Autônomo,Superior,Baixa,2023-05-17,iOS,0800 007 4304
U04905,Ana Sophia,Novais,camargohelena@example.com,62740471850.0,1970-01-01,M,RJ,Viúvo/a,Autônomo,Pós-graduação,Baixa,2023-05-17,iOS,+55 (011) 8408-5744
U00732,Isadora,da Rosa,mendessophia@example.net,67944747862.0,1970-01-01,M,MG,Casado/a,Autônomo,Superior,Média,2023-05-18,iOS,11 4525-6871
U01677,Cecília,Almeida,guerragabrielly@example.org,71473064480.0,2000-11-30,Outro,CE,Viúvo/a,Autônomo,Técnico,Alta,2023-05-18,iOS,+55 51 3520 1471
U03999,Bianca,Costa,silveiraravi@example.org,26535803247.0,1986-06-18,Outro,RS,Divorciado/a,Estudante,Técnico,Alta,2023-05-18,Android,+55 (031) 1233 0222
U04201,Luara,Borges,oaparecida@example.org,85520255371.0,1993-01-06,Outro,BA,Divorciado/a,Aposentado,Superior,Alta,2023-05-18,Android,71 7255-6883
U01285,Yuri,Freitas,maria-eduardacarvalho@example.com,39274839652.0,1977-02-05,M,MG,Divorciado/a,Aposentado,Ensino Médio,Baixa,2023-05-19,iOS,31 5856-5727
U00163,Brenda,Aparecida,vmoreira@example.com,22838987436.0,1970-01-01,F,RS,Viúvo/a,Aposentado,Ensino Médio,Baixa,2023-05-20,Android,(051) 1129 2933
U00802,Camila,Borges,martinsbarbara@example.org,59439774557.0,1970-01-01,F,PE,Solteiro/a,Empregado,Superior,Média,2023-05-20,Android,51 8007 3765
U02112,Léo,Caldeira,jade07@example.net,21357256830.0,1978-10-03,F,SP,Divorciado/a,Autônomo,Técnico,Alta,2023-05-20,Android,0800-068-2347
U02568,Caroline,da Cruz,breno40@example.com,12468764845.0,1970-01-01,F,RJ,Divorciado/a,Aposentado,Pós-graduação,Média,2023-05-20,Android,(084) 5278-4268
U03292,Francisco,Melo,joana02@example.org,59383107849.0,1970-01-01,F,DF,Casado/a,Empregado,Técnico,Média,2023-05-20,Android,71 3236-9333
U00047,Maria Isis,Novaes,clarasantos@example.com,71499271437.0,2005-09-25,F,RS,Casado/a,Empregado,Pós-graduação,Baixa,2023-05-21,Android,+55 61 8441 6050
U00087,Thomas,Câmara,mpimenta@example.net,84616260685.0,2007-03-20,Outro,RJ,Viúvo/a,Estudante,Superior,Média,2023-05-21,iOS,+55 (031) 5919 5579
U00454,Maria Luísa,Pacheco,maria-flor83@example.org,58265677264.0,2006-07-28,F,CE,Solteiro/a,Autônomo,Outro,Média,2023-05-21,iOS,41 1328-3678
U00875,Otávio,Nogueira,nborges@example.com,73944553055.0,1975-10-30,Outro,CE,Casado/a,Desempregado,Superior,Alta,2023-05-21,iOS,11 8774 2148
U00984,Maria Alice,Gonçalves,gjesus@example.net,67842490978.0,1970-01-01,M,MG,Divorciado/a,Empregado,Superior,Média,2023-05-21,Android,+55 (011) 1407-0679
U01384,Larissa,da Mata,nogueiramaya@example.com,16665927094.0,2006-08-02,M,SP,Solteiro/a,Aposentado,Pós-graduação,Baixa,2023-05-21,Android,31 0714 8083
U01521,Ryan,Ramos,uda-cunha@example.com,61013876379.0,1970-01-01,F,PE,Solteiro/a,Aposentado,Técnico,Baixa,2023-05-21,Android,+55 71 7136-9721
U02095,Arthur,Moraes,ngoncalves@example.net,63876651097.0,1990-01-04,Outro,PR,Casado/a,Estudante,Técnico,Média,2023-05-21,iOS,0800 854 2430
U02721,Henrique,Silveira,henry-gabriel85@example.org,82067526155.0,1979-09-16,Outro,PE,Viúvo/a,Aposentado,Ensino Médio,Média,2023-05-21,Android,31 7067-3884
U04265,Maria Clara,Pacheco,sofiamachado@example.com,60789292675.0,1970-01-01,M,MG,Divorciado/a,Empregado,Superior,Baixa,2023-05-21,iOS,+55 81 4851-4937
U04908,Lucas,Costa,beatrizcorreia@example.org,43420334797.0,2003-09-01,M,BA,Divorciado/a,Aposentado,Ensino Médio,Baixa,2023-05-21,iOS,(031) 4431 6830
U00198,Vicente,da Mata,fnogueira@example.org,32200002268.0,1970-01-01,Outro,PE,Casado/a,Autônomo,Superior,Baixa,2023-05-22,Android,+55 (031) 4621 6588
U01441,Apollo,Peixoto,cavalcantefernando@example.com,27530620102.0,1970-01-01,F,BA,Viúvo/a,Empregado,Pós-graduação,Média,2023-05-22,Android,+55 51 9589 6680
U03769,Melissa,Barbosa,ramosesther@example.com,40989772143.0,1970-01-18,Outro,DF,Viúvo/a,Autônomo,Outro,Alta,2023-05-22,Android,(011) 4612 5793
U04042,Thiago,Peixoto,manuela32@example.com,50821674809.0,1988-04-29,Outro,RS,Viúvo/a,Empregado,Pós-graduação,Baixa,2023-05-22,iOS,71 2117-7548
U00411,Nathan,Pimenta,maria-julialeao@example.net,40604493207.0,1983-05-12,M,RS,Solteiro/a,Empregado,Ensino Médio,Média,2023-05-23,iOS,(021) 0064-8044
U00866,Kevin,Albuquerque,barbosaenrico@example.net,97592156675.0,1982-02-23,Outro,RS,Viúvo/a,Estudante,Técnico,Média,2023-05-23,Android,+55 84 9087-2121
U01249,Ana Vitória,Andrade,ldas-neves@example.net,29885744161.0,1970-01-01,M,BA,Solteiro/a,Estudante,Pós-graduação,Média,2023-05-23,iOS,51 6674 4012
U02455,João Miguel,Ribeiro,isabelcunha@example.org,77810361594.0,1974-02-01,Outro,CE,Divorciado/a,Empregado,Superior,Média,2023-05-23,iOS,(081) 0016-4307
U00344,José,Duarte,daviaraujo@example.net,39521993761.0,1972-04-16,M,RS,Divorciado/a,Aposentado,Pós-graduação,Baixa,2023-05-24,iOS,51 9515 6969
U00657,Cauê,da Mata,nicolas86@example.org,42273122781.0,1988-07-02,F,DF,Divorciado/a,Autônomo,Outro,Baixa,2023-05-24,iOS,(081) 1792 6859
U03195,Asafe,Souza,falbuquerque@example.com,38673636151.0,1976-11-29,F,CE,Solteiro/a,Estudante,Técnico,Baixa,2023-05-24,Android,(084) 9753 1367
U04116,Sophie,Aragão,eloah53@example.net,71913887435.0,1998-04-24,Outro,PR,Divorciado/a,Aposentado,Técnico,Baixa,2023-05-24,iOS,(041) 5952 9081
U04118,Raul,Fernandes,joseda-mata@example.org,97099200113.0,1981-10-31,M,MG,Viúvo/a,Estudante,Técnico,Alta,2023-05-24,Android,(084) 1989 0946
U04300,Marina,Pacheco,carlos-eduardoporto@example.net,59700046526.0,1970-01-01,M,CE,Casado/a,Autônomo,Técnico,Baixa,2023-05-24,Android,+55 41 7085-9709
U00646,Beatriz,Câmara,arthur-miguelalbuquerque@example.org,64078481140.0,1979-03-15,Outro,CE,Solteiro/a,Aposentado,Pós-graduação,Baixa,2023-05-25,Android,+55 (031) 7744 7988
U01479,Natália,Rodrigues,aragaoesther@example.org,71716935617.0,1983-09-17,F,PE,Divorciado/a,Desempregado,Ensino Médio,Média,2023-05-25,iOS,11 7612-0378
U01826,Luiz Gustavo,Gomes,gmonteiro@example.net,12730582270.0,2001-04-14,Outro,CE,Divorciado/a,Autônomo,Pós-graduação,Alta,2023-05-25,iOS,(011) 7278-3212
U02124,Kaique,da Mota,albuquerquevitor-gabriel@example.com,16899780988.0,1970-01-01,Outro,SP,Casado/a,Aposentado,Pós-graduação,Baixa,2023-05-25,Android,+55 (041) 4642-8596
U02600,João Miguel,Sampaio,cavalcantejoao-pedro@example.com,51691444130.0,1970-01-01,F,PR,Divorciado/a,Aposentado,Ensino Médio,Baixa,2023-05-25,iOS,+55 51 0520 4422
U02896,Breno,Cavalcante,gnascimento@example.org,38496442776.0,1970-01-01,M,DF,Divorciado/a,Autônomo,Ensino Médio,Média,2023-05-25,Android,+55 51 6200 2756
U03322,Emilly,Pires,anna-lizcasa-grande@example.org,45805693597.0,2002-07-18,F,DF,Casado/a,Empregado,Pós-graduação,Alta,2023-05-25,iOS,(021) 5017-2310
U03402,Anthony,Câmara,zalbuquerque@example.com,87017932020.0,2004-06-16,M,CE,Casado/a,Aposentado,Ensino Médio,Média,2023-05-25,Android,(051) 4965-6824
U04061,Ana Sophia,Novais,carlos-eduardoborges@example.com,55527449202.0,2001-01-30,F,DF,Divorciado/a,Autônomo,Superior,Alta,2023-05-25,iOS,(051) 2479 1518
U00603,Arthur Miguel,Nogueira,camaramaria-julia@example.org,60087278856.0,1970-01-01,M,BA,Solteiro/a,Estudante,Superior,Baixa,2023-05-26,Android,84 5683-2233
U02130,Esther,Vasconcelos,vmendonca@example.org,52951275008.0,1989-08-01,Outro,RS,Solteiro/a,Desempregado,Técnico,Alta,2023-05-26,Android,81 0683 9338
U03547,Alice,Alves,melissateixeira@example.org,68345034088.0,1983-02-23,Outro,CE,Viúvo/a,Autônomo,Técnico,Alta,2023-05-26,iOS,+55 11 4338 4190
U04185,Natália,Pastor,rodriguesmatheus@example.com,88296324574.0,1970-01-01,F,PE,Viúvo/a,Empregado,Pós-graduação,Alta,2023-05-26,iOS,0500-745-0490
U04584,Allana,Sales,karaujo@example.com,63056785863.0,1998-06-09,Outro,DF,Casado/a,Empregado,Outro,Baixa,2023-05-26,iOS,+55 (021) 6339-6758
U01561,João Lucas,Siqueira,laviniafarias@example.net,96880561929.0,1970-01-01,Outro,PR,Casado/a,Autônomo,Pós-graduação,Alta,2023-05-27,iOS,0900 919 0585
U01784,Vitória,Mendonça,danielajesus@example.org,99662197503.0,1993-07-26,F,RS,Solteiro/a,Empregado,Pós-graduação,Média,2023-05-27,Android,+55 (011) 8119 3802
U03582,Isabela,da Mata,lais03@example.com,39643040712.0,1989-05-07,M,SP,Divorciado/a,Empregado,Superior,Baixa,2023-05-27,Android,+55 61 2358 1185
U03938,Fernando,Ferreira,bborges@example.org,11872047159.0,1975-09-07,Outro,PR,Solteiro/a,Empregado,Pós-graduação,Baixa,2023-05-27,Android,(021) 8400-2273
U04629,Yan,Rocha,rpastor@example.org,45669309025.0,1970-11-15,M,RJ,Solteiro/a,Autônomo,Superior,Baixa,2023-05-27,iOS,+55 21 8693-4211
U00968,Heloisa,da Cunha,xandrade@example.com,82585674495.0,1970-01-01,Outro,RS,Casado/a,Desempregado,Pós-graduação,Alta,2023-05-28,iOS,(084) 4205-8349
U03320,Emanuel,Nascimento,cunhabenjamin@example.net,78504546778.0,1970-01-01,Outro,RS,Solteiro/a,Aposentado,Técnico,Média,2023-05-28,iOS,+55 71 6967-4558
U03964,Julia,Casa Grande,lorenafernandes@example.org,94695379858.0,2003-01-08,F,SP,Solteiro/a,Autônomo,Técnico,Alta,2023-05-28,Android,+55 31 3992-9623
U04660,Catarina,Ramos,stella23@example.org,47493327811.0,1970-01-01,Outro,SP,Viúvo/a,Estudante,Técnico,Alta,2023-05-28,Android,84 7689 0489
U01244,Laís,Sales,aragaomaria@example.org,49868399007.0,1984-10-04,Outro,BA,Divorciado/a,Estudante,Superior,Baixa,2023-05-29,iOS,+55 (021) 7922-9476
U02084,Natália,Melo,nathan41@example.org,52510574754.0,1970-01-01,Outro,RS,Casado/a,Empregado,Pós-graduação,Baixa,2023-05-29,iOS,(031) 5852 0163
U01251,Davi Luiz,Caldeira,rafaelamendes@example.net,50385443748.0,2007-06-18,F,BA,Solteiro/a,Aposentado,Técnico,Média,2023-05-30,iOS,21 0074 7297
U01806,Maria Luiza,Dias,ana-juliada-rosa@example.com,22237632029.0,1994-04-19,F,SP,Viúvo/a,Estudante,Técnico,Baixa,2023-05-30,Android,+55 (071) 9440 9255
U01973,Breno,Machado,camargofrancisco@example.com,90024756185.0,1982-09-16,F,DF,Casado/a,Estudante,Pós-graduação,Média,2023-05-30,Android,+55 (031) 7141-2457
U03166,Alana,Teixeira,mendesnoah@example.net,23762284928.0,1970-01-01,F,PE,Divorciado/a,Empregado,Superior,Alta,2023-05-30,Android,+55 (021) 3326 1882
U03257,Julia,Cavalcanti,fernando22@example.org,55017783557.0,1996-03-15,M,MG,Solteiro/a,Aposentado,Outro,Baixa,2023-05-30,iOS,+55 (061) 5772 3594
U03703,Mathias,Caldeira,apollo41@example.net,34230668103.0,2004-08-18,M,RJ,Solteiro/a,Empregado,Técnico,Alta,2023-05-30,iOS,+55 51 5182 7689
U04126,Ana Sophia,Ramos,oliverdas-neves@example.net,20040102307.0,1980-01-26,F,DF,Viúvo/a,Aposentado,Técnico,Baixa,2023-05-30,Android,+55 81 7381 4134
U04871,Bruno,Borges,maria-juliabarbosa@example.org,30410890146.0,1999-02-04,Outro,PR,Casado/a,Aposentado,Superior,Baixa,2023-05-30,Android,+55 81 1750-4192
U00042,Lucas Gabriel,Aparecida,rochaana-laura@example.com,10601201905.0,2000-03-13,Outro,CE,Casado/a,Aposentado,Superior,Média,2023-05-31,Android,11 5290 9944
U01598,Vitor Hugo,Garcia,jose-miguel50@example.com,65055641758.0,1998-12-10,F,SP,Casado/a,Empregado,Técnico,Baixa,2023-05-31,Android,+55 (081) 9742-2043
U03619,Pedro Miguel,da Mata,oduarte@example.com,72601830237.0,1993-09-11,Outro,RS,Casado/a,Desempregado,Técnico,Baixa,2023-05-31,Android,+55 81 0363-6741
U04410,Catarina,Nogueira,fda-cruz@example.net,74872796170.0,1998-03-24,M,SP,Viúvo/a,Empregado,Técnico,Média,2023-05-31,iOS,(071) 7187 8974
U00356,Luna,Correia,camarajosue@example.net,41813554418.0,1980-09-29,Outro,DF,Divorciado/a,Estudante,Pós-graduação,Média,2023-06-01,iOS,(011) 3200 4978
U00445,Rafael,Montenegro,isadoracavalcante@example.net,11420875166.0,1979-10-28,F,DF,Solteiro/a,Aposentado,Superior,Baixa,2023-06-01,Android,+55 (084) 1755-2938
U00542,João Guilherme,Campos,mendessabrina@example.com,79492423174.0,1970-01-01,F,SP,Viúvo/a,Autônomo,Técnico,Média,2023-06-01,iOS,+55 (071) 7852 2189
U00636,Vitor,Marques,correiabarbara@example.net,73131813631.0,1970-01-01,M,PE,Divorciado/a,Estudante,Pós-graduação,Baixa,2023-06-01,Android,11 4462-0851
U01266,Vitor Gabriel,Guerra,rezendevalentina@example.net,48288222771.0,1975-06-26,M,BA,Divorciado/a,Estudante,Ensino Médio,Alta,2023-06-01,Android,(021) 0104-7643
U01281,Emilly,Rodrigues,salescecilia@example.com,30898791244.0,1970-01-01,F,DF,Solteiro/a,Estudante,Outro,Média,2023-06-01,iOS,0300-491-5210
U01512,Theodoro,Nogueira,daniela89@example.org,35698155309.0,1997-10-26,Outro,PR,Casado/a,Empregado,Superior,Alta,2023-06-01,Android,11 4517-9794
U02900,Alexia,Casa Grande,enzo-gabriel13@example.com,13812051948.0,1970-01-01,F,PR,Solteiro/a,Aposentado,Superior,Baixa,2023-06-01,Android,+55 (061) 8792 1465
U03905,Ana Sophia,Correia,carvalhomaria-alice@example.org,23222622651.0,1982-05-23,F,RJ,Casado/a,Desempregado,Ensino Médio,Baixa,2023-06-01,Android,+55 (011) 2695 1358
U04529,Manuela,Marques,lorenacorreia@example.org,71977223125.0,1997-03-26,Outro,RS,Divorciado/a,Aposentado,Superior,Baixa,2023-06-01,Android,21 4921-4966
U00324,Ana Carolina,Ferreira,eduardaborges@example.net,25923430674.0,1981-12-21,Outro,CE,Casado/a,Autônomo,Técnico,Alta,2023-06-02,Android,+55 (021) 2295 1235
U00690,Apollo,Almeida,nunesrafaela@example.com,34793816390.0,1998-03-09,M,PR,Solteiro/a,Estudante,Pós-graduação,Baixa,2023-06-02,iOS,0500-085-7623
U01224,Matteo,Cunha,renan72@example.org,39087570473.0,1970-01-01,M,CE,Solteiro/a,Desempregado,Ensino Médio,Alta,2023-06-02,Android,(084) 1564 2919
U01708,Sofia,Fonseca,isaquemachado@example.org,29976775339.0,1988-06-23,M,BA,Divorciado/a,Desempregado,Técnico,Baixa,2023-06-02,Android,31 8955 0975
U03904,Augusto,Pimenta,wsantos@example.net,79576958746.0,1970-01-01,M,RJ,Viúvo/a,Estudante,Ensino Médio,Alta,2023-06-02,iOS,+55 (041) 9575-1837
U02409,Bruno,Costa,joao-pedro54@example.org,65035653992.0,1988-04-26,F,PE,Divorciado/a,Autônomo,Técnico,Alta,2023-06-03,iOS,21 1369 2563
U02745,Bruno,Albuquerque,zribeiro@example.org,54763257140.0,1970-01-01,M,MG,Divorciado/a,Autônomo,Outro,Média,2023-06-03,Android,+55 (031) 4791-1365
U00375,Rael,Marques,albuquerqueana-laura@example.org,23892709574.0,2007-04-14,F,RJ,Viúvo/a,Desempregado,Técnico,Média,2023-06-04,iOS,21 7137-6204
U01865,Mariah,Carvalho,caleb14@example.org,87833185549.0,1970-01-01,Outro,BA,Casado/a,Aposentado,Técnico,Média,2023-06-04,Android,+55 (021) 2399 5468
U02005,Matheus,Vasconcelos,nuneshenry@example.com,32207068332.0,1970-01-01,M,PE,Solteiro/a,Desempregado,Superior,Alta,2023-06-04,iOS,31 3540 3538
U02052,Zoe,Albuquerque,silvasara@example.org,78873720235.0,2005-07-16,M,RS,Casado/a,Estudante,Técnico,Alta,2023-06-04,iOS,21 3274 2714
U02690,Arthur Miguel,Fogaça,siqueiramathias@example.com,41692487890.0,1970-01-01,F,BA,Casado/a,Autônomo,Superior,Alta,2023-06-04,iOS,+55 (011) 9318 8140
U02724,Ana,Pacheco,mariahpinto@example.com,92593711134.0,1970-01-01,F,DF,Divorciado/a,Estudante,Outro,Alta,2023-06-04,Android,0500 218 7859
U04093,Luiz Felipe,Novaes,lopesleo@example.org,80987130821.0,1970-01-01,F,BA,Casado/a,Aposentado,Pós-graduação,Média,2023-06-04,iOS,51 7662 4216
U00018,Ana Carolina,da Mata,camaraolivia@example.com,16501523866.0,1970-01-01,F,DF,Divorciado/a,Autônomo,Superior,Média,2023-06-05,Android,+55 41 1527 6273
U04776,Daniel,Campos,amoraes@example.org,42417107003.0,2005-07-21,Outro,SP,Viúvo/a,Desempregado,Pós-graduação,Alta,2023-06-05,iOS,0300 801 2933
U01357,Maria Helena,Casa Grande,heloisa97@example.com,89123076571.0,1976-06-14,F,RJ,Viúvo/a,Estudante,Pós-graduação,Baixa,2023-06-06,iOS,(071) 2930-8834
U02949,Luiz Gustavo,Moreira,melissada-rocha@example.net,68369443253.0,1970-01-01,F,MG,Casado/a,Estudante,Superior,Baixa,2023-06-06,iOS,(084) 1281-2411
U03336,Olivia,Cunha,nunesluiz-felipe@example.org,81519811620.0,1978-09-24,F,DF,Divorciado/a,Autônomo,Superior,Alta,2023-06-06,Android,+55 61 5223-1696
U04579,Allana,Barbosa,cirinoaylla@example.net,29464822198.0,1970-01-01,Outro,PE,Solteiro/a,Estudante,Técnico,Média,2023-06-06,iOS,61 0413 4583
U01446,Maria Luiza,Machado,vinicius24@example.com,50664884204.0,1970-01-01,Outro,MG,Viúvo/a,Autônomo,Superior,Baixa,2023-06-07,Android,84 5512 7305
U02068,Anthony,da Costa,yuri01@example.org,51032819455.0,1995-04-29,M,DF,Solteiro/a,Aposentado,Ensino Médio,Média,2023-06-07,iOS,11 3221-2273
U02789,Mathias,Fernandes,antony73@example.org,81899200891.0,2004-03-02,M,RJ,Solteiro/a,Desempregado,Pós-graduação,Baixa,2023-06-07,Android,+55 71 3640 7472
U03969,Anthony,da Paz,vinicius60@example.com,85525145976.0,1978-08-30,M,PE,Viúvo/a,Desempregado,Técnico,Baixa,2023-06-07,Android,+55 (081) 7862-2866
U00110,Zoe,Nascimento,manuela78@example.org,46836064755.0,1970-01-01,F,BA,Viúvo/a,Estudante,Ensino Médio,Baixa,2023-06-08,iOS,+55 31 7443 9104
U00413,Maria Eduarda,Caldeira,pmachado@example.org,51324885130.0,1971-07-16,F,MG,Viúvo/a,Autônomo,Técnico,Média,2023-06-08,iOS,+55 (084) 1460 6453
U01233,Marcela,Cavalcanti,agatha87@example.net,34359397861.0,1983-08-04,M,PR,Viúvo/a,Autônomo,Outro,Média,2023-06-08,Android,61 8833 7037
U02222,Isaque,Albuquerque,vda-costa@example.org,45278766736.0,2002-12-02,F,SP,Casado/a,Desempregado,Ensino Médio,Alta,2023-06-08,Android,(041) 2206 2528
U02849,Rafaela,Rezende,valentina60@example.org,27243349502.0,2006-01-11,Outro,MG,Divorciado/a,Aposentado,Técnico,Média,2023-06-08,Android,11 1303 5558
U04030,Luiz Miguel,Garcia,mirellavieira@example.org,31812189126.0,1985-12-15,Outro,MG,Solteiro/a,Autônomo,Pós-graduação,Média,2023-06-08,iOS,+55 (051) 2976-5198
U04142,João Gabriel,Macedo,cavalcantitheodoro@example.org,56893491351.0,1970-01-01,F,MG,Viúvo/a,Autônomo,Pós-graduação,Média,2023-06-08,Android,+55 (051) 8549-9067
U04391,Thiago,Cirino,miguelpinto@example.net,69120643247.0,1970-01-01,F,PR,Divorciado/a,Desempregado,Ensino Médio,Média,2023-06-08,Android,71 9748 4835
U00017,Olívia,Borges,alana18@example.com,49132096760.0,2007-01-19,F,PR,Divorciado/a,Aposentado,Ensino Médio,Alta,2023-06-09,Android,+55 (061) 7137 3160
U01425,Carlos Eduardo,da Costa,da-luzrafaela@example.net,10704130129.0,2005-02-10,M,PE,Divorciado/a,Desempregado,Técnico,Baixa,2023-06-09,iOS,+55 61 0007 5729
U01452,Mateus,Almeida,isaac44@example.com,75480380280.0,1972-09-05,Outro,RS,Viúvo/a,Estudante,Técnico,Alta,2023-06-09,Android,11 7903 2251
U02447,Davi Luiz,Vieira,hadassa82@example.org,17085681282.0,1976-10-04,F,PE,Viúvo/a,Autônomo,Técnico,Baixa,2023-06-09,iOS,+55 (061) 0658-5854
U03108,Fernando,Sousa,cavalcantiisis@example.com,33889183132.0,1970-01-01,F,MG,Casado/a,Desempregado,Superior,Média,2023-06-09,iOS,51 9699 5223
U00494,Melissa,Casa Grande,ayllapimenta@example.com,39180410435.0,2000-08-02,Outro,BA,Viúvo/a,Autônomo,Técnico,Média,2023-06-10,Android,+55 21 1255-0944
U01844,Luiza,Castro,hadassa20@example.net,42103921777.0,2006-02-24,F,PR,Divorciado/a,Estudante,Outro,Alta,2023-06-10,Android,(041) 6573-7794
U03173,Gael,da Rocha,qpires@example.org,52893739806.0,1970-01-01,F,SP,Casado/a,Autônomo,Pós-graduação,Alta,2023-06-10,iOS,+55 (051) 1328 5814
U04053,Liam,Mendes,maria-flornogueira@example.com,13182530886.0,2002-10-15,F,RJ,Viúvo/a,Empregado,Técnico,Alta,2023-06-10,Android,+55 51 4147 9608
U00660,Théo,Campos,pjesus@example.net,17550416074.0,1970-01-01,F,RS,Divorciado/a,Autônomo,Pós-graduação,Alta,2023-06-11,Android,+55 (021) 8177-0889
U02127,Stella,Aragão,lopesjoaquim@example.net,12637429711.0,1970-01-01,F,MG,Casado/a,Autônomo,Ensino Médio,Alta,2023-06-11,Android,61 0801-1226
U04218,Luiz Miguel,Oliveira,vmacedo@example.org,88137856797.0,2004-10-15,F,RJ,Casado/a,Empregado,Ensino Médio,Baixa,2023-06-11,Android,+55 31 2934-3772
U04472,Mariah,Monteiro,asafeda-luz@example.org,79229686234.0,1970-01-01,Outro,RJ,Viúvo/a,Aposentado,Outro,Alta,2023-06-11,Android,11 3331 6123
U01983,Aylla,Freitas,uramos@example.com,92702147936.0,2005-02-28,F,RJ,Viúvo/a,Aposentado,Outro,Alta,2023-06-12,iOS,(031) 4879 3719
U02152,Emanuella,Siqueira,dsilva@example.net,65814188519.0,1970-01-01,F,BA,Viúvo/a,Aposentado,Pós-graduação,Baixa,2023-06-12,Android,71 5008-8871
U02390,Calebe,Cavalcanti,nunescarolina@example.net,72503562549.0,1970-01-01,M,BA,Divorciado/a,Estudante,Ensino Médio,Média,2023-06-12,iOS,71 2313-6454
U04286,Thomas,Cavalcanti,kvieira@example.com,81665386963.0,2003-05-28,M,PE,Casado/a,Autônomo,Técnico,Média,2023-06-12,Android,(084) 2887 4714
U00997,Davi Lucca,Câmara,woliveira@example.org,42886797811.0,1985-09-05,F,DF,Divorciado/a,Empregado,Outro,Média,2023-06-13,Android,0900-337-7458
U01387,Raul,Moreira,eloahfonseca@example.org,59877748055.0,1986-10-20,M,PR,Casado/a,Estudante,Superior,Baixa,2023-06-13,iOS,(061) 6369 8087
U02457,Yago,Monteiro,rezendeana-livia@example.org,85970191883.0,1995-03-03,M,PR,Casado/a,Autônomo,Outro,Baixa,2023-06-13,iOS,41 7950 0823
U03009,Matteo,Guerra,joao-pedrolopes@example.net,95104776222.0,1979-03-06,Outro,PE,Casado/a,Aposentado,Superior,Alta,2023-06-13,Android,(061) 5359 8323
U03577,Rafael,Farias,monteiroenzo-gabriel@example.org,73569318308.0,1997-08-09,M,DF,Casado/a,Estudante,Outro,Alta,2023-06-13,iOS,0800 338 6234
U04132,Brenda,Vasconcelos,isis67@example.org,43302341864.0,1970-06-02,M,MG,Viúvo/a,Estudante,Superior,Média,2023-06-13,Android,+55 11 8306 7372
U04633,Jade,Dias,camaraliam@example.org,83133778113.0,1986-07-11,F,BA,Viúvo/a,Aposentado,Superior,Média,2023-06-13,Android,0900 176 2400
U01001,Eloá,Alves,calebe87@example.com,55655922805.0,1989-02-28,Outro,RJ,Viúvo/a,Empregado,Superior,Baixa,2023-06-14,Android,84 0804 7039
U00727,Luiza,Carvalho,maite95@example.com,80376077622.0,2002-02-14,M,RS,Solteiro/a,Estudante,Superior,Alta,2023-06-15,iOS,31 8378 2819
U01385,Fernando,Mendonça,albuquerquefernanda@example.com,33760953990.0,1978-12-11,F,DF,Solteiro/a,Estudante,Outro,Baixa,2023-06-15,iOS,+55 (021) 5866-1432
U01678,Eloá,Moura,maria-liz28@example.net,54774999020.0,1974-10-23,F,MG,Viúvo/a,Empregado,Ensino Médio,Alta,2023-06-15,iOS,+55 (061) 5219 8511
U01804,Gabriela,Macedo,josuerios@example.net,56504479431.0,1974-12-02,M,CE,Viúvo/a,Estudante,Técnico,Alta,2023-06-15,iOS,+55 (011) 9947-1925
U02672,Rael,Alves,vicente48@example.com,98214612088.0,2005-04-14,M,PE,Viúvo/a,Autônomo,Superior,Alta,2023-06-15,iOS,+55 71 3471 9181
U02863,Mathias,Correia,otavio73@example.org,57294855624.0,1982-05-09,F,RJ,Solteiro/a,Aposentado,Pós-graduação,Alta,2023-06-15,iOS,0300-485-5431
U03380,Ayla,Martins,britoluiz-otavio@example.net,25704126663.0,1992-10-12,M,RJ,Solteiro/a,Desempregado,Técnico,Média,2023-06-15,Android,84 9339-5294
U02490,Laura,Aparecida,hellenaleao@example.net,77756316779.0,1996-09-25,F,RS,Divorciado/a,Empregado,Superior,Baixa,2023-06-16,iOS,(041) 5686-7458
U02865,Rebeca,Novaes,theodorocampos@example.net,35855411181.0,1995-09-22,F,RJ,Viúvo/a,Estudante,Ensino Médio,Alta,2023-06-16,iOS,+55 (071) 1102-6936
U04566,Valentim,Teixeira,maria-julia82@example.org,75737074380.0,1970-01-01,Outro,RS,Divorciado/a,Autônomo,Outro,Alta,2023-06-16,iOS,+55 (051) 4574 3650
U04686,Vinicius,da Costa,mariahcarvalho@example.net,93639648826.0,1970-01-01,Outro,DF,Solteiro/a,Estudante,Ensino Médio,Média,2023-06-16,Android,+55 (084) 6172 4713
U01103,Raquel,Andrade,duartejoao-lucas@example.org,13699318606.0,1975-02-20,M,CE,Casado/a,Estudante,Outro,Alta,2023-06-17,iOS,+55 (011) 2446-9664
U00293,Carolina,Cirino,ravi51@example.org,17931054793.0,1976-08-09,Outro,PR,Solteiro/a,Estudante,Técnico,Baixa,2023-06-18,Android,(081) 2260-5564
U01637,José Pedro,Sá,wlima@example.org,65246423984.0,1994-06-24,Outro,CE,Divorciado/a,Empregado,Pós-graduação,Média,2023-06-18,iOS,(021) 2906-4214
U02289,Luna,Rodrigues,nmoreira@example.net,59857486695.0,1970-01-01,Outro,RS,Solteiro/a,Aposentado,Técnico,Alta,2023-06-18,iOS,+55 51 5232 6836
U02560,Giovanna,da Cruz,marina99@example.com,84194677515.0,1970-01-01,F,MG,Viúvo/a,Estudante,Técnico,Alta,2023-06-18,Android,(081) 0646-2734
U03154,Luiz Otávio,da Mata,nogueiramaria-julia@example.com,44285388153.0,1970-01-01,M,DF,Divorciado/a,Empregado,Superior,Média,2023-06-18,iOS,(021) 3584-7396
U03155,Arthur Miguel,Borges,oliveiranoah@example.com,67743682722.0,1970-01-01,Outro,MG,Solteiro/a,Autônomo,Técnico,Baixa,2023-06-18,iOS,+55 61 2161-1006
U03548,Cecilia,Machado,fariasmatteo@example.com,54925418508.0,1996-07-11,Outro,DF,Casado/a,Desempregado,Técnico,Baixa,2023-06-18,iOS,84 5145-3062
U04932,Leonardo,Jesus,olivia05@example.net,87702117304.0,1972-02-08,F,RJ,Solteiro/a,Empregado,Ensino Médio,Média,2023-06-18,iOS,31 9162 9101
U00073,Davi Lucca,da Paz,kevinsantos@example.com,98022949292.0,1986-02-03,F,RS,Divorciado/a,Desempregado,Outro,Alta,2023-06-19,Android,+55 84 3093 0956
U00616,Pedro Lucas,Novaes,lopesmiguel@example.com,39212680200.0,1970-01-01,M,DF,Casado/a,Empregado,Técnico,Baixa,2023-06-19,iOS,(051) 1820-0196
U01279,Caroline,Camargo,bpimenta@example.com,17090226304.0,1970-01-01,Outro,SP,Divorciado/a,Autônomo,Ensino Médio,Média,2023-06-19,Android,+55 11 4943 0031
U02269,Enzo,Almeida,leticia11@example.net,12076763290.0,1976-03-13,F,PE,Viúvo/a,Autônomo,Ensino Médio,Alta,2023-06-19,Android,(011) 4117-7930
U03844,Emanuelly,Barbosa,ymendes@example.net,86510993817.0,1980-09-02,F,BA,Divorciado/a,Aposentado,Ensino Médio,Média,2023-06-19,iOS,+55 (061) 1131-1063
U04456,Davi Luiz,Cavalcante,scardoso@example.com,46337139155.0,1970-01-01,Outro,MG,Casado/a,Autônomo,Ensino Médio,Média,2023-06-19,Android,(031) 7941-7077
U04536,Ana Carolina,Rocha,zda-conceicao@example.com,59893827550.0,1973-05-29,F,RS,Casado/a,Aposentado,Superior,Média,2023-06-19,iOS,11 4048 3842
U04666,Joana,Barbosa,melissa18@example.org,59084953312.0,1970-01-01,Outro,BA,Divorciado/a,Estudante,Pós-graduação,Baixa,2023-06-19,Android,71 1070 3250
U01245,Enrico,Campos,casa-grandebernardo@example.com,43927353065.0,1970-01-01,Outro,PR,Casado/a,Desempregado,Ensino Médio,Média,2023-06-20,iOS,71 4728 1698
U03611,Mariana,Silveira,noah81@example.org,50318439177.0,1970-01-01,Outro,RS,Solteiro/a,Desempregado,Técnico,Alta,2023-06-20,Android,(071) 5650-2054
U03906,Mariana,Silva,pleao@example.net,79100663517.0,1970-01-01,M,RJ,Solteiro/a,Desempregado,Pós-graduação,Baixa,2023-06-20,Android,0300 604 1725
U00731,Murilo,Barros,palbuquerque@example.net,76096915100.0,1977-06-17,Outro,MG,Solteiro/a,Estudante,Ensino Médio,Média,2023-06-21,iOS,+55 (021) 2472-3716
U00772,Ísis,Cunha,uda-paz@example.net,31902368068.0,1982-08-24,M,RJ,Casado/a,Desempregado,Superior,Baixa,2023-06-21,Android,+55 71 9510 4408
U01319,Nicolas,das Neves,ribeirosophia@example.net,36070345315.0,1970-01-01,M,BA,Solteiro/a,Empregado,Técnico,Alta,2023-06-21,Android,81 6232-0404
U03940,Luiz Fernando,Caldeira,lunasousa@example.net,27044810615.0,1970-01-01,M,PR,Viúvo/a,Autônomo,Ensino Médio,Baixa,2023-06-21,Android,(061) 5365-3911
U00789,Francisco,Ferreira,albuquerquedaniela@example.com,20064456474.0,1970-01-01,M,SP,Solteiro/a,Estudante,Outro,Baixa,2023-06-22,Android,(061) 8562-8451
U03281,Paulo,Garcia,gael-henrique71@example.net,72725787158.0,1999-07-11,Outro,PR,Solteiro/a,Empregado,Pós-graduação,Média,2023-06-22,iOS,0500-997-3689
U04668,Hellena,Sá,lunavasconcelos@example.net,67381538528.0,1980-09-20,M,DF,Solteiro/a,Empregado,Técnico,Alta,2023-06-22,iOS,+55 (051) 5428 5520
U04813,Beatriz,Rodrigues,sbarros@example.org,36069342052.0,1981-01-26,F,RJ,Casado/a,Desempregado,Técnico,Alta,2023-06-22,iOS,(071) 1162-5539
U00588,Aurora,Abreu,milenada-luz@example.net,95895758110.0,1970-01-01,M,PR,Casado/a,Estudante,Técnico,Baixa,2023-06-23,iOS,+55 41 6637 5838
U01725,Maya,Correia,theoalves@example.net,16842493449.0,1970-01-01,M,SP,Viúvo/a,Estudante,Técnico,Média,2023-06-23,Android,+55 (084) 3867-4470
U02149,Maria Liz,Mendes,tda-paz@example.net,44483349694.0,2005-01-03,Outro,SP,Divorciado/a,Autônomo,Ensino Médio,Baixa,2023-06-23,Android,+55 (031) 8930 4623
U04944,Gustavo Henrique,Souza,azevedolucas-gabriel@example.org,81374004854.0,1974-05-23,F,MG,Divorciado/a,Autônomo,Superior,Baixa,2023-06-23,Android,61 9405-6170
U00464,Daniela,Montenegro,evelynalbuquerque@example.com,28790215256.0,1980-06-04,M,RS,Casado/a,Desempregado,Superior,Média,2023-06-24,Android,+55 31 2555-2123
U03306,Noah,Fonseca,lcavalcanti@example.com,93666742037.0,1994-11-10,Outro,RJ,Solteiro/a,Estudante,Ensino Médio,Média,2023-06-24,iOS,+55 (084) 3210 3021
U03638,Ana Laura,Novaes,viniciusda-rocha@example.com,29977991707.0,1970-01-01,F,SP,Casado/a,Empregado,Superior,Média,2023-06-24,iOS,61 5704-6015
U03918,Ana Cecília,Pimenta,afarias@example.net,79181498118.0,1970-01-01,M,RS,Casado/a,Aposentado,Pós-graduação,Alta,2023-06-24,Android,+55 (051) 8533 7455
U04439,Ryan,Vasconcelos,cardosobryan@example.net,16341412978.0,1997-08-21,F,BA,Solteiro/a,Estudante,Pós-graduação,Média,2023-06-24,iOS,+55 (041) 2657-3290
U01753,Amanda,Dias,ramoslavinia@example.net,80836572917.0,1995-05-09,Outro,SP,Casado/a,Estudante,Ensino Médio,Alta,2023-06-25,Android,+55 81 3755 3484
U02917,Luiz Henrique,Porto,da-cunhagiovanna@example.org,55926982450.0,2005-08-11,F,DF,Viúvo/a,Autônomo,Outro,Média,2023-06-25,iOS,(011) 7899 5456
U03020,Daniela,Rocha,fcardoso@example.org,84027622790.0,1974-03-26,M,RJ,Casado/a,Desempregado,Superior,Média,2023-06-25,iOS,11 8631 0921
U03187,Levi,Fonseca,anna-lizleao@example.com,81060681340.0,1974-04-23,Outro,PR,Solteiro/a,Autônomo,Ensino Médio,Alta,2023-06-25,Android,+55 (021) 6025-0679
U01044,Bárbara,Araújo,cardosorodrigo@example.org,65551080416.0,1974-09-15,M,CE,Casado/a,Estudante,Técnico,Baixa,2023-06-26,iOS,+55 (011) 1491-6325
U02150,Luiz Miguel,Moura,cvargas@example.org,39243713186.0,1970-01-01,Outro,SP,Viúvo/a,Empregado,Superior,Média,2023-06-26,Android,(084) 9357 5169
U02838,Sabrina,Cassiano,tmontenegro@example.net,73038406815.0,1970-01-01,M,DF,Viúvo/a,Desempregado,Superior,Média,2023-06-26,Android,(081) 5540 1494
U02972,Lucca,Macedo,nunesjoao-guilherme@example.com,43119756925.0,1970-01-01,F,MG,Viúvo/a,Autônomo,Superior,Média,2023-06-26,Android,+55 41 5625 0282
U04103,Antônio,da Cunha,cfogaca@example.com,48365951582.0,2005-03-03,M,MG,Viúvo/a,Estudante,Ensino Médio,Alta,2023-06-26,iOS,(011) 9620 4894
U04164,Olívia,Souza,vieiraandre@example.com,29210840080.0,2001-08-13,M,BA,Solteiro/a,Empregado,Outro,Baixa,2023-06-26,Android,0900-606-4029
U04965,Bruno,Freitas,halbuquerque@example.net,54743762036.0,1970-09-15,F,MG,Viúvo/a,Autônomo,Outro,Baixa,2023-06-26,iOS,21 8879 5141
U00001,Heloisa,Siqueira,mda-paz@example.com,90909502323.0,2004-09-28,Outro,MG,Solteiro/a,Empregado,Outro,Média,2023-06-27,Android,0300 163 1954
U03743,Melina,Pires,ninalopes@example.net,50299662246.0,1978-03-05,Outro,RJ,Casado/a,Estudante,Ensino Médio,Média,2023-06-27,Android,+55 71 9093 0346
U04997,Maria Luiza,Pinto,mouraisabela@example.org,95991709185.0,1973-04-06,F,BA,Casado/a,Desempregado,Superior,Baixa,2023-06-27,iOS,+55 84 0453 1012
U00052,Ravi,Guerra,viniciusmoreira@example.net,24293176710.0,2004-09-27,M,PE,Viúvo/a,Estudante,Outro,Baixa,2023-06-28,iOS,(051) 7580-4730
U00103,Lorena,Sales,nfonseca@example.com,66937630611.0,1994-03-20,Outro,CE,Divorciado/a,Desempregado,Técnico,Alta,2023-06-28,iOS,+55 41 0348-8171
U02103,Théo,Andrade,guerracarolina@example.org,30253050179.0,1970-01-01,M,RS,Divorciado/a,Empregado,Outro,Alta,2023-06-28,Android,(071) 9504-8017
U02821,Enrico,Martins,agathapinto@example.org,59288062943.0,1981-10-22,M,CE,Viúvo/a,Estudante,Técnico,Alta,2023-06-28,iOS,0800-328-5478
U03289,Yuri,Vieira,gda-conceicao@example.com,43974023559.0,1970-01-01,F,PR,Solteiro/a,Autônomo,Superior,Baixa,2023-06-28,Android,+55 (071) 1663 2165
U04198,Antony,das Neves,thalesda-paz@example.net,81205318049.0,1973-07-12,M,CE,Viúvo/a,Estudante,Técnico,Média,2023-06-28,iOS,+55 (061) 9819 2112
U01019,Rael,Mendes,fogacaemilly@example.org,76073553897.0,1996-07-20,F,CE,Viúvo/a,Estudante,Outro,Média,2023-06-29,Android,+55 (011) 3326 9509
U01459,Bella,Santos,lunnanascimento@example.com,73892668876.0,1990-12-03,F,RJ,Casado/a,Desempregado,Superior,Média,2023-06-29,Android,+55 81 1156 2536
U01596,Hellena,Moreira,hcamargo@example.org,42166368066.0,1981-08-28,F,DF,Casado/a,Autônomo,Superior,Média,2023-06-29,Android,+55 11 5375-9493
U01613,Gabrielly,Moura,ravi79@example.net,33707725002.0,1995-11-15,F,MG,Viúvo/a,Estudante,Pós-graduação,Média,2023-06-29,iOS,+55 41 5251-9459
U02018,Rhavi,Nunes,yrezende@example.com,31544289277.0,1999-02-13,Outro,DF,Viúvo/a,Aposentado,Outro,Alta,2023-06-29,Android,(031) 3862 1466
U03050,Bianca,Costela,murilosa@example.org,60533574119.0,1987-09-16,M,BA,Solteiro/a,Desempregado,Superior,Média,2023-06-29,Android,(051) 7849-7428
U03746,Arthur Miguel,da Paz,ovargas@example.com,34373640566.0,1970-01-16,Outro,SP,Divorciado/a,Estudante,Pós-graduação,Média,2023-06-29,Android,+55 81 0336-6239
U00817,Luiz Felipe,Martins,pjesus@example.org,53138872511.0,1986-06-06,Outro,RJ,Casado/a,Estudante,Pós-graduação,Baixa,2023-06-30,iOS,0500 159 1703
U04990,Sophia,Abreu,camposana-livia@example.com,50388646231.0,2002-09-22,Outro,CE,Viúvo/a,Desempregado,Técnico,Baixa,2023-06-30,iOS,21 8564 3697
U00370,Marcos Vinicius,Sá,luana95@example.com,38219607145.0,1992-12-12,Outro,PR,Solteiro/a,Autônomo,Superior,Baixa,2023-07-01,Android,0500 774 8618
U02322,Alícia,Duarte,franciscoda-mota@example.org,77920831018.0,1992-06-26,Outro,PE,Viúvo/a,Aposentado,Outro,Média,2023-07-01,iOS,(041) 1887 0689
U02545,Maria Júlia,Macedo,msantos@example.com,81302096861.0,1997-07-11,M,PE,Viúvo/a,Autônomo,Técnico,Baixa,2023-07-01,iOS,+55 84 5224-1809
U03963,Beatriz,Leão,luigiaragao@example.com,87784130179.0,1979-11-15,M,DF,Viúvo/a,Estudante,Técnico,Baixa,2023-07-01,iOS,(021) 6101 6697
U04005,Pedro Lucas,Marques,ceciliasiqueira@example.org,46924919311.0,1970-01-01,M,RS,Viúvo/a,Autônomo,Pós-graduação,Baixa,2023-07-01,iOS,51 2234 2644
U02238,Cecilia,Dias,maria-juliamendonca@example.net,83679949496.0,1970-01-01,F,PE,Viúvo/a,Autônomo,Superior,Média,2023-07-02,iOS,41 7420-3138
U02371,Diego,Cavalcante,sophiemoraes@example.com,11027238213.0,1993-05-01,F,MG,Solteiro/a,Empregado,Ensino Médio,Média,2023-07-02,iOS,+55 (021) 3756 3869
U02407,Nathan,da Mata,rsiqueira@example.net,86998174094.0,1970-01-01,Outro,CE,Divorciado/a,Desempregado,Pós-graduação,Baixa,2023-07-02,Android,+55 (081) 5749 9758
U02601,João Gabriel,Vasconcelos,fmonteiro@example.net,28365565371.0,1996-04-18,F,PE,Viúvo/a,Estudante,Superior,Alta,2023-07-02,iOS,+55 41 3343 8589
U02738,Alexia,Vargas,pedro-miguelbarbosa@example.net,73389353573.0,1987-08-18,F,SP,Solteiro/a,Estudante,Outro,Média,2023-07-02,iOS,+55 (081) 3443 3179
U03373,João Miguel,Farias,maria-liz60@example.net,70856130473.0,1985-05-29,M,RJ,Solteiro/a,Autônomo,Técnico,Média,2023-07-02,iOS,+55 (041) 8269 5630
U03607,Carolina,Ribeiro,alanacaldeira@example.com,28053554481.0,2000-02-17,F,BA,Divorciado/a,Estudante,Outro,Baixa,2023-07-02,iOS,+55 (031) 1559-8776
U02953,Luiza,Fernandes,qrezende@example.org,30911510162.0,2004-05-03,F,BA,Divorciado/a,Aposentado,Técnico,Baixa,2023-07-03,iOS,31 0991-5270
U03090,Stella,Jesus,ysilveira@example.net,63570600222.0,1970-01-01,F,SP,Solteiro/a,Estudante,Técnico,Média,2023-07-03,iOS,(084) 9225 6714
U04105,Larissa,Novaes,duartegabriel@example.net,81535854854.0,1970-01-01,M,SP,Viúvo/a,Estudante,Outro,Baixa,2023-07-03,iOS,+55 (061) 7014 9623
U04161,Júlia,Cardoso,maria-alice17@example.org,92426520004.0,2006-10-31,M,PR,Viúvo/a,Aposentado,Outro,Baixa,2023-07-03,iOS,+55 (021) 6652-6418
U01304,Maria Sophia,Moura,brunojesus@example.com,93586996599.0,1978-09-02,Outro,DF,Divorciado/a,Autônomo,Ensino Médio,Alta,2023-07-04,Android,+55 (051) 3080 2913
U02665,Luara,Machado,azevedoisaac@example.org,89356561616.0,1974-01-07,F,RJ,Solteiro/a,Empregado,Técnico,Alta,2023-07-04,iOS,+55 (021) 9185-1050
U03464,Pedro Miguel,Garcia,peixotojoao-gabriel@example.com,40152797253.0,1970-01-01,Outro,RJ,Divorciado/a,Estudante,Ensino Médio,Baixa,2023-07-04,Android,(081) 0548 0043
U02682,Davi Luiz,Sousa,asafe11@example.net,32628740069.0,1970-03-02,M,MG,Viúvo/a,Desempregado,Pós-graduação,Média,2023-07-05,Android,(021) 5681-4238
U03642,Maria Liz,Nunes,gpereira@example.com,55121909557.0,1970-01-01,M,MG,Viúvo/a,Estudante,Outro,Baixa,2023-07-05,iOS,(051) 6065-4443
U04482,Murilo,da Conceição,maria-vitoriacirino@example.org,37149526679.0,1970-01-01,Outro,CE,Divorciado/a,Estudante,Pós-graduação,Média,2023-07-05,iOS,71 7193-2967
U02800,Francisco,Aragão,garciabenicio@example.com,36671722900.0,1980-07-18,F,CE,Casado/a,Desempregado,Técnico,Baixa,2023-07-06,iOS,+55 31 7705 8238
U03142,Lavínia,Ferreira,ravi-lucca45@example.net,89605401579.0,1970-01-01,M,DF,Casado/a,Empregado,Outro,Média,2023-07-06,iOS,81 3642-4257
U03678,Maria Flor,Guerra,andradegiovanna@example.net,25228909299.0,1991-02-27,M,SP,Solteiro/a,Autônomo,Técnico,Alta,2023-07-06,iOS,(071) 1874 0863
U04852,Evelyn,da Paz,da-cruzmariah@example.com,34350397332.0,1970-01-01,Outro,RJ,Divorciado/a,Estudante,Superior,Média,2023-07-06,Android,+55 61 4180-7269
U00541,Ian,Novaes,sampaiojosue@example.com,10832466080.0,1987-11-10,F,PE,Casado/a,Autônomo,Pós-graduação,Média,2023-07-07,iOS,21 8493-8015
U02469,Arthur Gabriel,Pinto,dpimenta@example.org,84197349121.0,1974-10-21,Outro,CE,Casado/a,Estudante,Outro,Alta,2023-07-07,iOS,+55 (081) 5654-0327
U03738,Oliver,Andrade,flima@example.com,48033250261.0,1970-01-01,F,PR,Viúvo/a,Autônomo,Pós-graduação,Baixa,2023-07-07,iOS,+55 21 7189 6182
U03808,Vitória,Santos,camaracarolina@example.net,50091353392.0,1970-01-01,M,PR,Casado/a,Aposentado,Ensino Médio,Alta,2023-07-07,Android,+55 21 9981-9261
U00269,Carlos Eduardo,das Neves,emilly04@example.org,22195863435.0,1995-01-30,F,PR,Divorciado/a,Empregado,Superior,Baixa,2023-07-08,Android,+55 (031) 7067-4776
U01284,Evelyn,Cardoso,da-pazpedro-lucas@example.net,22254378391.0,1970-01-01,M,CE,Solteiro/a,Desempregado,Ensino Médio,Baixa,2023-07-08,Android,+55 (081) 5619 3939
U01919,Ana Carolina,Aragão,alexiafernandes@example.net,41997599264.0,1978-11-04,M,DF,Solteiro/a,Empregado,Ensino Médio,Média,2023-07-08,Android,(061) 6921 3390
U03295,Yan,Albuquerque,garciadiego@example.com,42791915022.0,2006-06-26,Outro,MG,Solteiro/a,Autônomo,Outro,Baixa,2023-07-08,iOS,(081) 3521-8457
U03348,Vitor,Cassiano,pachecogael@example.net,24713355604.0,1970-01-01,Outro,CE,Divorciado/a,Empregado,Superior,Baixa,2023-07-08,Android,0900-587-6579
U03401,Davi Luiz,Vasconcelos,bnascimento@example.com,70448346819.0,1970-01-01,M,MG,Solteiro/a,Estudante,Superior,Baixa,2023-07-08,Android,21 3399-4866
U01819,Nathan,Cirino,yuri29@example.com,86567754519.0,1973-08-24,M,PE,Viúvo/a,Desempregado,Pós-graduação,Alta,2023-07-09,Android,+55 (011) 6796 9841
U02497,Benjamim,Camargo,das-nevesnicole@example.com,19568611276.0,1970-01-01,M,RJ,Casado/a,Desempregado,Outro,Alta,2023-07-09,Android,+55 84 8485 0852
U00427,Ravi Lucca,Martins,ngomes@example.org,52252086212.0,1994-08-10,F,PR,Casado/a,Estudante,Outro,Alta,2023-07-10,Android,+55 21 2996 5642
U04033,Eloah,Siqueira,oliveiraanthony-gabriel@example.com,90577481838.0,1992-12-09,F,SP,Solteiro/a,Estudante,Técnico,Baixa,2023-07-10,Android,71 4120 1908
U04505,Luiz Felipe,Albuquerque,oliviada-rocha@example.net,61019867875.0,1970-01-01,M,SP,Divorciado/a,Desempregado,Outro,Média,2023-07-10,iOS,51 5097 7732
U01035,Pedro Miguel,da Mota,maria-alicealbuquerque@example.com,56089027109.0,2001-02-08,F,CE,Divorciado/a,Estudante,Técnico,Média,2023-07-11,iOS,+55 (071) 0720 4239
U01152,Henrique,Rocha,xaragao@example.net,44008648408.0,1970-01-01,F,DF,Divorciado/a,Desempregado,Ensino Médio,Média,2023-07-11,Android,+55 (041) 4698-1273
U03926,Liz,Martins,maria-alicemelo@example.org,78825338398.0,1988-11-15,F,MG,Solteiro/a,Autônomo,Outro,Baixa,2023-07-11,iOS,(041) 8809-5662
U04706,Breno,Cassiano,scarvalho@example.net,22945470217.0,2004-05-18,Outro,CE,Viúvo/a,Empregado,Ensino Médio,Baixa,2023-07-11,Android,71 1744-3898
U04761,Evelyn,Souza,nascimentodiogo@example.org,51186991877.0,2004-07-27,M,CE,Divorciado/a,Estudante,Pós-graduação,Média,2023-07-11,Android,11 6080 0118
U00060,Luan,Correia,da-rosabruno@example.net,37399882876.0,2006-01-29,Outro,DF,Casado/a,Desempregado,Técnico,Alta,2023-07-12,iOS,+55 31 3746-9180
U01569,Isaac,Martins,igarcia@example.org,73487164665.0,1992-11-23,Outro,SP,Divorciado/a,Desempregado,Superior,Alta,2023-07-12,iOS,+55 (061) 3746 7697
U02551,Ana Lívia,Siqueira,leaosara@example.com,95327469898.0,1985-01-23,F,PR,Viúvo/a,Aposentado,Superior,Média,2023-07-12,iOS,+55 (084) 5418 2575
U03107,Vinícius,da Rosa,xrodrigues@example.org,55249580917.0,1970-01-01,F,BA,Viúvo/a,Empregado,Outro,Baixa,2023-07-12,iOS,0500 034 7580
U04745,Maya,Azevedo,rebecacastro@example.org,81825787642.0,2004-04-03,M,PR,Casado/a,Estudante,Pós-graduação,Média,2023-07-12,Android,(041) 0159 1907
U04504,Milena,Cunha,alvesnicole@example.org,91868653313.0,1997-03-20,F,PE,Divorciado/a,Desempregado,Pós-graduação,Baixa,2023-07-13,Android,+55 51 5287 2475
U01369,Theo,Macedo,raul42@example.org,65765904602.0,1970-01-01,M,PE,Casado/a,Desempregado,Outro,Alta,2023-07-14,Android,0300-966-4890
U01506,Maria Júlia,Ribeiro,nascimentoigor@example.com,90870862011.0,1970-01-01,F,BA,Solteiro/a,Estudante,Ensino Médio,Baixa,2023-07-14,Android,84 9860-1642
U01555,João Lucas,Viana,josuecardoso@example.net,68422503202.0,1976-03-30,Outro,PE,Divorciado/a,Aposentado,Ensino Médio,Baixa,2023-07-14,iOS,61 9855-6512
U02594,Vitor Hugo,Pacheco,pedro-miguel48@example.org,19480347007.0,1970-01-01,Outro,SP,Divorciado/a,Aposentado,Pós-graduação,Baixa,2023-07-14,iOS,+55 31 2164 4529
U03391,Mariah,da Paz,sofiacavalcante@example.net,67131847375.0,1997-05-19,Outro,BA,Divorciado/a,Aposentado,Superior,Baixa,2023-07-14,Android,84 7804 3330
U03490,Lunna,Albuquerque,vasconceloscaio@example.org,40490980364.0,1970-01-01,F,CE,Viúvo/a,Autônomo,Pós-graduação,Alta,2023-07-14,iOS,(041) 6744-6269
U03787,Rodrigo,Pastor,brenoguerra@example.org,26829527298.0,1983-05-20,F,MG,Solteiro/a,Desempregado,Ensino Médio,Alta,2023-07-14,iOS,11 2699 2983
U04481,Ester,Cavalcante,sacaue@example.org,39484736797.0,2003-02-25,Outro,SP,Casado/a,Desempregado,Ensino Médio,Alta,2023-07-14,iOS,31 1603-0422
U00548,Arthur Gabriel,Costa,emilly36@example.org,27173483192.0,1970-01-01,F,PE,Viúvo/a,Desempregado,Técnico,Alta,2023-07-15,iOS,11 3493-8328
U01240,Maria,da Rocha,jmelo@example.org,38070376910.0,1978-07-05,Outro,PE,Divorciado/a,Autônomo,Ensino Médio,Alta,2023-07-15,Android,+55 (071) 4788 3124
U01278,Allana,Machado,francisco01@example.org,90716695269.0,2005-01-17,Outro,DF,Casado/a,Aposentado,Ensino Médio,Alta,2023-07-15,Android,+55 (021) 6549-9134
U01713,Alexia,Martins,joao-miguelcavalcante@example.net,59234700370.0,1970-01-01,F,PR,Divorciado/a,Autônomo,Técnico,Média,2023-07-15,iOS,41 9534 7993
U01937,Sara,Azevedo,camargoemanuelly@example.com,36831282284.0,1992-08-03,F,PR,Solteiro/a,Estudante,Superior,Média,2023-07-15,Android,+55 11 7124 0990
U02503,Gael,Moura,dcaldeira@example.com,33183423512.0,1977-10-26,F,BA,Solteiro/a,Estudante,Outro,Alta,2023-07-15,iOS,61 5923-8538
U02803,Lavínia,Dias,tcaldeira@example.net,98425828776.0,1970-01-01,F,RJ,Solteiro/a,Estudante,Ensino Médio,Média,2023-07-15,iOS,81 6620-0383
U03430,Maria,Machado,carolina16@example.org,34364795339.0,1970-01-01,F,CE,Solteiro/a,Autônomo,Outro,Baixa,2023-07-15,Android,31 1546 4044
U04797,Diogo,Sousa,eloah08@example.net,44016180439.0,1996-03-20,M,PE,Casado/a,Estudante,Ensino Médio,Baixa,2023-07-15,Android,41 0499 3457
U04886,Antony,da Cruz,maria-julia34@example.com,41420307022.0,1970-01-01,M,RJ,Solteiro/a,Estudante,Superior,Baixa,2023-07-15,Android,+55 (081) 6324 3877
U01947,Luiz Henrique,da Mata,teixeirabenjamim@example.com,12377706218.0,2004-07-26,Outro,MG,Solteiro/a,Aposentado,Pós-graduação,Baixa,2023-07-16,iOS,+55 81 1107-9043
U02108,Pedro,Pimenta,henry08@example.net,27422901803.0,1970-01-01,M,RJ,Viúvo/a,Desempregado,Outro,Baixa,2023-07-16,Android,0900 014 2808
U02286,João Miguel,Mendes,ovieira@example.com,48368185215.0,1970-01-01,Outro,MG,Divorciado/a,Autônomo,Técnico,Baixa,2023-07-16,iOS,+55 21 0676-2913
U03265,Josué,Ramos,miguel57@example.net,73801727594.0,1970-01-01,M,RJ,Viúvo/a,Empregado,Ensino Médio,Alta,2023-07-16,iOS,+55 41 6399-6753
U04273,Gael,Peixoto,nina54@example.org,53141451724.0,1996-01-07,Outro,RS,Viúvo/a,Empregado,Ensino Médio,Alta,2023-07-16,Android,(041) 0028-0157
U04837,Daniela,da Luz,ana-vitoriada-conceicao@example.org,12957552853.0,1971-04-09,M,PR,Divorciado/a,Desempregado,Ensino Médio,Baixa,2023-07-16,Android,81 5807-9154
U00077,Samuel,Azevedo,dborges@example.org,53337913948.0,1970-01-01,F,MG,Viúvo/a,Aposentado,Ensino Médio,Baixa,2023-07-17,iOS,+55 41 7487 1783
U00740,Ana Cecília,Macedo,maria-flor12@example.net,47863526946.0,1970-01-01,F,RJ,Solteiro/a,Autônomo,Ensino Médio,Alta,2023-07-17,iOS,31 4730-5852
U01498,Arthur Gabriel,Monteiro,luiz-fernando96@example.net,23848059562.0,1970-01-01,F,RS,Viúvo/a,Autônomo,Técnico,Média,2023-07-17,Android,+55 (071) 8255-6994
U02479,Enzo Gabriel,Cavalcanti,camaraalexandre@example.com,31763426202.0,1970-01-01,Outro,PE,Casado/a,Desempregado,Técnico,Média,2023-07-17,Android,+55 31 1454-4905
U02646,Valentim,da Conceição,ana-liviamontenegro@example.org,68475911956.0,1979-04-16,F,DF,Casado/a,Desempregado,Pós-graduação,Alta,2023-07-17,iOS,+55 71 3446-7476
U03027,Benicio,Sousa,moraeserick@example.org,88601903601.0,1970-01-01,Outro,SP,Viúvo/a,Autônomo,Outro,Média,2023-07-17,Android,(041) 6340-8256
U03220,Lorenzo,Fonseca,emanuellyfernandes@example.com,84985259600.0,2001-09-27,F,CE,Viúvo/a,Empregado,Superior,Média,2023-07-17,Android,0800-206-1396
U04598,Cecília,Porto,aragaobruna@example.com,73512069864.0,1997-09-12,Outro,RS,Viúvo/a,Empregado,Superior,Alta,2023-07-17,iOS,+55 (061) 6018-2175
U00320,Maria Isis,da Mata,ravy81@example.net,58362800615.0,1983-05-03,F,RJ,Solteiro/a,Estudante,Pós-graduação,Alta,2023-07-18,Android,(061) 6781-3468
U01470,Bella,Barros,pachecoallana@example.org,46137531022.0,1997-07-02,Outro,SP,Solteiro/a,Empregado,Outro,Baixa,2023-07-18,iOS,(081) 9843-0260
U02936,Melina,Fonseca,dazevedo@example.com,75209620672.0,1974-06-05,M,MG,Solteiro/a,Desempregado,Ensino Médio,Baixa,2023-07-18,Android,+55 71 4751 1688
U03508,Bruno,Costela,laviniafarias@example.net,28811957259.0,1982-03-21,M,MG,Divorciado/a,Desempregado,Ensino Médio,Média,2023-07-18,iOS,11 4720 7244
U04386,Asafe,Pereira,fariasjoao-gabriel@example.org,92270807573.0,1970-01-01,M,DF,Casado/a,Estudante,Outro,Alta,2023-07-18,Android,+55 (011) 2112 6322
U04787,Yuri,Nogueira,erickrezende@example.com,50613616692.0,1982-08-12,M,SP,Casado/a,Desempregado,Superior,Baixa,2023-07-18,Android,71 1714-7105
U01410,Sophia,Guerra,ravi-lucca75@example.com,95689792315.0,2003-07-10,F,PE,Solteiro/a,Estudante,Técnico,Alta,2023-07-19,Android,0500 485 0476
U01909,Ana Júlia,Vieira,maria-alice56@example.com,23412060074.0,1981-11-23,M,RJ,Casado/a,Autônomo,Técnico,Média,2023-07-19,iOS,(071) 7350-5430
U03388,Júlia,Correia,macedoamanda@example.org,47651966900.0,1978-05-11,M,PR,Viúvo/a,Estudante,Superior,Alta,2023-07-19,Android,0500 863 7343
U03988,Thiago,Dias,melissacampos@example.net,85672333778.0,2003-01-29,F,PE,Casado/a,Empregado,Técnico,Baixa,2023-07-19,Android,(051) 9392-4147
U04013,Ana Julia,Vasconcelos,maya23@example.org,94973203207.0,1979-03-03,F,MG,Divorciado/a,Autônomo,Ensino Médio,Média,2023-07-19,iOS,+55 (041) 7017 9973
U04451,Luan,Gomes,duartehenry@example.com,52568812608.0,1970-01-01,F,MG,Casado/a,Aposentado,Superior,Média,2023-07-19,iOS,51 3993 7192
U00410,Bryan,Nunes,lucas97@example.net,81714796714.0,1970-01-01,F,DF,Casado/a,Autônomo,Outro,Alta,2023-07-20,iOS,21 3512 4653
U00418,Calebe,Costa,nicolas92@example.net,47353338152.0,1970-01-01,F,RJ,Viúvo/a,Empregado,Ensino Médio,Alta,2023-07-20,iOS,+55 71 3299 8418
U04329,Sophie,Leão,gomesaugusto@example.org,67977777296.0,1970-01-01,Outro,RS,Viúvo/a,Empregado,Outro,Alta,2023-07-20,Android,(021) 4041-2962
U00723,João Gabriel,Barbosa,nicolasborges@example.com,34764693368.0,1997-12-17,M,PE,Solteiro/a,Estudante,Outro,Alta,2023-07-21,iOS,71 0705 1509
U01273,Thales,da Cruz,da-luzdavi-miguel@example.net,45510366247.0,1992-06-25,M,RS,Solteiro/a,Empregado,Pós-graduação,Alta,2023-07-21,Android,(071) 9885 5130
U02606,Maria Eduarda,Monteiro,bda-costa@example.net,85603490654.0,1988-01-04,M,RS,Solteiro/a,Estudante,Superior,Alta,2023-07-21,Android,+55 84 5014 8518
U03055,Davi Lucca,Câmara,maria-eduarda81@example.com,29772947069.0,1977-11-12,M,PR,Divorciado/a,Estudante,Pós-graduação,Baixa,2023-07-21,Android,+55 71 2496 9178
U01649,Evelyn,Garcia,xduarte@example.org,61142502196.0,1996-12-17,M,BA,Solteiro/a,Aposentado,Ensino Médio,Baixa,2023-07-22,iOS,(081) 3958-0781
U02572,Brayan,Cassiano,davi-luiz18@example.org,57389149231.0,1970-01-01,F,SP,Divorciado/a,Estudante,Técnico,Média,2023-07-22,Android,61 4362 0354
U00926,Antonella,Fonseca,viniciusrocha@example.org,68876585631.0,1996-10-17,F,MG,Viúvo/a,Aposentado,Superior,Média,2023-07-23,iOS,+55 (081) 0926-9913
U02299,Leonardo,Carvalho,rezenderavi@example.org,94762170672.0,1970-01-01,M,RS,Divorciado/a,Empregado,Pós-graduação,Média,2023-07-24,Android,(084) 9000 8586
U03252,Milena,Fogaça,kcostela@example.com,86284615512.0,1970-06-05,Outro,CE,Casado/a,Autônomo,Ensino Médio,Alta,2023-07-24,iOS,11 6042-7987
U04404,Lorena,Duarte,enzo-gabrielda-luz@example.net,58648688538.0,1995-01-14,Outro,RJ,Casado/a,Aposentado,Ensino Médio,Baixa,2023-07-24,iOS,(071) 1546-0213
U04693,Agatha,Souza,lmoura@example.org,80393057215.0,1987-09-05,Outro,RJ,Divorciado/a,Aposentado,Ensino Médio,Baixa,2023-07-24,Android,+55 (061) 5169-6709
U01327,Arthur Miguel,Garcia,anthony-gabriel85@example.net,34559872083.0,1984-02-01,M,PR,Solteiro/a,Estudante,Técnico,Baixa,2023-07-25,iOS,0300-518-4700
U02016,Enrico,Almeida,macedomathias@example.com,48533767195.0,2003-10-02,Outro,PR,Viúvo/a,Desempregado,Ensino Médio,Baixa,2023-07-25,Android,+55 71 9651-7708
U02019,João Guilherme,Casa Grande,isabelcastro@example.net,52772689387.0,2002-01-02,Outro,BA,Solteiro/a,Desempregado,Outro,Baixa,2023-07-25,iOS,11 4955-7038
U04913,Fernanda,Duarte,enzo-gabrielrodrigues@example.net,90243923703.0,1983-05-24,Outro,PR,Divorciado/a,Empregado,Outro,Baixa,2023-07-25,Android,+55 (041) 0951 3488
U01297,Mariah,Cassiano,stephany88@example.net,43488896906.0,1992-02-14,F,RJ,Divorciado/a,Autônomo,Outro,Alta,2023-07-26,iOS,51 4857 7708
U02427,Laura,da Paz,olopes@example.com,19171346813.0,1984-11-05,M,SP,Casado/a,Desempregado,Superior,Alta,2023-07-26,iOS,+55 21 6776-0408
U04762,Luiz Fernando,Farias,abreuisabela@example.com,85315171588.0,2002-08-22,M,BA,Divorciado/a,Desempregado,Superior,Alta,2023-07-26,Android,21 5119 5246
U00996,Théo,Viana,camarastephany@example.org,46509565804.0,1970-01-01,F,CE,Divorciado/a,Aposentado,Pós-graduação,Média,2023-07-27,Android,(021) 5209-2702
U01920,Ana Laura,Fogaça,gustavo-henrique60@example.com,76619177531.0,1970-01-01,M,CE,Casado/a,Empregado,Ensino Médio,Alta,2023-07-27,Android,0500 899 5787
U02442,Maria Julia,Fonseca,mda-rosa@example.org,24480508455.0,1970-01-01,Outro,MG,Viúvo/a,Empregado,Superior,Média,2023-07-27,Android,0500-339-9128
U03493,Maria Julia,da Rosa,svasconcelos@example.com,13078148835.0,1977-07-05,M,DF,Casado/a,Aposentado,Outro,Baixa,2023-07-27,iOS,(051) 1765-3969
U01149,Maysa,Rezende,enzoda-cunha@example.com,99784108665.0,1994-06-10,F,DF,Divorciado/a,Desempregado,Ensino Médio,Baixa,2023-07-28,Android,11 5499 2991
U01330,Renan,da Mata,brayan61@example.com,81331684920.0,1970-01-01,Outro,BA,Viúvo/a,Estudante,Ensino Médio,Baixa,2023-07-28,Android,11 2704-3994
U01935,Paulo,Fonseca,martinsmelina@example.net,14405599096.0,1970-01-01,F,CE,Viúvo/a,Aposentado,Pós-graduação,Média,2023-07-28,iOS,51 4024 1141
U02767,Eduarda,da Conceição,lara90@example.com,15775946566.0,1974-04-23,M,CE,Divorciado/a,Desempregado,Superior,Alta,2023-07-28,Android,84 7211-9309
U03221,Daniel,Teixeira,luiz-felipe03@example.org,38778429563.0,1987-03-17,F,PR,Casado/a,Estudante,Ensino Médio,Média,2023-07-28,Android,+55 84 7002-3208
U03840,Heloisa,Vasconcelos,ovargas@example.net,31314302857.0,1970-01-01,F,RJ,Solteiro/a,Autônomo,Pós-graduação,Baixa,2023-07-28,iOS,61 2385 3532
U03876,Sara,Casa Grande,qalbuquerque@example.com,24896792064.0,1970-01-01,F,SP,Divorciado/a,Desempregado,Técnico,Baixa,2023-07-28,Android,+55 (061) 1778-5609
U04285,Ana Luiza,Pinto,xmonteiro@example.com,24166253208.0,1994-09-14,M,RJ,Solteiro/a,Empregado,Ensino Médio,Média,2023-07-28,iOS,+55 (021) 7679-1043
U01391,Maria Helena,da Conceição,viananatalia@example.net,42595447358.0,1976-09-07,M,RS,Casado/a,Aposentado,Superior,Alta,2023-07-29,Android,+55 61 2453 3511
U03256,Esther,Fogaça,dantefonseca@example.org,13269420566.0,1998-12-21,F,MG,Viúvo/a,Empregado,Técnico,Média,2023-07-29,Android,+55 81 4234-4644
U00601,Cauê,Freitas,ncorreia@example.com,26727388949.0,1970-01-01,M,RJ,Viúvo/a,Aposentado,Superior,Média,2023-07-30,iOS,+55 (061) 9978 6012
U00641,Ana Liz,Novaes,lorena05@example.com,40512249762.0,1970-01-01,M,SP,Casado/a,Aposentado,Técnico,Média,2023-07-30,Android,81 9608-2265
U03760,Breno,Pimenta,gabrielaalmeida@example.net,35377821476.0,2004-10-09,Outro,PR,Divorciado/a,Empregado,Pós-graduação,Baixa,2023-07-30,iOS,0500 038 0214
U04423,Beatriz,Marques,omacedo@example.com,36532575576.0,1982-08-10,M,PE,Casado/a,Estudante,Outro,Média,2023-07-30,Android,(031) 1473-0272
U00462,Melina,Machado,souzamarcelo@example.net,96714814389.0,1972-01-05,M,RS,Viúvo/a,Empregado,Pós-graduação,Baixa,2023-07-31,iOS,11 3434 9407
U04261,Sara,Mendes,souzamaria-flor@example.net,97390896295.0,1970-01-01,M,PR,Viúvo/a,Aposentado,Técnico,Alta,2023-07-31,iOS,11 3756 3691
U04388,Diogo,Andrade,henrycamara@example.org,59812655560.0,1970-01-01,Outro,SP,Solteiro/a,Desempregado,Outro,Baixa,2023-07-31,Android,(051) 8526-3587
U04801,Kaique,Ferreira,emilly32@example.net,52364966874.0,2004-11-29,M,CE,Solteiro/a,Estudante,Pós-graduação,Média,2023-07-31,iOS,+55 84 9045-9856
U03111,Luísa,Rodrigues,goncalvesmaria-vitoria@example.org,76355872371.0,2003-11-27,Outro,RS,Solteiro/a,Desempregado,Outro,Média,2023-08-01,Android,+55 71 3567 1306
U01261,Marcos Vinicius,Pastor,souzaalexandre@example.org,82847022668.0,1991-05-22,M,PE,Casado/a,Estudante,Ensino Médio,Baixa,2023-08-02,Android,(031) 4865-8250
U02868,Carolina,Vargas,camaraisabelly@example.org,74346043829.0,1970-01-01,Outro,MG,Divorciado/a,Empregado,Pós-graduação,Baixa,2023-08-02,Android,0300 685 9585
U02978,Yuri,da Rosa,enrico24@example.net,96996752596.0,1983-08-09,M,RJ,Casado/a,Aposentado,Superior,Média,2023-08-02,iOS,+55 51 9602 2720
U03061,Gustavo,Azevedo,scamara@example.com,98687658905.0,2005-01-16,Outro,MG,Solteiro/a,Aposentado,Técnico,Média,2023-08-02,iOS,+55 41 0959 9518
U00595,Otto,Costa,leosilva@example.com,13798769946.0,1974-05-30,M,PR,Divorciado/a,Empregado,Pós-graduação,Baixa,2023-08-03,Android,+55 (071) 4234 7700
U01566,Juan,Correia,mendesrebeca@example.org,83993896720.0,1970-01-01,Outro,PE,Solteiro/a,Desempregado,Ensino Médio,Alta,2023-08-03,Android,41 9320-8164
U02025,Isabela,Farias,xcorreia@example.org,34596087751.0,1997-07-15,M,PE,Viúvo/a,Estudante,Técnico,Baixa,2023-08-03,iOS,(031) 8460-2880
U02501,Alícia,Nascimento,xrezende@example.net,52685937877.0,2005-09-09,Outro,RS,Divorciado/a,Desempregado,Pós-graduação,Média,2023-08-03,iOS,+55 41 4615-4348
U03668,Gabriel,Martins,costelajose-miguel@example.net,22802948176.0,1981-07-07,M,DF,Viúvo/a,Estudante,Pós-graduação,Baixa,2023-08-03,iOS,0300 424 7366
U03994,Arthur,Ribeiro,da-pazcarolina@example.com,19528025913.0,1995-10-02,M,BA,Solteiro/a,Aposentado,Ensino Médio,Média,2023-08-03,Android,(051) 2725 7940
U04664,Lorenzo,Sá,asafe19@example.org,97864207843.0,1977-08-07,F,RJ,Solteiro/a,Desempregado,Técnico,Baixa,2023-08-03,Android,(041) 0556 9631
U04857,Daniel,Vasconcelos,wsales@example.org,32353068766.0,1970-01-01,F,DF,Viúvo/a,Empregado,Técnico,Média,2023-08-03,iOS,61 6792-4900
U01394,Olívia,Guerra,wda-costa@example.org,58464691293.0,1975-03-17,M,CE,Viúvo/a,Estudante,Superior,Média,2023-08-04,iOS,+55 (041) 8379-0919
U01858,Ísis,Nunes,pereiradom@example.com,53810839641.0,1970-01-01,M,SP,Viúvo/a,Autônomo,Técnico,Alta,2023-08-04,Android,0300-542-9878
U02836,José Pedro,da Cunha,liamaraujo@example.org,98206836126.0,2001-12-30,F,PR,Viúvo/a,Empregado,Superior,Baixa,2023-08-04,Android,11 8043-7603
U04717,Enzo,Almeida,sousasarah@example.net,50929720515.0,2004-12-23,M,RS,Casado/a,Estudante,Pós-graduação,Média,2023-08-04,Android,81 5737 3466
U00111,Luan,Peixoto,bsousa@example.org,29979439493.0,2003-07-10,Outro,RJ,Divorciado/a,Estudante,Outro,Média,2023-08-05,iOS,0900-434-5887
U01724,Ravi,Alves,ravi-luccasiqueira@example.com,13421232439.0,1970-01-01,F,SP,Divorciado/a,Desempregado,Pós-graduação,Alta,2023-08-05,Android,0900-047-0284
U02191,Murilo,Nogueira,vcavalcanti@example.org,61673334585.0,1970-01-01,F,MG,Casado/a,Autônomo,Superior,Alta,2023-08-05,iOS,71 4697 0944
U03072,Luiz Otávio,da Luz,ana98@example.net,23210110670.0,1970-01-01,Outro,RJ,Casado/a,Empregado,Ensino Médio,Baixa,2023-08-05,iOS,31 7367-7476
U04075,Luiza,Moraes,maria-eduarda02@example.net,96926949256.0,1970-01-01,M,RJ,Casado/a,Estudante,Ensino Médio,Alta,2023-08-05,iOS,71 3289 5920
U04988,Ian,Viana,novaisisabela@example.net,20089032671.0,1982-04-01,F,MG,Solteiro/a,Desempregado,Pós-graduação,Alta,2023-08-05,iOS,31 3424 8431
U01077,Stella,Macedo,isousa@example.com,46626158078.0,1993-06-08,Outro,BA,Divorciado/a,Aposentado,Superior,Alta,2023-08-06,iOS,(084) 2097-3609
U01241,Elisa,Guerra,correialorena@example.org,69921958703.0,2003-11-28,F,DF,Divorciado/a,Estudante,Outro,Baixa,2023-08-06,Android,+55 (084) 9240 0245
U02089,Maria Flor,Cardoso,joao-lucas51@example.net,94703518790.0,1979-01-27,M,CE,Viúvo/a,Aposentado,Outro,Alta,2023-08-06,Android,+55 61 5467-8876
U02908,Henrique,Aragão,maysaferreira@example.com,51557252172.0,1970-01-01,Outro,SP,Divorciado/a,Desempregado,Outro,Alta,2023-08-06,Android,61 7097-5193
U02944,Apollo,Fogaça,maria-lauramelo@example.net,23656818849.0,1970-01-01,Outro,CE,Casado/a,Desempregado,Outro,Média,2023-08-06,Android,(021) 0776-6835
U03184,Samuel,Garcia,tda-rocha@example.net,15966596124.0,1985-08-16,F,PR,Viúvo/a,Autônomo,Pós-graduação,Média,2023-08-06,Android,71 5166 7562
U04240,Henry,Vieira,fonsecapedro@example.org,60047546115.0,1977-02-11,Outro,BA,Viúvo/a,Aposentado,Pós-graduação,Baixa,2023-08-06,iOS,0300-328-4275
U04276,Ana Vitória,Andrade,jadeda-cunha@example.com,44868195212.0,1983-11-30,M,MG,Divorciado/a,Desempregado,Outro,Alta,2023-08-06,iOS,+55 61 2771-9716
U04970,Bianca,Marques,ana-luizaoliveira@example.com,90504230765.0,1970-01-01,F,SP,Casado/a,Estudante,Ensino Médio,Baixa,2023-08-06,iOS,(021) 0436-4057
U00884,Ágatha,Abreu,alvesolivia@example.com,96512545598.0,1970-01-01,M,RJ,Solteiro/a,Estudante,Ensino Médio,Alta,2023-08-07,iOS,+55 (071) 6138 7725
U03456,Bárbara,Garcia,eduardo61@example.com,65263480319.0,1991-11-10,M,PE,Solteiro/a,Autônomo,Ensino Médio,Alta,2023-08-07,iOS,71 7937 7704
U00813,Maria Sophia,Santos,claricebrito@example.org,26798527691.0,1998-11-30,F,DF,Solteiro/a,Autônomo,Técnico,Baixa,2023-08-08,Android,+55 21 7433-7515
U02523,Aylla,Pimenta,aragaoian@example.net,63933036218.0,1970-01-01,F,PE,Solteiro/a,Estudante,Técnico,Alta,2023-08-08,Android,(071) 7638 7419
U03523,Luiz Felipe,Machado,ngomes@example.org,59443495246.0,1971-02-23,Outro,RS,Casado/a,Desempregado,Técnico,Baixa,2023-08-08,Android,+55 (081) 4023-7264
U04157,Eduardo,Mendes,bmendes@example.net,15894739189.0,1987-10-04,F,RJ,Casado/a,Aposentado,Pós-graduação,Baixa,2023-08-08,iOS,31 8368-4584
U04775,Sara,da Rosa,ravi-lucca52@example.org,82787165583.0,1988-07-01,F,MG,Solteiro/a,Estudante,Ensino Médio,Média,2023-08-08,Android,+55 84 2778-1285
U00313,Mateus,Costela,waparecida@example.net,73139598791.0,2003-07-17,Outro,PE,Divorciado/a,Aposentado,Pós-graduação,Baixa,2023-08-09,Android,21 6824-3117
U00361,Carolina,Castro,agathapimenta@example.org,70338124483.0,1972-01-08,F,PR,Solteiro/a,Estudante,Técnico,Média,2023-08-09,Android,71 4743 1707
U01746,Luiz Otávio,Ferreira,liam06@example.net,96908413588.0,1970-01-01,M,PR,Casado/a,Aposentado,Pós-graduação,Baixa,2023-08-09,Android,(041) 2113 7904
U03874,Maria Isis,Costa,isabelly88@example.net,68543966398.0,1980-05-19,F,SP,Casado/a,Desempregado,Pós-graduação,Média,2023-08-09,iOS,(061) 8258-6743
U04830,Fernando,das Neves,andradebryan@example.com,13475706632.0,1987-12-11,F,DF,Divorciado/a,Autônomo,Pós-graduação,Média,2023-08-09,Android,+55 31 0400 4585
U00503,Ana,Aparecida,xpires@example.com,64250929149.0,1995-02-08,Outro,SP,Casado/a,Aposentado,Pós-graduação,Alta,2023-08-10,iOS,+55 21 2005 2870
U00935,Bryan,Pimenta,alvesnina@example.net,67448753798.0,2006-02-18,Outro,MG,Divorciado/a,Estudante,Ensino Médio,Baixa,2023-08-10,iOS,0800 015 4544
U01627,Enzo Gabriel,Martins,eloa35@example.com,60383086744.0,1970-01-01,Outro,SP,Casado/a,Autônomo,Superior,Alta,2023-08-10,Android,(081) 8922-8807
U01773,Arthur Miguel,Rodrigues,beniciomelo@example.com,35020120589.0,1995-04-12,F,CE,Casado/a,Autônomo,Pós-graduação,Média,2023-08-10,Android,81 4512 4710
U03035,Liam,Campos,lorenacamargo@example.com,16058605299.0,1970-05-03,F,PR,Solteiro/a,Aposentado,Pós-graduação,Alta,2023-08-10,iOS,+55 61 2112-4560
U03765,Luan,Carvalho,vitoria91@example.org,62473023439.0,1988-05-22,M,PE,Solteiro/a,Aposentado,Superior,Média,2023-08-10,iOS,+55 41 8386 2910
U04414,Isaque,Dias,uda-cruz@example.org,48258012414.0,1977-09-27,Outro,DF,Divorciado/a,Autônomo,Técnico,Alta,2023-08-10,Android,(081) 8933-9462
U02170,Cecilia,da Conceição,danilosantos@example.org,49538101396.0,1974-02-20,F,PE,Viúvo/a,Desempregado,Superior,Alta,2023-08-11,Android,81 8280-9760
U02915,Gael,Moura,emanuellyjesus@example.net,67963120066.0,1997-12-30,F,CE,Solteiro/a,Empregado,Pós-graduação,Baixa,2023-08-11,Android,0500-612-9814
U03275,Ágatha,Teixeira,dgarcia@example.net,86410228565.0,2007-01-09,F,CE,Viúvo/a,Desempregado,Técnico,Baixa,2023-08-11,iOS,71 5249 8855
U03398,Maria Luiza,Carvalho,dfonseca@example.com,74047992373.0,1970-01-01,F,CE,Solteiro/a,Autônomo,Superior,Alta,2023-08-12,Android,+55 51 5247 0211
U04382,Luigi,da Rocha,stella37@example.org,25089308955.0,1970-01-01,Outro,PE,Viúvo/a,Empregado,Técnico,Baixa,2023-08-12,iOS,0900-490-2475
U04834,Brenda,Barbosa,fda-mata@example.net,78807199415.0,1973-04-21,F,BA,Viúvo/a,Desempregado,Técnico,Baixa,2023-08-12,Android,+55 81 7032-2147
U00869,Enrico,Andrade,xalves@example.org,64105238064.0,1970-01-01,Outro,SP,Casado/a,Aposentado,Superior,Alta,2023-08-13,iOS,84 1603 8587
U01622,Emanuelly,Duarte,cnovais@example.com,52253927742.0,2001-08-21,M,SP,Viúvo/a,Estudante,Superior,Baixa,2023-08-13,Android,+55 21 6861-5858
U02189,Lavínia,Pimenta,isaque26@example.net,60269998032.0,1972-06-18,F,SP,Casado/a,Empregado,Pós-graduação,Alta,2023-08-13,iOS,71 5035 7027
U02625,Bruno,Almeida,jose-pedromendes@example.org,87115344477.0,1970-01-01,M,CE,Solteiro/a,Estudante,Técnico,Baixa,2023-08-13,iOS,31 6735-3176
U04059,José Miguel,Souza,ana-julia94@example.com,51646726910.0,1970-01-01,M,DF,Viúvo/a,Aposentado,Pós-graduação,Alta,2023-08-13,iOS,+55 (051) 0613-2329
U00473,Theodoro,Pereira,pda-conceicao@example.org,93178765266.0,1980-06-23,Outro,PR,Solteiro/a,Autônomo,Pós-graduação,Alta,2023-08-14,iOS,0300-448-5195
U01796,Antônio,Freitas,spereira@example.com,62655134182.0,1984-02-22,F,SP,Divorciado/a,Aposentado,Pós-graduação,Alta,2023-08-14,Android,+55 11 0690-7086
U03079,Ana Carolina,da Costa,lvasconcelos@example.net,28585255527.0,1992-08-05,F,CE,Viúvo/a,Empregado,Superior,Alta,2023-08-14,Android,(061) 2071 9324
U03580,João Felipe,das Neves,lizmelo@example.net,81195620696.0,1992-01-21,M,DF,Viúvo/a,Autônomo,Pós-graduação,Média,2023-08-14,iOS,+55 84 1644 3339
U03786,Carolina,Souza,hda-costa@example.net,69979624998.0,1982-01-30,M,SP,Casado/a,Estudante,Técnico,Baixa,2023-08-14,Android,(041) 0114 7576
U00176,Julia,Ferreira,davi-lucasrezende@example.net,22163777343.0,1986-11-26,M,MG,Solteiro/a,Empregado,Pós-graduação,Alta,2023-08-15,iOS,(021) 2644 9352
U00285,Nicolas,Aparecida,henry49@example.org,19107134510.0,1999-10-12,M,MG,Divorciado/a,Estudante,Técnico,Média,2023-08-15,iOS,81 3101-2624
U01515,Manuella,Ferreira,danielda-conceicao@example.com,82839467335.0,2001-10-10,M,DF,Solteiro/a,Aposentado,Técnico,Baixa,2023-08-15,Android,(051) 5929 5039
U00790,Lorena,Pimenta,ana-clara98@example.com,13087925122.0,1998-06-21,F,RJ,Solteiro/a,Autônomo,Outro,Média,2023-08-16,iOS,(071) 8164-9073
U02918,Eduarda,Pires,ana-laura34@example.org,51128592717.0,1970-01-01,M,SP,Viúvo/a,Estudante,Pós-graduação,Baixa,2023-08-16,Android,84 3067-9856
U01074,Eloá,Mendes,calebe29@example.org,27124341004.0,1970-01-01,M,CE,Viúvo/a,Estudante,Ensino Médio,Alta,2023-08-17,iOS,+55 (021) 7242 3386
U01484,Rael,Fogaça,igor90@example.com,82156257221.0,1985-03-27,M,BA,Solteiro/a,Estudante,Superior,Baixa,2023-08-17,iOS,+55 (031) 3453-5424
U02007,Otto,Farias,vieiramaria-liz@example.net,31081605805.0,1970-01-01,Outro,RS,Casado/a,Autônomo,Pós-graduação,Alta,2023-08-17,Android,84 8039 2855
U03316,Beatriz,Cavalcanti,csousa@example.com,73388144947.0,1970-01-01,Outro,PR,Solteiro/a,Desempregado,Outro,Baixa,2023-08-17,iOS,+55 41 3657-5017
U00932,Pietra,Cardoso,caleb45@example.com,28130283032.0,1970-03-18,Outro,DF,Casado/a,Autônomo,Outro,Alta,2023-08-18,Android,+55 71 2819 5485
U02739,Melina,Nogueira,joao-miguelmarques@example.org,85512426529.0,1970-01-01,Outro,MG,Solteiro/a,Empregado,Superior,Alta,2023-08-18,iOS,+55 21 4578-9250
U03103,Pietra,Pimenta,martinsmaria-vitoria@example.com,45099218757.0,1978-10-24,Outro,RS,Viúvo/a,Desempregado,Ensino Médio,Média,2023-08-18,Android,+55 (081) 3920-1213
U03149,João Lucas,Jesus,ravi08@example.com,49376368849.0,1972-08-18,F,CE,Divorciado/a,Desempregado,Superior,Média,2023-08-18,Android,0500-770-3405
U03771,Letícia,Melo,brayan95@example.com,10944950779.0,1971-11-17,F,BA,Divorciado/a,Desempregado,Pós-graduação,Alta,2023-08-18,iOS,84 3224-4535
U04998,Josué,Sales,mouradavi-miguel@example.net,45838450060.0,1994-12-15,Outro,RJ,Viúvo/a,Desempregado,Técnico,Baixa,2023-08-18,Android,+55 (061) 5665 6045
U01011,Milena,Alves,guerralucca@example.com,14325842395.0,1970-01-01,F,BA,Casado/a,Autônomo,Outro,Alta,2023-08-19,Android,(051) 5438-2592
U01516,Calebe,Silva,fguerra@example.org,50356638047.0,1996-06-14,Outro,RJ,Casado/a,Estudante,Superior,Média,2023-08-19,iOS,+55 (061) 7528-3434
U02044,Brenda,Abreu,ana-livia50@example.org,46719327538.0,1997-01-26,F,BA,Solteiro/a,Aposentado,Ensino Médio,Baixa,2023-08-19,iOS,11 5299-5903
U02499,Hellena,Fonseca,bento37@example.net,40967708671.0,1991-11-09,Outro,PE,Solteiro/a,Empregado,Outro,Alta,2023-08-19,iOS,+55 84 9834-6256
U03930,Marcos Vinicius,Martins,lopesluisa@example.net,19338387481.0,1995-01-04,M,RS,Viúvo/a,Estudante,Técnico,Alta,2023-08-19,iOS,(084) 9749 3554
U03978,Augusto,Vieira,eleao@example.org,55516372830.0,1996-05-07,M,SP,Divorciado/a,Empregado,Ensino Médio,Baixa,2023-08-19,Android,81 7201 6518
U00498,Marina,Novaes,barbara77@example.org,93327147891.0,1970-02-12,M,PR,Divorciado/a,Aposentado,Ensino Médio,Alta,2023-08-20,Android,+55 31 9236 2571
U00706,Luna,Costa,luiz-miguel74@example.com,67329800999.0,1979-03-28,F,BA,Viúvo/a,Empregado,Outro,Baixa,2023-08-20,iOS,+55 (041) 9147-0289
U01532,Daniela,Cardoso,anthony-gabriel48@example.net,35746746115.0,2001-08-16,M,RS,Divorciado/a,Empregado,Superior,Baixa,2023-08-20,Android,(071) 0473-7815
U01542,Lívia,Silveira,rodrigorios@example.net,82203635088.0,1970-01-01,Outro,RJ,Divorciado/a,Desempregado,Pós-graduação,Média,2023-08-20,iOS,0800 920 7242
U02540,Léo,Guerra,lpeixoto@example.net,76934983677.0,1973-11-21,M,DF,Viúvo/a,Autônomo,Ensino Médio,Média,2023-08-20,Android,+55 21 3318-6483
U00598,Joana,Costa,emilly98@example.org,77771213896.0,1975-09-13,M,DF,Solteiro/a,Aposentado,Técnico,Alta,2023-08-21,iOS,(011) 4567-2298
U01338,Alana,Azevedo,yuri57@example.com,33629304752.0,1976-12-23,Outro,RS,Viúvo/a,Desempregado,Ensino Médio,Baixa,2023-08-21,Android,61 9327 4740
U03294,Gabrielly,Machado,emillyda-mota@example.com,96070453908.0,1970-01-01,F,CE,Solteiro/a,Empregado,Superior,Baixa,2023-08-21,iOS,11 8702-9622
U03736,Pedro Lucas,Andrade,cgarcia@example.org,67409543402.0,2000-04-25,M,RS,Casado/a,Autônomo,Outro,Alta,2023-08-21,Android,+55 (071) 4429 2873
U03974,Luiz Miguel,Cavalcanti,souzabenicio@example.org,91092703417.0,1971-03-06,Outro,MG,Solteiro/a,Autônomo,Pós-graduação,Baixa,2023-08-21,Android,(041) 3596 8825
U04838,Eduardo,Araújo,aparecidarafaela@example.com,15155854885.0,1987-05-06,F,RS,Solteiro/a,Aposentado,Outro,Baixa,2023-08-21,iOS,51 2359 5479
U00317,Diego,Teixeira,carvalholuiz-gustavo@example.net,38514909742.0,1987-10-26,F,SP,Solteiro/a,Aposentado,Outro,Alta,2023-08-22,Android,+55 (041) 1296 3098
U00583,Léo,Andrade,rodrigo44@example.net,72181851913.0,2003-09-07,Outro,PR,Solteiro/a,Desempregado,Ensino Médio,Média,2023-08-22,iOS,+55 (021) 5108 6025
U02353,Cauê,Dias,gaelrocha@example.org,80124758116.0,1970-01-01,F,PR,Viúvo/a,Desempregado,Superior,Alta,2023-08-22,iOS,+55 71 5267 8548
U02556,Francisco,Machado,macedodiego@example.org,82579583549.0,1994-02-10,F,DF,Viúvo/a,Empregado,Pós-graduação,Alta,2023-08-22,iOS,0500 753 7828
U03928,Ana Sophia,Pires,nogueiraotavio@example.net,14860305850.0,1980-01-17,Outro,RS,Solteiro/a,Desempregado,Técnico,Baixa,2023-08-22,Android,+55 (061) 2301-9375
U04390,Luiz Miguel,Cavalcanti,da-motanoah@example.org,60848151237.0,1991-01-04,Outro,SP,Casado/a,Desempregado,Pós-graduação,Alta,2023-08-22,iOS,+55 (051) 2764-8310
U00484,Davi Lucca,Rios,cassianogustavo-henrique@example.org,12213544595.0,1970-01-01,F,PR,Divorciado/a,Estudante,Superior,Média,2023-08-23,iOS,(081) 3360 5000
U01030,Bruna,Rodrigues,hnovais@example.org,14547852835.0,1970-01-01,M,RJ,Solteiro/a,Aposentado,Superior,Alta,2023-08-23,iOS,+55 81 6864-7175
U03614,Bernardo,Nogueira,xcasa-grande@example.org,31925886054.0,1970-01-01,F,BA,Viúvo/a,Empregado,Ensino Médio,Média,2023-08-23,iOS,+55 21 9870 9975
U03737,Ana Sophia,Vasconcelos,montenegrooliver@example.net,46831032475.0,1970-01-01,Outro,BA,Casado/a,Desempregado,Pós-graduação,Baixa,2023-08-23,Android,(031) 9410 8984
U03838,Vitor Gabriel,Machado,maya87@example.com,98516145362.0,1970-01-01,F,PE,Divorciado/a,Estudante,Superior,Alta,2023-08-23,Android,0900-710-6337
U01290,Pietra,Silva,theodoro30@example.com,52560480460.0,1984-09-19,F,SP,Casado/a,Autônomo,Pós-graduação,Alta,2023-08-24,Android,(031) 0658-5788
U01523,Rael,Campos,esthercavalcanti@example.org,66559804594.0,1993-08-26,Outro,CE,Viúvo/a,Estudante,Superior,Média,2023-08-24,Android,+55 81 5650-3263
U01537,Bruno,Porto,cirinomanuela@example.com,70738694737.0,2002-01-18,F,CE,Divorciado/a,Autônomo,Ensino Médio,Alta,2023-08-24,iOS,+55 (071) 4730 9529
U02809,Lorena,Cassiano,enzosiqueira@example.org,60963048409.0,1979-05-02,M,MG,Solteiro/a,Empregado,Superior,Alta,2023-08-24,iOS,+55 (061) 7194 1792
U00379,Eduardo,Cirino,enricocunha@example.net,56710764703.0,1980-09-14,M,PE,Solteiro/a,Empregado,Superior,Alta,2023-08-25,Android,31 2602-3731
U00525,Luiz Gustavo,Lopes,antonella22@example.com,33173955470.0,1970-01-01,M,PE,Divorciado/a,Aposentado,Técnico,Média,2023-08-25,Android,+55 81 0066-9229
U01370,Matheus,Silveira,novaesgustavo-henrique@example.net,86890033474.0,1996-09-08,F,MG,Viúvo/a,Desempregado,Técnico,Média,2023-08-25,Android,31 4872 3489
U01659,Enrico,Souza,leo05@example.com,63548977694.0,1980-08-14,M,RS,Divorciado/a,Desempregado,Técnico,Média,2023-08-25,Android,+55 81 4619-0000
U03057,Maria Clara,Rios,leandro82@example.net,44943254734.0,1976-06-16,M,SP,Viúvo/a,Autônomo,Pós-graduação,Média,2023-08-25,Android,+55 84 3550-3575
U03695,Gabriela,Rezende,gabrielly84@example.com,60469994474.0,1970-03-14,M,PE,Casado/a,Desempregado,Superior,Baixa,2023-08-25,Android,61 8649 7968
U03850,Davi Miguel,Casa Grande,pimentaana-laura@example.org,81298884434.0,2000-11-17,Outro,MG,Divorciado/a,Autônomo,Ensino Médio,Média,2023-08-25,iOS,+55 21 1193-4920
U04101,Luiz Felipe,Alves,da-costamaria-helena@example.com,38473372269.0,1988-10-20,Outro,BA,Solteiro/a,Aposentado,Superior,Alta,2023-08-25,iOS,81 7553 3999
U04230,Ravi Lucca,Garcia,pastorandre@example.org,22170085875.0,1970-01-01,Outro,MG,Casado/a,Desempregado,Técnico,Baixa,2023-08-25,iOS,+55 (071) 9932 9442
U04549,Sabrina,Cassiano,theosa@example.net,55171828349.0,1972-05-03,M,MG,Viúvo/a,Autônomo,Superior,Baixa,2023-08-25,Android,+55 71 5503 8599
U04590,João Miguel,Moreira,gustavo-henrique97@example.org,67420145287.0,1983-05-03,F,PE,Divorciado/a,Empregado,Pós-graduação,Média,2023-08-25,Android,+55 (011) 3251-9769
U00226,João Miguel,Jesus,hsantos@example.net,22944117300.0,1972-09-18,F,PE,Viúvo/a,Empregado,Técnico,Alta,2023-08-26,iOS,(081) 9985-4263
U00883,Cauã,da Cunha,bcamargo@example.com,30268637250.0,1979-07-06,M,PE,Viúvo/a,Aposentado,Pós-graduação,Alta,2023-08-26,Android,+55 41 3500-3258
U00887,João Lucas,Farias,fariasalicia@example.net,61203550280.0,1978-02-18,M,PR,Divorciado/a,Estudante,Ensino Médio,Alta,2023-08-26,Android,(031) 1171-7438
U00906,Bruna,Aparecida,costelamaria-julia@example.com,17479901619.0,2000-03-16,M,PR,Casado/a,Autônomo,Pós-graduação,Alta,2023-08-26,Android,(061) 2625 8468
U01027,Esther,Novais,guilhermesampaio@example.org,78203888804.0,1970-01-01,F,RJ,Casado/a,Desempregado,Outro,Baixa,2023-08-26,Android,0900-774-3669
U01990,João Guilherme,Machado,sacaleb@example.net,10062142329.0,1970-01-01,Outro,CE,Casado/a,Estudante,Técnico,Alta,2023-08-26,Android,+55 (031) 4137-8717
U02588,Gabriel,Lopes,vargasvinicius@example.org,30203766905.0,1970-01-01,Outro,CE,Viúvo/a,Aposentado,Pós-graduação,Baixa,2023-08-26,Android,0300 231 6269
U01268,Joaquim,Fonseca,castroana-vitoria@example.org,53981421424.0,1970-01-01,F,SP,Solteiro/a,Desempregado,Outro,Alta,2023-08-27,iOS,(061) 1509 6038
U02623,Davi Lucca,Borges,pgarcia@example.org,67256262568.0,1970-01-01,Outro,CE,Viúvo/a,Autônomo,Ensino Médio,Alta,2023-08-27,Android,+55 81 3280 6159
U03509,Caroline,Rezende,lorenzo72@example.net,66717758826.0,1985-09-13,M,PE,Casado/a,Desempregado,Outro,Baixa,2023-08-27,iOS,+55 (051) 0774-9083
U00049,Alexandre,Castro,eduardoporto@example.com,56365277569.0,1970-01-01,F,PR,Divorciado/a,Autônomo,Ensino Médio,Alta,2023-08-28,Android,(084) 5954 7087
U00100,Nathan,Viana,bernardomarques@example.net,31777391568.0,1973-12-13,M,DF,Viúvo/a,Desempregado,Pós-graduação,Média,2023-08-28,Android,+55 11 4138-6887
U01340,Cauã,Lopes,urios@example.org,72076645614.0,2001-06-18,F,RJ,Solteiro/a,Estudante,Técnico,Alta,2023-08-28,iOS,(071) 4181-9700
U02403,Emanuella,da Conceição,jose-pedrocavalcante@example.net,23229400555.0,1997-09-30,M,RS,Divorciado/a,Estudante,Técnico,Baixa,2023-08-28,Android,+55 21 1898-9801
U00952,Sofia,Marques,fvieira@example.net,62701474650.0,1970-01-01,M,PR,Solteiro/a,Aposentado,Outro,Alta,2023-08-29,iOS,61 7513-8239
U02233,Kamilly,Duarte,luara92@example.net,79495191170.0,2002-07-25,Outro,SP,Viúvo/a,Empregado,Superior,Baixa,2023-08-29,iOS,0500-484-6574
U03012,Arthur,Rodrigues,rgoncalves@example.net,43772197730.0,1974-01-28,M,RJ,Divorciado/a,Desempregado,Pós-graduação,Baixa,2023-08-29,Android,31 6346 4571
U03555,Breno,Viana,renanbarros@example.net,44023472029.0,1996-06-04,Outro,SP,Casado/a,Autônomo,Superior,Média,2023-08-29,Android,+55 41 8302-2105
U04163,Bianca,Lima,clara49@example.net,92635027885.0,1980-02-10,Outro,RS,Solteiro/a,Empregado,Ensino Médio,Média,2023-08-29,Android,+55 71 5054 2842
U04820,Enrico,Câmara,daniel89@example.com,28124382448.0,2000-08-20,M,BA,Casado/a,Empregado,Ensino Médio,Baixa,2023-08-29,Android,31 0109-0131
U01976,Ana Cecília,Ferreira,carvalhoheitor@example.net,47309670872.0,1970-01-01,Outro,DF,Viúvo/a,Empregado,Outro,Alta,2023-08-30,Android,0800-531-8429
U02314,Nicolas,Mendonça,fnogueira@example.org,75439757157.0,2000-09-22,F,DF,Solteiro/a,Desempregado,Outro,Alta,2023-08-30,iOS,84 4247 7661
U03451,Pedro,Martins,dda-rocha@example.com,47929840500.0,1993-12-05,M,PE,Viúvo/a,Autônomo,Outro,Média,2023-08-30,iOS,11 8049-4832
U00843,Hadassa,da Mata,ana-liviada-cunha@example.net,25933720005.0,1979-03-09,Outro,DF,Casado/a,Desempregado,Ensino Médio,Baixa,2023-08-31,Android,41 8659-0893
U00950,Nina,Gonçalves,lunna04@example.net,24279210310.0,2001-10-09,F,RS,Viúvo/a,Estudante,Técnico,Alta,2023-08-31,iOS,+55 (021) 7840 0709
U01177,Joana,Macedo,aborges@example.net,83159349106.0,1993-06-22,Outro,DF,Divorciado/a,Aposentado,Superior,Baixa,2023-08-31,iOS,84 0928-9878
U02538,Emilly,Sampaio,costajulia@example.com,65166434521.0,2007-03-31,F,PR,Casado/a,Estudante,Outro,Alta,2023-08-31,Android,21 4415-2973
U03250,João Guilherme,Martins,maiteferreira@example.net,60978135909.0,1984-10-08,M,DF,Viúvo/a,Empregado,Superior,Alta,2023-08-31,iOS,+55 (031) 9065-0833
U00038,Gabrielly,Souza,carvalhoana-sophia@example.com,42145384867.0,1991-09-07,Outro,CE,Casado/a,Empregado,Ensino Médio,Média,2023-09-01,Android,(011) 7687-9520
U00971,Josué,Nunes,ygomes@example.net,51492184603.0,1973-04-25,Outro,SP,Divorciado/a,Autônomo,Pós-graduação,Baixa,2023-09-01,Android,84 7361-5500
U01557,Ana Sophia,Pastor,gomesbrayan@example.net,14720196954.0,1988-09-28,Outro,RJ,Solteiro/a,Aposentado,Ensino Médio,Média,2023-09-01,iOS,+55 (084) 3723-3186
U02898,Matteo,Pires,zda-paz@example.com,62759173050.0,2006-09-23,Outro,MG,Viúvo/a,Desempregado,Superior,Média,2023-09-01,Android,+55 (081) 2709 1986
U04540,Nina,Caldeira,josue17@example.com,15733598954.0,1970-01-01,M,SP,Viúvo/a,Autônomo,Técnico,Alta,2023-09-01,iOS,31 5082-8356
U00911,Breno,Pacheco,joao-gabriel14@example.org,10203075962.0,1986-11-11,Outro,BA,Casado/a,Aposentado,Ensino Médio,Média,2023-09-02,Android,(084) 5919 4866
U01842,Luísa,Moraes,ocosta@example.org,86840907368.0,1970-01-01,F,SP,Solteiro/a,Desempregado,Superior,Média,2023-09-02,Android,51 9592 5529
U02456,Mariane,Siqueira,larabrito@example.org,89412011276.0,1970-01-01,Outro,RS,Casado/a,Aposentado,Técnico,Média,2023-09-02,Android,(021) 9407-8369
U02780,Maria Fernanda,Cassiano,barrosemanuel@example.org,53254638491.0,2002-12-12,Outro,RJ,Casado/a,Estudante,Superior,Alta,2023-09-02,Android,(081) 2098 6396
U03002,Enrico,Duarte,pauloferreira@example.org,61120196964.0,1970-01-01,F,RJ,Solteiro/a,Empregado,Outro,Baixa,2023-09-02,iOS,(061) 7496-3493
U03109,Ana Clara,Souza,nicolas34@example.net,27038938105.0,1970-01-01,Outro,SP,Divorciado/a,Empregado,Ensino Médio,Média,2023-09-02,Android,+55 61 0967-9352
U03665,Bento,da Rosa,lara87@example.com,30622740738.0,1970-01-01,M,PE,Divorciado/a,Autônomo,Outro,Baixa,2023-09-02,iOS,0900-211-5201
U04863,Pedro Miguel,Costa,ynovaes@example.org,87782207267.0,1970-01-01,Outro,MG,Viúvo/a,Aposentado,Superior,Média,2023-09-02,Android,(041) 5334-1423
U00919,Natália,Cirino,tmoraes@example.com,79556742444.0,2002-10-01,Outro,MG,Divorciado/a,Autônomo,Superior,Média,2023-09-03,iOS,+55 61 0583-4557
U01254,Lavínia,Ramos,maria-vitoriaalbuquerque@example.net,29415319416.0,1970-01-01,M,RJ,Viúvo/a,Empregado,Superior,Baixa,2023-09-03,Android,+55 71 5722 2578
U01371,Oliver,Cardoso,sarahcamara@example.net,40673256114.0,2001-10-20,F,PR,Casado/a,Aposentado,Pós-graduação,Alta,2023-09-03,iOS,(051) 0464-6492
U02552,Amanda,Moreira,zbarbosa@example.net,63758741724.0,1970-01-01,M,PE,Viúvo/a,Autônomo,Técnico,Média,2023-09-03,Android,(031) 6699-9407
U02634,Lívia,Jesus,saenzo-gabriel@example.net,28805392292.0,1970-01-01,F,RS,Viúvo/a,Aposentado,Pós-graduação,Alta,2023-09-03,Android,(021) 8024-0921
U02712,João Guilherme,Guerra,ubarbosa@example.org,75009333102.0,1981-08-12,M,RS,Solteiro/a,Estudante,Outro,Alta,2023-09-04,Android,(011) 8100-6615
U03412,Caroline,Barbosa,rael87@example.org,98491316064.0,1970-02-27,F,PR,Casado/a,Desempregado,Pós-graduação,Média,2023-09-04,iOS,(031) 0833-7627
U03967,Valentina,Vieira,aylasantos@example.com,73260532756.0,1988-10-19,F,RS,Casado/a,Empregado,Técnico,Baixa,2023-09-04,Android,(041) 6101-4033
U00632,Luara,Cunha,mcosta@example.org,28521778693.0,2001-06-06,F,MG,Viúvo/a,Autônomo,Outro,Alta,2023-09-05,iOS,+55 (071) 2147-1967
U01362,Ana Liz,Moraes,manuellarodrigues@example.net,51249827437.0,1970-01-01,F,MG,Solteiro/a,Autônomo,Outro,Média,2023-09-05,iOS,(071) 6727-6260
U01448,Clarice,Rodrigues,ycamargo@example.net,76968712268.0,1972-09-19,Outro,MG,Casado/a,Empregado,Outro,Baixa,2023-09-05,iOS,41 8943-3893
U01480,Theodoro,Nogueira,llopes@example.net,29996585105.0,1998-10-22,M,PR,Viúvo/a,Empregado,Outro,Média,2023-09-05,Android,84 6634-7609
U02666,Lucas,Silveira,elisafernandes@example.com,85886400552.0,1974-08-28,Outro,PE,Casado/a,Aposentado,Pós-graduação,Média,2023-09-05,Android,31 1365 7583
U04753,Emilly,Nascimento,ravymontenegro@example.net,76682182249.0,1970-01-01,F,RJ,Viúvo/a,Desempregado,Outro,Alta,2023-09-05,Android,+55 21 3742-7736
U04763,Amanda,Cavalcanti,luiz-henriquenovaes@example.com,89852970992.0,1976-02-15,F,DF,Divorciado/a,Empregado,Pós-graduação,Média,2023-09-06,Android,(071) 5230-1301
U01567,Julia,Ferreira,nrios@example.net,57196712727.0,2005-07-05,F,SP,Divorciado/a,Desempregado,Superior,Alta,2023-09-07,iOS,41 1984-8161
U01836,Ana Luiza,Pires,danilodas-neves@example.com,82272512268.0,2000-11-07,Outro,CE,Casado/a,Desempregado,Pós-graduação,Média,2023-09-07,Android,31 8634 1897
U04916,Lucca,Silveira,silveiragustavo@example.org,50854984260.0,1985-05-05,M,RJ,Divorciado/a,Empregado,Pós-graduação,Baixa,2023-09-07,iOS,+55 (071) 1776 9650
U01392,Benjamin,Nascimento,camargobella@example.net,67371093912.0,1970-01-01,M,MG,Divorciado/a,Empregado,Outro,Baixa,2023-09-08,Android,+55 41 1331 5436
U01881,Luiz Henrique,Santos,ravi-lucca68@example.org,75132534666.0,2007-01-04,F,PR,Solteiro/a,Aposentado,Outro,Média,2023-09-08,Android,(051) 6870 9205
U02617,Cecilia,Pires,rsantos@example.com,23932593846.0,1972-09-27,M,MG,Casado/a,Estudante,Pós-graduação,Baixa,2023-09-08,iOS,41 8491-8065
U04115,Rafael,Camargo,bentocamargo@example.org,43368195470.0,1992-03-30,Outro,SP,Solteiro/a,Empregado,Outro,Média,2023-09-08,Android,+55 (051) 5503 6489
U04631,Arthur Gabriel,Novaes,rsouza@example.com,39990537530.0,1993-03-24,Outro,SP,Viúvo/a,Empregado,Outro,Alta,2023-09-08,Android,(061) 9898-8148
U04679,Arthur,Gonçalves,barbosagabriela@example.org,73586401931.0,1982-06-27,Outro,SP,Viúvo/a,Aposentado,Pós-graduação,Média,2023-09-09,iOS,31 1236 1787
U00287,Henry Gabriel,Sá,da-rochaanthony@example.org,85664103151.0,1970-01-01,M,PE,Solteiro/a,Estudante,Pós-graduação,Média,2023-09-10,Android,0800-383-7826
U01085,Arthur Miguel,Campos,fda-rosa@example.com,86442228020.0,1970-01-01,F,PE,Viúvo/a,Aposentado,Ensino Médio,Média,2023-09-10,iOS,+55 (071) 8524-9265
U01594,Amanda,Cavalcanti,levisousa@example.org,93902263547.0,1970-01-01,Outro,RS,Casado/a,Estudante,Ensino Médio,Baixa,2023-09-10,iOS,+55 31 5902 8711
U02526,Esther,Lopes,cavalcantikamilly@example.com,89393310406.0,1972-04-02,Outro,PR,Casado/a,Aposentado,Superior,Média,2023-09-10,Android,71 9047-1254
U03404,Ayla,da Paz,raelandrade@example.org,42348346164.0,1996-08-12,F,CE,Viúvo/a,Desempregado,Pós-graduação,Média,2023-09-10,iOS,+55 (071) 1261-9209
U04984,Alícia,Sampaio,larissa66@example.com,10168813136.0,1987-02-25,F,DF,Viúvo/a,Autônomo,Pós-graduação,Baixa,2023-09-10,Android,(051) 0887 1029
U00520,André,Cirino,benjamim87@example.org,76819484584.0,1979-03-09,Outro,PR,Casado/a,Aposentado,Outro,Média,2023-09-11,Android,0300-812-2675
U00729,Caleb,Cirino,machadosamuel@example.org,47754808251.0,1988-08-15,M,DF,Divorciado/a,Autônomo,Ensino Médio,Média,2023-09-11,Android,+55 (041) 8006-0365
U01825,Carolina,Guerra,liz43@example.net,42150018576.0,1988-06-09,F,PR,Solteiro/a,Autônomo,Superior,Alta,2023-09-11,iOS,31 2259-6349
U03639,Nina,Vargas,ecirino@example.net,48189141199.0,1996-04-10,F,BA,Solteiro/a,Autônomo,Superior,Alta,2023-09-11,iOS,(061) 3129-6089
U03833,Lara,Sampaio,luaraborges@example.com,78511184099.0,1970-01-01,M,RJ,Casado/a,Desempregado,Técnico,Média,2023-09-11,Android,71 1845-3014
U04996,Rael,Nunes,almeidabeatriz@example.com,83332862959.0,1983-05-04,M,PR,Viúvo/a,Empregado,Ensino Médio,Alta,2023-09-11,Android,(041) 1390-4252
U03990,Aylla,Ribeiro,ramosaylla@example.com,39705741160.0,1970-01-01,M,RS,Viúvo/a,Autônomo,Outro,Baixa,2023-09-12,iOS,31 0680-0367
U00582,Ana Júlia,Machado,hcasa-grande@example.org,84297961519.0,1978-11-02,Outro,RS,Casado/a,Aposentado,Pós-graduação,Alta,2023-09-13,iOS,21 6054-5481
U01887,João Miguel,Machado,ayllaalbuquerque@example.org,61650446887.0,1970-01-01,F,RS,Solteiro/a,Empregado,Outro,Alta,2023-09-13,iOS,+55 (061) 9059-4980
U04469,Mariane,Duarte,barrosandre@example.org,82479343887.0,1991-04-05,M,SP,Solteiro/a,Autônomo,Superior,Baixa,2023-09-13,iOS,+55 (011) 8881-2391
U04535,Ian,Mendes,josue11@example.net,81681904569.0,1975-05-21,Outro,BA,Casado/a,Estudante,Outro,Alta,2023-09-13,iOS,+55 (061) 7947 5349
U04577,Valentim,Teixeira,liamsiqueira@example.org,37164649886.0,1980-10-23,Outro,SP,Viúvo/a,Empregado,Pós-graduação,Baixa,2023-09-13,iOS,+55 (051) 0502 4711
U04636,Thales,Cavalcanti,thomas33@example.com,19966800021.0,1999-02-04,F,SP,Solteiro/a,Aposentado,Outro,Baixa,2023-09-13,Android,51 2260 0301
U00920,Sara,Ramos,maria-alice24@example.org,69895022585.0,1992-04-16,Outro,PE,Solteiro/a,Empregado,Técnico,Baixa,2023-09-14,Android,(031) 0102-2424
U01106,Luara,Leão,pietramarques@example.com,67171119033.0,1986-04-29,Outro,MG,Solteiro/a,Desempregado,Ensino Médio,Média,2023-09-14,iOS,+55 61 2366-1208
U01339,Enzo Gabriel,Teixeira,danielda-cunha@example.net,92528562980.0,1973-11-11,M,CE,Solteiro/a,Autônomo,Pós-graduação,Baixa,2023-09-14,iOS,+55 (041) 6993 7345
U01661,Kaique,Pinto,otto51@example.org,22816878359.0,2005-02-07,M,DF,Viúvo/a,Empregado,Técnico,Média,2023-09-14,iOS,0900 789 5760
U02698,Luna,Moraes,ybrito@example.com,90904834917.0,1970-01-01,Outro,SP,Divorciado/a,Autônomo,Superior,Alta,2023-09-14,Android,+55 (041) 8128 6264
U02746,Levi,Pastor,maysamontenegro@example.org,77028292167.0,1973-09-30,F,RS,Viúvo/a,Desempregado,Superior,Alta,2023-09-14,iOS,(081) 1420 5945
U04823,Cecilia,Ramos,bgarcia@example.org,99428592100.0,1991-02-20,F,CE,Viúvo/a,Desempregado,Ensino Médio,Baixa,2023-09-14,Android,(051) 4087-6747
U04953,Asafe,Fernandes,pietrosampaio@example.org,12729908895.0,1988-12-19,Outro,MG,Casado/a,Empregado,Superior,Baixa,2023-09-14,iOS,(084) 5082 8867
U00191,Sophia,Alves,antonio07@example.org,45491540656.0,1970-01-01,M,MG,Solteiro/a,Desempregado,Outro,Média,2023-09-15,Android,84 8129 8920
U00815,Kamilly,Costela,joanasousa@example.net,84670254377.0,1990-07-29,M,RS,Divorciado/a,Empregado,Pós-graduação,Alta,2023-09-15,Android,81 6899 6735
U00972,Isabel,Borges,iteixeira@example.net,48486224058.0,1970-01-01,M,CE,Solteiro/a,Empregado,Superior,Média,2023-09-15,Android,+55 41 4499 2260
U01112,Ester,Câmara,marcelocirino@example.com,79409074895.0,1979-07-17,M,PR,Casado/a,Aposentado,Pós-graduação,Alta,2023-09-15,Android,+55 (051) 2471-3266
U01975,Yago,Rodrigues,diasmaria-flor@example.net,60941627598.0,1970-01-01,Outro,RJ,Viúvo/a,Autônomo,Ensino Médio,Média,2023-09-15,iOS,51 3764 0342
U00859,Isaque,Cardoso,caldeiraalice@example.net,47438683289.0,1984-08-20,F,CE,Solteiro/a,Aposentado,Técnico,Média,2023-09-16,Android,+55 (051) 1662-0913
U01543,Bruno,Camargo,ana-ceciliamoreira@example.com,86580878908.0,1970-01-01,M,PR,Divorciado/a,Estudante,Pós-graduação,Baixa,2023-09-16,Android,(051) 5804 6790
U01615,Helena,Silveira,marquesantony@example.net,84543616349.0,1970-01-01,Outro,SP,Casado/a,Desempregado,Superior,Baixa,2023-09-16,iOS,+55 (081) 8213-1944
U02105,Aylla,Garcia,eda-conceicao@example.org,93864388406.0,1979-09-15,F,PE,Divorciado/a,Estudante,Outro,Baixa,2023-09-16,Android,+55 84 9938 4646
U02942,Isis,Cunha,vasconcelosmariana@example.com,90650316557.0,1970-01-01,Outro,BA,Divorciado/a,Empregado,Ensino Médio,Alta,2023-09-16,iOS,0300-474-4841
U03550,Danilo,Mendonça,mcorreia@example.org,32602945753.0,1982-11-21,Outro,CE,Casado/a,Empregado,Outro,Média,2023-09-16,iOS,+55 (051) 2946-4465
U04514,Isaque,Mendes,benicio13@example.net,82171794351.0,1970-01-01,F,RS,Divorciado/a,Autônomo,Ensino Médio,Baixa,2023-09-16,Android,(051) 9013 8467
U04848,Liz,Pacheco,vieirajoao-felipe@example.com,29365055425.0,1970-01-01,Outro,MG,Divorciado/a,Estudante,Outro,Baixa,2023-09-16,iOS,+55 (051) 2238-0481
U00009,Heitor,Aparecida,heloisasilva@example.net,79687817477.0,2005-06-23,Outro,MG,Divorciado/a,Autônomo,Superior,Média,2023-09-17,Android,+55 51 0154 9527
U01451,Thiago,Andrade,mmendes@example.net,87218881558.0,2006-10-07,M,PR,Divorciado/a,Estudante,Outro,Média,2023-09-17,iOS,+55 11 5061 6905
U01603,Leonardo,Macedo,ana-clara44@example.org,70147091596.0,1987-07-02,M,CE,Solteiro/a,Estudante,Superior,Baixa,2023-09-17,iOS,+55 81 4327-9633
U03613,Sara,Vargas,hadassa93@example.net,29003179823.0,1980-08-29,M,PE,Divorciado/a,Autônomo,Outro,Baixa,2023-09-17,Android,(061) 0976-6536
U04242,Cecilia,Campos,leticia89@example.net,62341873107.0,1970-01-01,Outro,RS,Viúvo/a,Autônomo,Ensino Médio,Alta,2023-09-17,Android,+55 41 6435 5753
U02298,Paulo,Sampaio,yuriporto@example.net,50998183643.0,2001-12-12,Outro,CE,Solteiro/a,Aposentado,Técnico,Baixa,2023-09-18,Android,81 9179-9213
U03782,Clarice,Cunha,benjamin22@example.com,64794669856.0,1970-01-01,F,PE,Viúvo/a,Autônomo,Pós-graduação,Baixa,2023-09-18,Android,+55 11 0274 3850
U03972,Isaque,Cavalcanti,danielrios@example.com,24190035095.0,1988-12-24,F,RJ,Solteiro/a,Autônomo,Outro,Baixa,2023-09-18,Android,0300-549-8772
U04325,Renan,Cirino,calebporto@example.com,39397708852.0,1970-01-01,M,DF,Viúvo/a,Desempregado,Superior,Média,2023-09-18,iOS,(051) 1364-5625
U04687,Anna Liz,Vieira,vargascaua@example.net,52181748218.0,1985-06-22,F,PE,Divorciado/a,Desempregado,Pós-graduação,Baixa,2023-09-18,Android,+55 (084) 3785-0955
U04785,Emanuella,da Rosa,pedro-lucascarvalho@example.org,95945183040.0,1976-07-17,F,CE,Divorciado/a,Estudante,Outro,Alta,2023-09-18,Android,+55 (021) 0853 7021
U01490,Laís,Pastor,leonardo65@example.net,73341957561.0,2000-12-31,Outro,PE,Solteiro/a,Estudante,Técnico,Alta,2023-09-19,Android,(051) 9403 2224
U01519,Carlos Eduardo,Gonçalves,gda-mata@example.com,44102057890.0,1994-07-02,F,PE,Casado/a,Empregado,Pós-graduação,Baixa,2023-09-19,iOS,+55 21 2513 3224
U01660,Lavínia,Nogueira,benicio37@example.org,30681505248.0,1990-03-29,F,CE,Solteiro/a,Autônomo,Superior,Alta,2023-09-19,iOS,(081) 9943-8503
U03784,Bárbara,Pereira,luancassiano@example.org,82728670843.0,1972-07-02,Outro,CE,Casado/a,Estudante,Técnico,Média,2023-09-19,Android,+55 (061) 6458-0979
U04317,Mariane,Cardoso,wlima@example.org,73977879262.0,2002-03-08,Outro,PE,Divorciado/a,Estudante,Pós-graduação,Alta,2023-09-19,Android,(061) 8012 7349
U00116,Isabelly,Moreira,novaesjoao-felipe@example.net,87621114232.0,1995-02-12,F,PE,Solteiro/a,Estudante,Outro,Baixa,2023-09-20,iOS,11 9367-1108
U04957,Pedro Henrique,Araújo,leandro69@example.org,14432376927.0,1976-04-13,F,RJ,Viúvo/a,Autônomo,Outro,Baixa,2023-09-20,Android,+55 21 2388 3680
U00245,Agatha,Araújo,kpastor@example.net,60625672188.0,1970-01-01,M,DF,Divorciado/a,Estudante,Pós-graduação,Média,2023-09-21,Android,+55 (081) 8165 4617
U01663,Rafael,Cavalcante,msilveira@example.com,94536246877.0,1989-05-17,F,RJ,Viúvo/a,Autônomo,Técnico,Baixa,2023-09-21,Android,+55 41 2825 0375
U01988,Luiz Gustavo,da Mata,balves@example.net,34128701402.0,1979-10-05,F,CE,Divorciado/a,Autônomo,Pós-graduação,Baixa,2023-09-21,Android,(071) 5721-5776
U02926,Ravy,Cardoso,maysa27@example.net,31967377479.0,1979-01-04,M,MG,Viúvo/a,Empregado,Outro,Média,2023-09-21,iOS,31 0231 9070
U04471,João Guilherme,Souza,laismacedo@example.com,91062366012.0,1991-06-29,M,BA,Solteiro/a,Empregado,Superior,Alta,2023-09-21,Android,+55 71 1728-7994
U00079,Mirella,Lima,aylla95@example.com,16674285466.0,1970-01-01,Outro,BA,Solteiro/a,Estudante,Superior,Alta,2023-09-22,Android,(031) 8204 4724
U00319,Benício,Nascimento,ana-cecilia25@example.org,63346533519.0,1982-04-28,F,PR,Solteiro/a,Estudante,Superior,Alta,2023-09-22,Android,84 6778 2739
U00368,Isaque,Nunes,lsouza@example.com,43275256618.0,1975-10-26,Outro,BA,Divorciado/a,Aposentado,Ensino Médio,Média,2023-09-23,Android,0300 951 4454
U02048,Sarah,Câmara,gpereira@example.net,14083032813.0,1989-02-19,Outro,PE,Viúvo/a,Estudante,Superior,Alta,2023-09-23,Android,+55 (051) 1998 0035
U03919,Gabriel,Castro,valentina80@example.org,58922503926.0,1999-03-29,Outro,RS,Divorciado/a,Desempregado,Ensino Médio,Média,2023-09-23,Android,+55 11 1580-8975
U04023,Anna Liz,Costa,raquel49@example.org,17238937328.0,1982-01-12,F,SP,Viúvo/a,Autônomo,Outro,Alta,2023-09-23,iOS,+55 61 1333-6721
U04131,Juliana,da Costa,ana-lizsilva@example.org,70308080537.0,1982-10-10,M,DF,Solteiro/a,Desempregado,Superior,Média,2023-09-23,Android,(041) 4331-8635
U04759,Diego,Garcia,fgomes@example.net,70670610315.0,1970-01-01,M,PE,Solteiro/a,Aposentado,Ensino Médio,Baixa,2023-09-23,iOS,(041) 4878 8559
U04977,Gabriel,Vargas,rguerra@example.org,78360022328.0,1988-10-04,F,PE,Casado/a,Estudante,Ensino Médio,Baixa,2023-09-23,Android,0300 959 8934
U00314,Emanuelly,Pastor,arthur13@example.net,36290438902.0,1982-07-04,F,RS,Divorciado/a,Autônomo,Outro,Alta,2023-09-24,iOS,+55 31 3799-5707
U00711,Nina,Abreu,tda-paz@example.net,68641869888.0,1981-01-12,F,DF,Divorciado/a,Estudante,Técnico,Baixa,2023-09-24,iOS,41 2417-6660
U01351,Matteo,da Cruz,azevedomilena@example.com,84330108737.0,1980-09-14,M,CE,Solteiro/a,Aposentado,Superior,Alta,2023-09-24,iOS,+55 (041) 1079 5356
U02595,Isabela,Pacheco,sara83@example.net,15441880665.0,1990-11-11,Outro,BA,Viúvo/a,Estudante,Técnico,Alta,2023-09-25,Android,+55 11 3035-7510
U02611,Julia,Pimenta,qda-rosa@example.net,83395859471.0,1988-11-18,Outro,DF,Solteiro/a,Autônomo,Técnico,Baixa,2023-09-25,Android,(011) 3367-1480
U03720,Sophia,Melo,isadora85@example.org,95035024920.0,1990-12-28,M,PR,Divorciado/a,Aposentado,Pós-graduação,Alta,2023-09-25,Android,(061) 4198 3367
U04898,Diego,Borges,danielborges@example.org,56260788557.0,1977-12-09,M,CE,Solteiro/a,Estudante,Técnico,Média,2023-09-25,Android,21 7286 5035
U04937,Olivia,Cunha,santosluna@example.com,20441786936.0,2006-03-25,M,CE,Solteiro/a,Autônomo,Superior,Baixa,2023-09-25,Android,84 3139 5168
U00046,Leandro,da Luz,jrodrigues@example.org,48279017003.0,2000-08-11,Outro,BA,Divorciado/a,Desempregado,Ensino Médio,Média,2023-09-26,Android,(011) 3347-5842
U01971,Maria Eduarda,da Rosa,thomasda-paz@example.org,48318068102.0,1979-05-15,F,RJ,Casado/a,Aposentado,Outro,Média,2023-09-26,iOS,+55 (011) 1243-5327
U04351,Maria Júlia,Rocha,alvesotto@example.org,19023324753.0,1974-05-17,Outro,PR,Solteiro/a,Empregado,Superior,Média,2023-09-26,Android,0900 221 6012
U04607,Heloisa,Montenegro,antonella96@example.com,44025849142.0,1993-10-14,M,CE,Solteiro/a,Aposentado,Pós-graduação,Média,2023-09-26,Android,(031) 2878 6858
U01455,Sara,Pastor,moreirajoao-felipe@example.com,76771724805.0,1983-06-24,Outro,RJ,Casado/a,Empregado,Superior,Baixa,2023-09-27,Android,+55 (071) 2880-1167
U01789,Ana Cecília,Aparecida,nogueiraluna@example.net,67732475096.0,1996-11-16,M,DF,Casado/a,Empregado,Ensino Médio,Baixa,2023-09-27,iOS,(011) 5686-5706
U02010,Luiz Gustavo,da Cruz,marcelonascimento@example.net,44940295627.0,1970-01-01,F,BA,Viúvo/a,Aposentado,Ensino Médio,Baixa,2023-09-27,Android,11 7959-8807
U02304,Theodoro,Marques,pedro-miguelramos@example.com,47035494516.0,1970-01-01,F,DF,Divorciado/a,Autônomo,Técnico,Baixa,2023-09-27,Android,61 1542-8942
U02929,Enzo Gabriel,Rodrigues,opastor@example.org,18888156130.0,1970-01-01,M,PR,Viúvo/a,Empregado,Técnico,Média,2023-09-27,iOS,31 3339-4720
U03126,Luara,Aragão,leticiapeixoto@example.com,95655376966.0,1987-02-14,F,PR,Divorciado/a,Empregado,Ensino Médio,Média,2023-09-27,Android,+55 (031) 0815-6204
U03235,Ana Laura,Siqueira,qmonteiro@example.com,67443638979.0,1985-06-14,M,MG,Solteiro/a,Estudante,Outro,Média,2023-09-27,iOS,21 5965 0238
U03527,Rael,da Conceição,biancada-conceicao@example.com,77694899783.0,1991-07-27,F,CE,Casado/a,Aposentado,Pós-graduação,Baixa,2023-09-27,Android,+55 (061) 9706 8788
U03723,Sabrina,Câmara,bruna33@example.org,33338498348.0,1992-01-08,F,RJ,Casado/a,Empregado,Técnico,Média,2023-09-27,iOS,+55 11 1524-6787
U00064,Maria,Jesus,calebecardoso@example.com,67041011541.0,1980-03-04,F,CE,Solteiro/a,Estudante,Técnico,Alta,2023-09-28,Android,(021) 7379 0555
U00307,Anna Liz,Marques,lopesdavi-lucas@example.net,76421376600.0,2002-09-16,M,RS,Divorciado/a,Estudante,Ensino Médio,Média,2023-09-28,iOS,61 4729-1987
U00426,Yuri,Costa,cbrito@example.net,94632122226.0,1970-01-26,Outro,DF,Viúvo/a,Desempregado,Técnico,Média,2023-09-28,Android,+55 (021) 2168 8118
U00777,Nicole,Sá,umendes@example.com,61537341700.0,1983-07-21,Outro,CE,Viúvo/a,Estudante,Ensino Médio,Alta,2023-09-28,Android,+55 (071) 2729-5387
U02043,Marina,Rocha,ana-carolinamartins@example.org,63530132827.0,1996-10-31,Outro,PE,Solteiro/a,Aposentado,Outro,Média,2023-09-28,iOS,(011) 4588 5024
U02372,Mariana,da Rosa,qmontenegro@example.net,43533355314.0,1970-01-01,M,SP,Divorciado/a,Empregado,Pós-graduação,Alta,2023-09-28,Android,+55 31 5756-9767
U03386,Thomas,Moura,pietro57@example.org,97933413759.0,1982-01-27,Outro,DF,Divorciado/a,Empregado,Outro,Baixa,2023-09-28,Android,(061) 0573 1401
U04525,Maria Cecília,Montenegro,kamillysousa@example.com,20526242394.0,1970-01-01,Outro,MG,Casado/a,Autônomo,Pós-graduação,Alta,2023-09-28,Android,+55 (021) 3472 5286
U00792,Clarice,Mendes,daniloribeiro@example.net,18041587133.0,1997-01-13,Outro,RS,Viúvo/a,Aposentado,Superior,Média,2023-09-29,Android,+55 (041) 1544 8534
U01986,Emilly,Silveira,vargasandre@example.org,25021078838.0,1978-04-08,Outro,RJ,Divorciado/a,Autônomo,Outro,Média,2023-09-29,iOS,51 5798 3874
U03151,Augusto,Câmara,pastorjoana@example.net,57643259952.0,1975-03-13,F,RS,Divorciado/a,Empregado,Outro,Alta,2023-09-29,iOS,+55 51 9275 0203
U04722,Josué,Abreu,lorenzomoraes@example.com,93286016314.0,1993-09-02,Outro,SP,Casado/a,Aposentado,Ensino Médio,Alta,2023-09-29,Android,+55 (031) 5883 8113
U04833,Ana Liz,Aparecida,nathan94@example.net,97657522948.0,1970-08-20,F,RJ,Casado/a,Empregado,Outro,Média,2023-09-29,iOS,71 2160 8418
U00026,Matteo,Ramos,dante45@example.net,72107869160.0,1995-05-03,M,RJ,Viúvo/a,Empregado,Pós-graduação,Alta,2023-09-30,iOS,+55 (071) 1415-1321
U00808,Carlos Eduardo,Macedo,levifreitas@example.com,10871023160.0,1979-02-16,F,DF,Casado/a,Autônomo,Outro,Alta,2023-09-30,iOS,(011) 8640-3325
U02753,Catarina,Monteiro,ssampaio@example.org,90415269456.0,1992-10-01,Outro,DF,Casado/a,Autônomo,Superior,Média,2023-09-30,Android,(021) 8816-0120
U03584,Maria Vitória,Monteiro,alice81@example.org,29157524166.0,1973-01-01,M,MG,Viúvo/a,Autônomo,Ensino Médio,Baixa,2023-09-30,iOS,(071) 7488-2420
U04897,Isadora,Rocha,isales@example.com,85470921914.0,1977-09-13,F,SP,Divorciado/a,Empregado,Técnico,Baixa,2023-09-30,Android,51 9587 9226
U01866,Julia,Cavalcante,emanuelly38@example.com,46766177298.0,1987-05-20,F,PE,Viúvo/a,Empregado,Técnico,Média,2023-10-01,Android,+55 (061) 5833-8584
U02597,Luiz Felipe,Lima,marinaviana@example.org,45047365938.0,1983-06-12,Outro,DF,Casado/a,Autônomo,Superior,Média,2023-10-01,iOS,+55 21 7564-0225
U02639,Isadora,Dias,salesalice@example.net,62053249941.0,2005-07-16,Outro,SP,Casado/a,Autônomo,Pós-graduação,Média,2023-10-01,iOS,+55 71 1407-0936
U03288,Pietra,Monteiro,gustavo57@example.com,58500116954.0,1980-11-28,M,SP,Viúvo/a,Desempregado,Pós-graduação,Baixa,2023-10-01,iOS,81 9229-2506
U03924,Benjamin,Sá,zda-cunha@example.com,96944209607.0,1975-10-26,M,RJ,Viúvo/a,Autônomo,Superior,Baixa,2023-10-01,iOS,+55 61 4264-1163
U04138,Allana,Marques,dpastor@example.net,72120247061.0,1970-01-01,Outro,PR,Divorciado/a,Aposentado,Superior,Baixa,2023-10-01,Android,21 3983-2829
U04190,Kamilly,Fogaça,mariafreitas@example.org,94492779447.0,2004-05-09,Outro,BA,Viúvo/a,Estudante,Outro,Alta,2023-10-01,Android,21 0810 9626
U01343,Henrique,Fonseca,tbarros@example.com,59584010935.0,1970-01-01,Outro,CE,Viúvo/a,Aposentado,Ensino Médio,Alta,2023-10-02,Android,(071) 0455 3479
U02147,Caleb,Marques,wda-rosa@example.org,26472050258.0,1972-01-09,M,BA,Casado/a,Estudante,Pós-graduação,Alta,2023-10-02,Android,31 5942-4637
U03950,Enrico,Rezende,lsales@example.com,30229447485.0,1970-01-01,Outro,DF,Viúvo/a,Empregado,Técnico,Alta,2023-10-02,iOS,71 6583-7043
U04067,Gustavo,da Rosa,albuquerquesarah@example.net,38078940781.0,1970-01-01,M,PE,Casado/a,Desempregado,Técnico,Alta,2023-10-02,Android,41 0531-8811
U04562,Isadora,Aragão,luiz-gustavorios@example.net,10099051080.0,1975-06-13,M,CE,Viúvo/a,Empregado,Pós-graduação,Baixa,2023-10-02,Android,(061) 0522-1146
U00385,Daniela,Siqueira,mariah66@example.com,28097144099.0,1971-10-18,Outro,PR,Solteiro/a,Estudante,Outro,Baixa,2023-10-03,Android,(041) 1367 7761
U01932,Maysa,Souza,yuri88@example.net,34274274573.0,1998-03-31,F,DF,Solteiro/a,Empregado,Outro,Alta,2023-10-03,iOS,+55 41 9622 9888
U01938,Bianca,Cirino,zcamara@example.com,96638894122.0,1989-03-06,M,SP,Casado/a,Estudante,Ensino Médio,Alta,2023-10-03,Android,+55 31 5119 2055
U02158,Maria Eduarda,Cavalcante,maya00@example.com,63233023939.0,1993-08-15,Outro,DF,Viúvo/a,Estudante,Técnico,Alta,2023-10-03,Android,21 4730-2867
U01534,Camila,Peixoto,lopesravi-lucca@example.net,75724669511.0,1970-01-01,F,RJ,Solteiro/a,Estudante,Outro,Alta,2023-10-04,iOS,+55 (071) 9338 3052
U02332,Luiza,Rezende,tmartins@example.org,62228854108.0,1970-01-01,M,PE,Divorciado/a,Empregado,Ensino Médio,Alta,2023-10-04,Android,+55 (021) 3661 3376
U03342,Dante,Aparecida,sadom@example.net,79470832485.0,1970-01-01,M,SP,Solteiro/a,Empregado,Outro,Alta,2023-10-04,iOS,+55 (011) 6272-8058
U03583,Luan,Macedo,zfonseca@example.org,60204564573.0,1977-02-20,M,SP,Casado/a,Desempregado,Pós-graduação,Alta,2023-10-04,iOS,11 6093-1399
U04337,Léo,Pimenta,freitasanthony@example.com,11107823328.0,1971-07-13,M,MG,Viúvo/a,Empregado,Técnico,Baixa,2023-10-04,Android,+55 31 9818 2092
U04893,José,da Luz,luanaalmeida@example.net,63679703890.0,1970-01-01,M,RJ,Casado/a,Desempregado,Técnico,Baixa,2023-10-04,iOS,61 0782 1435
U00752,Ana Carolina,Pinto,gabriel37@example.org,41871880957.0,1986-09-19,M,MG,Casado/a,Autônomo,Pós-graduação,Média,2023-10-05,Android,61 3638 6073
U02093,Rodrigo,Novaes,sophia70@example.net,34354752971.0,1970-01-01,M,PR,Casado/a,Aposentado,Superior,Baixa,2023-10-05,iOS,(081) 1509-3610
U02566,Mirella,Almeida,ypimenta@example.com,73839393777.0,1970-01-01,M,RS,Casado/a,Desempregado,Pós-graduação,Alta,2023-10-05,iOS,+55 61 6320-9540
U03014,Marcela,Barbosa,mouraluiz-felipe@example.org,26501853415.0,1977-10-31,M,RJ,Casado/a,Estudante,Pós-graduação,Média,2023-10-05,Android,(061) 0777 1269
U03117,Natália,Pimenta,smoura@example.org,27643218484.0,1998-07-28,F,RJ,Divorciado/a,Estudante,Técnico,Alta,2023-10-05,Android,+55 (081) 0203 6417
U03590,Maria Isis,Teixeira,maria-liz07@example.org,89016480933.0,1971-02-02,Outro,RS,Divorciado/a,Autônomo,Ensino Médio,Média,2023-10-05,iOS,+55 (011) 8914-4556
U04991,Pedro Lucas,Azevedo,franciscorezende@example.org,31107708890.0,1989-03-08,M,SP,Solteiro/a,Empregado,Ensino Médio,Baixa,2023-10-05,iOS,+55 84 0262 9835
U00091,Camila,Marques,davi-lucassa@example.org,62966920998.0,1981-12-26,M,MG,Viúvo/a,Empregado,Outro,Média,2023-10-06,iOS,11 9937 7529
U00276,Eduarda,Aragão,nmonteiro@example.org,60764844523.0,1970-01-01,M,PE,Viúvo/a,Estudante,Superior,Baixa,2023-10-06,Android,+55 51 1945 9936
U01165,Isabella,Monteiro,maya93@example.com,95520059896.0,1975-04-20,Outro,PR,Solteiro/a,Autônomo,Outro,Baixa,2023-10-06,iOS,(081) 1332 6242
U01639,Maria Sophia,Nogueira,lunacavalcante@example.org,67986016587.0,1977-09-02,Outro,RJ,Casado/a,Estudante,Pós-graduação,Alta,2023-10-06,iOS,+55 31 5535-0092
U01769,Thiago,da Rocha,isabela97@example.org,97144336231.0,1984-03-30,F,RS,Viúvo/a,Empregado,Pós-graduação,Média,2023-10-06,iOS,(051) 0993-7419
U03615,Matheus,Machado,rda-mata@example.net,84185058661.0,1989-11-29,Outro,CE,Divorciado/a,Estudante,Técnico,Média,2023-10-06,Android,+55 41 0219-9188
U04336,Maya,Castro,emanuellapereira@example.org,94230833242.0,1975-12-10,M,DF,Divorciado/a,Desempregado,Ensino Médio,Alta,2023-10-06,iOS,+55 (021) 4501 9347
U04974,Heloisa,Gonçalves,cguerra@example.com,88714629355.0,1970-01-01,F,DF,Solteiro/a,Autônomo,Outro,Baixa,2023-10-06,Android,+55 84 6583 7512
U02037,Maria Eduarda,Ramos,valentinacirino@example.org,90685354731.0,1970-01-01,Outro,PR,Divorciado/a,Empregado,Pós-graduação,Média,2023-10-07,iOS,+55 21 6938 6970
U04827,João Lucas,da Luz,monteironicole@example.com,71418438981.0,1999-02-14,M,SP,Solteiro/a,Empregado,Técnico,Alta,2023-10-07,iOS,0900 345 5997
U04952,Mateus,Nascimento,csiqueira@example.org,81096174343.0,1970-01-01,M,CE,Casado/a,Desempregado,Ensino Médio,Baixa,2023-10-07,iOS,51 9157 1550
U00591,Ana Beatriz,Ferreira,maria-cecilia60@example.net,11899057345.0,1970-01-01,Outro,CE,Solteiro/a,Estudante,Pós-graduação,Média,2023-10-08,iOS,+55 11 7665 4729
U00915,Eloah,Andrade,castroaugusto@example.net,73437418986.0,2007-06-16,M,CE,Viúvo/a,Estudante,Outro,Média,2023-10-08,iOS,(051) 4778-4823
U01334,Pedro Lucas,Fernandes,rochadavi-lucas@example.com,74560505514.0,1970-01-01,F,PR,Divorciado/a,Aposentado,Pós-graduação,Média,2023-10-08,Android,71 0091-6675
U03575,Josué,Cirino,dguerra@example.net,49347719228.0,1970-01-01,M,PE,Solteiro/a,Estudante,Superior,Alta,2023-10-08,iOS,+55 81 2215-3114
U04511,Sophia,Montenegro,henrique77@example.net,32979480087.0,1983-05-28,M,PE,Casado/a,Desempregado,Técnico,Baixa,2023-10-08,iOS,(051) 9358-6452
U00284,Manuela,Dias,luiz-felipeporto@example.net,20042170130.0,1977-01-11,F,BA,Casado/a,Empregado,Superior,Baixa,2023-10-09,iOS,(041) 5038-8220
U00528,Luiz Miguel,Vieira,pribeiro@example.org,19047745925.0,1970-01-01,F,PE,Viúvo/a,Aposentado,Pós-graduação,Baixa,2023-10-09,iOS,61 8117-0374
U02581,Caleb,Caldeira,acamargo@example.org,15516148985.0,1982-02-27,M,RJ,Solteiro/a,Empregado,Pós-graduação,Alta,2023-10-09,Android,(061) 6056-1930
U02714,Maria Liz,Costa,jadevasconcelos@example.net,14943806303.0,1993-05-17,F,RJ,Viúvo/a,Empregado,Técnico,Média,2023-10-09,Android,+55 71 2272 8123
U03230,Benjamin,Brito,valentimcavalcanti@example.com,60448760572.0,1970-01-01,F,CE,Solteiro/a,Estudante,Ensino Médio,Alta,2023-10-09,Android,+55 (011) 1367 2271
U03729,Mateus,Pastor,zlima@example.net,25349306789.0,1970-01-01,Outro,RS,Solteiro/a,Desempregado,Técnico,Alta,2023-10-09,Android,51 4745 9920
U04078,Leandro,Gonçalves,ucarvalho@example.net,54795408310.0,1986-09-19,Outro,MG,Casado/a,Estudante,Ensino Médio,Alta,2023-10-09,iOS,71 5176-6685
U01143,Davi Lucca,Borges,goncalvessarah@example.com,66087003991.0,1973-01-07,F,DF,Divorciado/a,Empregado,Superior,Alta,2023-10-10,iOS,+55 51 0256 8165
U01563,Isaac,Costa,maria-helena47@example.com,33430183196.0,1992-10-20,F,CE,Divorciado/a,Empregado,Superior,Baixa,2023-10-10,iOS,+55 61 3614 6338
U01795,Mariah,Moura,yandrade@example.net,59090935163.0,1987-06-29,M,SP,Viúvo/a,Autônomo,Ensino Médio,Alta,2023-10-10,Android,+55 84 8418-0367
U04352,João Pedro,Barbosa,emachado@example.org,34517994637.0,1974-02-24,Outro,RS,Casado/a,Aposentado,Técnico,Média,2023-10-10,Android,84 0636 5675
U04483,Otávio,Guerra,smoreira@example.net,63224083354.0,1980-09-05,Outro,PR,Solteiro/a,Empregado,Superior,Baixa,2023-10-10,iOS,0800-652-4623
U04744,Melissa,Silveira,fcastro@example.org,38250090036.0,1970-01-01,Outro,PE,Solteiro/a,Empregado,Superior,Média,2023-10-10,Android,+55 (061) 1067-4288
U00195,Anna Liz,Porto,leonardo28@example.net,32540427608.0,1999-12-28,Outro,RJ,Viúvo/a,Autônomo,Outro,Alta,2023-10-11,iOS,+55 (051) 8855-0147
U00212,Alana,da Mata,cecilia36@example.com,45020187885.0,1996-01-19,M,PR,Divorciado/a,Aposentado,Outro,Alta,2023-10-11,iOS,(051) 5144-4615
U02261,Aylla,da Paz,vcavalcante@example.com,84774536157.0,1970-01-01,F,PE,Viúvo/a,Aposentado,Técnico,Média,2023-10-11,Android,+55 21 5417-9500
U02792,Asafe,Gonçalves,giovanna06@example.org,61532895115.0,1970-01-01,M,MG,Divorciado/a,Autônomo,Ensino Médio,Média,2023-10-11,iOS,0300-402-6095
U01436,Isaque,Brito,fmonteiro@example.net,78831038019.0,1974-10-24,M,DF,Viúvo/a,Empregado,Outro,Baixa,2023-10-12,Android,+55 81 1349-0604
U01695,Luiz Gustavo,Novaes,joanasiqueira@example.com,68113849151.0,2000-06-28,Outro,DF,Casado/a,Autônomo,Ensino Médio,Baixa,2023-10-12,Android,(081) 3119 1703
U01700,Juliana,Lima,mariah35@example.org,55188255120.0,1998-04-21,M,RJ,Divorciado/a,Empregado,Outro,Alta,2023-10-12,Android,11 8317-3642
U02845,Murilo,Pinto,leomachado@example.net,59136802399.0,1970-01-01,M,PE,Viúvo/a,Estudante,Técnico,Alta,2023-10-12,Android,(011) 2067 7692
U00416,Eduarda,Alves,augustogoncalves@example.org,87092567530.0,1970-01-01,M,PR,Casado/a,Empregado,Técnico,Média,2023-10-13,iOS,(081) 6345-1560
U00928,Igor,Silva,elisa26@example.org,25619127870.0,1976-11-20,M,RS,Divorciado/a,Estudante,Outro,Alta,2023-10-13,Android,21 1201 9735
U01461,Stella,Marques,marcos-vinicius21@example.org,91837182448.0,1979-03-24,Outro,CE,Viúvo/a,Autônomo,Técnico,Alta,2023-10-13,iOS,(084) 2045-0914
U00053,Ravi,Macedo,borgesmarina@example.net,45667859394.0,1970-01-01,F,PE,Divorciado/a,Estudante,Outro,Média,2023-10-14,iOS,(084) 9286 7952
U01963,Mariana,Ribeiro,isaquecosta@example.com,64845380179.0,1998-10-11,Outro,MG,Solteiro/a,Autônomo,Superior,Alta,2023-10-14,Android,+55 (061) 5092-4548
U02478,Isabelly,Araújo,eduardo74@example.com,62400973365.0,1970-01-01,F,CE,Viúvo/a,Empregado,Outro,Baixa,2023-10-14,iOS,+55 81 0444 4673
U02885,Otto,Monteiro,da-motaana-liz@example.com,83313047205.0,1989-02-02,F,RJ,Divorciado/a,Aposentado,Ensino Médio,Média,2023-10-14,Android,+55 61 8446-1794
U02887,Benjamim,Santos,hellenaporto@example.org,92319670890.0,1970-01-01,M,RJ,Divorciado/a,Empregado,Pós-graduação,Baixa,2023-10-14,iOS,(051) 5240 8761
U03929,Juan,Moura,benjamim61@example.net,81093293474.0,1988-10-30,Outro,PE,Casado/a,Estudante,Outro,Alta,2023-10-14,Android,(031) 4532 8186
U04236,Isaac,Azevedo,almeidaarthur@example.org,16069690963.0,1970-01-01,F,DF,Casado/a,Desempregado,Pós-graduação,Baixa,2023-10-14,iOS,0900 250 1416
U04431,Rhavi,da Rosa,camaralorenzo@example.com,98753119865.0,1976-06-28,M,PE,Solteiro/a,Empregado,Outro,Alta,2023-10-14,iOS,+55 31 5241 2127
U04608,José Pedro,Almeida,da-motajuliana@example.com,10614014458.0,2007-03-18,M,SP,Viúvo/a,Estudante,Ensino Médio,Baixa,2023-10-14,Android,(084) 8850 3241
U00638,Maria Flor,Aragão,da-costavalentim@example.com,38273443007.0,1970-01-01,M,MG,Solteiro/a,Autônomo,Pós-graduação,Alta,2023-10-15,iOS,+55 61 6032-7500
U00645,Vinícius,Andrade,xcostela@example.net,96874288298.0,1970-01-01,Outro,DF,Casado/a,Aposentado,Outro,Média,2023-10-15,iOS,11 2335-1733
U01590,Pietra,da Mota,xleao@example.org,21294897491.0,2000-03-21,M,DF,Casado/a,Autônomo,Superior,Baixa,2023-10-15,iOS,71 2315 3462
U00788,Ana Luiza,Ferreira,caldeiraana-julia@example.org,43701284729.0,1974-03-13,F,RJ,Viúvo/a,Autônomo,Ensino Médio,Média,2023-10-16,Android,+55 31 5882-7573
U01778,Maya,Cavalcanti,esthermontenegro@example.com,37082469825.0,1987-11-24,M,SP,Viúvo/a,Desempregado,Superior,Média,2023-10-16,Android,(041) 2177 6888
U02678,Raul,Guerra,oda-cruz@example.com,15541377000.0,1982-10-02,M,BA,Divorciado/a,Aposentado,Outro,Baixa,2023-10-16,Android,81 9818-1133
U01150,Ana Lívia,Ramos,costabreno@example.org,91657797917.0,1970-01-01,M,RJ,Divorciado/a,Estudante,Pós-graduação,Alta,2023-10-17,Android,+55 (061) 3528 0285
U04098,Ravi Lucca,Souza,oliviacunha@example.org,25395573947.0,1982-05-23,M,RJ,Solteiro/a,Aposentado,Técnico,Alta,2023-10-17,iOS,11 5661-2738
U04420,Isabella,Monteiro,enzo-gabrielmonteiro@example.net,24451383817.0,2005-05-08,Outro,SP,Viúvo/a,Aposentado,Outro,Média,2023-10-17,iOS,61 8955 1281
U00020,Maitê,Sá,lorenzo54@example.com,24747164856.0,1970-01-01,F,RJ,Viúvo/a,Estudante,Ensino Médio,Média,2023-10-18,Android,+55 71 9394 3166
U02856,Pietra,Caldeira,ofonseca@example.com,64388867277.0,2002-11-21,F,DF,Divorciado/a,Estudante,Técnico,Baixa,2023-10-18,iOS,+55 71 6372-0006
U03438,Manuela,Moraes,isa@example.org,42338534543.0,1998-12-22,M,PE,Casado/a,Aposentado,Superior,Média,2023-10-18,iOS,+55 31 2654-7945
U03846,Maria Liz,Leão,theodoropeixoto@example.org,16597092795.0,2003-07-27,Outro,RS,Casado/a,Aposentado,Técnico,Média,2023-10-18,iOS,84 2711-3901
U04241,Milena,Melo,manuela90@example.com,20400789946.0,1989-08-10,F,SP,Divorciado/a,Empregado,Superior,Alta,2023-10-18,Android,(081) 5264-9318
U04548,Larissa,Pereira,luiz-fernandoda-mota@example.org,24851083613.0,1976-07-19,F,SP,Viúvo/a,Desempregado,Ensino Médio,Média,2023-10-18,iOS,(051) 9287 0927
U00358,Sofia,Abreu,nascimentolarissa@example.net,83940790511.0,1970-01-01,Outro,DF,Divorciado/a,Autônomo,Pós-graduação,Média,2023-10-19,Android,+55 61 5697-9558
U01896,Luiz Gustavo,Correia,kaiquemontenegro@example.org,77409649777.0,2003-11-06,F,PR,Solteiro/a,Autônomo,Outro,Alta,2023-10-19,iOS,51 4997 9481
U01970,Théo,Ferreira,cauasa@example.net,65358401380.0,1970-01-01,M,PR,Divorciado/a,Aposentado,Técnico,Alta,2023-10-19,iOS,(071) 5643-0535
U02126,Isabella,Rodrigues,arthur-gabrielvasconcelos@example.com,30045279074.0,2000-05-28,F,BA,Solteiro/a,Desempregado,Ensino Médio,Baixa,2023-10-19,Android,+55 81 0623 0695
U03119,Luiz Gustavo,da Luz,nina57@example.com,72079623915.0,1970-01-01,M,RS,Casado/a,Desempregado,Pós-graduação,Média,2023-10-19,iOS,+55 31 7525 0174
U04092,Heloisa,da Paz,maria-eduarda21@example.com,73622807007.0,1973-11-07,M,RS,Casado/a,Estudante,Ensino Médio,Baixa,2023-10-19,Android,51 6986 2978
U04422,Lara,Araújo,camilaalbuquerque@example.org,23420423426.0,1997-07-18,F,RS,Divorciado/a,Aposentado,Ensino Médio,Média,2023-10-19,Android,+55 41 0705 9159
U00006,Catarina,das Neves,lcorreia@example.org,61123921938.0,1970-01-01,M,PE,Casado/a,Autônomo,Técnico,Baixa,2023-10-20,Android,(011) 0433 6300
U01312,Hellena,Mendonça,ayllanovais@example.net,55162239691.0,1970-01-01,M,DF,Viúvo/a,Autônomo,Pós-graduação,Baixa,2023-10-20,iOS,+55 (041) 5355-0525
U01072,Luiz Fernando,Lima,ana-liviamendonca@example.com,44037739018.0,1970-01-01,M,RJ,Solteiro/a,Autônomo,Outro,Alta,2023-10-21,iOS,11 3347 9684
U02087,Nathan,da Rocha,kcavalcanti@example.net,54648338823.0,1987-08-07,F,RS,Casado/a,Empregado,Superior,Baixa,2023-10-21,iOS,+55 (061) 3903 0950
U02155,Sarah,Freitas,biancasantos@example.com,47217951996.0,1990-10-18,M,DF,Solteiro/a,Empregado,Ensino Médio,Alta,2023-10-21,Android,0900-885-4705
U02339,Giovanna,Farias,luiz-henrique35@example.org,78089854731.0,1976-09-30,F,RS,Viúvo/a,Empregado,Outro,Média,2023-10-21,Android,(031) 9643 9275
U03775,Bruno,Nunes,kcavalcante@example.org,57380850900.0,1991-03-14,Outro,RS,Casado/a,Aposentado,Técnico,Baixa,2023-10-21,Android,+55 41 2172 4362
U00080,Aylla,Brito,evargas@example.net,73674720526.0,1970-01-01,F,MG,Viúvo/a,Estudante,Superior,Alta,2023-10-22,iOS,+55 71 2652 0945
U00336,Clarice,Azevedo,machadomaria-eduarda@example.net,57168381224.0,1976-09-25,M,BA,Solteiro/a,Autônomo,Superior,Alta,2023-10-22,iOS,+55 51 0728 5112
U01439,Enzo Gabriel,Gomes,vpacheco@example.net,67590180554.0,1970-01-01,F,RJ,Viúvo/a,Desempregado,Outro,Alta,2023-10-22,iOS,(041) 1036 9424
U03664,Vitor Hugo,Ferreira,zrios@example.com,77251253627.0,1996-10-13,F,SP,Solteiro/a,Estudante,Superior,Alta,2023-10-22,iOS,61 3718 8018
U04204,Gabrielly,Freitas,luiz-otaviorocha@example.org,37586036660.0,2005-06-19,F,PR,Viúvo/a,Aposentado,Técnico,Alta,2023-10-22,Android,+55 11 7469 7065
U04649,Erick,Castro,felipe55@example.net,71557750761.0,1971-01-13,Outro,RS,Divorciado/a,Autônomo,Técnico,Baixa,2023-10-22,Android,+55 (031) 4940-6373
U02461,Evelyn,Rios,ana-vitoriarocha@example.com,95852450413.0,1985-01-26,F,BA,Viúvo/a,Aposentado,Superior,Alta,2023-10-23,iOS,+55 84 1007-0343
U03655,Júlia,Costela,leandro28@example.net,90820723066.0,1992-05-19,F,RJ,Solteiro/a,Empregado,Outro,Média,2023-10-23,Android,+55 (061) 7281-3239
U03308,Rael,Ferreira,ana-lauranovaes@example.com,30537805509.0,1970-01-01,F,PR,Viúvo/a,Autônomo,Pós-graduação,Baixa,2023-10-24,iOS,0800-592-8634
U04734,Enzo Gabriel,Vasconcelos,hsa@example.net,64849895156.0,1994-04-13,Outro,SP,Divorciado/a,Autônomo,Pós-graduação,Alta,2023-10-24,iOS,(051) 5318-1563
U04926,Allana,Macedo,qfarias@example.com,19829903020.0,1970-01-01,M,RS,Casado/a,Autônomo,Ensino Médio,Média,2023-10-24,Android,(061) 9629-9121
U00141,Anna Liz,Moreira,emillyda-rocha@example.com,29286081682.0,1980-12-16,Outro,SP,Divorciado/a,Desempregado,Ensino Médio,Baixa,2023-10-25,Android,21 2643 1757
U01108,Davi,Casa Grande,pietra24@example.net,35869949911.0,1970-01-01,Outro,PE,Divorciado/a,Autônomo,Pós-graduação,Alta,2023-10-25,Android,(061) 9333 8903
U03359,Enzo Gabriel,Borges,ana-sophia90@example.net,33024076878.0,1970-01-01,M,CE,Casado/a,Aposentado,Outro,Média,2023-10-25,iOS,+55 (031) 7716 9463
U03973,Bruno,Carvalho,sbarbosa@example.net,15760290654.0,2002-01-24,F,DF,Viúvo/a,Empregado,Outro,Média,2023-10-25,iOS,(021) 9915-9088
U04620,Benicio,Ribeiro,maria-luisafogaca@example.com,11889864145.0,1996-02-07,F,PR,Viúvo/a,Autônomo,Pós-graduação,Baixa,2023-10-25,iOS,0800 012 8077
U00444,João Gabriel,Moreira,diogo21@example.net,49468271770.0,1989-02-17,M,MG,Divorciado/a,Desempregado,Pós-graduação,Alta,2023-10-26,iOS,(041) 9637 8670
U01530,Vinicius,Freitas,siqueirayuri@example.org,58607980716.0,1970-01-01,F,SP,Viúvo/a,Aposentado,Técnico,Média,2023-10-26,iOS,0900 411 5420
U02359,Emilly,Cirino,lucassilveira@example.com,92985706412.0,1975-06-03,Outro,PR,Solteiro/a,Estudante,Técnico,Alta,2023-10-26,iOS,+55 31 9449 0103
U02869,Luiz Gustavo,da Costa,ayllaazevedo@example.com,43879262481.0,1977-05-28,Outro,PR,Divorciado/a,Estudante,Técnico,Média,2023-10-26,Android,0800 976 5332
U03591,Brenda,Andrade,drios@example.org,32874393862.0,1970-01-01,Outro,SP,Divorciado/a,Estudante,Técnico,Alta,2023-10-26,iOS,+55 (071) 6595-0064
U03307,Benjamim,Andrade,wvasconcelos@example.com,47086934702.0,1970-01-01,Outro,PE,Viúvo/a,Autônomo,Ensino Médio,Baixa,2023-10-27,Android,(084) 1450-1739
U04307,Maria,Sousa,helenacastro@example.com,61571643260.0,1970-01-01,M,CE,Divorciado/a,Autônomo,Pós-graduação,Alta,2023-10-27,Android,+55 21 3339 5684
U04606,Luiz Felipe,Silveira,sofiamacedo@example.com,52856613648.0,1970-01-01,F,MG,Casado/a,Estudante,Outro,Média,2023-10-27,iOS,(051) 7799-9751
U02994,Bruno,Cardoso,acarvalho@example.org,27504877548.0,1970-01-01,F,RS,Viúvo/a,Aposentado,Ensino Médio,Alta,2023-10-28,Android,51 8867 5538
U01458,Bruno,Caldeira,piresmiguel@example.com,72131955419.0,1981-12-22,F,PE,Divorciado/a,Desempregado,Pós-graduação,Alta,2023-10-29,iOS,(051) 8716 6603
U03477,Maria Eduarda,Silveira,alexandreoliveira@example.net,32599693887.0,1988-11-23,F,PE,Casado/a,Desempregado,Técnico,Média,2023-10-29,iOS,(081) 5425-5437
U03585,Milena,Aragão,pietrocarvalho@example.net,54132515973.0,1999-06-03,Outro,PE,Solteiro/a,Autônomo,Técnico,Baixa,2023-10-29,Android,0300 409 0573
U04461,Valentim,Mendonça,arthur-miguel34@example.com,85786642942.0,1970-01-01,F,BA,Viúvo/a,Empregado,Ensino Médio,Baixa,2023-10-29,Android,+55 81 9676-8205
U04865,Enrico,Mendes,falbuquerque@example.com,10976319640.0,1970-01-01,M,SP,Casado/a,Desempregado,Ensino Médio,Média,2023-10-29,Android,(041) 3554-9448
U02643,Henry Gabriel,da Mata,santosgabriela@example.com,54569851204.0,1975-12-31,M,RS,Casado/a,Estudante,Ensino Médio,Baixa,2023-10-30,Android,41 9837 7409
U04055,Brenda,Marques,correiavitor-hugo@example.org,11358705245.0,1982-02-10,F,RS,Solteiro/a,Empregado,Pós-graduação,Alta,2023-10-30,Android,+55 (084) 8379-5982
U01331,Dom,Mendes,pereiraluiz-otavio@example.net,87741548053.0,1970-01-01,Outro,MG,Divorciado/a,Empregado,Técnico,Média,2023-10-31,Android,+55 (071) 0811-7359
U01675,Antonella,Martins,tsilveira@example.org,24391752699.0,1991-04-05,M,DF,Solteiro/a,Empregado,Pós-graduação,Média,2023-10-31,iOS,(084) 4476 7598
U02952,Maria Clara,Pacheco,jcosta@example.net,79989948694.0,1970-01-01,M,BA,Viúvo/a,Empregado,Outro,Baixa,2023-10-31,iOS,21 2168 2165
U03356,Larissa,Almeida,manuellaalves@example.org,71017852974.0,1975-09-07,F,MG,Solteiro/a,Empregado,Técnico,Alta,2023-10-31,iOS,+55 (061) 4485 8844
U03626,Luiz Henrique,Pereira,lucas-gabriel14@example.net,88375964433.0,1983-10-07,Outro,RS,Viúvo/a,Autônomo,Técnico,Média,2023-10-31,iOS,+55 81 4775-0945
U03767,Benjamim,Pires,cavalcantiisabela@example.net,74224831530.0,1993-11-11,F,SP,Solteiro/a,Autônomo,Pós-graduação,Baixa,2023-10-31,Android,0500 945 0075
U03867,Isabelly,Brito,anthony11@example.net,86882946642.0,1970-01-01,M,RJ,Viúvo/a,Desempregado,Pós-graduação,Baixa,2023-10-31,Android,+55 11 1428 4957
U04465,Davi Lucca,Mendes,ynovais@example.org,23842422083.0,2000-04-13,Outro,SP,Viúvo/a,Aposentado,Outro,Média,2023-10-31,iOS,+55 51 9468 2080
U00452,Leonardo,Vargas,silveiracatarina@example.com,26943173360.0,2004-02-02,M,RS,Divorciado/a,Autônomo,Superior,Baixa,2023-11-01,Android,0900-782-0409
U00686,Ana Júlia,Farias,riosleonardo@example.com,51231422279.0,1970-01-01,M,CE,Divorciado/a,Desempregado,Outro,Média,2023-11-01,iOS,(051) 4000 0317
U04534,Valentim,Oliveira,duartelucca@example.net,85163266299.0,1991-09-17,Outro,RS,Casado/a,Desempregado,Outro,Baixa,2023-11-01,Android,+55 (081) 9490-2509
U01416,Benjamim,Pimenta,theo78@example.net,98281777858.0,1970-01-01,M,PR,Viúvo/a,Estudante,Outro,Baixa,2023-11-02,iOS,71 3652-8942
U01930,Liam,Barbosa,stephany86@example.net,24694778938.0,1970-01-01,Outro,CE,Solteiro/a,Empregado,Técnico,Baixa,2023-11-02,iOS,(081) 6651-9567
U03065,Maria Liz,Abreu,rezendehellena@example.com,17697425178.0,1998-01-24,M,RS,Viúvo/a,Aposentado,Técnico,Alta,2023-11-02,Android,31 8307 4871
U03185,Isaac,Souza,cmacedo@example.net,11861643059.0,1984-05-17,F,PE,Solteiro/a,Aposentado,Técnico,Média,2023-11-02,Android,+55 (084) 7937 5173
U04400,Maya,Lima,agathamoreira@example.org,77805855435.0,1970-01-01,F,MG,Solteiro/a,Empregado,Ensino Médio,Média,2023-11-02,Android,+55 (051) 7874 0851
U01427,Otávio,Pereira,leandro45@example.com,74383058321.0,2002-08-18,F,MG,Solteiro/a,Estudante,Pós-graduação,Baixa,2023-11-03,iOS,+55 (081) 3294-8091
U01578,Mateus,Jesus,fariasalexia@example.net,10306105754.0,2007-03-20,M,RS,Divorciado/a,Desempregado,Superior,Baixa,2023-11-03,iOS,+55 (041) 7472 2960
U04000,Isis,Pires,alexiafernandes@example.net,38472319935.0,1970-01-01,F,PR,Casado/a,Autônomo,Ensino Médio,Baixa,2023-11-03,Android,+55 (021) 6481 7877
U04348,Beatriz,Oliveira,diegomoreira@example.org,35386197597.0,1970-01-01,M,PE,Solteiro/a,Autônomo,Superior,Média,2023-11-03,Android,+55 (041) 2030 0610
U00156,Anthony Gabriel,Sales,luizaalves@example.com,78348555566.0,2003-02-11,Outro,PE,Divorciado/a,Desempregado,Técnico,Média,2023-11-04,iOS,0500 394 7985
U00665,Noah,Câmara,britoliz@example.net,58044601324.0,1990-09-29,F,PE,Divorciado/a,Autônomo,Técnico,Média,2023-11-04,Android,+55 51 5108 1015
U03886,Aylla,Fernandes,thalesda-costa@example.com,18292271988.0,1989-07-05,Outro,PE,Divorciado/a,Desempregado,Técnico,Alta,2023-11-04,Android,71 6355-0678
U01088,Sara,Duarte,dda-cruz@example.net,96932225282.0,1983-05-03,M,DF,Viúvo/a,Autônomo,Técnico,Média,2023-11-05,Android,+55 21 6075 3027
U01252,Miguel,Nunes,maria-luizacarvalho@example.org,31734691612.0,1970-01-01,M,SP,Casado/a,Aposentado,Técnico,Média,2023-11-05,Android,21 7870 5692
U02206,Levi,Souza,isaque05@example.org,63784592173.0,1970-01-01,F,CE,Solteiro/a,Empregado,Outro,Média,2023-11-05,Android,+55 51 7844 5053
U02406,Esther,Costa,heloisa93@example.com,46387912306.0,1970-01-01,M,PR,Divorciado/a,Empregado,Pós-graduação,Média,2023-11-05,iOS,81 9778 3620
U03132,Cauã,Moreira,vgarcia@example.com,21904656478.0,1970-01-01,Outro,RJ,Divorciado/a,Desempregado,Superior,Baixa,2023-11-05,iOS,+55 (051) 2870 1694
U03943,Arthur Gabriel,Cunha,goncalvesana-liz@example.com,32934751352.0,1984-12-06,M,MG,Solteiro/a,Autônomo,Superior,Baixa,2023-11-05,Android,+55 (031) 0630-7625
U04601,João Lucas,Barros,yan59@example.com,36080758284.0,1991-05-11,M,MG,Viúvo/a,Autônomo,Superior,Alta,2023-11-05,Android,+55 81 7155 8795
U00896,Yasmin,Ferreira,leaomaria-sophia@example.org,52618279478.0,1996-01-05,F,MG,Casado/a,Empregado,Técnico,Alta,2023-11-06,Android,+55 71 6753 3675
U02909,Otávio,Brito,matteosilva@example.com,36768953228.0,1970-01-01,M,BA,Divorciado/a,Estudante,Outro,Alta,2023-11-06,iOS,(041) 7964-4771
U03395,Asafe,Moreira,lucas-gabriel23@example.net,44296893377.0,2006-06-03,Outro,DF,Divorciado/a,Desempregado,Técnico,Alta,2023-11-06,iOS,31 8251-0124
U03955,Alexia,Cassiano,leaonathan@example.org,17707602536.0,2007-01-28,M,RJ,Casado/a,Desempregado,Ensino Médio,Alta,2023-11-06,Android,+55 (021) 0255 3169
U00031,Isaque,Macedo,helenacampos@example.net,80620880269.0,1970-01-01,F,PE,Casado/a,Autônomo,Outro,Alta,2023-11-07,iOS,+55 (081) 3891-2756
U00908,Marina,Peixoto,davi-luizcarvalho@example.net,83204637523.0,1978-02-14,Outro,SP,Divorciado/a,Autônomo,Técnico,Alta,2023-11-07,Android,84 8109 3633
U01200,Maria,Cassiano,maria64@example.org,98969470214.0,1993-02-02,M,BA,Divorciado/a,Aposentado,Outro,Alta,2023-11-07,iOS,+55 (071) 5104 6233
U00126,Ana Liz,Pires,luigimachado@example.com,36506992912.0,1987-02-23,M,CE,Casado/a,Aposentado,Superior,Média,2023-11-08,iOS,84 7314-8556
U00322,Ísis,Porto,gda-mota@example.com,86359595121.0,2003-02-10,Outro,PR,Solteiro/a,Aposentado,Outro,Média,2023-11-08,Android,31 4511-9959
U02129,Rafael,Rios,monteiromaria-julia@example.net,36949577821.0,1970-01-01,M,RS,Solteiro/a,Empregado,Outro,Média,2023-11-08,Android,+55 (041) 8850-9658
U02465,Felipe,Martins,maria83@example.net,86540032945.0,1992-11-30,Outro,MG,Casado/a,Autônomo,Pós-graduação,Média,2023-11-08,Android,(011) 5696-6467
U03837,Maya,Carvalho,beatrizporto@example.net,77427506174.0,1970-01-01,F,MG,Divorciado/a,Aposentado,Outro,Média,2023-11-08,Android,+55 (061) 3192 7636
U01117,Melissa,Rezende,pedroferreira@example.net,41267921230.0,1980-03-09,M,MG,Casado/a,Aposentado,Outro,Média,2023-11-09,Android,+55 (011) 7685 7949
U00468,Kamilly,Duarte,da-conceicaodaniel@example.org,42568524459.0,1970-01-01,F,RS,Solteiro/a,Empregado,Técnico,Baixa,2023-11-10,Android,0300-667-9937
U02081,Léo,Cassiano,gcassiano@example.com,70606940735.0,1970-01-01,Outro,PE,Viúvo/a,Empregado,Superior,Média,2023-11-10,iOS,71 4713 9672
U02533,Gustavo Henrique,Câmara,ccosta@example.com,74374719726.0,1970-01-01,Outro,MG,Casado/a,Estudante,Pós-graduação,Média,2023-11-10,iOS,+55 51 5198 9864
U04312,Ayla,Moreira,giovanna28@example.com,57648858379.0,1998-05-25,F,RJ,Solteiro/a,Estudante,Técnico,Alta,2023-11-10,iOS,+55 (071) 8686 3503
U04692,Bruna,Silveira,hmoreira@example.net,92199474598.0,1976-10-26,F,MG,Casado/a,Desempregado,Outro,Baixa,2023-11-10,iOS,+55 (041) 3855 9969
U04933,José Pedro,Pires,henry65@example.com,47898600359.0,1970-01-01,M,PE,Solteiro/a,Estudante,Superior,Baixa,2023-11-10,iOS,+55 (051) 9744-4469
U04976,Gabriela,Abreu,ana-beatriz48@example.org,49638633881.0,1982-09-02,Outro,PE,Solteiro/a,Aposentado,Superior,Alta,2023-11-10,iOS,+55 11 2254 0208
U00228,Yuri,Albuquerque,valentim91@example.net,15334536708.0,1991-10-18,Outro,CE,Divorciado/a,Empregado,Técnico,Média,2023-11-11,iOS,61 0133 5420
U00441,Raul,Ribeiro,rodriguesvalentina@example.com,73547900287.0,1970-01-01,F,BA,Casado/a,Autônomo,Técnico,Alta,2023-11-11,iOS,(051) 1834 8356
U02225,Vitor Gabriel,Freitas,josuesa@example.com,33250671667.0,1984-09-29,F,MG,Viúvo/a,Aposentado,Pós-graduação,Média,2023-11-11,iOS,0300 149 2112
U02510,Luiz Otávio,Marques,lorenasiqueira@example.com,64754028686.0,2000-10-06,F,PE,Divorciado/a,Empregado,Superior,Alta,2023-11-11,iOS,+55 (071) 8043 2017
U03147,Alexandre,Nascimento,davi-lucas75@example.com,81165445254.0,1974-04-29,F,RS,Solteiro/a,Estudante,Superior,Alta,2023-11-11,iOS,+55 (041) 8058-6810
U04299,Emilly,Martins,novaisravy@example.com,44153129840.0,1970-01-01,F,PR,Divorciado/a,Empregado,Outro,Alta,2023-11-11,Android,+55 51 6582 5069
U04946,Ana Júlia,Nogueira,joao-miguel18@example.com,20033373737.0,1983-10-19,F,CE,Divorciado/a,Aposentado,Outro,Baixa,2023-11-11,iOS,41 2091-0726
U01017,Dom,Rodrigues,tcastro@example.com,44118544918.0,1990-06-12,F,RS,Viúvo/a,Autônomo,Técnico,Baixa,2023-11-12,Android,51 5257 5702
U01869,Maria Isis,Vasconcelos,ravimontenegro@example.net,63389718716.0,1988-12-04,M,RJ,Casado/a,Empregado,Pós-graduação,Alta,2023-11-12,iOS,71 2000-1463
U01948,Maria Luiza,Nunes,duarteluiza@example.net,71726005783.0,2006-04-26,F,RJ,Viúvo/a,Estudante,Pós-graduação,Alta,2023-11-12,iOS,+55 (061) 2218-0154
U02530,Antonella,Carvalho,tmendes@example.net,28871218772.0,1971-11-10,M,PE,Divorciado/a,Estudante,Ensino Médio,Baixa,2023-11-12,Android,+55 (061) 0932 2760
U03809,Kaique,Vasconcelos,sara77@example.net,32703171600.0,1985-04-03,Outro,RJ,Casado/a,Autônomo,Outro,Baixa,2023-11-12,Android,+55 (051) 9752 6016
U04906,Luísa,Melo,luiginogueira@example.com,68590657263.0,1996-10-06,M,PE,Divorciado/a,Desempregado,Ensino Médio,Baixa,2023-11-12,Android,41 8816-3034
U01706,Aylla,Porto,davi-miguelda-cruz@example.org,74501963350.0,1970-01-01,Outro,DF,Casado/a,Estudante,Ensino Médio,Alta,2023-11-13,Android,(081) 0020-8771
U01811,Otto,Lima,riosfernanda@example.org,62119412881.0,1975-11-08,Outro,CE,Solteiro/a,Estudante,Superior,Média,2023-11-13,Android,(081) 2213-3967
U03888,Felipe,Cardoso,peixotodanilo@example.net,34493626161.0,1994-01-18,Outro,RS,Solteiro/a,Estudante,Pós-graduação,Baixa,2023-11-13,Android,+55 (071) 2760-4850
U04950,Lívia,Freitas,acaldeira@example.net,55451204402.0,2001-12-04,F,BA,Divorciado/a,Aposentado,Pós-graduação,Baixa,2023-11-13,Android,+55 (061) 0030-0967
U01891,Asafe,Viana,da-conceicaoasafe@example.net,90275797081.0,2000-11-01,M,PE,Solteiro/a,Desempregado,Outro,Baixa,2023-11-14,iOS,(031) 1258-9887
U02215,Isadora,Albuquerque,marquessabrina@example.org,32897518552.0,1989-02-24,M,MG,Solteiro/a,Desempregado,Outro,Baixa,2023-11-14,Android,+55 (084) 1107-5174
U03062,Maria Alice,Cavalcanti,andradefrancisco@example.org,57392506631.0,1970-01-01,F,SP,Casado/a,Aposentado,Outro,Baixa,2023-11-14,iOS,+55 11 3138 5822
U03082,Isabella,Sales,aragaoana-livia@example.com,91387297773.0,1970-01-01,F,SP,Casado/a,Empregado,Superior,Alta,2023-11-14,Android,(031) 4413 5177
U03882,Kaique,Souza,valentimmacedo@example.org,54034224849.0,1970-01-01,M,PR,Solteiro/a,Estudante,Ensino Médio,Alta,2023-11-14,iOS,81 4917 9593
U04270,Sophia,Ribeiro,limabenicio@example.org,10378509864.0,1988-07-02,M,RJ,Casado/a,Autônomo,Pós-graduação,Média,2023-11-14,iOS,0300-861-7304
U01767,Luara,Macedo,davi-luiz09@example.com,34102782774.0,1970-01-01,F,MG,Casado/a,Estudante,Outro,Alta,2023-11-15,Android,+55 61 4359-9853
U01894,Matheus,Barbosa,hadassa00@example.net,34115778692.0,2003-02-26,Outro,CE,Divorciado/a,Autônomo,Pós-graduação,Alta,2023-11-15,Android,+55 31 7610 2937
U02306,Ana Cecília,Vasconcelos,viniciusferreira@example.net,43507975825.0,1975-01-07,M,RJ,Viúvo/a,Empregado,Ensino Médio,Baixa,2023-11-15,Android,84 2111 7796
U03479,Ravi Lucca,Mendes,crodrigues@example.com,77781668059.0,1978-09-20,M,MG,Casado/a,Estudante,Pós-graduação,Média,2023-11-15,iOS,(011) 0507 6871
U04872,Lucas,Caldeira,lunaleao@example.com,22475738647.0,2006-10-16,F,RS,Casado/a,Empregado,Pós-graduação,Alta,2023-11-15,iOS,71 4311-2493
U00506,Gabriela,Alves,maria-laura16@example.org,53727299100.0,1989-05-27,M,CE,Divorciado/a,Estudante,Outro,Baixa,2023-11-16,Android,+55 71 0659-3954
U00652,Nicolas,Almeida,wcamara@example.org,76998734203.0,2000-01-01,M,RJ,Casado/a,Autônomo,Pós-graduação,Média,2023-11-16,Android,21 5704 2042
U02228,Maria Eduarda,Albuquerque,costelaenzo-gabriel@example.net,83027197671.0,1975-02-26,F,CE,Divorciado/a,Autônomo,Pós-graduação,Alta,2023-11-16,iOS,+55 (084) 1172 9526
U04412,Manuella,da Paz,vasconcelosmateus@example.com,25633379392.0,1988-04-27,Outro,RJ,Divorciado/a,Desempregado,Outro,Alta,2023-11-16,Android,+55 (011) 1930 6043
U04519,Isis,Melo,joao-lucas64@example.net,74380979456.0,1970-01-01,F,SP,Divorciado/a,Empregado,Outro,Baixa,2023-11-16,iOS,41 8088-4650
U00532,Lívia,Macedo,almeidaasafe@example.net,61917937677.0,1990-07-28,F,SP,Solteiro/a,Empregado,Pós-graduação,Alta,2023-11-17,Android,+55 11 3131 0929
U01554,Benjamin,Barbosa,valentina34@example.org,89779507724.0,1970-01-01,F,CE,Solteiro/a,Aposentado,Outro,Alta,2023-11-17,iOS,+55 61 3481 0380
U01978,Asafe,Caldeira,luiz-otavio62@example.net,21826687682.0,1986-09-18,Outro,PE,Casado/a,Desempregado,Outro,Baixa,2023-11-17,iOS,(021) 6292 1580
U04389,Mateus,Cunha,rda-costa@example.com,46941228240.0,1994-03-11,Outro,PR,Viúvo/a,Autônomo,Pós-graduação,Média,2023-11-17,iOS,81 9039-3524
U00443,Agatha,Souza,fernandesnatalia@example.org,84946999346.0,1985-09-22,F,SP,Viúvo/a,Autônomo,Pós-graduação,Baixa,2023-11-18,iOS,41 0148 4337
U03361,Francisco,Costela,lsilva@example.org,43537646700.0,1970-01-01,M,RS,Divorciado/a,Aposentado,Pós-graduação,Média,2023-11-18,Android,+55 (031) 9838 0498
U04621,Ana Carolina,Costa,maria-julia55@example.com,88120602633.0,1997-11-21,F,BA,Casado/a,Autônomo,Outro,Alta,2023-11-18,Android,+55 61 1724 5809
U00335,Valentim,Ramos,maria-julia34@example.org,26949129838.0,1978-01-21,Outro,RJ,Casado/a,Aposentado,Outro,Média,2023-11-19,Android,(081) 4731-3275
U04095,Liz,da Mota,carvalhoevelyn@example.net,92389613618.0,2007-03-26,Outro,DF,Solteiro/a,Desempregado,Outro,Alta,2023-11-19,Android,+55 (071) 0080 2473
U00673,Joana,Sampaio,costelagabriel@example.net,79684888401.0,1982-12-30,M,SP,Viúvo/a,Desempregado,Superior,Baixa,2023-11-20,Android,+55 (021) 0370 4226
U01821,Letícia,Casa Grande,gomespietra@example.net,83108342908.0,1985-05-21,Outro,RS,Viúvo/a,Desempregado,Pós-graduação,Baixa,2023-11-20,iOS,51 7629 0198
U03021,Joana,Correia,alexandre61@example.com,57323803542.0,1992-04-05,M,CE,Casado/a,Desempregado,Superior,Baixa,2023-11-20,iOS,71 7296-4648
U04975,Marcelo,Carvalho,ribeiropedro-miguel@example.com,30355920319.0,1970-01-01,Outro,MG,Casado/a,Estudante,Outro,Alta,2023-11-20,Android,+55 (041) 2220 6514
U00811,Giovanna,Ramos,catarina99@example.net,19777622521.0,2007-06-19,M,DF,Divorciado/a,Estudante,Outro,Média,2023-11-21,Android,+55 81 3513-3476
U02888,Heloísa,Fernandes,cardosoana-julia@example.net,32854528450.0,1979-03-06,F,BA,Divorciado/a,Aposentado,Técnico,Alta,2023-11-21,iOS,31 5554-8204
U03586,Vinicius,Garcia,epastor@example.org,55966077369.0,1971-12-14,Outro,RJ,Solteiro/a,Empregado,Técnico,Alta,2023-11-21,Android,41 2640-8555
U04437,Theodoro,Pires,snogueira@example.org,28960859198.0,1970-01-01,M,MG,Divorciado/a,Empregado,Outro,Alta,2023-11-21,iOS,81 3974-1552
U00421,Kevin,Machado,xda-paz@example.org,94539616254.0,1997-03-17,Outro,PR,Viúvo/a,Aposentado,Pós-graduação,Alta,2023-11-22,Android,+55 (011) 0286-8809
U01128,Gustavo Henrique,Nascimento,vitor-hugoalves@example.com,60601724361.0,1990-08-30,Outro,PE,Viúvo/a,Aposentado,Pós-graduação,Alta,2023-11-22,iOS,+55 (041) 2277 1988
U01194,Marina,Santos,maria-isis34@example.net,85526776234.0,1970-01-01,M,RJ,Casado/a,Estudante,Pós-graduação,Alta,2023-11-22,iOS,0500-324-0660
U02513,Alexandre,Jesus,maria-liz04@example.net,43980294962.0,1981-10-11,Outro,SP,Viúvo/a,Desempregado,Técnico,Baixa,2023-11-22,iOS,+55 (031) 9200-1282
U03207,Henrique,Nogueira,davi-luccamontenegro@example.com,90219739387.0,1973-07-05,Outro,BA,Divorciado/a,Desempregado,Técnico,Média,2023-11-22,iOS,51 2101 0124
U04812,Dante,Fernandes,emilly02@example.net,82135718559.0,1994-04-16,Outro,PR,Viúvo/a,Desempregado,Ensino Médio,Alta,2023-11-22,iOS,31 8305 8037
U00721,Noah,Machado,qgoncalves@example.com,87366591768.0,1970-01-01,F,CE,Solteiro/a,Desempregado,Outro,Baixa,2023-11-23,iOS,+55 (061) 9451 2961
U01719,Benício,Almeida,fogacaantonio@example.net,97581422965.0,2003-05-17,M,RJ,Viúvo/a,Estudante,Técnico,Baixa,2023-11-23,Android,+55 (021) 8798-0081
U04076,Emanuelly,Pereira,wcamargo@example.com,31089405149.0,2005-06-14,M,DF,Solteiro/a,Empregado,Ensino Médio,Alta,2023-11-23,Android,+55 (071) 9609 7537
U04302,Bárbara,Abreu,carvalhocaleb@example.net,36798448304.0,1970-01-01,F,SP,Casado/a,Aposentado,Técnico,Alta,2023-11-23,iOS,+55 11 8799-0235
U04449,Kamilly,Viana,da-motamatheus@example.net,54785912650.0,1984-01-29,M,CE,Divorciado/a,Autônomo,Outro,Média,2023-11-23,iOS,81 4726 1488
U04811,Larissa,Lima,kaique57@example.net,83542813086.0,1970-01-01,Outro,RJ,Solteiro/a,Estudante,Técnico,Média,2023-11-23,iOS,+55 (084) 3106 6294
U04980,Yago,da Costa,wcosta@example.net,66606233199.0,1970-01-01,Outro,CE,Divorciado/a,Desempregado,Ensino Médio,Baixa,2023-11-23,iOS,21 8074 8481
U00244,Caio,Correia,ana-laura75@example.net,77987180558.0,1981-06-11,F,PE,Viúvo/a,Desempregado,Outro,Alta,2023-11-24,Android,+55 81 8410-3603
U01142,Mirella,Rezende,breno52@example.com,77344853692.0,1970-01-01,M,SP,Viúvo/a,Desempregado,Pós-graduação,Baixa,2023-11-24,Android,(084) 8978 0753
U01726,Antônio,Fogaça,nunesmaria-julia@example.net,37484722815.0,1970-01-01,F,BA,Solteiro/a,Autônomo,Superior,Média,2023-11-24,iOS,0300 272 8326
U02683,Anthony,Farias,caldeiramelissa@example.com,14509978908.0,1970-01-01,M,CE,Solteiro/a,Estudante,Outro,Alta,2023-11-24,Android,+55 51 8102 2820
U02693,Isaac,Lopes,jrezende@example.org,19859643675.0,1970-01-01,M,CE,Viúvo/a,Empregado,Outro,Baixa,2023-11-24,Android,+55 (061) 0249-1047
U02702,Lara,Aragão,davi-lucasgarcia@example.com,83631680054.0,1970-01-01,M,SP,Solteiro/a,Aposentado,Outro,Baixa,2023-11-24,Android,+55 (011) 9263 9865
U03357,Marcelo,Silva,opacheco@example.org,73878209138.0,1970-01-01,M,RS,Divorciado/a,Autônomo,Outro,Baixa,2023-11-24,iOS,+55 (041) 5983-8710
U02255,Davi Lucca,Alves,barbosamaria-luisa@example.net,74726205882.0,1991-07-21,Outro,CE,Divorciado/a,Empregado,Outro,Baixa,2023-11-25,iOS,(011) 6803-9654
U02764,Isabela,Pinto,anthonyda-costa@example.org,44572046424.0,1970-01-01,F,CE,Casado/a,Empregado,Ensino Médio,Baixa,2023-11-25,iOS,0300-795-6568
U02872,Isabella,da Conceição,ana-cecilia21@example.net,10760200800.0,1995-04-07,F,SP,Solteiro/a,Estudante,Superior,Alta,2023-11-25,Android,+55 (084) 7184-7126
U03046,Larissa,Abreu,bernardo12@example.org,56422433100.0,2003-04-18,M,MG,Viúvo/a,Aposentado,Pós-graduação,Alta,2023-11-25,Android,+55 61 4005 8354
U00479,Benicio,Ramos,teixeiragabriela@example.net,56186854303.0,1971-07-07,M,RS,Viúvo/a,Autônomo,Superior,Média,2023-11-26,iOS,21 2227-5315
U00782,Cecilia,Silveira,jlopes@example.net,52186962097.0,1994-09-07,M,PR,Divorciado/a,Estudante,Ensino Médio,Média,2023-11-26,Android,11 2023 9020
U01381,Maria Cecília,Leão,carlos-eduardo32@example.net,60663979056.0,1995-02-17,Outro,RS,Casado/a,Aposentado,Pós-graduação,Média,2023-11-26,Android,+55 81 0151-4631
U03060,Benício,Costela,marquesana-laura@example.com,53239921596.0,1970-01-01,M,PR,Solteiro/a,Empregado,Superior,Média,2023-11-26,Android,(041) 1233-1967
U04322,Brayan,Gonçalves,aragaoasafe@example.com,95382664266.0,1999-05-08,Outro,SP,Divorciado/a,Aposentado,Outro,Baixa,2023-11-26,iOS,0900-501-1905
U02320,Bruno,Ramos,asales@example.net,32355940785.0,1970-01-01,F,PE,Solteiro/a,Aposentado,Técnico,Média,2023-11-27,iOS,+55 (011) 8010 5529
U02506,Daniel,Barros,maria-eduardaalmeida@example.org,97842788751.0,1971-12-19,Outro,SP,Solteiro/a,Empregado,Pós-graduação,Alta,2023-11-27,iOS,+55 81 5730-6468
U04213,Olivia,Pastor,andre76@example.net,64180286077.0,1970-01-01,F,SP,Casado/a,Desempregado,Outro,Baixa,2023-11-27,iOS,61 2544 3524
U04550,Joaquim,Sá,cirinoluiz-henrique@example.com,90558040199.0,1970-10-15,F,MG,Viúvo/a,Autônomo,Pós-graduação,Baixa,2023-11-27,iOS,+55 (084) 2690-8680
U04879,Kaique,Lopes,joanamendonca@example.org,12547519654.0,1973-06-26,Outro,DF,Casado/a,Desempregado,Ensino Médio,Alta,2023-11-27,Android,+55 41 1771-4150
U00290,Daniel,Duarte,marquesbeatriz@example.com,76387536698.0,2004-08-12,Outro,PE,Divorciado/a,Aposentado,Pós-graduação,Baixa,2023-11-28,iOS,31 9057-9446
U01771,Maria Eduarda,Oliveira,bda-mata@example.org,51514066792.0,1974-08-29,M,BA,Solteiro/a,Empregado,Pós-graduação,Baixa,2023-11-28,iOS,+55 61 3384 0416
U02969,Eduarda,Montenegro,cauapimenta@example.com,13234892240.0,1976-11-28,Outro,SP,Divorciado/a,Autônomo,Técnico,Média,2023-11-28,iOS,31 2600 1952
U03011,Lara,Nunes,sousagabrielly@example.net,34792972522.0,1977-07-13,M,PR,Casado/a,Estudante,Ensino Médio,Baixa,2023-11-28,iOS,31 3093 4489
U03708,Cauã,Cavalcanti,kcamargo@example.org,29091910962.0,1970-01-01,Outro,RS,Divorciado/a,Aposentado,Técnico,Baixa,2023-11-28,Android,+55 31 8726-4429
U00914,Lucas Gabriel,Ramos,pnovaes@example.org,47941447951.0,1970-01-01,F,DF,Viúvo/a,Empregado,Técnico,Baixa,2023-11-29,iOS,0900-790-5411
U01360,Arthur,Sampaio,laurada-mota@example.net,60022269301.0,1970-01-01,M,CE,Solteiro/a,Empregado,Outro,Alta,2023-11-29,iOS,+55 (031) 8692-8837
U01415,Camila,Abreu,emartins@example.com,49393339996.0,1992-02-07,M,CE,Viúvo/a,Empregado,Ensino Médio,Baixa,2023-11-29,Android,+55 81 0419 5423
U01752,Luiz Otávio,Novais,fernando23@example.com,98985930699.0,1970-01-01,M,DF,Viúvo/a,Desempregado,Ensino Médio,Alta,2023-11-29,iOS,+55 51 8890 9346
U03705,Raul,Costa,camila90@example.com,37206307177.0,1977-08-27,Outro,CE,Divorciado/a,Aposentado,Técnico,Média,2023-11-29,iOS,0500 934 4087
U01576,Catarina,Siqueira,esthergomes@example.com,37301583383.0,1979-08-22,M,MG,Casado/a,Desempregado,Outro,Média,2023-11-30,iOS,84 8659 3740
U02547,Leandro,Camargo,garcialuan@example.net,67164513112.0,1970-01-01,F,PE,Casado/a,Empregado,Outro,Alta,2023-11-30,iOS,+55 (081) 3343 8103
U03272,Amanda,Pires,benjamim30@example.org,20287765374.0,1986-09-26,Outro,RJ,Viúvo/a,Aposentado,Superior,Baixa,2023-11-30,Android,(081) 3783 3739
U00571,Olivia,Oliveira,mouraisabelly@example.org,87287331384.0,1999-01-18,Outro,MG,Viúvo/a,Aposentado,Superior,Média,2023-12-01,Android,0500-109-8338
U01417,Laís,Duarte,ramosolivia@example.com,72161667319.0,1970-01-01,F,MG,Solteiro/a,Aposentado,Ensino Médio,Baixa,2023-12-01,iOS,51 1408 2742
U03623,Ana Júlia,Teixeira,tmonteiro@example.org,69225159742.0,1970-01-01,F,SP,Solteiro/a,Estudante,Outro,Média,2023-12-01,iOS,+55 61 4930 4315
U04335,Isabela,Vasconcelos,machadofelipe@example.com,55738541882.0,2002-11-27,Outro,DF,Viúvo/a,Autônomo,Outro,Baixa,2023-12-01,Android,11 7285 1246
U04967,Maria,Farias,otaviocampos@example.org,25722479185.0,1970-01-01,Outro,BA,Viúvo/a,Desempregado,Outro,Média,2023-12-01,Android,0800-705-4318
U01489,Davi Miguel,Guerra,levi39@example.com,70126444739.0,2002-06-15,M,BA,Solteiro/a,Autônomo,Superior,Alta,2023-12-02,iOS,0800 673 2177
U02999,Maria Luísa,da Mota,caue27@example.com,69305822736.0,1970-01-01,F,PR,Solteiro/a,Autônomo,Outro,Alta,2023-12-02,Android,81 0213-2023
U04239,Enzo,Jesus,da-motamurilo@example.net,32896085530.0,1998-05-17,Outro,PE,Solteiro/a,Empregado,Outro,Baixa,2023-12-02,iOS,+55 (041) 7185 3355
U04407,Maria Fernanda,da Luz,clara31@example.com,48585340337.0,1988-05-08,M,SP,Viúvo/a,Empregado,Ensino Médio,Baixa,2023-12-02,iOS,84 7183 8917
U02162,João Lucas,Duarte,ceciliasilva@example.com,22835604321.0,1983-08-09,Outro,MG,Solteiro/a,Autônomo,Outro,Alta,2023-12-03,iOS,(081) 6231 7554
U03657,Henry,Barros,thomas40@example.com,47228122154.0,1970-01-01,F,RS,Viúvo/a,Aposentado,Outro,Alta,2023-12-03,iOS,(021) 4266 3254
U03829,Pedro Miguel,Carvalho,liam49@example.net,85996881269.0,1970-01-01,Outro,DF,Viúvo/a,Autônomo,Ensino Médio,Média,2023-12-03,Android,+55 61 2885-8870
U01906,Leandro,da Mota,luiz-otavio03@example.net,20838539894.0,1993-08-30,Outro,PE,Divorciado/a,Empregado,Pós-graduação,Baixa,2023-12-04,Android,+55 21 7590 6712
U02679,Ana Julia,Moraes,joanada-cunha@example.org,67370396780.0,1970-01-01,M,RJ,Solteiro/a,Estudante,Técnico,Alta,2023-12-04,iOS,21 5719 3502
U04925,Sophia,Fonseca,xda-luz@example.com,75756824397.0,1970-01-01,F,DF,Casado/a,Empregado,Pós-graduação,Baixa,2023-12-04,Android,61 1938 5882
U00154,Isis,Mendes,mendesmelina@example.net,97448943468.0,1997-11-05,Outro,BA,Divorciado/a,Autônomo,Outro,Média,2023-12-05,iOS,41 8668-7339
U00710,Lunna,Gonçalves,jose-miguel70@example.net,67424074311.0,1970-01-01,Outro,RS,Divorciado/a,Estudante,Superior,Média,2023-12-05,Android,+55 (081) 1355 7499
U01584,Luana,Porto,costelamatteo@example.com,54370392600.0,1984-05-07,Outro,SP,Solteiro/a,Autônomo,Ensino Médio,Alta,2023-12-05,Android,0500 810 7060
U02677,Pedro Henrique,das Neves,novaesravi@example.com,52848175590.0,1978-01-25,M,SP,Casado/a,Empregado,Pós-graduação,Baixa,2023-12-05,Android,+55 (061) 0342-6639
U03420,Isabel,Montenegro,levi88@example.com,87075238367.0,1993-04-17,M,PR,Casado/a,Aposentado,Pós-graduação,Média,2023-12-05,iOS,+55 (021) 0789 3377
U00767,Melina,da Rocha,silveirapedro-lucas@example.com,19706694156.0,1970-01-01,Outro,SP,Divorciado/a,Desempregado,Pós-graduação,Média,2023-12-06,iOS,+55 51 8577 7471
U01138,Eduardo,Fernandes,asilva@example.com,90279571582.0,1995-12-06,M,SP,Viúvo/a,Empregado,Técnico,Média,2023-12-06,iOS,+55 84 8931-2342
U01358,Antony,Leão,daniel89@example.net,81734521481.0,1993-04-23,M,DF,Viúvo/a,Estudante,Outro,Alta,2023-12-06,iOS,+55 11 1329 8986
U01505,Nathan,Melo,murilo10@example.com,68255887222.0,2002-08-11,M,DF,Viúvo/a,Desempregado,Técnico,Média,2023-12-06,iOS,81 1374 5982
U02823,Jade,Barros,leonardopastor@example.net,20217641781.0,1970-01-01,Outro,RJ,Solteiro/a,Empregado,Técnico,Alta,2023-12-06,Android,+55 61 5303 6673
U04094,Kamilly,Martins,luiz-gustavodias@example.net,65426471292.0,1986-11-22,Outro,MG,Divorciado/a,Autônomo,Pós-graduação,Média,2023-12-06,Android,0300-612-4143
U04364,Emanuella,Nascimento,mayaguerra@example.com,68196172103.0,1999-04-21,M,PE,Divorciado/a,Estudante,Outro,Alta,2023-12-06,iOS,+55 11 2004-0130
U00127,Caleb,da Rosa,umacedo@example.net,39849408021.0,2000-05-17,Outro,DF,Divorciado/a,Estudante,Técnico,Baixa,2023-12-07,Android,+55 31 3053-3273
U00699,Maysa,Cassiano,lais98@example.net,53561896209.0,1970-01-01,M,CE,Divorciado/a,Estudante,Técnico,Alta,2023-12-07,Android,+55 84 1093 2703
U01670,Esther,Silveira,jcarvalho@example.net,27839881189.0,1987-10-20,Outro,MG,Viúvo/a,Desempregado,Pós-graduação,Alta,2023-12-07,Android,11 3032-2089
U02870,Yan,Monteiro,alana90@example.com,57229322885.0,2006-02-12,Outro,PE,Divorciado/a,Autônomo,Pós-graduação,Alta,2023-12-07,Android,+55 41 0540-4313
U03870,Ana Júlia,Dias,cguerra@example.net,47596165759.0,1979-02-26,Outro,RS,Casado/a,Desempregado,Técnico,Média,2023-12-07,Android,(041) 8747-4947
U04725,Dom,Moreira,ramosgiovanna@example.net,92237991733.0,1999-04-22,M,PE,Divorciado/a,Desempregado,Superior,Alta,2023-12-07,iOS,0900-860-4558
U00004,Juan,Barbosa,ocavalcante@example.org,24197756821.0,2001-08-17,Outro,CE,Divorciado/a,Empregado,Técnico,Baixa,2023-12-08,iOS,+55 81 5617-1359
U01529,Amanda,Lima,costaesther@example.org,81191112857.0,2002-03-09,Outro,SP,Solteiro/a,Estudante,Superior,Média,2023-12-08,iOS,+55 21 3387-7989
U03222,Maria Júlia,Pires,jose-pedromachado@example.net,56833084078.0,1970-01-01,M,CE,Viúvo/a,Autônomo,Outro,Baixa,2023-12-08,Android,+55 31 0933 4625
U03616,Enzo Gabriel,Jesus,vicentenovais@example.net,98167828126.0,1985-04-01,F,DF,Divorciado/a,Desempregado,Outro,Média,2023-12-08,iOS,+55 (084) 0510 4126
U04130,Rafaela,da Rocha,ceciliaabreu@example.net,45259058758.0,2000-07-31,F,RJ,Casado/a,Autônomo,Outro,Baixa,2023-12-08,Android,+55 71 8145-9218
U00576,Davi Luiz,Porto,jsilveira@example.net,83497517933.0,1970-01-01,M,RJ,Casado/a,Empregado,Ensino Médio,Alta,2023-12-09,iOS,+55 (011) 0015-2387
U00820,Samuel,Vasconcelos,vasconcelosmaria-flor@example.org,50360962529.0,1996-07-17,Outro,RS,Divorciado/a,Estudante,Outro,Alta,2023-12-09,Android,21 8749-9218
U02118,Sarah,Borges,matteofarias@example.net,35586406386.0,1980-02-12,M,PE,Divorciado/a,Desempregado,Ensino Médio,Média,2023-12-09,iOS,71 3659-0108
U02145,Alexia,Sampaio,da-cruzotavio@example.net,51902823206.0,1970-03-29,F,PE,Viúvo/a,Autônomo,Ensino Médio,Média,2023-12-09,Android,71 5617-6926
U03768,Lorenzo,Marques,emillycostela@example.net,48775383818.0,1986-06-18,M,SP,Viúvo/a,Autônomo,Superior,Alta,2023-12-09,iOS,+55 51 5386 8539
U00025,Ravi,Pires,vitoria70@example.net,32246667428.0,2006-12-21,M,CE,Viúvo/a,Autônomo,Pós-graduação,Alta,2023-12-10,Android,61 4056-4123
U02670,Théo,das Neves,jcaldeira@example.net,32887080755.0,1979-10-22,F,CE,Viúvo/a,Estudante,Técnico,Alta,2023-12-10,iOS,+55 (041) 5007 4030
U02696,Igor,Fernandes,eduardopinto@example.org,72528884136.0,1974-04-27,Outro,BA,Casado/a,Desempregado,Técnico,Média,2023-12-10,Android,(061) 3326-0851
U04250,Antônio,Pinto,vargasdanilo@example.net,90645340080.0,1995-04-05,F,RS,Viúvo/a,Aposentado,Técnico,Baixa,2023-12-10,Android,(021) 5993 9576
U04491,Ágatha,Rezende,novaesolivia@example.com,40299064328.0,1970-01-01,M,PR,Viúvo/a,Aposentado,Superior,Baixa,2023-12-10,Android,+55 11 8612 5850
U00918,Maria Laura,Campos,martinsluiza@example.com,97456480121.0,1979-05-16,M,PE,Viúvo/a,Autônomo,Técnico,Alta,2023-12-11,iOS,0900-136-1551
U01136,Pietro,Souza,ana-laura04@example.com,28772101693.0,1971-06-29,M,PR,Casado/a,Empregado,Superior,Baixa,2023-12-11,iOS,+55 (061) 5347 4399
U01666,Pietro,Barros,das-nevestheo@example.org,78770011484.0,1984-01-19,M,CE,Viúvo/a,Empregado,Técnico,Alta,2023-12-11,Android,+55 31 2535 2876
U02080,Ryan,Rodrigues,rochaeloa@example.org,62426064799.0,1985-03-14,F,SP,Divorciado/a,Desempregado,Pós-graduação,Alta,2023-12-11,Android,(084) 7114 5382
U03076,Maria Sophia,Novaes,qlima@example.net,90623963673.0,1993-12-01,F,MG,Solteiro/a,Estudante,Técnico,Média,2023-12-11,iOS,0500 631 4187
U03354,Arthur Miguel,Cardoso,ana-juliapereira@example.org,68262850856.0,2003-01-29,Outro,RS,Casado/a,Estudante,Técnico,Alta,2023-12-11,Android,84 7398 5207
U04264,Brayan,Pimenta,rael17@example.net,35304231169.0,1987-01-28,F,MG,Solteiro/a,Desempregado,Outro,Baixa,2023-12-12,iOS,+55 (081) 1928 1008
U03400,Carolina,Sales,pedroda-conceicao@example.com,57435071539.0,1970-01-01,Outro,PE,Casado/a,Autônomo,Técnico,Baixa,2023-12-13,Android,(071) 1904-3674
U04662,Emanuelly,Martins,pedro-lucasaparecida@example.net,86378440929.0,1970-01-01,M,PR,Viúvo/a,Autônomo,Pós-graduação,Baixa,2023-12-13,Android,81 0174 8191
U04935,Enrico,Pacheco,henrique36@example.net,31085267881.0,1970-01-01,Outro,RS,Solteiro/a,Aposentado,Superior,Baixa,2023-12-13,iOS,(081) 9717-5701
U02141,Catarina,Nunes,portomanuela@example.org,31157263167.0,1970-01-01,M,CE,Divorciado/a,Empregado,Outro,Alta,2023-12-14,iOS,71 7103-1832
U03843,Carolina,Moura,yda-cunha@example.org,85606812442.0,1970-01-01,Outro,RS,Casado/a,Empregado,Ensino Médio,Média,2023-12-14,iOS,+55 (071) 4870 8931
U04031,Otto,Brito,josueduarte@example.org,90373815221.0,1970-01-01,F,RS,Casado/a,Autônomo,Pós-graduação,Alta,2023-12-14,iOS,(011) 5711-7021
U04223,Isaque,Vargas,sampaiodavi-lucas@example.org,45765322181.0,1970-01-01,M,CE,Divorciado/a,Estudante,Outro,Alta,2023-12-14,Android,+55 21 1109 0876
U00238,Bryan,da Cruz,davi-miguel11@example.net,22375217912.0,1996-04-09,F,DF,Solteiro/a,Desempregado,Superior,Média,2023-12-15,iOS,21 1855 9718
U03214,Lucas Gabriel,Aragão,hsiqueira@example.net,93543762077.0,1992-05-21,F,RJ,Solteiro/a,Estudante,Outro,Média,2023-12-15,Android,+55 21 9045-1795
U03662,Olivia,Ribeiro,rezendeguilherme@example.org,71195297066.0,1998-09-23,Outro,BA,Solteiro/a,Aposentado,Ensino Médio,Média,2023-12-15,iOS,81 8137-0478
U03712,Cauê,Sousa,zda-mata@example.org,63560016434.0,1970-01-01,Outro,PR,Casado/a,Autônomo,Pós-graduação,Alta,2023-12-15,iOS,+55 21 9324-2547
U03730,Juliana,Vargas,da-rochacalebe@example.net,38883678358.0,1970-01-01,M,PE,Casado/a,Aposentado,Ensino Médio,Média,2023-12-15,Android,81 9889 9729
U04318,Isis,Nogueira,rgoncalves@example.org,57092189604.0,1995-01-23,Outro,DF,Casado/a,Empregado,Técnico,Baixa,2023-12-15,Android,+55 (051) 7705-0040
U01263,Enzo Gabriel,Campos,dmarques@example.org,59327275394.0,1970-01-01,Outro,PR,Viúvo/a,Autônomo,Técnico,Média,2023-12-16,iOS,(011) 9438 7395
U01545,André,Farias,emelo@example.net,26921991344.0,1998-08-23,F,SP,Divorciado/a,Autônomo,Pós-graduação,Baixa,2023-12-16,Android,+55 61 1443-7572
U01558,Henrique,Pires,maitevieira@example.com,17604178544.0,1979-04-28,M,RS,Solteiro/a,Estudante,Técnico,Alta,2023-12-16,Android,+55 (061) 1277-8379
U01671,Diogo,Sousa,pachecoyago@example.net,84286263400.0,1997-11-24,M,CE,Casado/a,Empregado,Outro,Média,2023-12-16,iOS,+55 31 8194 4676
U02749,Heitor,da Rosa,da-rochavitor-hugo@example.net,19530595948.0,1981-10-16,Outro,CE,Viúvo/a,Aposentado,Outro,Alta,2023-12-16,iOS,0800-031-7423
U03022,Danilo,Siqueira,mateussiqueira@example.net,13038059137.0,1986-02-27,F,BA,Casado/a,Aposentado,Técnico,Média,2023-12-16,iOS,11 6384-2889
U03043,Ana Julia,Gonçalves,kaiquecorreia@example.com,42678059779.0,1970-01-01,Outro,SP,Casado/a,Autônomo,Outro,Média,2023-12-17,iOS,61 0978-0840
U00014,Augusto,Siqueira,valentimmartins@example.org,79034659476.0,1999-12-19,Outro,PE,Divorciado/a,Autônomo,Superior,Média,2023-12-18,Android,+55 (084) 4978-4076
U00159,Maria Isis,Fogaça,livia18@example.com,65659528192.0,1970-01-01,M,PE,Solteiro/a,Autônomo,Técnico,Alta,2023-12-18,Android,(031) 3851 8036
U00472,Diego,Nascimento,zsilveira@example.org,74149430195.0,1970-01-01,F,BA,Divorciado/a,Estudante,Técnico,Alta,2023-12-18,Android,+55 11 7803-1752
U02681,Maria Isis,Azevedo,brunobrito@example.net,96279186643.0,1970-01-01,F,SP,Solteiro/a,Desempregado,Pós-graduação,Média,2023-12-18,iOS,+55 (051) 0103-7885
U02976,Ísis,Araújo,luigi63@example.net,25867674114.0,1970-01-01,M,MG,Viúvo/a,Aposentado,Pós-graduação,Alta,2023-12-18,iOS,+55 (041) 7923-4867
U04234,Matteo,Monteiro,kaiquenogueira@example.org,80848228166.0,1986-08-14,M,RS,Divorciado/a,Estudante,Pós-graduação,Alta,2023-12-18,Android,+55 41 2057-5144
U01024,Emanuella,Macedo,ceciliacavalcanti@example.com,26060404130.0,1970-01-01,M,PR,Divorciado/a,Desempregado,Pós-graduação,Alta,2023-12-19,iOS,+55 (071) 1164-2023
U02703,Maitê,da Paz,ksales@example.com,33566282987.0,1982-09-03,M,RS,Solteiro/a,Desempregado,Superior,Baixa,2023-12-19,Android,+55 84 7834-7519
U02883,Gabriela,Pimenta,maria-sophianovais@example.com,81072827811.0,1998-11-01,F,BA,Casado/a,Aposentado,Ensino Médio,Alta,2023-12-19,Android,(081) 1268 1519
U04966,Davi,da Paz,vieiraana@example.org,83237280513.0,1970-01-01,M,PE,Divorciado/a,Estudante,Ensino Médio,Média,2023-12-19,Android,+55 11 2415 9183
U01375,Luiz Felipe,Pacheco,lorena77@example.com,33948850994.0,1970-01-01,Outro,CE,Divorciado/a,Desempregado,Ensino Médio,Alta,2023-12-20,iOS,+55 (041) 2950 4587
U04376,Alexandre,Vargas,pastorana-laura@example.org,57192496020.0,2002-06-27,F,RJ,Casado/a,Autônomo,Superior,Média,2023-12-20,iOS,81 6167 4917
U01026,Arthur Gabriel,Martins,alexandrepereira@example.org,80652955403.0,1990-07-22,F,RS,Casado/a,Autônomo,Pós-graduação,Alta,2023-12-21,Android,21 8627 4395
U01053,João,Borges,lfonseca@example.net,25589199058.0,1976-01-19,F,BA,Solteiro/a,Desempregado,Pós-graduação,Alta,2023-12-21,iOS,+55 (061) 3560 6995
U02839,Daniela,Melo,pintoagatha@example.org,98215897140.0,1970-01-01,Outro,PR,Divorciado/a,Autônomo,Técnico,Baixa,2023-12-21,iOS,+55 (084) 4295-2949
U03496,Rebeca,Vieira,jesusjulia@example.org,71778382560.0,2002-01-22,M,BA,Casado/a,Autônomo,Técnico,Alta,2023-12-21,Android,21 5333-1883
U04981,Mariah,Santos,stella60@example.org,87733115996.0,1972-09-24,F,SP,Divorciado/a,Empregado,Pós-graduação,Média,2023-12-21,Android,+55 31 6298 6689
U00373,Ana Julia,Garcia,theo74@example.com,49980417423.0,1970-01-01,Outro,PE,Solteiro/a,Empregado,Ensino Médio,Média,2023-12-22,Android,+55 41 5953-5839
U00615,Cauã,Silva,teixeiraleo@example.org,66966130925.0,1970-01-01,Outro,PR,Viúvo/a,Estudante,Ensino Médio,Média,2023-12-22,Android,(031) 3889 6141
U02495,Giovanna,da Rosa,salesrafael@example.net,60890138243.0,1996-05-15,M,BA,Divorciado/a,Estudante,Superior,Média,2023-12-22,Android,(084) 1191 1175
U02567,Luan,Alves,nogueirayan@example.org,65149181454.0,1977-03-17,Outro,DF,Viúvo/a,Desempregado,Pós-graduação,Alta,2023-12-22,Android,+55 31 4354 5946
U03670,Isabelly,da Cunha,albuquerquemaria-liz@example.net,88794310132.0,1982-10-26,F,DF,Viúvo/a,Aposentado,Ensino Médio,Baixa,2023-12-22,iOS,0300 381 3951
U03776,Rafael,Mendes,alexia36@example.org,83606596815.0,2006-05-01,Outro,DF,Viúvo/a,Estudante,Pós-graduação,Baixa,2023-12-22,iOS,(084) 1280-2326
U00035,Emanuelly,Ramos,kevin61@example.org,75533895380.0,1970-01-01,Outro,RS,Solteiro/a,Empregado,Pós-graduação,Baixa,2023-12-23,iOS,(041) 6141-9039
U00255,Bento,Lopes,alice58@example.net,42362138350.0,2005-07-16,M,RS,Viúvo/a,Aposentado,Pós-graduação,Alta,2023-12-23,iOS,81 8139-1773
U00877,Ana Cecília,Correia,leticia39@example.net,24087909172.0,1993-09-11,M,RS,Viúvo/a,Empregado,Outro,Baixa,2023-12-23,iOS,(081) 8629 6230
U00910,Oliver,da Luz,leaokamilly@example.org,97674670821.0,1981-11-05,Outro,MG,Solteiro/a,Empregado,Ensino Médio,Baixa,2023-12-23,iOS,0900-106-4985
U04709,Emanuelly,Nogueira,andre60@example.org,16400869432.0,1970-06-12,M,PR,Solteiro/a,Aposentado,Pós-graduação,Média,2023-12-23,iOS,(031) 6381-2893
U04987,Francisco,Nascimento,sarahmendonca@example.org,64215254697.0,2004-02-13,Outro,RJ,Solteiro/a,Aposentado,Superior,Baixa,2023-12-23,iOS,(084) 8919-4725
U01580,Gabriel,Pires,fviana@example.net,53823688763.0,1974-08-22,F,PE,Viúvo/a,Autônomo,Ensino Médio,Baixa,2023-12-24,Android,+55 41 4505-2341
U02580,Henry Gabriel,Almeida,oguerra@example.org,34157089021.0,1992-11-07,Outro,BA,Casado/a,Empregado,Técnico,Alta,2023-12-24,Android,+55 (041) 6873-7521
U03884,Henrique,Pacheco,wcavalcanti@example.net,88193387831.0,2000-03-21,F,RJ,Solteiro/a,Autônomo,Técnico,Média,2023-12-24,Android,(041) 4035 6870
U04309,Bella,Vieira,vianasamuel@example.org,82409930178.0,1970-01-01,M,RS,Casado/a,Empregado,Ensino Médio,Baixa,2023-12-24,Android,81 5870-2363
U00847,Esther,Cardoso,cecilia50@example.org,66505146180.0,2002-01-25,Outro,RJ,Casado/a,Desempregado,Outro,Alta,2023-12-25,iOS,(061) 9783-7002
U02122,Catarina,Caldeira,aparecidamilena@example.org,36597272232.0,1970-01-01,Outro,BA,Divorciado/a,Empregado,Pós-graduação,Alta,2023-12-26,Android,+55 84 2673 0231
U03469,Benício,Albuquerque,juan76@example.net,21039139370.0,1970-01-01,M,RJ,Casado/a,Aposentado,Superior,Baixa,2023-12-26,Android,(041) 8117-5345
U03718,Ana Sophia,Oliveira,aylla79@example.com,22928448310.0,1984-09-05,F,SP,Viúvo/a,Autônomo,Técnico,Baixa,2023-12-26,iOS,0300-665-0384
U00311,Gabrielly,Casa Grande,fonsecarafaela@example.net,33208861586.0,1970-01-01,M,RS,Divorciado/a,Estudante,Ensino Médio,Alta,2023-12-27,Android,+55 (031) 5810 3112
U00345,Sara,Silveira,britoisaque@example.com,95333642582.0,1992-03-07,M,BA,Solteiro/a,Aposentado,Pós-graduação,Baixa,2023-12-27,Android,84 9810 1963
U00624,Davi,Sá,renanduarte@example.com,96818970392.0,1970-01-01,M,RS,Casado/a,Aposentado,Pós-graduação,Alta,2023-12-27,Android,71 9123-9115
U02737,Vinícius,Novais,maria-clara76@example.org,83214032032.0,1970-01-01,Outro,DF,Divorciado/a,Estudante,Pós-graduação,Baixa,2023-12-27,iOS,+55 (051) 1327-9678
U03818,Henrique,Vasconcelos,oliveiramaria-isis@example.com,34803184056.0,1970-01-01,Outro,DF,Viúvo/a,Aposentado,Ensino Médio,Baixa,2023-12-27,Android,41 6265-3587
U04652,José Miguel,Cassiano,igoraraujo@example.com,73908079248.0,1999-03-13,Outro,MG,Solteiro/a,Estudante,Técnico,Alta,2023-12-27,iOS,21 0793-3031
U02343,Guilherme,Araújo,sousahenry@example.net,71177545928.0,1970-01-01,Outro,RS,Solteiro/a,Desempregado,Ensino Médio,Baixa,2023-12-28,iOS,0800-471-8542
U02558,Pietra,Aparecida,esiqueira@example.com,50436246478.0,2004-05-15,M,DF,Solteiro/a,Autônomo,Técnico,Média,2023-12-28,iOS,+55 (011) 7775-4380
U03178,Augusto,da Mata,leaopedro-lucas@example.org,39057280933.0,1976-05-19,Outro,PR,Solteiro/a,Estudante,Outro,Média,2023-12-28,Android,(084) 7665 4652
U00083,Brayan,Dias,smonteiro@example.com,19558365070.0,1970-10-21,F,MG,Divorciado/a,Aposentado,Superior,Baixa,2023-12-29,Android,31 5800 6583
U00684,Sophie,Pastor,maria-cecilia92@example.org,21926291497.0,2007-01-25,M,PR,Divorciado/a,Estudante,Ensino Médio,Baixa,2023-12-29,iOS,+55 (071) 6275-2057
U01897,Rafaela,Cirino,luanvieira@example.org,21274812730.0,1978-10-10,M,CE,Solteiro/a,Estudante,Outro,Média,2023-12-29,iOS,(031) 9286-8375
U01980,Pedro Miguel,Novais,jguerra@example.org,61505230089.0,1970-01-01,F,MG,Solteiro/a,Empregado,Outro,Baixa,2023-12-29,iOS,(084) 6791 4529
U02358,Valentim,Cardoso,rmoreira@example.org,43406915387.0,1970-01-01,F,BA,Solteiro/a,Desempregado,Ensino Médio,Média,2023-12-29,iOS,+55 84 8563 8739
U02873,Enrico,Sampaio,joao-gabrielnovaes@example.com,31337091167.0,2001-06-27,Outro,MG,Divorciado/a,Desempregado,Ensino Médio,Alta,2023-12-29,Android,(061) 6492-1599
U03794,Henry,Cunha,leaolavinia@example.org,62239669614.0,1984-09-29,Outro,PE,Casado/a,Estudante,Superior,Alta,2023-12-29,Android,21 9852-5123
U04676,Juliana,Rezende,diasmariana@example.com,86863780512.0,2004-07-07,M,DF,Viúvo/a,Autônomo,Pós-graduação,Alta,2023-12-29,Android,+55 (071) 4491-0221
U02323,Melina,Martins,laura47@example.net,67038314287.0,1970-01-01,Outro,MG,Viúvo/a,Empregado,Técnico,Média,2023-12-30,Android,+55 31 7720 5654
U03592,Ester,Silva,faragao@example.net,26325478791.0,1983-07-09,Outro,RS,Divorciado/a,Empregado,Ensino Médio,Baixa,2023-12-30,iOS,0500-216-4022
U04263,Isadora,Duarte,riosanna-liz@example.com,12807213058.0,1970-01-01,Outro,PR,Casado/a,Estudante,Ensino Médio,Média,2023-12-30,Android,+55 11 3223 8556
U00680,Brenda,Novaes,maria-fernanda97@example.com,11274295890.0,1970-01-01,F,RS,Casado/a,Desempregado,Pós-graduação,Baixa,2023-12-31,iOS,+55 41 5241-6526
U01348,Vitor,Sousa,jgarcia@example.net,36725525191.0,1970-01-01,Outro,CE,Solteiro/a,Autônomo,Pós-graduação,Baixa,2023-12-31,Android,(071) 4313-1328
U01180,Marcos Vinicius,Viana,uda-rosa@example.org,25894915769.0,1982-11-14,F,MG,Casado/a,Desempregado,Técnico,Média,2024-01-01,Android,0500-754-6296
U01723,Renan,Ribeiro,lavinia99@example.org,85610893493.0,1970-01-01,M,RS,Solteiro/a,Estudante,Ensino Médio,Baixa,2024-01-01,Android,+55 (041) 2270-8054
U02441,Maria Julia,Siqueira,wmoraes@example.org,87077056191.0,2006-10-18,F,BA,Solteiro/a,Estudante,Outro,Alta,2024-01-01,iOS,0300-772-5366
U03144,Ayla,da Cruz,camargoravi-lucca@example.org,20839125802.0,1997-01-08,M,MG,Solteiro/a,Empregado,Pós-graduação,Baixa,2024-01-01,iOS,(041) 0250 7897
U00696,Ana Beatriz,Brito,da-matacaleb@example.net,12263247461.0,1970-11-04,Fem,Pernambuco,Casado/a,Aposentado,Outro,MEDIA,2024-01-02,iOS,+55 (041) 6669-0237
U00714,Clara,Macedo,danilocamara@example.com,80293699951.0,1985-07-28,Fem,Rio de Janeiro,Solteiro/a,Aposentado,Ensino Médio,ALTA,2024-01-02,Android,+55 (051) 3505-4854
U01131,Olívia,Barros,brunapires@example.net,36469237043.0,1970-01-01,Fem,Pernambuco,Viúvo/a,Aposentado,Técnico,ALTA,2024-01-02,Android,+55 (081) 5823-6654
U01685,Pedro,da Cruz,rodriguescaleb@example.org,64643165475.0,1970-01-01,Outro,Ceará,Divorciado/a,Aposentado,Ensino Médio,MEDIA,2024-01-02,Android,11 7278 1102
U04907,Benício,Aparecida,isaque60@example.net,89951196345.0,1970-01-01,Fem,Bahia,Casado/a,Empregado,Pós-graduação,MEDIA,2024-01-02,iOS,21 8991 7322
U00835,Melissa,Rocha,fernando70@example.org,99895102239.0,1970-01-01,Outro,Pernambuco,Viúvo/a,Desempregado,Pós-graduação,ALTA,2024-01-03,Android,+55 (081) 3958-2390
U01556,Ana Lívia,Sampaio,caleb15@example.com,12857308121.0,1981-11-19,Fem,Minas Gerais,Divorciado/a,Empregado,Superior,BAIXA,2024-01-03,iOS,(051) 1868 7615
U01645,Maria Sophia,Marques,jose-pedrorocha@example.com,62862389078.0,2000-03-23,Fem,Distrito Federal,Divorciado/a,Desempregado,Técnico,ALTA,2024-01-03,Android,0300-514-7667
U02621,Brayan,Azevedo,nascimentosophie@example.com,21423459997.0,1986-10-06,Fem,Distrito Federal,Viúvo/a,Autônomo,Técnico,BAIXA,2024-01-03,iOS,11 8966-5963
U04102,Alana,Sales,wgarcia@example.net,10366915993.0,2003-10-14,Fem,Distrito Federal,Solteiro/a,Desempregado,Técnico,BAIXA,2024-01-03,iOS,+55 41 7559 2631
U04667,Joaquim,Carvalho,raquelgoncalves@example.org,34033514509.0,1970-01-01,Masc,Minas Gerais,Divorciado/a,Aposentado,Outro,ALTA,2024-01-03,iOS,71 2566 1440
U04853,Maria Helena,Marques,mvieira@example.org,98483496861.0,1976-04-12,Fem,São Paulo,Casado/a,Autônomo,Ensino Médio,BAIXA,2024-01-03,iOS,(061) 7469-2239
U01317,João Felipe,Ribeiro,lucascostela@example.net,96850009977.0,1995-08-12,Masc,Distrito Federal,Casado/a,Empregado,Ensino Médio,BAIXA,2024-01-04,Android,0300 490 7694
U01540,Vinícius,Cavalcanti,luiz-miguelleao@example.org,77334653914.0,2000-10-03,Outro,Rio de Janeiro,Solteiro/a,Autônomo,Outro,MEDIA,2024-01-04,iOS,+55 41 3990-9347
U01969,Manuela,Souza,ucamargo@example.net,78145736558.0,2007-01-23,Outro,São Paulo,Viúvo/a,Autônomo,Pós-graduação,ALTA,2024-01-04,Android,+55 (021) 9920 1196
U02097,Maria Eduarda,Cavalcanti,ddas-neves@example.org,32642611086.0,1970-01-01,Outro,Rio de Janeiro,Divorciado/a,Desempregado,Ensino Médio,ALTA,2024-01-04,Android,+55 (081) 1957-1858
U00301,Antonella,Rodrigues,juliagomes@example.org,96894697793.0,1970-01-01,Outro,Distrito Federal,Casado/a,Aposentado,Outro,ALTA,2024-01-05,iOS,+55 (051) 5739-9199
U00475,Lavínia,Casa Grande,juliada-cunha@example.com,37609747911.0,1971-10-01,Fem,Bahia,Solteiro/a,Empregado,Ensino Médio,BAIXA,2024-01-06,Android,0900 336 4291
U01585,Daniela,Nunes,yfogaca@example.net,31984664157.0,1970-01-01,Fem,São Paulo,Divorciado/a,Empregado,Técnico,ALTA,2024-01-06,Android,+55 51 3337 2694
U03134,Gabriela,Pastor,uabreu@example.com,25539457629.0,1980-07-09,Outro,Minas Gerais,Divorciado/a,Estudante,Técnico,ALTA,2024-01-06,iOS,+55 51 3582 6007
U03986,Olívia,Silveira,ana-laurapimenta@example.com,20424295752.0,1993-08-09,Fem,Minas Gerais,Viúvo/a,Autônomo,Pós-graduação,MEDIA,2024-01-06,iOS,(071) 8324 8472
U04588,Davi,Moura,vinicius72@example.net,24733043336.0,1977-09-03,Outro,Ceará,Casado/a,Empregado,Ensino Médio,BAIXA,2024-01-06,Android,+55 (021) 5411 7825
U01345,Henry,Campos,salesyasmin@example.net,52141169826.0,1974-07-03,Fem,Paraná,Viúvo/a,Empregado,Técnico,MEDIA,2024-01-07,iOS,+55 51 3009 9155
U01574,Maria Liz,Ramos,josue86@example.org,62659767278.0,1970-01-01,Fem,Minas Gerais,Solteiro/a,Aposentado,Outro,ALTA,2024-01-07,iOS,+55 71 0461-3068
U01672,Stephany,Martins,alicebarbosa@example.net,70903736331.0,1990-12-05,Masc,Rio de Janeiro,Casado/a,Autônomo,Superior,MEDIA,2024-01-07,Android,+55 (021) 6090 9842
U02086,Mirella,Caldeira,raulaparecida@example.org,34467184638.0,1982-11-08,Masc,Distrito Federal,Divorciado/a,Desempregado,Técnico,MEDIA,2024-01-07,Android,+55 (051) 0496 6060
U02188,Diego,Rodrigues,nascimentovitoria@example.net,74471551002.0,1995-01-18,Fem,Minas Gerais,Viúvo/a,Autônomo,Pós-graduação,MEDIA,2024-01-07,Android,(071) 3917 9268
U03478,Isaque,da Mota,moraeshenry-gabriel@example.com,89327968096.0,1970-01-01,Masc,Distrito Federal,Viúvo/a,Estudante,Pós-graduação,BAIXA,2024-01-07,Android,(084) 6199 6181
U04293,Mariana,Correia,carvalhooliver@example.com,40751899748.0,1990-08-22,Outro,Bahia,Casado/a,Autônomo,Superior,BAIXA,2024-01-07,Android,(084) 9124 1523
U00355,Maria Clara,Pires,gustavo-henrique33@example.net,80881464027.0,1980-11-23,Masc,Rio de Janeiro,Casado/a,Estudante,Técnico,ALTA,2024-01-08,Android,21 7394-4898
U00495,Levi,Moraes,maria-aliceporto@example.org,89065305655.0,1978-01-02,Fem,Bahia,Solteiro/a,Empregado,Ensino Médio,BAIXA,2024-01-08,iOS,(081) 8337 4247
U00814,Rafael,Castro,davi-lucca66@example.net,80383907156.0,1991-08-08,Outro,Rio de Janeiro,Casado/a,Estudante,Ensino Médio,ALTA,2024-01-08,iOS,61 5410-5904
U01625,Maria Cecília,Gonçalves,novaesjoao-miguel@example.net,90301979461.0,1997-11-26,Masc,Pernambuco,Divorciado/a,Aposentado,Técnico,BAIXA,2024-01-09,Android,+55 71 7301-3013
U01852,Amanda,Rios,leticia68@example.com,32668957881.0,1994-08-16,Masc,Ceará,Solteiro/a,Estudante,Outro,ALTA,2024-01-09,iOS,+55 11 2870-1295
U02223,Gael,Almeida,brios@example.net,55046675344.0,1970-01-01,Masc,Rio de Janeiro,Viúvo/a,Estudante,Pós-graduação,BAIXA,2024-01-10,Android,+55 (041) 7199 7545
U02342,José,Moreira,eda-costa@example.net,97058763324.0,1970-01-01,Masc,São Paulo,Solteiro/a,Empregado,Técnico,ALTA,2024-01-10,iOS,21 8808-8642
U00194,Isaac,Carvalho,cavalcantejoaquim@example.net,65157875667.0,1971-07-19,Masc,Ceará,Solteiro/a,Desempregado,Superior,BAIXA,2024-01-11,Android,+55 (031) 7627-8104
U00504,Pedro Lucas,Nunes,isabel09@example.net,96982497352.0,1970-01-01,Fem,Paraná,Divorciado/a,Aposentado,Superior,ALTA,2024-01-11,Android,(041) 5598-5384
U00953,Erick,Pacheco,tvieira@example.com,63379722745.0,1991-12-10,Masc,Ceará,Solteiro/a,Empregado,Superior,BAIXA,2024-01-11,Android,(011) 2892-6563
U01779,Rodrigo,Moraes,manuela13@example.com,94002634702.0,1992-09-28,Masc,Distrito Federal,Divorciado/a,Aposentado,Ensino Médio,ALTA,2024-01-11,Android,0500 048 6457
U03521,Luiz Miguel,Aragão,mariane08@example.org,11448567831.0,1979-02-08,Masc,Bahia,Casado/a,Desempregado,Técnico,BAIXA,2024-01-11,Android,+55 11 3781-4276
U04168,Alexia,Vasconcelos,elisacunha@example.com,56186352731.0,1970-01-01,Fem,São Paulo,Casado/a,Autônomo,Ensino Médio,ALTA,2024-01-11,Android,51 3071 5761
U04799,Augusto,Souza,njesus@example.com,31162088524.0,1995-08-14,Fem,Distrito Federal,Solteiro/a,Estudante,Superior,ALTA,2024-01-11,Android,0500 555 5515
U01431,Gabriel,Câmara,samariah@example.org,68379872014.0,2003-12-22,Masc,Ceará,Solteiro/a,Estudante,Ensino Médio,ALTA,2024-01-12,Android,+55 (041) 6610 5010
U02123,Ana Sophia,Viana,silvaluigi@example.org,48410627103.0,1970-01-01,Fem,Bahia,Solteiro/a,Autônomo,Superior,BAIXA,2024-01-12,iOS,+55 84 6043-6628
U04555,Hadassa,Gonçalves,imoraes@example.net,96655278366.0,1989-08-25,Masc,Rio Grande do Sul,Solteiro/a,Desempregado,Ensino Médio,MEDIA,2024-01-12,Android,+55 (041) 7900 8396
U04634,Alícia,da Costa,clima@example.com,38589020611.0,1977-05-26,Masc,Pernambuco,Viúvo/a,Estudante,Técnico,MEDIA,2024-01-12,Android,+55 11 1996-1896
U00242,Alícia,Porto,cpimenta@example.net,30289838313.0,1970-01-01,Masc,Rio de Janeiro,Divorciado/a,Autônomo,Pós-graduação,BAIXA,2024-01-13,iOS,+55 61 3188-4838
U00508,Enzo,Caldeira,arthur-gabrielviana@example.org,23020760982.0,2004-06-14,Outro,Pernambuco,Solteiro/a,Autônomo,Ensino Médio,BAIXA,2024-01-13,iOS,+55 (061) 0687 6770
U00599,Luara,da Cunha,igor41@example.com,51460849419.0,2003-01-03,Outro,Minas Gerais,Viúvo/a,Desempregado,Ensino Médio,ALTA,2024-01-13,Android,(011) 5601-4731
U00959,André,Casa Grande,lunasa@example.org,25465078821.0,2004-07-01,Masc,Bahia,Viúvo/a,Aposentado,Ensino Médio,BAIXA,2024-01-13,Android,61 7392 2891
U01588,Júlia,da Mata,ninacorreia@example.org,96441883512.0,1976-08-13,Outro,Minas Gerais,Solteiro/a,Autônomo,Superior,ALTA,2024-01-13,Android,+55 41 5561 9642
U02649,Ana Cecília,Ramos,stella48@example.com,41203087329.0,1986-10-21,Masc,Bahia,Solteiro/a,Autônomo,Técnico,ALTA,2024-01-13,Android,+55 31 4449-9239
U02750,Camila,Novaes,bramos@example.com,13951530005.0,1987-12-27,Fem,Minas Gerais,Casado/a,Desempregado,Técnico,BAIXA,2024-01-13,iOS,+55 71 5423 6135
U03219,Sophia,Borges,azevedoheloisa@example.com,69202269759.0,2001-06-10,Masc,Rio de Janeiro,Viúvo/a,Empregado,Pós-graduação,MEDIA,2024-01-13,Android,0300 469 6805
U03526,Mateus,Vasconcelos,jesusjose-pedro@example.com,73792361320.0,1996-11-22,Masc,Distrito Federal,Viúvo/a,Estudante,Pós-graduação,BAIXA,2024-01-13,Android,+55 (011) 2433 0380
U02813,Antony,Macedo,nduarte@example.com,66599547543.0,2004-09-15,Outro,Paraná,Casado/a,Desempregado,Pós-graduação,ALTA,2024-01-14,Android,0800-679-1131
U02850,Rebeca,Novais,diego61@example.org,80144585880.0,2005-03-12,Outro,Ceará,Divorciado/a,Aposentado,Técnico,BAIXA,2024-01-14,iOS,(071) 5497-4249
U03692,Ana Julia,Brito,davi-luccadas-neves@example.net,60400317449.0,1970-01-01,Outro,Ceará,Viúvo/a,Autônomo,Outro,MEDIA,2024-01-14,iOS,(071) 6958-6755
U01010,Matheus,Camargo,silvalucas-gabriel@example.org,52509154256.0,1970-02-01,Outro,São Paulo,Solteiro/a,Autônomo,Ensino Médio,ALTA,2024-01-15,iOS,+55 41 1622-4534
U03576,Bianca,Lopes,ana-vitoriaporto@example.com,88036024193.0,1980-09-15,Fem,São Paulo,Divorciado/a,Autônomo,Técnico,ALTA,2024-01-15,iOS,31 0784-3945
U04129,Aurora,Vasconcelos,murilocampos@example.net,48679627074.0,2006-10-24,Masc,Distrito Federal,Divorciado/a,Autônomo,Técnico,MEDIA,2024-01-15,Android,(061) 2683-3838
U04287,Ana Luiza,Pires,gabreu@example.org,19093192432.0,1970-01-01,Outro,São Paulo,Solteiro/a,Estudante,Pós-graduação,ALTA,2024-01-15,Android,+55 31 3303 7754
U00941,Vinícius,Pinto,lcavalcanti@example.org,11778534074.0,1971-08-10,Fem,Minas Gerais,Solteiro/a,Desempregado,Ensino Médio,MEDIA,2024-01-16,iOS,+55 31 4343-6500
U02295,Carlos Eduardo,das Neves,moreirapedro-henrique@example.org,35517264088.0,1971-05-17,Masc,Ceará,Solteiro/a,Desempregado,Ensino Médio,ALTA,2024-01-16,iOS,+55 (021) 6480-3041
U04258,Vicente,Moraes,henrybarros@example.org,12603248277.0,1976-04-08,Masc,Minas Gerais,Viúvo/a,Desempregado,Técnico,MEDIA,2024-01-16,Android,41 0967-9898
U02265,Allana,Melo,luanaguerra@example.net,18804803208.0,1970-01-01,Masc,Bahia,Viúvo/a,Autônomo,Ensino Médio,BAIXA,2024-01-17,Android,(021) 9456 3905
U02282,Mathias,Guerra,rmartins@example.org,13652336077.0,1993-06-27,Fem,Distrito Federal,Casado/a,Desempregado,Ensino Médio,ALTA,2024-01-17,iOS,+55 (031) 2223 1440
U03212,Isabelly,Câmara,evelyn99@example.com,84320107291.0,1970-01-01,Masc,São Paulo,Solteiro/a,Autônomo,Superior,ALTA,2024-01-17,Android,+55 51 6641 1915
U04459,Beatriz,Almeida,aragaocatarina@example.com,88049966010.0,1970-01-01,Fem,Minas Gerais,Divorciado/a,Desempregado,Pós-graduação,MEDIA,2024-01-17,Android,+55 11 1025 3977
U01078,Luiz Gustavo,Mendonça,yuri78@example.com,48852934978.0,2006-03-31,Masc,São Paulo,Solteiro/a,Empregado,Pós-graduação,ALTA,2024-01-18,iOS,(051) 1338-0624
U01361,Alana,da Luz,eduardamendes@example.org,11781628039.0,1988-09-12,Outro,Pernambuco,Divorciado/a,Aposentado,Outro,ALTA,2024-01-18,Android,(031) 1104 2214
U04788,Alexandre,Martins,rda-luz@example.org,82642359523.0,1987-04-19,Fem,Paraná,Divorciado/a,Desempregado,Outro,BAIXA,2024-01-18,Android,(041) 8184 0493
U00994,Oliver,Costela,silveirakevin@example.net,63046595074.0,1985-09-10,Outro,Rio Grande do Sul,Viúvo/a,Aposentado,Outro,BAIXA,2024-01-19,Android,(061) 6337-3561
U01616,Thomas,Santos,qda-rosa@example.com,15758591753.0,1988-02-09,Masc,Rio Grande do Sul,Viúvo/a,Empregado,Superior,BAIXA,2024-01-19,iOS,11 7965-2935
U02878,Felipe,Aparecida,maria-flor82@example.com,89784008872.0,1973-10-17,Fem,Rio Grande do Sul,Casado/a,Autônomo,Pós-graduação,MEDIA,2024-01-19,Android,11 3216 6221
U02026,Pietro,da Rosa,nogueirajose@example.net,14058545333.0,1981-02-15,Outro,Paraná,Divorciado/a,Empregado,Superior,ALTA,2024-01-20,Android,51 4731 7287
U04651,Ana Julia,Ribeiro,ana-ceciliasilva@example.com,58075256508.0,2003-02-22,Outro,Distrito Federal,Viúvo/a,Estudante,Técnico,ALTA,2024-01-20,Android,+55 (011) 1193 0314
U00839,Maria Isis,Pereira,pachecotheodoro@example.com,52961898454.0,1975-02-03,Fem,Rio Grande do Sul,Solteiro/a,Estudante,Ensino Médio,MEDIA,2024-01-21,Android,+55 (084) 6885 3074
U00957,Arthur Miguel,Rocha,bmartins@example.net,84090844733.0,1988-03-25,Fem,Pernambuco,Divorciado/a,Desempregado,Superior,ALTA,2024-01-21,Android,+55 (041) 6807 3118
U02389,Giovanna,Jesus,ogarcia@example.org,55245643031.0,2005-02-17,Fem,Distrito Federal,Solteiro/a,Estudante,Outro,ALTA,2024-01-21,Android,+55 (084) 0568-2510
U03725,José,da Mata,jda-luz@example.com,35749737146.0,1973-08-02,Outro,Rio Grande do Sul,Divorciado/a,Autônomo,Ensino Médio,ALTA,2024-01-21,Android,+55 31 4810 6591
U04992,Thiago,Rodrigues,limadavi-lucas@example.com,22362690137.0,1970-01-01,Masc,Minas Gerais,Solteiro/a,Desempregado,Superior,MEDIA,2024-01-21,iOS,84 3602-4156
U00436,Ryan,Pimenta,stella46@example.net,16436462456.0,1976-06-01,Fem,Rio Grande do Sul,Divorciado/a,Empregado,Técnico,ALTA,2024-01-22,iOS,+55 (071) 5920-9106
U01300,Daniela,Moreira,maria-alice02@example.net,50084677842.0,1991-07-21,Outro,Bahia,Divorciado/a,Aposentado,Pós-graduação,BAIXA,2024-01-22,Android,+55 (051) 7226-2199
U02182,Milena,Costela,gferreira@example.org,32520260113.0,1995-11-20,Outro,Bahia,Casado/a,Autônomo,Ensino Médio,MEDIA,2024-01-22,iOS,+55 (011) 4915 9939
U03570,Heitor,Martins,isaquefernandes@example.com,44572716909.0,1991-11-30,Outro,Pernambuco,Casado/a,Desempregado,Ensino Médio,BAIXA,2024-01-22,iOS,0300-160-8287
U00309,Pedro Henrique,Souza,da-cunhaalicia@example.org,90834043831.0,1970-01-01,Outro,São Paulo,Casado/a,Autônomo,Superior,MEDIA,2024-01-23,iOS,21 2109-0821
U00482,Eduarda,Aparecida,apollopastor@example.com,59413098321.0,1998-06-22,Fem,Minas Gerais,Casado/a,Autônomo,Outro,ALTA,2024-01-23,Android,31 4591 3736
U01226,Mariane,Almeida,erickvasconcelos@example.org,84784445773.0,1970-01-01,Fem,Ceará,Casado/a,Aposentado,Outro,ALTA,2024-01-23,iOS,+55 (021) 4858 0057
U01235,Aylla,Moraes,da-rosayasmin@example.com,56781772217.0,1970-01-01,Outro,Paraná,Casado/a,Desempregado,Técnico,BAIXA,2024-01-23,iOS,+55 (011) 1928 0394
U01450,Guilherme,Lopes,yasminviana@example.com,32808382900.0,1970-01-01,Masc,São Paulo,Viúvo/a,Desempregado,Superior,BAIXA,2024-01-23,iOS,+55 81 5689-7759
U02777,Nina,Freitas,valentimduarte@example.com,42644805814.0,2003-05-16,Fem,Rio de Janeiro,Casado/a,Desempregado,Outro,MEDIA,2024-01-23,iOS,(031) 6907 5528
U03274,Ágatha,Moura,novaisjose@example.org,79584083893.0,1982-02-11,Outro,Rio de Janeiro,Solteiro/a,Estudante,Outro,ALTA,2024-01-23,Android,+55 51 5541 1430
U04171,Cauê,Aragão,ramosana-cecilia@example.net,42960039940.0,1981-11-26,Fem,Ceará,Solteiro/a,Aposentado,Pós-graduação,ALTA,2024-01-23,Android,61 0040-2597
U00219,Larissa,Freitas,ymoraes@example.com,48900101961.0,1970-01-01,Masc,Pernambuco,Divorciado/a,Estudante,Superior,MEDIA,2024-01-24,iOS,(051) 0778 0472
U00274,José Miguel,Moraes,martinscamila@example.org,26249673508.0,1970-01-01,Fem,Minas Gerais,Casado/a,Desempregado,Ensino Médio,BAIXA,2024-01-24,Android,+55 (071) 3008-6262
U00916,Aurora,Castro,leticia03@example.com,53745101083.0,1970-01-01,Masc,Rio Grande do Sul,Casado/a,Aposentado,Outro,BAIXA,2024-01-24,Android,+55 (081) 1012-4441
U03337,Maria Eduarda,Gomes,barrosfelipe@example.org,36111857661.0,2002-08-29,Fem,São Paulo,Solteiro/a,Empregado,Pós-graduação,BAIXA,2024-01-24,iOS,84 5717 9932
U03414,Maria Liz,das Neves,eda-rocha@example.net,98880346096.0,1979-06-11,Outro,São Paulo,Casado/a,Desempregado,Pós-graduação,BAIXA,2024-01-24,Android,(081) 0855 3357
U00349,João Miguel,Vargas,salesdiogo@example.net,17734092708.0,1999-08-20,Masc,Distrito Federal,Viúvo/a,Aposentado,Superior,ALTA,2024-01-25,iOS,+55 71 5057 6591
U03067,Bruno,Aparecida,jcavalcanti@example.org,91374386313.0,1974-10-27,Masc,Distrito Federal,Casado/a,Desempregado,Outro,ALTA,2024-01-25,iOS,(041) 1263-3196
U04152,Ravi,Casa Grande,levi99@example.com,61344735578.0,1973-02-10,Fem,Paraná,Casado/a,Desempregado,Técnico,ALTA,2024-01-25,Android,+55 (041) 5670-1713
U01688,Ana Júlia,Alves,oliviacarvalho@example.com,42276791767.0,1971-05-18,Masc,Rio Grande do Sul,Divorciado/a,Desempregado,Ensino Médio,ALTA,2024-01-26,Android,(071) 2422-6277
U01979,Agatha,Cirino,cardosoarthur-miguel@example.org,15767864142.0,1970-01-01,Outro,Minas Gerais,Solteiro/a,Empregado,Ensino Médio,ALTA,2024-01-26,Android,+55 (081) 1315-9448
U03700,Josué,Monteiro,vargasluiz-felipe@example.org,97429344683.0,1995-03-01,Outro,Rio Grande do Sul,Solteiro/a,Desempregado,Outro,BAIXA,2024-01-26,Android,(061) 8602-8023
U04436,Mateus,Cassiano,caua05@example.net,21084494433.0,2001-10-14,Masc,Distrito Federal,Divorciado/a,Desempregado,Pós-graduação,MEDIA,2024-01-26,Android,(051) 3950-9510
U04556,Elisa,da Luz,ana-beatriz57@example.net,54536554746.0,1970-01-01,Fem,Rio Grande do Sul,Divorciado/a,Autônomo,Técnico,ALTA,2024-01-26,iOS,+55 31 3267-9956
U00715,Isis,Gomes,rafaela24@example.com,64078947995.0,1977-07-09,Fem,Pernambuco,Casado/a,Empregado,Ensino Médio,BAIXA,2024-01-27,Android,(081) 7483 6367
U03327,Igor,Montenegro,elisa58@example.org,71492950285.0,1970-01-01,Masc,Bahia,Viúvo/a,Autônomo,Superior,MEDIA,2024-01-27,Android,21 5782-3402
U04295,Matheus,Nogueira,amandalima@example.net,73887690630.0,1970-01-01,Outro,Paraná,Viúvo/a,Desempregado,Ensino Médio,MEDIA,2024-01-27,Android,+55 84 1840-1127
U00108,Emanuelly,Sá,aragaomaria-liz@example.net,51580443858.0,1970-01-01,Outro,Bahia,Divorciado/a,Aposentado,Outro,BAIXA,2024-01-28,Android,+55 (084) 0662 2417
U00214,Cauã,da Conceição,luigi82@example.net,44375930950.0,1970-03-31,Masc,Ceará,Solteiro/a,Empregado,Técnico,ALTA,2024-01-28,iOS,(041) 0113-0116
U01308,Eduarda,Oliveira,melomathias@example.org,84113645716.0,1980-02-21,Fem,Rio Grande do Sul,Viúvo/a,Autônomo,Ensino Médio,BAIXA,2024-01-28,Android,31 5906-4458
U04792,Emilly,Viana,joao-felipe80@example.com,41286135862.0,1970-01-01,Fem,Minas Gerais,Casado/a,Estudante,Pós-graduação,MEDIA,2024-01-28,Android,+55 11 7264-3374
U04849,Leonardo,Castro,laissousa@example.com,23349967117.0,1970-01-01,Fem,Paraná,Viúvo/a,Estudante,Superior,ALTA,2024-01-28,iOS,+55 (061) 0252-3319
U00372,Kevin,Viana,diascarolina@example.net,92241724040.0,1970-01-01,Outro,Paraná,Viúvo/a,Estudante,Técnico,ALTA,2024-01-29,iOS,(071) 6139 7074
U02532,Bernardo,Correia,thiagoteixeira@example.org,73610756530.0,1981-03-17,Fem,Paraná,Divorciado/a,Empregado,Técnico,BAIXA,2024-01-29,Android,31 3960 1081
U00988,Luana,da Cruz,salesthales@example.org,73613897170.0,1970-01-01,Fem,Paraná,Casado/a,Aposentado,Superior,BAIXA,2024-01-30,Android,(061) 6401 3690
U01015,Bruno,Aparecida,rsilva@example.org,42358668694.0,1975-09-27,Fem,Rio Grande do Sul,Divorciado/a,Aposentado,Pós-graduação,MEDIA,2024-01-30,iOS,0300-283-6723
U03355,Lucas Gabriel,Rezende,lopesliam@example.com,20755806191.0,1970-01-01,Fem,Paraná,Solteiro/a,Empregado,Outro,MEDIA,2024-01-30,Android,(031) 7292-4514
U03788,Pedro Henrique,Pimenta,ryanpinto@example.com,16117100486.0,1974-07-01,Outro,Bahia,Solteiro/a,Empregado,Técnico,ALTA,2024-01-30,iOS,81 5881 0792
U00873,Lorena,Guerra,da-rochaeloa@example.com,92702154842.0,1970-01-01,Masc,Minas Gerais,Solteiro/a,Empregado,Outro,MEDIA,2024-01-31,iOS,81 8037 8570
U01727,Ana Cecília,Correia,sarah29@example.org,12247811463.0,1970-01-01,Masc,Rio de Janeiro,Solteiro/a,Estudante,Ensino Médio,ALTA,2024-01-31,Android,0800-464-2286
U01977,Gustavo,Nunes,migueloliveira@example.com,51456653892.0,1990-11-26,Outro,Bahia,Casado/a,Autônomo,Ensino Médio,BAIXA,2024-01-31,Android,(071) 2414-1755
U02922,Daniela,Lopes,da-conceicaokevin@example.org,80899206346.0,1970-01-01,Fem,Rio Grande do Sul,Viúvo/a,Autônomo,Ensino Médio,ALTA,2024-01-31,iOS,0500 142 0235
U03772,Maria Luiza,Ramos,vitoriapires@example.net,62724371012.0,1983-03-30,Fem,Minas Gerais,Divorciado/a,Estudante,Pós-graduação,BAIXA,2024-01-31,Android,+55 81 8893 7514
U03933,Emanuel,das Neves,yasminrios@example.com,80074063330.0,1974-12-30,Fem,Minas Gerais,Viúvo/a,Desempregado,Superior,MEDIA,2024-01-31,iOS,+55 41 9643-7865
U04220,Danilo,Moreira,nporto@example.org,68960953778.0,1970-01-01,Fem,Rio de Janeiro,Solteiro/a,Estudante,Superior,MEDIA,2024-01-31,Android,41 6236 3947
U00329,Vicente,Pereira,da-conceicaoliz@example.com,64419608031.0,1971-03-11,Masc,Rio de Janeiro,Divorciado/a,Estudante,Técnico,BAIXA,2024-02-01,iOS,+55 81 3234 5575
U01376,Anthony,Carvalho,thomas25@example.org,25500621627.0,2005-04-07,Fem,Minas Gerais,Casado/a,Aposentado,Ensino Médio,ALTA,2024-02-01,iOS,+55 81 2607 4229
U02243,Isabela,Jesus,julia00@example.net,58764491406.0,1972-05-05,Outro,Distrito Federal,Casado/a,Empregado,Ensino Médio,MEDIA,2024-02-01,iOS,11 9441 2894
U02544,Ana Beatriz,Gonçalves,leaoantonella@example.net,16297862265.0,1970-01-01,Fem,Rio Grande do Sul,Viúvo/a,Empregado,Outro,MEDIA,2024-02-01,iOS,+55 51 9980 8957
U04327,Benicio,Vargas,silvaluana@example.com,46394701799.0,1985-01-11,Masc,Paraná,Viúvo/a,Estudante,Técnico,BAIXA,2024-02-01,Android,+55 21 6900-6750
U04854,Lucas,Costa,da-cunhaelisa@example.org,62663195360.0,1989-07-19,Outro,Pernambuco,Solteiro/a,Aposentado,Superior,MEDIA,2024-02-01,Android,(081) 1912-3217
U02881,Davi Luiz,Rocha,eguerra@example.com,52525590086.0,1970-06-25,Fem,Distrito Federal,Solteiro/a,Aposentado,Superior,ALTA,2024-02-02,iOS,+55 84 5242-0699
U03449,Maria Fernanda,Pacheco,camposhenry@example.com,87981496403.0,1973-10-11,Masc,Distrito Federal,Divorciado/a,Autônomo,Ensino Médio,MEDIA,2024-02-02,iOS,(081) 3576 2783
U01151,Diogo,Nogueira,sofia76@example.com,18878235025.0,2000-08-21,Fem,Rio de Janeiro,Viúvo/a,Estudante,Técnico,BAIXA,2024-02-03,iOS,(051) 8027-2822
U01611,Anthony,Câmara,sampaiobenjamim@example.net,85820802812.0,1973-10-26,Masc,Distrito Federal,Divorciado/a,Estudante,Superior,ALTA,2024-02-03,Android,41 3635-5495
U02505,Nathan,Carvalho,amonteiro@example.org,53937581581.0,1996-11-02,Fem,Pernambuco,Casado/a,Estudante,Técnico,BAIXA,2024-02-03,iOS,0900 452 1746
U03001,Caleb,Silveira,zgarcia@example.org,90970179312.0,1970-01-01,Fem,Paraná,Divorciado/a,Autônomo,Técnico,ALTA,2024-02-03,Android,+55 51 3823 6527
U03228,Lucas,da Mota,ana-sophiasouza@example.net,21619273993.0,1999-11-26,Outro,Rio de Janeiro,Divorciado/a,Autônomo,Técnico,MEDIA,2024-02-03,Android,+55 (031) 1153-2160
U00728,Ágatha,Cavalcanti,maria-luisa80@example.com,22906099930.0,1989-07-31,Masc,Rio Grande do Sul,Divorciado/a,Estudante,Pós-graduação,MEDIA,2024-02-04,iOS,+55 (061) 7222-3090
U01107,Larissa,Marques,mirella49@example.net,67685435562.0,1996-08-31,Outro,Minas Gerais,Viúvo/a,Aposentado,Outro,ALTA,2024-02-04,Android,+55 81 3354-0532
U03100,Gael,Nunes,uda-rocha@example.net,54015911242.0,2003-02-01,Outro,Distrito Federal,Solteiro/a,Desempregado,Pós-graduação,ALTA,2024-02-04,iOS,(011) 5639 6332
U04475,Theodoro,Ribeiro,joaosiqueira@example.com,65716875473.0,1973-11-07,Masc,Pernambuco,Casado/a,Aposentado,Superior,ALTA,2024-02-04,Android,51 5151 8454
U04862,Cauê,Pimenta,maria-sophia12@example.com,88970611005.0,1977-09-24,Fem,Distrito Federal,Solteiro/a,Empregado,Outro,MEDIA,2024-02-04,iOS,(051) 3818-1335
U01460,Isadora,Brito,rocharael@example.com,74943582934.0,1984-05-03,Outro,Rio Grande do Sul,Divorciado/a,Autônomo,Técnico,ALTA,2024-02-05,Android,+55 51 8740 3824
U02408,Vitor,Fernandes,cfreitas@example.net,44336343758.0,2003-10-12,Outro,Rio de Janeiro,Viúvo/a,Desempregado,Ensino Médio,ALTA,2024-02-05,iOS,41 3413-1350
U03539,João Gabriel,Cavalcante,diogo17@example.org,53683883534.0,1970-07-04,Outro,Minas Gerais,Casado/a,Estudante,Ensino Médio,MEDIA,2024-02-05,iOS,+55 71 4965-0451
U04843,Pedro,Rocha,siqueiraleticia@example.net,29463849808.0,1986-11-02,Outro,Paraná,Divorciado/a,Estudante,Técnico,MEDIA,2024-02-05,iOS,0500-612-3750
U04993,Luan,Fonseca,clara96@example.com,31053922608.0,1970-01-01,Fem,Rio de Janeiro,Viúvo/a,Empregado,Outro,MEDIA,2024-02-05,iOS,0800 593 3676
U01058,Rhavi,Lopes,agatha46@example.org,84256759504.0,1987-02-08,Masc,Bahia,Casado/a,Desempregado,Outro,BAIXA,2024-02-06,Android,(031) 4474-7080
U03303,João,Melo,kcavalcanti@example.com,22655802469.0,1970-01-01,Masc,Minas Gerais,Divorciado/a,Autônomo,Superior,ALTA,2024-02-06,Android,+55 (021) 3705-7557
U04149,Olivia,Ramos,vinicius35@example.net,19001903543.0,2003-03-04,Fem,Rio de Janeiro,Casado/a,Desempregado,Pós-graduação,BAIXA,2024-02-06,iOS,81 7404-6299
U01247,Valentina,Silva,maria-florpastor@example.net,44749153149.0,1988-09-09,Outro,Ceará,Solteiro/a,Desempregado,Superior,ALTA,2024-02-07,iOS,0500 393 4818
U02655,Catarina,Santos,caldeiraleandro@example.com,29869980020.0,1970-01-01,Outro,Bahia,Divorciado/a,Desempregado,Outro,MEDIA,2024-02-07,Android,+55 11 5323 9812
U02853,Sabrina,Brito,gomesmaya@example.net,81988798046.0,1972-04-07,Masc,Rio de Janeiro,Solteiro/a,Autônomo,Pós-graduação,ALTA,2024-02-07,iOS,+55 11 5533-9754
U03078,Arthur Miguel,Nogueira,ribeirofrancisco@example.net,86933436621.0,1977-08-16,Fem,Pernambuco,Divorciado/a,Estudante,Ensino Médio,MEDIA,2024-02-07,iOS,61 0557 0639
U00231,Fernando,Castro,mateus25@example.net,69468174674.0,1980-04-29,Outro,Paraná,Viúvo/a,Aposentado,Outro,ALTA,2024-02-08,iOS,11 1423 9991
U00622,Maria Isis,Macedo,antoniosouza@example.com,37882246191.0,1970-01-01,Fem,São Paulo,Viúvo/a,Aposentado,Ensino Médio,MEDIA,2024-02-08,iOS,(061) 4538 9497
U01807,Leonardo,Ramos,duartevitor@example.org,94306938438.0,2006-10-17,Outro,Rio de Janeiro,Solteiro/a,Empregado,Outro,ALTA,2024-02-08,iOS,21 0232 5056
U02730,Maria Laura,Rocha,freitasbenicio@example.org,63008569424.0,1978-02-19,Fem,Rio Grande do Sul,Casado/a,Autônomo,Superior,BAIXA,2024-02-08,Android,84 5989 4202
U04208,Felipe,Porto,pastorpedro@example.net,51776997922.0,1970-01-01,Outro,Ceará,Solteiro/a,Autônomo,Superior,ALTA,2024-02-08,iOS,+55 21 7362-0630
U04858,Leandro,Ferreira,nathanaragao@example.org,30410229621.0,2005-10-25,Outro,Minas Gerais,Casado/a,Estudante,Técnico,BAIXA,2024-02-08,Android,+55 71 8252-4771
U04915,Gustavo,Câmara,isabellycampos@example.com,22630155583.0,1995-10-15,Masc,Minas Gerais,Casado/a,Autônomo,Outro,BAIXA,2024-02-08,iOS,(041) 6233 3943
U00810,Luiz Henrique,Duarte,theodoronovais@example.com,52905382351.0,1984-10-05,Fem,Paraná,Solteiro/a,Estudante,Superior,MEDIA,2024-02-09,Android,+55 (084) 5348 9689
U03435,João Guilherme,Câmara,josuecassiano@example.org,49847386861.0,1998-03-04,Fem,Rio Grande do Sul,Divorciado/a,Aposentado,Pós-graduação,BAIXA,2024-02-09,iOS,(061) 5161-9048
U02460,Thales,Rezende,fmendes@example.com,27487790412.0,1970-01-01,Fem,Pernambuco,Viúvo/a,Autônomo,Técnico,ALTA,2024-02-10,Android,+55 (061) 7596 1099
U02754,Benjamin,da Rocha,maria-fernanda16@example.org,25102667192.0,1993-06-01,Fem,Rio de Janeiro,Casado/a,Aposentado,Técnico,MEDIA,2024-02-10,Android,+55 (071) 8898-4756
U04416,Maria Laura,da Cunha,agatha25@example.org,75187321004.0,1970-01-01,Masc,Rio Grande do Sul,Viúvo/a,Estudante,Superior,MEDIA,2024-02-10,iOS,(061) 5058 6962
U01482,Isabela,Ramos,santosrhavi@example.org,96715726266.0,1970-01-01,Masc,Rio de Janeiro,Divorciado/a,Estudante,Técnico,BAIXA,2024-02-11,iOS,0300 838 8338
U01564,Benicio,da Mota,mendesana-cecilia@example.org,77256728196.0,2002-05-25,Outro,Paraná,Divorciado/a,Aposentado,Ensino Médio,BAIXA,2024-02-11,iOS,(084) 3638 9899
U02419,Benício,Cavalcante,eloahcaldeira@example.org,24791320215.0,1987-05-18,Outro,Pernambuco,Casado/a,Empregado,Ensino Médio,ALTA,2024-02-11,iOS,+55 51 4378 6131
U03434,Lorena,Duarte,emanuelpastor@example.com,41707861571.0,1991-02-24,Masc,Pernambuco,Solteiro/a,Aposentado,Pós-graduação,ALTA,2024-02-11,Android,(011) 4903 7841
U04894,Apollo,Montenegro,jsantos@example.com,72722679551.0,1970-01-01,Outro,Paraná,Viúvo/a,Desempregado,Técnico,ALTA,2024-02-11,Android,0300-952-0203
U01366,Jade,Dias,ocirino@example.com,17803330478.0,1987-01-12,Outro,Rio Grande do Sul,Divorciado/a,Autônomo,Superior,BAIXA,2024-02-12,Android,+55 51 6544 4860
U01714,Lara,Cavalcanti,leandro26@example.com,95950326833.0,1970-01-01,Outro,São Paulo,Divorciado/a,Autônomo,Ensino Médio,BAIXA,2024-02-12,iOS,+55 31 5586-7382
U01843,Alexia,Casa Grande,rafaelaragao@example.com,61861944394.0,1978-02-19,Outro,Bahia,Solteiro/a,Estudante,Pós-graduação,MEDIA,2024-02-12,iOS,+55 (084) 2546 5676
U02160,Marcos Vinicius,Dias,lcirino@example.org,77299874708.0,1970-01-01,Outro,Paraná,Solteiro/a,Empregado,Superior,BAIXA,2024-02-12,Android,+55 (071) 5707-8493
U02790,Ravi Lucca,Aragão,ninateixeira@example.com,30570806974.0,2004-12-12,Masc,Distrito Federal,Viúvo/a,Autônomo,Ensino Médio,BAIXA,2024-02-12,Android,(061) 6148-0724
U04133,Aurora,Garcia,qda-cruz@example.org,54258529843.0,1970-01-01,Outro,Rio Grande do Sul,Viúvo/a,Autônomo,Outro,MEDIA,2024-02-12,iOS,+55 (031) 1164 2008
U02075,Gael Henrique,Rocha,vieiramurilo@example.com,15098176845.0,1970-01-01,Masc,São Paulo,Casado/a,Autônomo,Ensino Médio,MEDIA,2024-02-13,Android,+55 84 0341 9434
U02275,Nina,Camargo,egomes@example.net,32529756232.0,1970-01-01,Masc,Paraná,Viúvo/a,Aposentado,Ensino Médio,ALTA,2024-02-13,Android,+55 (081) 8168-2392
U02923,Renan,Marques,gramos@example.org,18207259815.0,1970-01-01,Outro,São Paulo,Casado/a,Estudante,Outro,ALTA,2024-02-13,Android,21 0586 6068
U03408,Emanuelly,Duarte,eduardomontenegro@example.net,30220385924.0,1970-01-01,Fem,São Paulo,Divorciado/a,Empregado,Superior,MEDIA,2024-02-13,Android,61 0827 6816
U00801,Heloisa,Alves,maria-eduarda45@example.com,48681684957.0,2000-09-01,Fem,Pernambuco,Viúvo/a,Autônomo,Superior,ALTA,2024-02-14,Android,+55 41 1136 8271
U01850,Isadora,Rezende,pintoisabela@example.com,44797752711.0,2000-10-06,Fem,Minas Gerais,Divorciado/a,Estudante,Ensino Médio,MEDIA,2024-02-14,Android,0800 648 5716
U02195,Augusto,Mendonça,aragaosophie@example.org,22816459195.0,1970-01-01,Masc,Paraná,Divorciado/a,Autônomo,Técnico,ALTA,2024-02-14,iOS,(071) 2955 6606
U03232,Maria,Teixeira,hfarias@example.net,28118418404.0,1975-09-11,Masc,Bahia,Casado/a,Estudante,Pós-graduação,ALTA,2024-02-14,Android,+55 81 8635-6340
U04217,Vinicius,Aparecida,lmoraes@example.org,68103829791.0,2005-06-02,Masc,Rio de Janeiro,Viúvo/a,Aposentado,Outro,BAIXA,2024-02-14,Android,11 7928-7101
U04647,Natália,Nogueira,britogael@example.com,40930852410.0,1994-03-02,Outro,Ceará,Casado/a,Empregado,Outro,BAIXA,2024-02-14,Android,51 6077 2654
U02418,Pietra,Porto,yuri65@example.org,20068207307.0,1993-05-03,Masc,São Paulo,Viúvo/a,Desempregado,Técnico,ALTA,2024-02-15,Android,+55 (081) 0672-7031
U04495,Henrique,Freitas,teixeiramelina@example.org,97042052114.0,1970-01-01,Outro,Rio de Janeiro,Solteiro/a,Empregado,Superior,BAIXA,2024-02-15,iOS,21 6260 7870
U00456,Joaquim,Jesus,stellaandrade@example.net,67173633068.0,1980-04-21,Outro,Pernambuco,Solteiro/a,Empregado,Ensino Médio,BAIXA,2024-02-16,Android,0900 321 1385
U01342,Melina,Viana,isiscassiano@example.com,74216890629.0,1983-12-02,Fem,Paraná,Casado/a,Desempregado,Técnico,ALTA,2024-02-16,iOS,+55 41 1939-9591
U00289,Ana Clara,da Rosa,paulo58@example.net,36626512013.0,1993-07-31,Fem,Pernambuco,Viúvo/a,Autônomo,Pós-graduação,ALTA,2024-02-17,iOS,+55 81 8561-2993
U00724,João Lucas,Garcia,rcosta@example.net,82599125256.0,2000-05-31,Masc,Rio Grande do Sul,Divorciado/a,Empregado,Outro,BAIXA,2024-02-17,iOS,0300 009 3714
U01091,Pietro,Rios,salesana-sophia@example.com,94488297074.0,1987-06-30,Outro,Bahia,Casado/a,Aposentado,Técnico,MEDIA,2024-02-17,Android,81 8405-2095
U01242,Paulo,Farias,siqueiraagatha@example.com,57980267387.0,1980-07-05,Outro,Bahia,Viúvo/a,Estudante,Superior,BAIXA,2024-02-17,iOS,+55 (051) 8587 9042
U03070,João Gabriel,Ribeiro,raulguerra@example.net,27793336859.0,1970-01-01,Outro,Rio Grande do Sul,Divorciado/a,Autônomo,Superior,MEDIA,2024-02-17,iOS,(071) 6386 8126
U03758,José Miguel,Correia,vmendes@example.org,41397801512.0,1975-04-23,Masc,Rio de Janeiro,Viúvo/a,Empregado,Pós-graduação,BAIXA,2024-02-17,Android,31 8175 8403
U04137,Valentim,Duarte,maria-eduarda61@example.net,47141756253.0,1970-01-01,Fem,Distrito Federal,Casado/a,Aposentado,Ensino Médio,MEDIA,2024-02-17,Android,(061) 2044 1405
U01002,Giovanna,Lima,alvesheloisa@example.com,20444252239.0,1985-06-05,Outro,São Paulo,Divorciado/a,Autônomo,Superior,ALTA,2024-02-18,iOS,71 8152 5315
U01994,Lívia,Rocha,zda-mota@example.org,27337620874.0,1987-12-15,Masc,Bahia,Solteiro/a,Aposentado,Ensino Médio,MEDIA,2024-02-18,iOS,+55 71 0545 2201
U02119,Antony,Aragão,amartins@example.net,46550510256.0,1970-01-01,Masc,Bahia,Casado/a,Estudante,Outro,ALTA,2024-02-18,Android,(011) 9004-6759
U03893,Stephany,da Costa,rnascimento@example.net,74513884213.0,2004-03-08,Fem,Rio Grande do Sul,Casado/a,Aposentado,Superior,BAIXA,2024-02-18,iOS,+55 31 2455 9112
U04786,Alexandre,Campos,da-cruzmariane@example.org,60157529584.0,1970-01-01,Outro,Rio Grande do Sul,Solteiro/a,Desempregado,Superior,MEDIA,2024-02-18,Android,+55 21 7022 0835
U04936,Cauê,Sampaio,azevedobenjamin@example.net,53959584561.0,1997-07-31,Fem,Paraná,Viúvo/a,Empregado,Técnico,BAIXA,2024-02-18,iOS,84 8462 9316
U00470,Eloá,Lima,maria-juliaoliveira@example.org,48740717962.0,1974-12-27,Outro,Rio Grande do Sul,Divorciado/a,Empregado,Outro,MEDIA,2024-02-19,Android,+55 (051) 2918-5323
U00891,Henry,Albuquerque,juliabarbosa@example.org,97440844281.0,1993-11-26,Masc,Ceará,Viúvo/a,Estudante,Outro,MEDIA,2024-02-19,iOS,+55 (061) 0794 3148
U03083,Henry,Cavalcanti,tpires@example.org,93750710025.0,1972-01-12,Masc,Bahia,Solteiro/a,Estudante,Técnico,ALTA,2024-02-19,iOS,(051) 5600 8104
U03193,Luiz Gustavo,Pinto,sophie37@example.net,54188517270.0,1981-12-25,Masc,Distrito Federal,Solteiro/a,Empregado,Pós-graduação,MEDIA,2024-02-19,Android,+55 41 1097 9933
U03202,Asafe,Marques,vicenteabreu@example.com,30622276518.0,1970-01-01,Masc,Rio de Janeiro,Casado/a,Autônomo,Outro,ALTA,2024-02-19,Android,51 1201 6489
U03262,Gabrielly,Pires,salesolivia@example.net,55455116069.0,1992-12-04,Masc,Minas Gerais,Casado/a,Desempregado,Superior,ALTA,2024-02-19,iOS,81 6253 7130
U03471,Milena,Montenegro,gcirino@example.net,87404965780.0,1970-01-01,Masc,Ceará,Casado/a,Desempregado,Outro,ALTA,2024-02-19,iOS,+55 31 3145 5774
U04017,Ana Liz,da Luz,rafael55@example.com,31128144994.0,1970-01-01,Fem,Bahia,Casado/a,Desempregado,Superior,ALTA,2024-02-19,iOS,+55 61 7326 9551
U04245,Ana Júlia,Mendonça,pintorodrigo@example.net,12696410898.0,1970-01-01,Masc,Bahia,Solteiro/a,Autônomo,Outro,ALTA,2024-02-19,Android,(041) 5519 1843
U01005,Rafael,Fogaça,dsilveira@example.net,44075655041.0,1996-10-04,Masc,Ceará,Divorciado/a,Autônomo,Pós-graduação,ALTA,2024-02-20,iOS,71 9809 2519
U03511,João Lucas,Cassiano,yribeiro@example.com,41338733707.0,2000-06-15,Fem,Rio de Janeiro,Divorciado/a,Aposentado,Ensino Médio,ALTA,2024-02-20,Android,+55 (021) 1071-1466
U00115,Stephany,Macedo,vitor-hugo18@example.net,98657180773.0,1970-01-01,Masc,Rio Grande do Sul,Casado/a,Autônomo,Outro,ALTA,2024-02-21,Android,0800-496-6823
U00268,Maria Helena,Aparecida,apereira@example.net,39980255077.0,1986-01-12,Outro,Distrito Federal,Casado/a,Empregado,Superior,MEDIA,2024-02-21,iOS,0900-856-5537
U01964,Stella,Martins,kaique64@example.net,15482304906.0,2005-11-21,Fem,Rio de Janeiro,Solteiro/a,Estudante,Superior,MEDIA,2024-02-21,iOS,+55 (071) 7608-2685
U00898,Anthony Gabriel,Casa Grande,isabellyda-paz@example.org,98397818401.0,1973-06-30,Fem,Minas Gerais,Viúvo/a,Aposentado,Ensino Médio,MEDIA,2024-02-22,Android,0900 199 1315
U02516,Matheus,da Mata,aaraujo@example.com,47013652511.0,1970-01-01,Fem,Rio Grande do Sul,Casado/a,Aposentado,Outro,BAIXA,2024-02-22,Android,+55 (081) 9655-3751
U03832,Gustavo Henrique,Barros,maya30@example.org,45302864774.0,1999-06-19,Fem,Ceará,Solteiro/a,Desempregado,Superior,MEDIA,2024-02-22,iOS,+55 (071) 2487 0127
U04554,Cecília,Guerra,luan11@example.net,43933264817.0,1970-01-01,Fem,São Paulo,Viúvo/a,Estudante,Técnico,MEDIA,2024-02-22,iOS,+55 (061) 9990 6273
U04596,João Pedro,Dias,gcastro@example.net,17465711790.0,1970-01-01,Fem,Distrito Federal,Solteiro/a,Aposentado,Pós-graduação,BAIXA,2024-02-22,iOS,71 1364 3033
U01097,Luiza,Abreu,alanada-cunha@example.org,26157789844.0,1970-01-01,Fem,Distrito Federal,Casado/a,Desempregado,Superior,MEDIA,2024-02-23,iOS,84 8215 1597
U01183,Benjamim,Sousa,isiscaldeira@example.com,89516454922.0,1970-01-01,Masc,Pernambuco,Casado/a,Empregado,Técnico,ALTA,2024-02-23,Android,+55 (021) 5992 9179
U04365,Pietra,Porto,guerranathan@example.net,52847178890.0,1970-01-01,Masc,Pernambuco,Divorciado/a,Desempregado,Técnico,ALTA,2024-02-23,Android,21 6158 1173
U04790,Ana Vitória,Gomes,muriloda-rocha@example.net,39168318770.0,1973-02-21,Masc,Minas Gerais,Divorciado/a,Estudante,Outro,MEDIA,2024-02-23,Android,0500-864-1189
U04963,Daniela,Oliveira,cauemartins@example.org,87520848236.0,1994-12-27,Masc,Ceará,Divorciado/a,Empregado,Outro,BAIXA,2024-02-23,iOS,84 4034-9938
U00579,Nina,Fogaça,kaiquebarbosa@example.com,86693764978.0,1970-01-01,Masc,Rio Grande do Sul,Casado/a,Aposentado,Ensino Médio,MEDIA,2024-02-24,iOS,(011) 0118-7570
U01081,João Gabriel,Ribeiro,vmartins@example.com,19716865377.0,1989-08-31,Outro,Rio Grande do Sul,Casado/a,Desempregado,Pós-graduação,BAIXA,2024-02-24,iOS,0800-784-2142
U01766,Otto,Martins,cunhaoliver@example.com,79412467610.0,1970-01-01,Outro,Ceará,Solteiro/a,Aposentado,Pós-graduação,MEDIA,2024-02-24,Android,(031) 7123-7397
U02318,Ana Vitória,Cavalcante,isadoraribeiro@example.org,57272311943.0,1970-01-01,Fem,Ceará,Viúvo/a,Aposentado,Superior,ALTA,2024-02-24,Android,61 9212-9216
U03381,Maria Alice,Rezende,osiqueira@example.org,99308643165.0,2005-01-11,Outro,Rio de Janeiro,Casado/a,Estudante,Outro,BAIXA,2024-02-24,Android,(021) 7237 8656
U03557,Maria Vitória,Aparecida,camposguilherme@example.net,83938708276.0,1970-01-01,Outro,Minas Gerais,Casado/a,Estudante,Pós-graduação,BAIXA,2024-02-24,Android,+55 (051) 1547 1794
U00735,Guilherme,Souza,anthony-gabriel64@example.com,34839045656.0,1972-02-11,Outro,Rio Grande do Sul,Solteiro/a,Autônomo,Ensino Médio,ALTA,2024-02-25,iOS,+55 (021) 7793 4250
U00951,Lorena,Fonseca,bcaldeira@example.org,13284524290.0,1999-05-24,Outro,Pernambuco,Solteiro/a,Empregado,Superior,MEDIA,2024-02-25,iOS,+55 (031) 2612 0703
U01453,Marina,Castro,montenegroana-vitoria@example.org,45698720587.0,1970-01-01,Outro,Ceará,Divorciado/a,Estudante,Ensino Médio,MEDIA,2024-02-25,Android,(084) 3161 5908
U02100,Marcos Vinicius,da Luz,ynovaes@example.com,74410273445.0,1988-10-20,Fem,São Paulo,Viúvo/a,Desempregado,Superior,ALTA,2024-02-25,iOS,84 3805 7642
U02811,Marcela,Teixeira,alvesluna@example.com,43467410278.0,1970-01-01,Outro,Ceará,Viúvo/a,Estudante,Pós-graduação,MEDIA,2024-02-25,iOS,(084) 9391-0937
U00071,Gabriela,Garcia,caue95@example.net,82144768803.0,1981-10-21,Outro,Pernambuco,Viúvo/a,Autônomo,Superior,ALTA,2024-02-26,iOS,(021) 7625-2572
U00519,Luiz Henrique,Rocha,wgoncalves@example.org,70760573565.0,1995-05-06,Masc,Pernambuco,Divorciado/a,Estudante,Técnico,MEDIA,2024-02-26,Android,+55 41 6910 9259
U00585,Cauê,Gomes,mateusteixeira@example.net,56418758813.0,1992-05-02,Masc,Rio de Janeiro,Casado/a,Autônomo,Outro,BAIXA,2024-02-26,Android,(061) 2548-7069
U00607,Thomas,Abreu,oliveiraeloah@example.com,37051792744.0,1975-12-07,Fem,Ceará,Solteiro/a,Autônomo,Técnico,ALTA,2024-02-26,iOS,84 5989 2978
U01324,Thales,Pastor,hmelo@example.net,86564253369.0,1970-01-01,Outro,Rio de Janeiro,Solteiro/a,Aposentado,Pós-graduação,BAIXA,2024-02-26,iOS,61 7769 2910
U02498,Maria Alice,Teixeira,pietrocaldeira@example.org,90328284565.0,1983-12-11,Outro,Rio de Janeiro,Casado/a,Autônomo,Ensino Médio,BAIXA,2024-02-26,Android,(051) 4308-7919
U02933,Gabriel,Sampaio,dporto@example.org,98444476442.0,1987-10-04,Outro,Distrito Federal,Casado/a,Desempregado,Outro,ALTA,2024-02-26,iOS,61 7163-3081
U00252,Mathias,Siqueira,xsilveira@example.com,50598528721.0,1974-09-28,Outro,São Paulo,Solteiro/a,Estudante,Superior,ALTA,2024-02-27,iOS,+55 (031) 1495 0227
U00755,Miguel,Camargo,daniel32@example.net,52151999105.0,1971-11-09,Fem,Bahia,Viúvo/a,Autônomo,Superior,BAIXA,2024-02-27,iOS,+55 51 6920 6032
U03518,Miguel,Martins,gabriel12@example.net,68256634969.0,1980-07-08,Outro,São Paulo,Divorciado/a,Aposentado,Superior,BAIXA,2024-02-27,iOS,+55 (081) 2235-5287
U04001,Maria Cecília,Rios,da-pazjoao-miguel@example.net,88677051972.0,1970-01-01,Masc,Rio Grande do Sul,Viúvo/a,Estudante,Pós-graduação,BAIXA,2024-02-27,Android,(061) 0184 2893
U04670,Emanuelly,Fernandes,leandro10@example.com,80231370692.0,1977-05-11,Outro,São Paulo,Viúvo/a,Estudante,Ensino Médio,BAIXA,2024-02-27,iOS,+55 (051) 0760 3555
U00666,Maria Eduarda,Peixoto,pedro-miguelcosta@example.net,24381203312.0,1970-01-01,Fem,Ceará,Casado/a,Autônomo,Pós-graduação,ALTA,2024-02-28,Android,+55 (084) 8062 9660
U00846,Clarice,Castro,gabriela12@example.net,12212753759.0,2007-03-06,Fem,Rio Grande do Sul,Casado/a,Desempregado,Pós-graduação,BAIXA,2024-02-28,iOS,0900 857 3583
U01503,Camila,Cardoso,theocamara@example.org,11826287763.0,1990-07-11,Masc,São Paulo,Solteiro/a,Empregado,Outro,BAIXA,2024-02-28,Android,+55 41 4881-7826
U02496,Lorenzo,Pereira,da-motaleandro@example.net,52538736064.0,1970-01-01,Masc,Distrito Federal,Casado/a,Autônomo,Técnico,ALTA,2024-02-28,iOS,+55 (031) 5850-3912
U02882,Mateus,Pacheco,rmontenegro@example.net,37951570915.0,1970-01-01,Masc,Rio Grande do Sul,Viúvo/a,Desempregado,Outro,ALTA,2024-02-28,iOS,84 4925-7020
U04328,Raquel,da Paz,qvargas@example.net,73333468070.0,1970-01-01,Fem,Distrito Federal,Divorciado/a,Estudante,Outro,ALTA,2024-02-28,iOS,+55 71 8171 4188
U04428,Ryan,Nogueira,marcela23@example.org,21984763304.0,2004-07-26,Masc,Paraná,Divorciado/a,Desempregado,Superior,BAIXA,2024-02-28,Android,0500-823-7117
U04643,Dom,Mendes,kevin62@example.com,12341407550.0,1970-01-01,Outro,Rio Grande do Sul,Viúvo/a,Estudante,Ensino Médio,BAIXA,2024-02-28,iOS,(041) 4626 8818
U04747,Antônio,Vieira,carolina77@example.net,77720859634.0,1996-05-29,Fem,Distrito Federal,Viúvo/a,Autônomo,Técnico,ALTA,2024-02-28,Android,+55 71 3454-1317
U00457,Breno,Fonseca,hbarros@example.org,44789486186.0,1993-02-02,Fem,Distrito Federal,Divorciado/a,Empregado,Outro,ALTA,2024-02-29,Android,+55 81 3431-8879
U02331,Isabela,Caldeira,gmonteiro@example.com,44792640751.0,1970-05-31,Fem,Pernambuco,Divorciado/a,Desempregado,Superior,MEDIA,2024-02-29,iOS,(041) 0936 6404
U03679,João Pedro,Viana,maria-sophia52@example.net,15417518915.0,1970-01-01,Outro,Rio Grande do Sul,Viúvo/a,Empregado,Outro,BAIXA,2024-02-29,iOS,84 0589 0603
U03713,Bianca,da Cruz,mariane60@example.net,41767189200.0,1970-01-01,Outro,Rio Grande do Sul,Solteiro/a,Desempregado,Técnico,MEDIA,2024-02-29,Android,+55 84 1376-4041
U03764,Davi Miguel,Guerra,ana-sophiacamara@example.net,58055764384.0,1975-06-03,Masc,Distrito Federal,Divorciado/a,Desempregado,Superior,BAIXA,2024-02-29,Android,71 7836-2555
U03885,Aylla,Pinto,josue78@example.org,10554910109.0,2001-10-11,Fem,Bahia,Solteiro/a,Estudante,Pós-graduação,MEDIA,2024-02-29,iOS,0800-939-0286
U00852,Jade,Teixeira,kda-cruz@example.net,40083784849.0,1970-01-01,Masc,Rio Grande do Sul,Casado/a,Autônomo,Técnico,MEDIA,2024-03-01,Android,+55 (021) 4809 5616
U03669,Emilly,Santos,ottoda-costa@example.org,95611174831.0,1991-05-12,Masc,Paraná,Casado/a,Aposentado,Outro,ALTA,2024-03-01,Android,+55 81 3964 2312
U03774,Gael,Barros,goncalvesbella@example.org,22950704061.0,1999-03-17,Fem,Paraná,Casado/a,Desempregado,Técnico,MEDIA,2024-03-01,Android,+55 (011) 7649 5284
U03959,Esther,Correia,benicio15@example.net,13345645723.0,1970-01-01,Masc,Pernambuco,Solteiro/a,Aposentado,Superior,ALTA,2024-03-01,iOS,+55 (011) 0929 0472
U00148,José Miguel,Sales,nunesvinicius@example.org,55784117142.0,1970-01-01,Outro,Pernambuco,Divorciado/a,Autônomo,Pós-graduação,ALTA,2024-03-02,Android,(021) 7770 2256
U00564,Yuri,Azevedo,fogacajulia@example.net,75860579045.0,1970-01-01,Outro,Minas Gerais,Viúvo/a,Estudante,Ensino Médio,MEDIA,2024-03-02,Android,0500 815 0717
U01125,João Lucas,Pires,vitoria98@example.org,16987966887.0,1978-09-27,Outro,Distrito Federal,Casado/a,Desempregado,Ensino Médio,ALTA,2024-03-02,Android,71 8316 4592
U01210,Murilo,Andrade,alexandrerios@example.org,33111430516.0,1970-01-01,Fem,Paraná,Casado/a,Empregado,Superior,MEDIA,2024-03-02,iOS,+55 31 4812-2780
U02263,Marcos Vinicius,Novaes,emanuel23@example.com,43198570137.0,1971-10-14,Fem,Rio Grande do Sul,Viúvo/a,Empregado,Superior,BAIXA,2024-03-02,Android,+55 71 6914 0611
U02591,Mirella,Souza,asousa@example.com,16856011198.0,1977-09-24,Outro,São Paulo,Divorciado/a,Desempregado,Outro,ALTA,2024-03-02,Android,+55 71 8680-9511
U03143,Ana Julia,da Costa,osilva@example.com,22312715965.0,1978-08-10,Outro,Bahia,Divorciado/a,Empregado,Outro,MEDIA,2024-03-02,Android,+55 11 0883 3076
U01522,Bárbara,Cavalcanti,castromateus@example.org,62657300211.0,1992-12-03,Masc,Rio de Janeiro,Solteiro/a,Autônomo,Técnico,ALTA,2024-03-03,Android,+55 11 2781-8969
U02111,Ísis,Sá,milenasampaio@example.org,42656880757.0,1970-01-01,Masc,Ceará,Solteiro/a,Desempregado,Pós-graduação,BAIXA,2024-03-03,Android,41 7408-9587
U03707,Yuri,Mendes,sararios@example.com,18602090593.0,1978-03-12,Masc,Rio de Janeiro,Solteiro/a,Aposentado,Pós-graduação,ALTA,2024-03-03,iOS,0800-941-2816
U00168,Enrico,Mendonça,ravygomes@example.org,48485752169.0,1977-07-08,Masc,Rio Grande do Sul,Divorciado/a,Aposentado,Superior,MEDIA,2024-03-04,iOS,+55 (041) 2612-9502
U02971,Maria Júlia,Moreira,tbrito@example.com,47463669331.0,1980-09-27,Outro,Bahia,Viúvo/a,Desempregado,Pós-graduação,MEDIA,2024-03-04,Android,+55 (011) 0594-9846
U03369,Manuela,Abreu,rioscaleb@example.org,48350062846.0,1992-08-02,Outro,Ceará,Viúvo/a,Desempregado,Superior,MEDIA,2024-03-04,Android,(041) 0252 9329
U01899,Benício,Pastor,rda-paz@example.com,37929755816.0,1996-01-07,Masc,Distrito Federal,Solteiro/a,Empregado,Ensino Médio,BAIXA,2024-03-05,iOS,(071) 2307 3433
U03671,Raquel,Nogueira,osilveira@example.org,13312699512.0,1970-01-01,Outro,Paraná,Casado/a,Estudante,Pós-graduação,ALTA,2024-03-05,Android,81 5033 1108
U03711,Mariana,Machado,sophienovaes@example.net,17042783350.0,1971-04-04,Fem,Rio de Janeiro,Casado/a,Aposentado,Técnico,MEDIA,2024-03-05,Android,84 1001-3003
U01259,Letícia,da Costa,melissa81@example.net,84271906748.0,1980-05-24,Fem,Distrito Federal,Viúvo/a,Desempregado,Superior,ALTA,2024-03-06,iOS,(041) 3464-6300
U02468,Theo,Cassiano,nmacedo@example.net,56368998271.0,1984-08-27,Outro,Minas Gerais,Divorciado/a,Desempregado,Ensino Médio,BAIXA,2024-03-06,iOS,11 3619-9350
U03145,Josué,Sá,thalesbarbosa@example.org,34483400653.0,1970-01-01,Outro,Pernambuco,Solteiro/a,Empregado,Pós-graduação,BAIXA,2024-03-06,Android,+55 (084) 7146-6598
U03417,Maria Helena,Abreu,benicio85@example.net,51144459401.0,1970-01-01,Masc,São Paulo,Viúvo/a,Autônomo,Pós-graduação,BAIXA,2024-03-06,iOS,11 4189-9425
U03879,Ravi Lucca,Sá,benjamim78@example.net,57481894465.0,1972-08-29,Fem,Minas Gerais,Solteiro/a,Autônomo,Superior,BAIXA,2024-03-06,iOS,71 0688 7111
U04603,Diego,da Mata,caio19@example.org,35579266110.0,1983-07-02,Masc,Rio Grande do Sul,Viúvo/a,Desempregado,Ensino Médio,BAIXA,2024-03-06,Android,51 6406 2783
U03652,João Miguel,Ramos,tlopes@example.org,81712353595.0,1970-01-01,Masc,Rio Grande do Sul,Divorciado/a,Autônomo,Técnico,MEDIA,2024-03-07,Android,+55 21 3109-4293
U04512,Calebe,Viana,joao-vitorsa@example.com,18932592140.0,1970-01-01,Masc,Bahia,Viúvo/a,Autônomo,Outro,BAIXA,2024-03-07,Android,71 8842 6794
U02964,Joana,Casa Grande,ravy90@example.net,33254871111.0,2001-12-25,Masc,Pernambuco,Solteiro/a,Estudante,Técnico,ALTA,2024-03-08,iOS,0300 856 0937
U00447,Bryan,Sousa,aliciada-rosa@example.com,82937662577.0,1988-11-13,Fem,Rio de Janeiro,Viúvo/a,Estudante,Superior,ALTA,2024-03-09,iOS,+55 (061) 9729 3582
U02945,Anna Liz,Cavalcante,lmendonca@example.com,65369900042.0,1970-01-01,Fem,Distrito Federal,Solteiro/a,Aposentado,Outro,BAIXA,2024-03-09,Android,0500 400 7500
U03814,Marcela,Nogueira,da-rosapedro@example.com,14480377273.0,2005-10-16,Fem,Distrito Federal,Solteiro/a,Aposentado,Pós-graduação,ALTA,2024-03-09,Android,+55 71 8413-7383
U04079,Valentina,Rodrigues,vinicius52@example.net,86740721701.0,1992-10-01,Outro,São Paulo,Viúvo/a,Estudante,Outro,BAIXA,2024-03-09,Android,(071) 1399 4954
U04450,Davi Lucas,Silveira,vargasandre@example.net,36358380055.0,1970-01-01,Outro,São Paulo,Casado/a,Aposentado,Técnico,ALTA,2024-03-09,iOS,+55 84 7519 6645
U00804,Ágatha,Jesus,valentina80@example.com,68292243344.0,1970-01-01,Fem,Rio Grande do Sul,Solteiro/a,Desempregado,Superior,ALTA,2024-03-10,iOS,31 1506 5439
U03811,Isaac,Marques,machadovalentim@example.org,73010764030.0,1999-10-28,Outro,Minas Gerais,Solteiro/a,Aposentado,Outro,BAIXA,2024-03-10,Android,84 9742 3399
U04697,Melissa,Fogaça,gguerra@example.com,25258895019.0,1970-01-01,Masc,São Paulo,Viúvo/a,Aposentado,Técnico,ALTA,2024-03-10,iOS,+55 (021) 6273 8817
U00174,José Miguel,Rocha,rhavi83@example.net,67067534552.0,1970-01-01,Fem,Paraná,Solteiro/a,Autônomo,Pós-graduação,BAIXA,2024-03-11,Android,+55 (011) 2162 9906
U02368,Oliver,Gomes,thales32@example.com,87201312145.0,1970-05-13,Fem,Rio Grande do Sul,Viúvo/a,Empregado,Pós-graduação,ALTA,2024-03-11,Android,71 4609 7170
U02740,Ana Clara,Brito,sabrinagoncalves@example.org,27499370522.0,1970-01-01,Masc,Rio de Janeiro,Solteiro/a,Aposentado,Ensino Médio,ALTA,2024-03-11,iOS,(061) 6120 0942
U03421,Raquel,Carvalho,tvasconcelos@example.com,44069835620.0,1989-02-17,Outro,Paraná,Solteiro/a,Desempregado,Pós-graduação,BAIXA,2024-03-11,Android,(021) 5814 8313
U04478,Mariana,Monteiro,diogo01@example.net,47807710615.0,1972-11-26,Masc,Rio de Janeiro,Casado/a,Empregado,Técnico,BAIXA,2024-03-11,Android,(011) 1742 5555
U02294,Rael,Pacheco,nrios@example.net,58257164824.0,1986-04-11,Outro,Pernambuco,Solteiro/a,Empregado,Pós-graduação,BAIXA,2024-03-12,iOS,+55 (041) 8085-2653
U03537,Breno,Gonçalves,mmoura@example.net,19786584448.0,1970-06-26,Outro,Distrito Federal,Viúvo/a,Aposentado,Outro,BAIXA,2024-03-12,Android,+55 41 6744 1158
U03853,Alice,da Rocha,sarah56@example.org,77996090352.0,2001-11-30,Masc,Bahia,Viúvo/a,Desempregado,Pós-graduação,BAIXA,2024-03-12,iOS,(021) 6513-5099
U00032,Erick,Vieira,udas-neves@example.com,81063452680.0,1997-02-20,Outro,Minas Gerais,Solteiro/a,Autônomo,Pós-graduação,MEDIA,2024-03-13,iOS,+55 11 5625-7742
U00129,Rodrigo,Camargo,albuquerquegabriela@example.com,11857063161.0,1983-05-09,Outro,Distrito Federal,Solteiro/a,Desempregado,Técnico,ALTA,2024-03-13,iOS,+55 (084) 9142-7513
U02267,Marina,Campos,pda-mota@example.com,53131851976.0,1970-01-01,Masc,São Paulo,Solteiro/a,Autônomo,Outro,BAIXA,2024-03-13,iOS,(061) 9438-8450
U02603,Pietro,Pacheco,maria-fernanda29@example.com,47223049126.0,1970-01-01,Outro,Paraná,Viúvo/a,Autônomo,Técnico,ALTA,2024-03-13,iOS,(021) 7929-8543
U00074,Igor,Melo,correiaana-julia@example.net,43524473360.0,2006-08-23,Fem,Minas Gerais,Solteiro/a,Aposentado,Técnico,BAIXA,2024-03-14,iOS,+55 (071) 7821 8294
U01619,Cecília,Santos,nicoleda-mota@example.net,26272010604.0,2003-06-01,Fem,Bahia,Viúvo/a,Aposentado,Ensino Médio,ALTA,2024-03-14,iOS,0800-397-7799
U02028,Rafaela,Montenegro,albuquerquegiovanna@example.net,87365850671.0,1970-01-01,Fem,Bahia,Viúvo/a,Autônomo,Outro,BAIXA,2024-03-14,iOS,0800 529 2333
U00210,Kamilly,Vasconcelos,duartedavi-luiz@example.net,18179935316.0,1981-11-10,Masc,Ceará,Casado/a,Autônomo,Outro,ALTA,2024-03-15,Android,(051) 0762-5315
U02512,Ana Vitória,Cirino,cardosogael@example.org,33883160427.0,1988-07-19,Fem,Bahia,Divorciado/a,Aposentado,Outro,MEDIA,2024-03-15,iOS,(071) 4704 5214
U04622,Natália,Aparecida,ocarvalho@example.org,58953654054.0,1988-04-08,Fem,Ceará,Solteiro/a,Autônomo,Pós-graduação,MEDIA,2024-03-15,Android,+55 (041) 1770 5005
U00644,Stella,Aparecida,pazevedo@example.net,32200672225.0,1970-01-01,Masc,Distrito Federal,Viúvo/a,Desempregado,Pós-graduação,MEDIA,2024-03-16,Android,+55 61 3363-7563
U02797,Ana Laura,Correia,ununes@example.net,96753075502.0,1983-08-01,Outro,Bahia,Viúvo/a,Estudante,Pós-graduação,BAIXA,2024-03-16,Android,+55 51 7739 4418
U03028,Luiza,Correia,silveiradavi-luiz@example.net,39612896777.0,1970-01-01,Outro,Ceará,Solteiro/a,Aposentado,Outro,BAIXA,2024-03-16,Android,0900-041-6562
U03499,Maysa,Jesus,adias@example.net,49736981621.0,1970-01-01,Masc,Paraná,Casado/a,Aposentado,Técnico,BAIXA,2024-03-16,Android,+55 (084) 7228 2112
U04749,Luiz Miguel,Pacheco,melissa44@example.com,84678712043.0,1970-01-01,Masc,Ceará,Viúvo/a,Empregado,Pós-graduação,ALTA,2024-03-16,Android,51 6743 0471
U01550,Maitê,da Cruz,joana77@example.net,94756680773.0,2001-11-01,Outro,Bahia,Viúvo/a,Aposentado,Pós-graduação,BAIXA,2024-03-17,iOS,+55 (041) 1401-8788
U03889,Thiago,Abreu,novaesbenjamin@example.org,46048377610.0,1970-01-01,Outro,Distrito Federal,Viúvo/a,Empregado,Técnico,BAIXA,2024-03-17,iOS,(031) 5885-5751
U04125,Marcos Vinicius,da Costa,isispacheco@example.org,31764609807.0,1970-01-01,Masc,Rio Grande do Sul,Solteiro/a,Empregado,Pós-graduação,BAIXA,2024-03-17,Android,84 6918 7028
U01514,Marina,Azevedo,da-cunhaana-carolina@example.com,79054440542.0,1970-01-01,Masc,Bahia,Casado/a,Autônomo,Técnico,ALTA,2024-03-18,iOS,71 2102-4111
U02420,Ryan,das Neves,isabelly30@example.org,41646420309.0,1970-01-01,Masc,Ceará,Casado/a,Desempregado,Pós-graduação,MEDIA,2024-03-18,Android,(021) 5358 5119
U03917,Luiz Otávio,Cardoso,sasofia@example.org,21415457869.0,1983-01-31,Masc,Bahia,Viúvo/a,Autônomo,Técnico,BAIXA,2024-03-18,Android,(084) 1651-9692
U04367,Asafe,Barbosa,ryanbrito@example.org,55068159753.0,2001-08-15,Outro,Paraná,Viúvo/a,Desempregado,Pós-graduação,ALTA,2024-03-18,Android,+55 (071) 3120 4607
U04438,Emanuel,Gonçalves,mmontenegro@example.net,81114033190.0,1974-05-11,Fem,Bahia,Solteiro/a,Aposentado,Ensino Médio,BAIXA,2024-03-18,iOS,0300 358 5678
U04891,Gabriela,Nascimento,juliamendes@example.org,56209697876.0,1987-02-22,Outro,Paraná,Solteiro/a,Empregado,Técnico,ALTA,2024-03-18,Android,+55 (021) 0279 0602
U00415,Mariane,Novaes,maria-vitoriacamara@example.net,71998977091.0,1982-09-26,Fem,Paraná,Casado/a,Desempregado,Outro,BAIXA,2024-03-19,Android,(081) 0847 1261
U00668,Hellena,Lopes,vasconcelosheitor@example.org,78895535943.0,1970-01-01,Outro,São Paulo,Viúvo/a,Estudante,Outro,BAIXA,2024-03-19,Android,+55 61 7046-2675
U01314,Marcela,Fernandes,cmontenegro@example.com,38916607255.0,1970-01-01,Outro,Rio Grande do Sul,Divorciado/a,Estudante,Pós-graduação,MEDIA,2024-03-19,iOS,81 2281 4510
U02102,Ana Lívia,Gomes,heitor61@example.org,34268428177.0,1986-01-20,Fem,Rio Grande do Sul,Solteiro/a,Autônomo,Ensino Médio,ALTA,2024-03-19,iOS,(051) 4608-5692
U02256,Luigi,Borges,biancada-conceicao@example.net,25577592019.0,1970-01-01,Fem,São Paulo,Divorciado/a,Autônomo,Técnico,ALTA,2024-03-20,iOS,(061) 0321 4341
U04909,Luara,Andrade,novaesluiz-felipe@example.org,44201756066.0,1970-01-01,Outro,Minas Gerais,Solteiro/a,Empregado,Outro,ALTA,2024-03-20,iOS,+55 84 0262-8119
U00347,Gabriela,Costa,hellena47@example.com,50584218094.0,1986-01-31,Masc,Rio Grande do Sul,Casado/a,Desempregado,Técnico,MEDIA,2024-03-21,Android,41 9448-9613
U01303,Fernando,Borges,rnovais@example.com,20568260688.0,1992-07-14,Masc,Ceará,Casado/a,Estudante,Técnico,BAIXA,2024-03-21,Android,+55 (051) 4056-7046
U01421,Olivia,Mendes,garciatheo@example.org,70816474645.0,2004-10-22,Fem,Distrito Federal,Divorciado/a,Estudante,Outro,BAIXA,2024-03-21,Android,(081) 7270-9151
U00067,Heloisa,Araújo,henriquecavalcanti@example.org,11813425473.0,1970-01-01,Fem,Rio de Janeiro,Solteiro/a,Estudante,Outro,BAIXA,2024-03-22,Android,+55 81 6980-7426
U04405,Lara,Vargas,luiza99@example.com,90331247550.0,1974-10-04,Masc,Distrito Federal,Casado/a,Empregado,Ensino Médio,ALTA,2024-03-22,Android,+55 (061) 6152 6323
U04434,Melina,das Neves,cvasconcelos@example.com,18775882738.0,2006-10-09,Masc,Minas Gerais,Casado/a,Estudante,Técnico,BAIXA,2024-03-22,iOS,+55 61 5090-6826
U04874,Ryan,Lopes,gjesus@example.org,63401458049.0,2004-07-12,Fem,Rio Grande do Sul,Solteiro/a,Autônomo,Outro,ALTA,2024-03-22,Android,71 9566 3841
U04912,Ana Laura,Peixoto,lorenzopires@example.net,25504067448.0,2004-01-16,Masc,Bahia,Solteiro/a,Autônomo,Técnico,ALTA,2024-03-22,Android,+55 71 5399-1721
U00183,Bryan,Nogueira,vitor-hugoramos@example.org,51427962452.0,1994-03-11,Fem,Paraná,Divorciado/a,Desempregado,Pós-graduação,BAIXA,2024-03-23,Android,+55 31 1798 3116
U01098,Maria Sophia,da Luz,wsantos@example.com,96853889234.0,1970-01-01,Masc,Pernambuco,Solteiro/a,Empregado,Superior,ALTA,2024-03-23,iOS,(071) 3463 2331
U02806,Enrico,Lopes,hcarvalho@example.org,45685427176.0,1970-01-01,Fem,São Paulo,Casado/a,Desempregado,Técnico,MEDIA,2024-03-23,iOS,+55 71 1658 8149
U03095,Aylla,Caldeira,eviana@example.net,14601507587.0,1978-03-20,Outro,Distrito Federal,Divorciado/a,Aposentado,Superior,MEDIA,2024-03-23,iOS,+55 31 0566 3031
U03389,Mateus,Pacheco,mazevedo@example.com,26861315801.0,1988-06-14,Masc,Distrito Federal,Divorciado/a,Autônomo,Pós-graduação,ALTA,2024-03-23,Android,11 0483 0080
U00278,Fernanda,da Luz,imoreira@example.net,48391516413.0,1970-01-01,Outro,Ceará,Divorciado/a,Desempregado,Pós-graduação,MEDIA,2024-03-24,Android,+55 51 6500 3020
U01984,Enrico,Vasconcelos,ada-rosa@example.net,35272814316.0,1975-02-12,Outro,Bahia,Viúvo/a,Estudante,Superior,MEDIA,2024-03-24,iOS,0800-119-5421
U02454,Mariane,Melo,lnunes@example.com,45197838902.0,1970-01-01,Masc,Bahia,Solteiro/a,Autônomo,Técnico,ALTA,2024-03-24,iOS,0500-077-6466
U02904,Vinícius,da Rocha,yrocha@example.org,81319652736.0,1970-01-01,Fem,Minas Gerais,Casado/a,Aposentado,Técnico,MEDIA,2024-03-24,iOS,+55 (081) 2280 2531
U01890,Sara,Borges,manuelapastor@example.net,24831240823.0,1970-01-01,Outro,Bahia,Divorciado/a,Empregado,Ensino Médio,ALTA,2024-03-25,iOS,+55 (031) 4578-6007
U00895,Aylla,Dias,nascimentostephany@example.net,81306913002.0,1997-04-19,Fem,Pernambuco,Divorciado/a,Empregado,Técnico,MEDIA,2024-03-26,iOS,51 4081 1968
U01397,André,Siqueira,britoalana@example.com,82604274521.0,1978-08-20,Outro,Distrito Federal,Solteiro/a,Estudante,Outro,MEDIA,2024-03-26,iOS,0500 491 8302
U03044,Nicolas,Fonseca,andradeyan@example.net,98581115748.0,1976-05-07,Outro,Pernambuco,Divorciado/a,Aposentado,Pós-graduação,ALTA,2024-03-26,iOS,71 1964-5662
U00158,Josué,Viana,dteixeira@example.com,48490482663.0,1994-12-12,Masc,Rio Grande do Sul,Casado/a,Empregado,Pós-graduação,ALTA,2024-03-27,iOS,+55 (071) 9082-5929
U00177,Bento,Peixoto,evelynda-luz@example.net,77596910370.0,1970-01-01,Outro,Minas Gerais,Viúvo/a,Desempregado,Técnico,MEDIA,2024-03-27,iOS,(021) 6100 3245
U00544,João Felipe,Fogaça,franciscopacheco@example.org,98813067615.0,2007-06-22,Masc,Paraná,Casado/a,Empregado,Ensino Médio,BAIXA,2024-03-27,Android,0900-227-1160
U00758,Luiz Miguel,Borges,ravy52@example.com,82801455001.0,2003-03-31,Fem,Rio de Janeiro,Solteiro/a,Autônomo,Ensino Médio,BAIXA,2024-03-27,iOS,+55 (051) 3638-1112
U01406,Guilherme,Costa,moraesoliver@example.com,37008063081.0,1970-01-01,Outro,Paraná,Viúvo/a,Desempregado,Superior,BAIXA,2024-03-27,Android,71 2252 4870
U03231,Jade,Nascimento,gaelpacheco@example.org,83391935922.0,1980-06-26,Outro,Pernambuco,Divorciado/a,Empregado,Outro,MEDIA,2024-03-27,Android,0800 382 0910
U03542,Vinícius,Souza,ana-carolinaramos@example.com,43313018999.0,1982-12-10,Fem,Paraná,Viúvo/a,Desempregado,Superior,ALTA,2024-03-27,Android,0900 949 0362
U03823,Rodrigo,Lima,luiz-otavioborges@example.com,29885423740.0,1970-01-01,Fem,Pernambuco,Viúvo/a,Empregado,Outro,ALTA,2024-03-27,Android,+55 (031) 0291-0420
U04868,Sara,Viana,davi-lucas54@example.com,85469602575.0,1970-01-01,Fem,Bahia,Viúvo/a,Estudante,Outro,MEDIA,2024-03-27,Android,41 5138-2495
U03914,Alice,Moreira,cavalcantijulia@example.net,20596811220.0,1970-01-01,Masc,Rio de Janeiro,Divorciado/a,Empregado,Outro,ALTA,2024-03-29,Android,(011) 6825 7273
U03948,Agatha,Gonçalves,giovannafreitas@example.com,89957979795.0,1971-03-22,Masc,Rio de Janeiro,Viúvo/a,Autônomo,Superior,BAIXA,2024-03-29,Android,(041) 9066 7197
U00084,Nicolas,das Neves,pietra42@example.com,55681846110.0,1970-01-01,Masc,Pernambuco,Divorciado/a,Autônomo,Ensino Médio,BAIXA,2024-03-30,iOS,0300 316 8691
U02194,Ísis,Pinto,casa-grandemaria-fernanda@example.net,24009382134.0,1980-03-05,Outro,Distrito Federal,Casado/a,Estudante,Outro,ALTA,2024-03-31,Android,11 7111-1933
U02467,Rael,Casa Grande,rochabernardo@example.com,62808805395.0,1970-01-01,Masc,Pernambuco,Divorciado/a,Empregado,Técnico,BAIXA,2024-03-31,iOS,71 1014-7929
U02675,Melina,Sampaio,jose-miguelcirino@example.org,77873169134.0,1970-01-01,Masc,Minas Gerais,Divorciado/a,Empregado,Técnico,MEDIA,2024-03-31,iOS,+55 (081) 5788-9666
U02884,Dom,da Paz,da-matajoao-pedro@example.org,12704596343.0,1984-02-19,Masc,São Paulo,Viúvo/a,Estudante,Superior,ALTA,2024-03-31,Android,(061) 9737 7636
U04919,Emilly,da Rosa,rezendearthur@example.com,38204792156.0,1977-09-18,Masc,Distrito Federal,Casado/a,Empregado,Outro,ALTA,2024-03-31,Android,0800-586-3492
U00151,Arthur Miguel,Leão,bryan29@example.com,67347836965.0,1987-07-08,Fem,Minas Gerais,Viúvo/a,Empregado,Superior,MEDIA,2024-04-01,Android,+55 71 7687-4578
U01414,Beatriz,Nascimento,bruna36@example.com,33808920482.0,1986-07-28,Masc,Paraná,Casado/a,Aposentado,Superior,BAIXA,2024-04-01,Android,+55 (051) 1934-5970
U02820,Daniel,Casa Grande,laviniaazevedo@example.net,17078965758.0,1988-11-25,Masc,São Paulo,Viúvo/a,Empregado,Outro,MEDIA,2024-04-01,iOS,+55 61 0641 1161
U03721,Kevin,Lima,kamilly55@example.org,18027729186.0,1990-07-16,Outro,São Paulo,Divorciado/a,Desempregado,Ensino Médio,MEDIA,2024-04-01,Android,41 3904 8554
U03982,Maria Isis,Ramos,kalbuquerque@example.net,16560715153.0,1991-04-03,Outro,Distrito Federal,Casado/a,Aposentado,Técnico,BAIXA,2024-04-01,Android,(011) 7958 7166
U04192,Fernanda,Sousa,laissilva@example.org,77285368689.0,1970-01-01,Outro,Pernambuco,Casado/a,Desempregado,Superior,MEDIA,2024-04-01,iOS,11 4325-8868
U00535,Lorena,Fernandes,nmacedo@example.com,35495806562.0,1998-07-18,Masc,São Paulo,Viúvo/a,Desempregado,Ensino Médio,BAIXA,2024-04-02,Android,+55 81 3347-9784
U03346,Julia,Fernandes,goncalvessara@example.com,67679476607.0,1970-01-01,Outro,Ceará,Viúvo/a,Estudante,Pós-graduação,MEDIA,2024-04-02,Android,41 0154 5378
U03516,Gael,da Luz,camargosara@example.org,20610627992.0,1987-09-03,Fem,Ceará,Casado/a,Aposentado,Ensino Médio,ALTA,2024-04-02,iOS,31 0741-7252
U04113,Isabel,Câmara,cmendes@example.net,72685226668.0,1970-01-01,Outro,Ceará,Casado/a,Aposentado,Outro,BAIXA,2024-04-02,Android,+55 51 8872 8073
U04994,Beatriz,Pinto,pgomes@example.com,31694682959.0,1999-11-04,Fem,São Paulo,Viúvo/a,Estudante,Pós-graduação,MEDIA,2024-04-02,Android,31 9358-0483
U00989,Caio,Montenegro,bmendonca@example.net,42915136533.0,1971-02-23,Masc,Distrito Federal,Solteiro/a,Estudante,Outro,MEDIA,2024-04-03,iOS,(081) 7176-1980
U01140,Helena,Cardoso,beniciomonteiro@example.org,47731474077.0,1991-03-01,Outro,Rio de Janeiro,Solteiro/a,Empregado,Pós-graduação,ALTA,2024-04-03,Android,+55 (021) 3645 7600
U02375,Melina,da Cruz,luarafreitas@example.org,90814480637.0,1975-12-16,Outro,Distrito Federal,Solteiro/a,Desempregado,Superior,ALTA,2024-04-03,iOS,+55 61 9833-5723
U03304,Bruno,Vieira,francisco56@example.net,61174505537.0,1995-11-10,Outro,Ceará,Viúvo/a,Desempregado,Outro,MEDIA,2024-04-03,Android,(071) 0409 2296
U04119,Arthur,Vargas,milena95@example.net,77987511402.0,1972-12-13,Outro,Distrito Federal,Casado/a,Aposentado,Outro,ALTA,2024-04-03,iOS,(084) 7247 0679
U04766,Sabrina,Novaes,pporto@example.net,47857438149.0,1988-05-12,Outro,Rio Grande do Sul,Divorciado/a,Aposentado,Pós-graduação,BAIXA,2024-04-03,Android,+55 (071) 7519 6102
U00367,Nathan,Caldeira,lpimenta@example.com,54840094936.0,2001-05-14,Fem,São Paulo,Casado/a,Autônomo,Pós-graduação,MEDIA,2024-04-04,Android,21 4684-0437
U01422,Lucas,Alves,manuela10@example.org,57582042511.0,1970-01-01,Fem,São Paulo,Solteiro/a,Aposentado,Ensino Médio,ALTA,2024-04-04,Android,0900-214-1149
U01972,Isabel,Novais,stephanybarbosa@example.net,64010687548.0,1970-01-01,Fem,Bahia,Casado/a,Empregado,Outro,BAIXA,2024-04-04,Android,81 6719-9151
U03825,Maria Laura,Silva,jose-pedro95@example.com,44058486182.0,1980-01-02,Masc,Ceará,Viúvo/a,Aposentado,Outro,MEDIA,2024-04-04,iOS,(084) 2657-3892
U04052,Théo,Rodrigues,santosjoana@example.com,15065389378.0,1970-01-01,Masc,Minas Gerais,Divorciado/a,Aposentado,Outro,ALTA,2024-04-04,Android,+55 (051) 6344 1658
U04553,Oliver,Costela,luiz-miguel74@example.org,14323367141.0,1976-07-05,Fem,Distrito Federal,Casado/a,Empregado,Outro,BAIXA,2024-04-04,iOS,(031) 0559-4896
U04619,Eloah,Lopes,peixotomaria-laura@example.org,85547897616.0,1970-01-01,Outro,Rio de Janeiro,Casado/a,Empregado,Outro,BAIXA,2024-04-04,iOS,21 1381-6906
U04949,Emilly,Teixeira,biancasantos@example.org,16778335030.0,2004-07-10,Fem,São Paulo,Solteiro/a,Autônomo,Superior,ALTA,2024-04-04,iOS,+55 (041) 5442 4775
U00502,Diogo,Sales,da-luzvitor-hugo@example.org,15715075454.0,2001-04-26,Fem,Rio de Janeiro,Viúvo/a,Empregado,Pós-graduação,MEDIA,2024-04-05,Android,31 5922-8186
U01207,Matteo,Teixeira,maria-julia06@example.com,15518536313.0,1974-06-12,Fem,Pernambuco,Casado/a,Estudante,Ensino Médio,MEDIA,2024-04-05,iOS,0300 207 7007
U02058,Emanuelly,Monteiro,correiaanthony@example.net,97867983286.0,2004-04-24,Masc,Minas Gerais,Casado/a,Aposentado,Superior,ALTA,2024-04-05,iOS,+55 (051) 6300-3829
U02106,Cecília,Carvalho,ppereira@example.net,48635985706.0,1993-11-08,Masc,São Paulo,Divorciado/a,Aposentado,Outro,MEDIA,2024-04-05,Android,0800-274-7683
U03872,Gabrielly,Araújo,melissabarbosa@example.com,32477977820.0,1987-02-19,Outro,São Paulo,Divorciado/a,Empregado,Outro,BAIXA,2024-04-05,iOS,+55 (021) 5100-2108
U04290,Ryan,da Cruz,moreiraanna-liz@example.net,37314360101.0,1993-02-14,Outro,Ceará,Casado/a,Estudante,Pós-graduação,BAIXA,2024-04-05,iOS,(084) 0390 4740
U00241,Henry,Siqueira,aragaothales@example.net,20552025113.0,1970-01-01,Masc,Paraná,Casado/a,Aposentado,Ensino Médio,ALTA,2024-04-06,iOS,(084) 0271-9345
U01055,Bryan,Andrade,hcampos@example.com,82462729954.0,1970-01-01,Outro,Bahia,Divorciado/a,Estudante,Outro,MEDIA,2024-04-06,iOS,51 4399 4527
U03568,Henry Gabriel,Nogueira,olivia73@example.net,98979514070.0,1970-01-01,Outro,Ceará,Viúvo/a,Empregado,Superior,MEDIA,2024-04-06,Android,51 6648 1647
U04432,Jade,Jesus,xaraujo@example.net,38307816163.0,1998-04-20,Fem,São Paulo,Viúvo/a,Desempregado,Superior,ALTA,2024-04-06,iOS,(051) 9511 3061
U04485,Maria Isis,da Costa,aylamacedo@example.com,45045706171.0,1980-06-07,Masc,Rio Grande do Sul,Solteiro/a,Aposentado,Superior,BAIXA,2024-04-06,Android,0900-786-8272
U04742,Henry,Rezende,maria-isisguerra@example.net,86812344821.0,1970-01-01,Masc,São Paulo,Solteiro/a,Autônomo,Ensino Médio,MEDIA,2024-04-06,Android,+55 84 7152-6268
U00296,Miguel,Pinto,qda-paz@example.net,88780964805.0,1982-07-06,Fem,Minas Gerais,Divorciado/a,Autônomo,Outro,ALTA,2024-04-07,Android,(081) 6555-1819
U01187,Samuel,Novaes,maria-isis38@example.com,24884949208.0,1976-05-05,Masc,Minas Gerais,Divorciado/a,Empregado,Técnico,MEDIA,2024-04-07,iOS,(051) 3340 1123
U01562,Ágatha,Alves,silveirayago@example.org,30703071701.0,1970-01-01,Masc,Rio de Janeiro,Solteiro/a,Autônomo,Ensino Médio,BAIXA,2024-04-07,Android,+55 (021) 6745 1912
U02627,Isis,Ribeiro,maria-julia03@example.net,91129307337.0,1975-03-09,Masc,Ceará,Solteiro/a,Autônomo,Pós-graduação,BAIXA,2024-04-07,Android,0900 711 6440
U02576,Yago,Novaes,bernardoda-conceicao@example.net,78134103496.0,1975-05-11,Fem,Pernambuco,Viúvo/a,Empregado,Técnico,ALTA,2024-04-08,iOS,0300-843-4957
U03606,Mateus,Jesus,arthurbarros@example.com,43894266611.0,1970-01-01,Masc,Pernambuco,Casado/a,Estudante,Pós-graduação,BAIXA,2024-04-08,iOS,(081) 0137 5093
U00027,Ana Lívia,Silveira,maria-julia04@example.net,75138457533.0,1991-04-29,Masc,São Paulo,Casado/a,Empregado,Ensino Médio,ALTA,2024-04-09,iOS,(071) 7115 2438
U01220,Clara,Pastor,monteirolarissa@example.org,73746375903.0,1970-01-01,Outro,Pernambuco,Solteiro/a,Desempregado,Ensino Médio,BAIXA,2024-04-09,Android,+55 31 8057 5131
U01383,Pietro,Moura,da-luzjoao-pedro@example.com,94779152919.0,2006-01-26,Outro,Minas Gerais,Solteiro/a,Empregado,Ensino Médio,MEDIA,2024-04-09,Android,+55 (061) 6067-9479
U01781,Alexia,Vieira,theoda-conceicao@example.net,11563845987.0,1995-01-30,Fem,Paraná,Casado/a,Desempregado,Outro,MEDIA,2024-04-09,Android,+55 51 4581 8091
U02707,Benício,Pires,valentim83@example.com,20420852561.0,1970-01-01,Masc,Distrito Federal,Solteiro/a,Aposentado,Ensino Médio,ALTA,2024-04-09,Android,+55 81 0280-7258
U03192,Juan,Ferreira,mathiascaldeira@example.com,13109800150.0,1970-01-01,Outro,Rio de Janeiro,Divorciado/a,Autônomo,Técnico,BAIXA,2024-04-09,Android,0900-143-6754
U03366,Bruna,Cardoso,hellenasantos@example.com,80491997868.0,1996-06-13,Masc,Ceará,Divorciado/a,Estudante,Ensino Médio,ALTA,2024-04-09,Android,11 4893-0856
U00733,Ísis,da Rocha,sampaioarthur-gabriel@example.net,37652651034.0,1970-01-01,Fem,Pernambuco,Viúvo/a,Estudante,Outro,ALTA,2024-04-10,iOS,84 9048-8559
U03174,Alícia,Sales,alexandregoncalves@example.org,38777558081.0,1988-07-24,Outro,Ceará,Solteiro/a,Estudante,Ensino Médio,BAIXA,2024-04-10,iOS,(021) 3323-8608
U03473,Letícia,Costela,pedro-henrique85@example.org,64814157255.0,1976-12-28,Masc,Pernambuco,Casado/a,Autônomo,Técnico,BAIXA,2024-04-10,Android,+55 (081) 7162 4323
U04878,Sabrina,da Conceição,caleb55@example.com,83576297923.0,2007-05-06,Fem,Minas Gerais,Casado/a,Desempregado,Técnico,MEDIA,2024-04-10,iOS,(011) 8386-3482
U04964,Davi Luiz,Borges,osantos@example.org,21151956079.0,1970-01-01,Outro,Ceará,Divorciado/a,Estudante,Ensino Médio,BAIXA,2024-04-10,iOS,+55 (031) 0943 5722
U01133,Gustavo,Castro,araujolorenzo@example.net,72795100244.0,1998-06-06,Outro,São Paulo,Casado/a,Desempregado,Técnico,BAIXA,2024-04-11,Android,(041) 9619-7482
U01617,Levi,da Mata,gviana@example.com,70418139937.0,1999-05-05,Fem,Bahia,Solteiro/a,Autônomo,Técnico,BAIXA,2024-04-11,Android,61 5402 2526
U03856,Mirella,Freitas,cirinoravi-lucca@example.net,86914332110.0,1996-08-25,Outro,Rio de Janeiro,Viúvo/a,Aposentado,Ensino Médio,ALTA,2024-04-11,iOS,(084) 6944-5564
U00045,Ayla,Siqueira,ramosemanuelly@example.net,90832589373.0,1970-01-01,Masc,Rio Grande do Sul,Casado/a,Desempregado,Técnico,MEDIA,2024-04-12,Android,+55 (051) 0831 5756
U01236,Vitor,Carvalho,sara11@example.net,27606169855.0,1970-01-01,Fem,Minas Gerais,Solteiro/a,Autônomo,Pós-graduação,ALTA,2024-04-12,Android,+55 (081) 1720-7270
U01311,Sophia,Vargas,nicolas96@example.org,79555183994.0,1992-04-02,Fem,Paraná,Solteiro/a,Estudante,Outro,ALTA,2024-04-12,Android,+55 11 8009 2635
U03087,Anthony,Duarte,pedronunes@example.org,95385626170.0,1996-04-30,Masc,Pernambuco,Divorciado/a,Autônomo,Técnico,BAIXA,2024-04-12,Android,+55 (081) 0266-0096
U00098,Bella,da Rocha,daniel20@example.com,79836849536.0,1970-01-01,Outro,Minas Gerais,Casado/a,Empregado,Ensino Médio,ALTA,2024-04-13,Android,(031) 4960-4638
U00331,Pedro Lucas,Mendes,rebeca33@example.com,81532358872.0,1995-01-25,Masc,Rio de Janeiro,Viúvo/a,Estudante,Outro,ALTA,2024-04-13,Android,11 7451-6125
U01987,Lorena,Almeida,castrocarlos-eduardo@example.net,48530529433.0,1970-01-01,Masc,Bahia,Viúvo/a,Aposentado,Técnico,MEDIA,2024-04-13,Android,+55 71 9509-7099
U02388,Catarina,Teixeira,apollocamara@example.net,46194025934.0,1970-01-01,Masc,Distrito Federal,Solteiro/a,Desempregado,Técnico,ALTA,2024-04-13,iOS,71 2236 2512
U02575,Sophia,Nogueira,rochaisabel@example.net,99387963877.0,1980-01-09,Fem,Distrito Federal,Casado/a,Autônomo,Superior,BAIXA,2024-04-13,Android,0800 162 7505
U02662,Vitória,Rodrigues,pedroda-costa@example.net,41770003355.0,1980-04-23,Fem,Rio de Janeiro,Casado/a,Autônomo,Pós-graduação,BAIXA,2024-04-13,iOS,+55 61 2837 8070
U04151,Eloah,Azevedo,duartenoah@example.net,63840224129.0,1973-11-16,Fem,Distrito Federal,Viúvo/a,Autônomo,Pós-graduação,MEDIA,2024-04-13,iOS,61 9790 7145
U04593,Maria Luiza,da Cruz,icamargo@example.org,44303265016.0,1974-02-19,Fem,São Paulo,Casado/a,Desempregado,Ensino Médio,ALTA,2024-04-13,iOS,(061) 4900-2108
U00681,Renan,Alves,antony15@example.net,81593765192.0,1971-01-26,Masc,Ceará,Divorciado/a,Autônomo,Superior,ALTA,2024-04-14,Android,51 9957 3492
U02157,Ana Vitória,Cirino,rhavisa@example.com,99606255410.0,1997-01-03,Outro,Bahia,Solteiro/a,Estudante,Técnico,MEDIA,2024-04-14,iOS,(011) 8126 8212
U03416,Marcos Vinicius,Azevedo,cpacheco@example.com,32244021599.0,1970-11-03,Masc,Rio Grande do Sul,Solteiro/a,Aposentado,Superior,MEDIA,2024-04-14,iOS,(081) 8901 9603
U03505,Vitor Hugo,da Rocha,maria-liz65@example.org,80857893048.0,1970-01-01,Outro,Rio de Janeiro,Casado/a,Empregado,Pós-graduação,MEDIA,2024-04-14,iOS,(011) 4605-4895
U03779,Vinicius,Mendes,lda-paz@example.org,59641399286.0,1970-01-01,Fem,Rio de Janeiro,Solteiro/a,Desempregado,Técnico,MEDIA,2024-04-14,Android,(051) 1400 0069
U01082,Miguel,Sales,antony91@example.org,48936240867.0,1992-05-04,Masc,São Paulo,Divorciado/a,Empregado,Superior,MEDIA,2024-04-15,Android,0500-846-2440
U02604,Lívia,Moreira,vitoriaporto@example.net,95715591998.0,1989-03-16,Masc,Minas Gerais,Divorciado/a,Empregado,Técnico,ALTA,2024-04-15,iOS,(051) 5367 7978
U04690,Noah,da Cunha,dsouza@example.net,39575354199.0,1977-01-29,Fem,Minas Gerais,Divorciado/a,Estudante,Outro,ALTA,2024-04-15,Android,61 1582 7064
U00551,Vitor,Campos,davi-miguel63@example.org,81135608539.0,1970-01-01,Masc,Distrito Federal,Casado/a,Aposentado,Pós-graduação,BAIXA,2024-04-16,iOS,+55 (081) 8372-0626
U00605,Larissa,Aragão,ianmoraes@example.org,34559702953.0,1996-10-06,Masc,Ceará,Casado/a,Autônomo,Pós-graduação,MEDIA,2024-04-16,iOS,71 2967 1122
U00773,Lorena,Pacheco,hmartins@example.net,35460943653.0,1970-01-01,Masc,São Paulo,Solteiro/a,Desempregado,Ensino Médio,BAIXA,2024-04-16,Android,+55 11 1758-5463
U01092,Gustavo Henrique,Ribeiro,maitecamara@example.org,43304742895.0,1970-01-01,Fem,Ceará,Solteiro/a,Desempregado,Outro,MEDIA,2024-04-16,iOS,11 0259-9149
U01643,Lorenzo,Cirino,sarafonseca@example.net,66746765475.0,1989-12-31,Fem,Pernambuco,Divorciado/a,Estudante,Pós-graduação,BAIXA,2024-04-16,Android,84 7314 7372
U01864,Caio,Carvalho,andre34@example.net,20813824006.0,1970-01-01,Fem,Rio de Janeiro,Divorciado/a,Autônomo,Técnico,ALTA,2024-04-16,iOS,84 9183 3065
U02379,Daniela,Melo,camposmarcela@example.net,97762762670.0,1981-12-30,Masc,Pernambuco,Viúvo/a,Aposentado,Superior,BAIXA,2024-04-16,iOS,+55 (081) 4273-1869
U03406,Allana,Pimenta,eloabrito@example.com,64348837331.0,1976-11-04,Fem,Pernambuco,Solteiro/a,Aposentado,Técnico,MEDIA,2024-04-16,Android,0300 812 4742
U04323,Maria Júlia,Novaes,mlopes@example.com,51115416708.0,1976-08-24,Outro,Rio Grande do Sul,Divorciado/a,Autônomo,Pós-graduação,ALTA,2024-04-16,iOS,(071) 2607-8241
U00805,Isaque,Rodrigues,maria-luizacorreia@example.com,93220011714.0,1970-01-01,Fem,Rio de Janeiro,Casado/a,Empregado,Superior,ALTA,2024-04-17,Android,41 5112 2599
U02462,Diogo,Cavalcante,ana-julia25@example.com,86534080046.0,1980-12-02,Masc,Ceará,Casado/a,Aposentado,Pós-graduação,ALTA,2024-04-17,Android,+55 (011) 6015-3239
U03732,Benício,Moreira,maria-vitoriamelo@example.net,74869471789.0,1998-08-13,Outro,Rio de Janeiro,Viúvo/a,Empregado,Pós-graduação,ALTA,2024-04-17,Android,+55 (011) 9718 5217
U04381,Marcos Vinicius,Marques,barrosdaniela@example.com,64159629754.0,1970-01-01,Fem,São Paulo,Viúvo/a,Aposentado,Ensino Médio,BAIXA,2024-04-17,Android,+55 31 8998-9968
U04464,Marcos Vinicius,Albuquerque,isabela55@example.com,28459986779.0,1970-01-01,Outro,Minas Gerais,Solteiro/a,Autônomo,Pós-graduação,ALTA,2024-04-17,iOS,(071) 5035 1611
U00428,Yasmin,Ramos,melissa15@example.com,41987219909.0,1975-06-30,Masc,Paraná,Divorciado/a,Estudante,Técnico,ALTA,2024-04-18,iOS,(081) 3672 2403
U00736,Diogo,Garcia,levi07@example.com,35568600819.0,1999-10-23,Masc,Distrito Federal,Viúvo/a,Estudante,Ensino Médio,ALTA,2024-04-18,Android,+55 (041) 6629-6130
U01160,Maria Vitória,Garcia,silvaeloah@example.org,48505331401.0,1970-01-01,Masc,Distrito Federal,Solteiro/a,Aposentado,Ensino Médio,ALTA,2024-04-18,Android,+55 (011) 3028-1917
U01911,Marcelo,da Cruz,da-luzaugusto@example.net,69720735925.0,1970-01-01,Fem,Paraná,Viúvo/a,Estudante,Ensino Médio,MEDIA,2024-04-18,iOS,0900-136-5193
U03466,Ayla,Vieira,bsampaio@example.net,15282798459.0,1989-01-14,Masc,Paraná,Solteiro/a,Desempregado,Outro,ALTA,2024-04-18,Android,+55 (071) 3396 5615
U03693,Breno,Novais,raularagao@example.org,76522288382.0,1989-04-17,Masc,Distrito Federal,Casado/a,Desempregado,Técnico,BAIXA,2024-04-18,iOS,71 5472-0764
U04028,Ana Vitória,da Conceição,jesusmaria@example.org,74300528092.0,1987-09-03,Masc,Paraná,Viúvo/a,Estudante,Superior,MEDIA,2024-04-18,iOS,11 4727-5143
U04068,Alana,Almeida,vicente41@example.com,58153212456.0,1985-07-24,Outro,Rio Grande do Sul,Casado/a,Autônomo,Ensino Médio,ALTA,2024-04-18,Android,71 3588-4709
U01248,Fernando,Porto,martinsisabela@example.org,60788540174.0,1981-02-17,Fem,Rio Grande do Sul,Solteiro/a,Desempregado,Técnico,BAIXA,2024-04-19,Android,(061) 7087-8339
U01872,Bernardo,Almeida,mouralavinia@example.com,15983645166.0,1994-12-03,Outro,Rio de Janeiro,Viúvo/a,Empregado,Outro,BAIXA,2024-04-19,Android,+55 (031) 2961-7427
U02078,Mateus,Vargas,cunhaisaac@example.org,67137956256.0,1998-02-01,Outro,Pernambuco,Solteiro/a,Desempregado,Superior,BAIXA,2024-04-19,iOS,41 9024-7638
U02680,Ana Luiza,Abreu,rcamargo@example.net,15090821247.0,1970-01-01,Masc,Rio Grande do Sul,Solteiro/a,Estudante,Ensino Médio,MEDIA,2024-04-19,iOS,(061) 8097-1335
U03048,Benicio,Castro,jcavalcante@example.com,58854583161.0,1998-04-26,Outro,Minas Gerais,Divorciado/a,Empregado,Técnico,BAIXA,2024-04-19,iOS,+55 (031) 0540 9160
U04394,Enrico,Aparecida,da-motaluiz-gustavo@example.org,53860351953.0,1970-01-01,Fem,Paraná,Divorciado/a,Estudante,Superior,MEDIA,2024-04-19,Android,+55 71 6048-2194
U00057,Gabriel,Fonseca,luan42@example.org,60632952594.0,2007-03-29,Outro,Paraná,Divorciado/a,Empregado,Técnico,MEDIA,2024-04-20,Android,61 0292 8787
U00499,Arthur,Campos,olivercampos@example.org,32266852439.0,1994-10-03,Fem,Pernambuco,Solteiro/a,Desempregado,Superior,MEDIA,2024-04-20,Android,0500 935 6932
U00612,Théo,Teixeira,smonteiro@example.com,40499904958.0,2003-10-09,Fem,Ceará,Viúvo/a,Empregado,Outro,MEDIA,2024-04-20,iOS,+55 (081) 8647 9218
U01686,Mariana,Moraes,vitor19@example.net,47609909163.0,1985-01-02,Fem,Ceará,Divorciado/a,Desempregado,Superior,ALTA,2024-04-20,iOS,84 7211 3219
U02045,Jade,das Neves,tjesus@example.com,67925235541.0,1993-09-27,Fem,Minas Gerais,Viúvo/a,Empregado,Superior,BAIXA,2024-04-20,iOS,+55 (081) 1519 8262
U02444,Leonardo,Aparecida,sfonseca@example.net,58123901558.0,2003-08-21,Fem,Ceará,Solteiro/a,Aposentado,Pós-graduação,BAIXA,2024-04-20,iOS,+55 21 4540-3659
U03276,Hadassa,Pereira,lsales@example.org,28951013102.0,1998-03-23,Outro,Paraná,Casado/a,Empregado,Pós-graduação,BAIXA,2024-04-20,iOS,21 8115-2332
U04851,Alexia,Sousa,cavalcantelucas@example.com,33029812061.0,1979-07-11,Fem,Ceará,Viúvo/a,Desempregado,Superior,BAIXA,2024-04-20,iOS,+55 (031) 1092-4185
U00130,Gael,da Cruz,nathan07@example.com,50717287461.0,1970-01-01,Fem,Pernambuco,Viúvo/a,Autônomo,Técnico,ALTA,2024-04-21,iOS,71 1708-9820
U00512,Enzo Gabriel,Aragão,mendoncabrenda@example.org,29421834851.0,1970-01-01,Fem,Paraná,Divorciado/a,Estudante,Superior,BAIXA,2024-04-21,iOS,(041) 7120 5457
U01679,Eloá,Peixoto,martinssabrina@example.net,10386987670.0,2006-12-04,Outro,Rio de Janeiro,Divorciado/a,Aposentado,Ensino Médio,MEDIA,2024-04-21,Android,(041) 5646 2463
U01870,Ana Liz,Leão,vicente21@example.net,38341044616.0,2000-03-14,Masc,Bahia,Solteiro/a,Autônomo,Técnico,MEDIA,2024-04-21,iOS,+55 (081) 8992-6197
U02955,Lucca,da Cunha,mateus24@example.com,97402849512.0,1986-06-13,Outro,Rio Grande do Sul,Solteiro/a,Estudante,Superior,ALTA,2024-04-21,iOS,84 8803-8904
U02997,Luiz Otávio,Melo,vianaarthur@example.org,53823189743.0,1970-01-01,Masc,Ceará,Viúvo/a,Aposentado,Pós-graduação,MEDIA,2024-04-21,iOS,+55 11 2248-0668
U03980,Luiz Felipe,Cavalcanti,juliananunes@example.org,51724723511.0,2006-06-02,Masc,Paraná,Solteiro/a,Desempregado,Pós-graduação,BAIXA,2024-04-21,Android,81 9729-0577
U04259,Diogo,Sampaio,erickcavalcanti@example.org,86429442661.0,1970-01-01,Fem,Distrito Federal,Casado/a,Desempregado,Outro,ALTA,2024-04-21,Android,71 2399-5942
U00581,Yan,Rocha,rhavi31@example.com,50176160465.0,1976-04-15,Masc,Bahia,Casado/a,Autônomo,Ensino Médio,BAIXA,2024-04-22,Android,+55 (061) 8270 5349
U02293,Pietra,da Mota,hdias@example.com,17030205281.0,1986-03-14,Masc,Rio de Janeiro,Solteiro/a,Aposentado,Ensino Médio,MEDIA,2024-04-22,iOS,0500-344-8329
U04653,Ana Sophia,Garcia,vcastro@example.net,82191447412.0,1970-01-01,Masc,Minas Gerais,Solteiro/a,Aposentado,Pós-graduação,MEDIA,2024-04-22,iOS,11 3525-3761
U04808,Maria Júlia,da Rocha,ana-luiza07@example.net,82939930522.0,1970-01-01,Fem,São Paulo,Solteiro/a,Desempregado,Outro,ALTA,2024-04-22,Android,+55 (011) 4725 2027
U03960,Calebe,Pacheco,machadotheo@example.org,37647906727.0,1970-01-01,Masc,Pernambuco,Solteiro/a,Empregado,Técnico,ALTA,2024-04-23,iOS,71 3715 0703
U00845,João Miguel,Ramos,maria-vitoriaduarte@example.org,99273917839.0,1972-11-12,Outro,Rio Grande do Sul,Solteiro/a,Desempregado,Pós-graduação,ALTA,2024-04-24,Android,+55 11 7566 4880
U01445,Vitória,Silva,mabreu@example.org,18615490719.0,1970-01-01,Masc,Bahia,Viúvo/a,Empregado,Ensino Médio,ALTA,2024-04-24,Android,(081) 7498-7112
U02835,Caleb,Cunha,joseda-paz@example.com,54974884630.0,1973-05-12,Fem,Pernambuco,Divorciado/a,Aposentado,Superior,MEDIA,2024-04-24,iOS,84 2673-9996
U03371,Gustavo Henrique,Duarte,umoura@example.net,88377559576.0,1970-01-01,Fem,Distrito Federal,Viúvo/a,Aposentado,Superior,MEDIA,2024-04-24,Android,+55 (011) 4909-5770
U03835,Mateus,Oliveira,evelyn11@example.org,49649049806.0,1989-05-14,Fem,São Paulo,Casado/a,Aposentado,Pós-graduação,ALTA,2024-04-24,Android,(061) 6903-1686
U04713,Oliver,Farias,maysasilva@example.com,76777017138.0,1970-01-01,Outro,Pernambuco,Divorciado/a,Empregado,Pós-graduação,BAIXA,2024-04-24,iOS,(051) 5005 1553
U00965,Cauê,Ribeiro,liviafernandes@example.com,38479798391.0,1979-02-18,Masc,Pernambuco,Divorciado/a,Aposentado,Técnico,ALTA,2024-04-25,Android,(081) 0720-0872
U01962,Anthony,Aparecida,martinseduarda@example.net,17327135461.0,1978-09-28,Outro,Rio Grande do Sul,Casado/a,Autônomo,Técnico,MEDIA,2024-04-25,iOS,+55 61 9148 7106
U02410,Yasmin,Sousa,joana74@example.org,12625858656.0,1970-01-01,Outro,Distrito Federal,Viúvo/a,Desempregado,Outro,ALTA,2024-04-25,Android,71 2794-7745
U02640,Ísis,Barros,pmelo@example.org,77891026033.0,1993-12-28,Fem,Paraná,Viúvo/a,Empregado,Pós-graduação,BAIXA,2024-04-25,iOS,(071) 4742 7826
U03372,Ana,Cavalcanti,correiaraquel@example.com,38187233122.0,1970-01-01,Masc,Distrito Federal,Solteiro/a,Empregado,Ensino Médio,MEDIA,2024-04-25,iOS,(084) 5064-0302
U04659,Maria Laura,Alves,casa-grandealexia@example.org,65516249145.0,1970-01-01,Masc,Rio de Janeiro,Divorciado/a,Aposentado,Pós-graduação,ALTA,2024-04-25,Android,+55 (061) 8791 4845
U00173,Arthur,Carvalho,gael67@example.net,82250323051.0,1970-01-01,Outro,Ceará,Viúvo/a,Desempregado,Técnico,BAIXA,2024-04-26,iOS,(031) 3280-1929
U00949,Davi Miguel,Cunha,fernanda83@example.com,76699550039.0,1970-01-01,Masc,Paraná,Viúvo/a,Desempregado,Outro,BAIXA,2024-04-26,iOS,+55 81 2264 9949
U02732,Carlos Eduardo,da Rosa,igor53@example.com,93901486288.0,1973-03-28,Masc,Paraná,Viúvo/a,Aposentado,Ensino Médio,ALTA,2024-04-26,iOS,31 0159 2095
U02830,Fernanda,Alves,nmelo@example.org,27225787162.0,1970-01-01,Outro,Pernambuco,Divorciado/a,Estudante,Superior,ALTA,2024-04-26,Android,(084) 9148 5385
U03766,Lorena,Pires,henry-gabrielsales@example.com,68185934310.0,1970-01-01,Outro,Rio de Janeiro,Divorciado/a,Empregado,Ensino Médio,MEDIA,2024-04-26,iOS,+55 (051) 4285 0347
U04494,Calebe,Ferreira,orios@example.com,31530697321.0,1974-12-22,Fem,Ceará,Solteiro/a,Desempregado,Superior,ALTA,2024-04-26,Android,0900-904-9163
U04594,Maria Clara,Carvalho,gduarte@example.net,67537905580.0,2001-07-10,Fem,Bahia,Casado/a,Autônomo,Superior,MEDIA,2024-04-26,iOS,41 3792 1033
U00412,Nicolas,Macedo,maria-vitoriavieira@example.com,46400894657.0,1981-12-10,Fem,Ceará,Solteiro/a,Aposentado,Superior,ALTA,2024-04-27,iOS,+55 (051) 9238 2452
U02911,Maria Júlia,Novais,vitoria15@example.net,61600426104.0,1995-11-13,Fem,Pernambuco,Divorciado/a,Desempregado,Pós-graduação,ALTA,2024-04-27,iOS,+55 (011) 2256 1018
U03353,Manuela,da Rosa,znovais@example.org,46405548397.0,1994-06-08,Outro,Pernambuco,Divorciado/a,Aposentado,Ensino Médio,BAIXA,2024-04-27,Android,21 3208-2331
U00200,Thales,Vasconcelos,thomasmoraes@example.org,16976267958.0,2005-11-20,Masc,Rio Grande do Sul,Solteiro/a,Autônomo,Pós-graduação,BAIXA,2024-04-28,Android,(031) 6598 1663
U00737,Apollo,Correia,duartemariana@example.net,90858633030.0,1998-07-20,Outro,Rio Grande do Sul,Divorciado/a,Aposentado,Superior,MEDIA,2024-04-28,iOS,+55 21 9319 5686
U02708,Arthur Miguel,Pastor,pachecomaria-fernanda@example.org,78214496708.0,1970-01-01,Masc,Rio de Janeiro,Viúvo/a,Autônomo,Técnico,BAIXA,2024-04-28,iOS,51 3477 3175
U02716,Juan,Sá,maria-lizandrade@example.com,26645075487.0,1991-03-22,Fem,São Paulo,Solteiro/a,Autônomo,Ensino Médio,MEDIA,2024-04-28,Android,41 3382-2842
U00630,Sara,Alves,pietro32@example.org,39176589066.0,1994-10-01,Fem,Paraná,Casado/a,Autônomo,Técnico,MEDIA,2024-04-29,Android,0800 067 5344
U01697,Ana Cecília,Santos,joao-gabrielmacedo@example.com,90811029817.0,1980-09-20,Outro,Rio de Janeiro,Casado/a,Estudante,Superior,ALTA,2024-04-29,iOS,(061) 0059 8873
U02719,Guilherme,Cavalcanti,varaujo@example.org,97305356979.0,1970-01-01,Outro,Minas Gerais,Divorciado/a,Estudante,Outro,ALTA,2024-04-29,Android,(084) 7184-5069
U02992,Jade,Duarte,ana-sophiacarvalho@example.com,88511193812.0,1980-04-07,Masc,Paraná,Casado/a,Desempregado,Ensino Médio,MEDIA,2024-04-29,iOS,0300 252 3397
U04016,Olívia,Sá,eduarda91@example.net,89428082075.0,1994-08-21,Masc,São Paulo,Divorciado/a,Desempregado,Ensino Médio,ALTA,2024-04-29,iOS,31 6067 3471
U00028,Guilherme,Nascimento,duartecaua@example.net,72355705336.0,1991-06-04,Outro,Pernambuco,Divorciado/a,Autônomo,Outro,BAIXA,2024-05-01,iOS,+55 21 0363 1209
U00119,Elisa,Vargas,abreuyuri@example.com,14480590833.0,2001-08-04,Outro,Ceará,Viúvo/a,Desempregado,Ensino Médio,MEDIA,2024-05-01,iOS,+55 11 1194-8432
U00834,Davi Luiz,Correia,leaocaroline@example.com,92140493124.0,1970-01-01,Fem,Rio de Janeiro,Viúvo/a,Aposentado,Outro,MEDIA,2024-05-01,Android,+55 (081) 0967-7300
U03432,Dante,Nunes,moreiragustavo-henrique@example.com,78295435605.0,1970-01-01,Fem,Ceará,Divorciado/a,Desempregado,Superior,BAIXA,2024-05-01,Android,0800-170-8311
U03680,Vicente,Viana,speixoto@example.net,30530729493.0,1999-10-27,Masc,Pernambuco,Divorciado/a,Empregado,Pós-graduação,BAIXA,2024-05-01,iOS,0500 650 6770
U04360,Benicio,Cardoso,paragao@example.org,23193792429.0,1991-10-16,Fem,Bahia,Solteiro/a,Estudante,Pós-graduação,MEDIA,2024-05-01,Android,(084) 3864-6969
U01634,Davi Miguel,Rocha,albuquerquejoao-miguel@example.com,65336076115.0,1976-12-25,Masc,Ceará,Divorciado/a,Estudante,Pós-graduação,MEDIA,2024-05-02,iOS,+55 81 5981 0089
U02316,Lunna,Pinto,vsousa@example.org,84664068210.0,1976-03-03,Masc,Ceará,Viúvo/a,Aposentado,Técnico,ALTA,2024-05-02,Android,0500 994 3206
U03624,Carolina,Garcia,leandrocasa-grande@example.net,32363349655.0,1982-03-05,Outro,Bahia,Viúvo/a,Autônomo,Superior,ALTA,2024-05-02,Android,(071) 9272 1512
U03939,Milena,Vargas,tdias@example.org,69800477542.0,1996-12-28,Fem,Ceará,Divorciado/a,Desempregado,Ensino Médio,ALTA,2024-05-02,iOS,81 8329-7539
U04128,Lavínia,Cirino,fogacaliam@example.net,83207824420.0,2001-09-14,Fem,Distrito Federal,Casado/a,Autônomo,Pós-graduação,MEDIA,2024-05-02,iOS,+55 21 8255-1390
U04718,Luiza,Pastor,silvadavi-lucas@example.net,95374930751.0,1984-03-08,Fem,Paraná,Divorciado/a,Desempregado,Técnico,ALTA,2024-05-02,iOS,(011) 7461 7256
U00667,Maria Cecília,Fogaça,matheuscunha@example.net,51662139252.0,1982-07-21,Masc,Ceará,Solteiro/a,Empregado,Superior,BAIXA,2024-05-03,Android,+55 61 7691-0791
U00818,Luiz Otávio,Silveira,bentoda-costa@example.org,18299957815.0,1990-06-29,Outro,São Paulo,Divorciado/a,Aposentado,Superior,ALTA,2024-05-03,iOS,0900-534-6938
U04875,Caleb,Lima,silvabella@example.org,12410500289.0,1978-09-08,Masc,Minas Gerais,Casado/a,Estudante,Outro,MEDIA,2024-05-03,iOS,(021) 8581 9543
U00186,Yago,Campos,davi-luccamoura@example.com,42105928810.0,1970-01-01,Masc,Ceará,Viúvo/a,Empregado,Pós-graduação,BAIXA,2024-05-04,Android,0800-440-3291
U03517,Ryan,Vasconcelos,fvieira@example.org,66618675577.0,1970-01-01,Fem,Ceará,Casado/a,Aposentado,Pós-graduação,MEDIA,2024-05-04,Android,21 9180-2344
U04460,Dom,Santos,joana25@example.com,52351293393.0,1970-01-01,Masc,Rio Grande do Sul,Divorciado/a,Desempregado,Ensino Médio,ALTA,2024-05-04,iOS,(041) 5616 4256
U04701,Sabrina,Moreira,xgomes@example.net,97067254513.0,1990-11-01,Fem,Rio Grande do Sul,Viúvo/a,Desempregado,Outro,MEDIA,2024-05-04,Android,+55 (061) 1484-9985
U04989,Henry Gabriel,Nogueira,sbarros@example.org,99226194138.0,1979-12-31,Masc,Distrito Federal,Solteiro/a,Autônomo,Técnico,MEDIA,2024-05-04,iOS,(071) 2186-8098
U01477,Daniela,Moreira,brayanabreu@example.org,84820104838.0,1990-04-22,Masc,Ceará,Divorciado/a,Autônomo,Técnico,ALTA,2024-05-05,iOS,41 8770-2543
U02006,Luigi,Duarte,ocamargo@example.net,20643059003.0,2002-10-02,Outro,São Paulo,Viúvo/a,Aposentado,Técnico,BAIXA,2024-05-05,Android,84 4478 8521
U02890,Mathias,Pimenta,cassianoantonella@example.net,30686762299.0,1992-12-09,Fem,Minas Gerais,Casado/a,Empregado,Outro,ALTA,2024-05-05,iOS,+55 41 5895-5528
U03399,Francisco,Souza,isislima@example.org,18967203285.0,1970-01-01,Outro,Ceará,Viúvo/a,Desempregado,Superior,ALTA,2024-05-05,iOS,84 3532-6730
U03543,Ana Júlia,Machado,jda-rocha@example.org,33021868215.0,1997-12-05,Masc,São Paulo,Viúvo/a,Estudante,Outro,ALTA,2024-05-05,Android,+55 11 0902-8678
U04698,Vitória,Vieira,ayla34@example.com,91537773428.0,1978-09-18,Fem,Bahia,Divorciado/a,Autônomo,Outro,ALTA,2024-05-05,iOS,+55 (011) 4217 4726
U00139,Luiz Fernando,Martins,marcelafonseca@example.org,34680738059.0,2002-11-17,Outro,Pernambuco,Divorciado/a,Aposentado,Outro,MEDIA,2024-05-06,iOS,+55 (084) 3390 3770
U00491,Luigi,Andrade,theo34@example.org,97821235140.0,1970-01-01,Fem,São Paulo,Divorciado/a,Autônomo,Ensino Médio,ALTA,2024-05-06,iOS,81 7576 1868
U00948,Lavínia,Nascimento,galmeida@example.com,77145762322.0,1970-01-01,Outro,Paraná,Viúvo/a,Autônomo,Técnico,ALTA,2024-05-06,Android,+55 (031) 4956-0171
U01230,Yasmin,Vasconcelos,da-cruzmaria-fernanda@example.com,80137377511.0,1987-11-29,Masc,Ceará,Solteiro/a,Empregado,Ensino Médio,ALTA,2024-05-06,Android,(011) 3413-3385
U01316,Ana Lívia,Caldeira,carvalhobenjamin@example.com,30108497104.0,2004-08-05,Outro,Minas Gerais,Casado/a,Aposentado,Pós-graduação,ALTA,2024-05-06,Android,+55 (071) 2365 2860
U02579,Lucca,Fogaça,brunoribeiro@example.com,42631281745.0,1970-01-01,Outro,Pernambuco,Solteiro/a,Autônomo,Pós-graduação,MEDIA,2024-05-06,Android,(071) 0321-6856
U03024,Thales,Novaes,camposcaroline@example.com,87719727663.0,1977-01-22,Outro,São Paulo,Divorciado/a,Aposentado,Pós-graduação,ALTA,2024-05-06,Android,(021) 9682 7577
U03608,Carlos Eduardo,Duarte,theo95@example.net,88978403058.0,1970-01-01,Masc,Rio Grande do Sul,Divorciado/a,Autônomo,Pós-graduação,MEDIA,2024-05-06,iOS,31 9271-4935
U01924,Maria Vitória,Vieira,kamilly61@example.org,16376428466.0,2003-11-24,Fem,Paraná,Divorciado/a,Empregado,Superior,MEDIA,2024-05-07,iOS,(061) 1445-0696
U02244,Lucas Gabriel,Camargo,yago33@example.net,78993582290.0,1970-01-01,Masc,Rio Grande do Sul,Viúvo/a,Aposentado,Pós-graduação,ALTA,2024-05-07,Android,+55 21 0251-1236
U02862,Júlia,Camargo,sofiaoliveira@example.org,59531173216.0,1970-01-01,Fem,Distrito Federal,Casado/a,Autônomo,Superior,MEDIA,2024-05-07,Android,(031) 7201 3125
U03271,Diego,Vieira,luisaporto@example.net,95257765553.0,1975-07-10,Masc,Distrito Federal,Divorciado/a,Empregado,Pós-graduação,BAIXA,2024-05-07,iOS,+55 21 1016 6209
U03694,Isabella,Ferreira,leandrocarvalho@example.net,65104041168.0,1989-01-28,Outro,Rio de Janeiro,Solteiro/a,Desempregado,Ensino Médio,ALTA,2024-05-07,iOS,11 8475-9364
U02169,Arthur Miguel,da Rocha,zborges@example.com,49417257192.0,1970-01-01,Outro,Rio Grande do Sul,Divorciado/a,Estudante,Ensino Médio,ALTA,2024-05-08,Android,+55 (061) 6488-1140
U02366,Maria Júlia,Ferreira,eloa13@example.com,92288845824.0,1970-01-01,Fem,Pernambuco,Casado/a,Estudante,Técnico,ALTA,2024-05-09,Android,84 4387 7538
U03054,Pedro,Mendes,bmartins@example.com,29391742859.0,1970-01-01,Masc,Rio Grande do Sul,Viúvo/a,Desempregado,Superior,BAIXA,2024-05-09,iOS,(021) 7960 9163
U03937,Gabriela,Nascimento,gda-mota@example.com,12086084691.0,1970-01-01,Fem,Distrito Federal,Viúvo/a,Aposentado,Superior,MEDIA,2024-05-09,iOS,(081) 9621-0084
U03996,Ester,da Cruz,joao-felipe72@example.com,52626724381.0,1970-07-02,Masc,Rio Grande do Sul,Divorciado/a,Aposentado,Outro,MEDIA,2024-05-09,Android,+55 41 3559 2152
U01188,Emanuelly,Oliveira,gaelporto@example.org,61578444386.0,1970-01-01,Outro,Ceará,Viúvo/a,Autônomo,Pós-graduação,MEDIA,2024-05-10,iOS,(051) 7619 0090
U01541,Ana Laura,Siqueira,ana-beatrizsilva@example.com,92230248559.0,1971-05-13,Masc,Ceará,Solteiro/a,Estudante,Outro,ALTA,2024-05-10,Android,81 0418-5509
U01604,Luigi,da Costa,pedro-henrique70@example.org,14184254404.0,1999-09-13,Outro,Distrito Federal,Solteiro/a,Aposentado,Outro,BAIXA,2024-05-10,Android,(041) 4651-6784
U01620,Alexia,da Mata,vitoriamoura@example.net,34741242262.0,2006-11-15,Fem,São Paulo,Casado/a,Autônomo,Outro,MEDIA,2024-05-10,iOS,0800 099 3022
U03560,José,Abreu,sampaiobreno@example.net,35121638771.0,1994-07-17,Masc,Paraná,Casado/a,Autônomo,Técnico,ALTA,2024-05-10,iOS,+55 (081) 3036-3761
U04678,José,Casa Grande,fpires@example.net,31677589633.0,1970-01-01,Fem,Distrito Federal,Casado/a,Estudante,Técnico,ALTA,2024-05-10,iOS,+55 (051) 2844-0022
U00189,Ágatha,Correia,cassianomaria-fernanda@example.com,23309264545.0,1991-07-16,Fem,São Paulo,Divorciado/a,Desempregado,Ensino Médio,BAIXA,2024-05-11,Android,(071) 7964-7616
U00382,Joaquim,Azevedo,correialavinia@example.net,20341386839.0,1990-07-20,Outro,São Paulo,Divorciado/a,Empregado,Superior,ALTA,2024-05-11,Android,11 0968-2318
U01054,Maria Sophia,Pimenta,ramosisabelly@example.com,65385471957.0,1970-01-01,Masc,Rio de Janeiro,Solteiro/a,Empregado,Superior,BAIXA,2024-05-11,iOS,+55 84 3647-8018
U01573,Maria Sophia,Melo,luiz-henrique10@example.com,48931644330.0,1988-07-16,Masc,Distrito Federal,Viúvo/a,Empregado,Pós-graduação,BAIXA,2024-05-11,Android,51 9544 7386
U01717,Lorena,Montenegro,lucassilva@example.com,75631124415.0,1970-01-01,Fem,Bahia,Casado/a,Aposentado,Ensino Médio,MEDIA,2024-05-11,iOS,(021) 4095-8019
U00858,Maria Laura,Silva,theo06@example.com,33239299890.0,1978-11-27,Masc,São Paulo,Solteiro/a,Estudante,Pós-graduação,ALTA,2024-05-12,iOS,+55 41 1856-5059
U03426,Luiz Felipe,Brito,antony20@example.org,75777178146.0,1970-01-01,Masc,Rio Grande do Sul,Casado/a,Estudante,Pós-graduação,ALTA,2024-05-12,Android,11 0039-6932
U04773,Vinicius,Peixoto,kamilly50@example.net,96350642779.0,2004-02-21,Masc,Distrito Federal,Solteiro/a,Empregado,Superior,BAIXA,2024-05-12,Android,0800 785 4157
U00679,Alexia,Monteiro,mendoncayago@example.org,52259690664.0,1970-01-01,Masc,Distrito Federal,Viúvo/a,Aposentado,Pós-graduação,MEDIA,2024-05-13,iOS,61 8039-5041
U01772,Luiz Miguel,Ferreira,fcasa-grande@example.net,56890172442.0,1977-12-10,Outro,Pernambuco,Solteiro/a,Empregado,Técnico,BAIXA,2024-05-13,Android,+55 (031) 4663 2324
U04707,Ana Sophia,Abreu,vieiratheodoro@example.org,52531930323.0,1999-11-22,Fem,São Paulo,Divorciado/a,Empregado,Pós-graduação,ALTA,2024-05-13,iOS,0800 249 8363
U00759,Yasmin,Garcia,theoguerra@example.net,28270682946.0,1970-01-01,Outro,Rio Grande do Sul,Solteiro/a,Aposentado,Ensino Médio,BAIXA,2024-05-14,iOS,+55 (031) 4794-8060
U02213,Maria Vitória,Ribeiro,andreabreu@example.org,78154876151.0,2003-12-30,Masc,São Paulo,Casado/a,Desempregado,Ensino Médio,MEDIA,2024-05-14,iOS,81 4551 8019
U04229,Eloá,das Neves,joao-gabrielcassiano@example.com,39681646534.0,2006-09-10,Masc,Distrito Federal,Viúvo/a,Empregado,Superior,MEDIA,2024-05-14,Android,51 2710 8908
U01004,João Felipe,Ferreira,manuela19@example.com,76993681091.0,1984-04-18,Outro,Distrito Federal,Viúvo/a,Desempregado,Ensino Médio,BAIXA,2024-05-15,Android,11 9263 8463
U01430,Antony,Pastor,brayan05@example.net,44908298982.0,1995-03-04,Masc,Paraná,Divorciado/a,Aposentado,Outro,ALTA,2024-05-15,Android,+55 21 0911-3225
U01925,Luan,Pastor,vitorandrade@example.net,91540298974.0,2005-12-01,Outro,Distrito Federal,Casado/a,Autônomo,Outro,MEDIA,2024-05-15,Android,0300-064-0548
U02947,Levi,Melo,bryanpacheco@example.org,56505915731.0,1977-12-12,Outro,Paraná,Casado/a,Estudante,Superior,BAIXA,2024-05-15,Android,(011) 6869 4967
U00676,Theo,Fogaça,fonsecagael-henrique@example.com,30848891724.0,1970-01-01,Outro,Minas Gerais,Divorciado/a,Estudante,Outro,MEDIA,2024-05-16,iOS,(051) 7057-9800
U00826,Sofia,Freitas,sophiabarros@example.net,72460930178.0,1970-01-01,Outro,Bahia,Viúvo/a,Aposentado,Superior,BAIXA,2024-05-16,iOS,+55 (084) 5531-4935
U01389,Benicio,Rocha,rioshelena@example.org,26352056951.0,1991-02-15,Masc,Paraná,Viúvo/a,Estudante,Ensino Médio,MEDIA,2024-05-16,Android,41 9753 6162
U04123,Maria Vitória,Sousa,rodriguesmiguel@example.net,79924003005.0,1970-01-01,Outro,Rio de Janeiro,Casado/a,Desempregado,Ensino Médio,BAIXA,2024-05-16,Android,84 5951 8649
U04502,Hellena,das Neves,asaferocha@example.com,81077315407.0,1986-03-01,Masc,Minas Gerais,Divorciado/a,Autônomo,Outro,MEDIA,2024-05-16,iOS,(041) 5658-6580
U01474,Liz,Peixoto,barbosaeloa@example.com,36802396239.0,2003-03-17,Masc,Rio de Janeiro,Casado/a,Autônomo,Técnico,ALTA,2024-05-17,Android,+55 71 9892 4868
U03273,Vitor Gabriel,Silva,valentimmoreira@example.org,28987457864.0,1993-04-06,Masc,São Paulo,Viúvo/a,Empregado,Ensino Médio,BAIXA,2024-05-17,iOS,+55 (071) 9701-9019
U03728,Luiz Otávio,Moreira,muriloda-mota@example.com,43033742646.0,1970-01-01,Fem,Paraná,Viúvo/a,Desempregado,Pós-graduação,MEDIA,2024-05-17,Android,+55 (041) 3467-6263
U04819,Lívia,da Luz,saisabelly@example.net,96038876147.0,1976-09-03,Outro,Rio Grande do Sul,Divorciado/a,Aposentado,Superior,BAIXA,2024-05-17,Android,(011) 0816 1524
U03851,Bernardo,Cassiano,da-pazyuri@example.net,23941306556.0,2003-07-25,Outro,Paraná,Solteiro/a,Empregado,Pós-graduação,BAIXA,2024-05-18,iOS,+55 (031) 8408-3976
U04444,Heloisa,da Luz,orocha@example.com,39610915540.0,1977-02-16,Masc,Distrito Federal,Casado/a,Desempregado,Ensino Médio,MEDIA,2024-05-18,Android,+55 (071) 4159 0398
U04765,Luna,Cavalcante,brayan70@example.com,90671006880.0,1970-01-01,Fem,Pernambuco,Divorciado/a,Autônomo,Outro,MEDIA,2024-05-18,iOS,21 1303-1713
U00500,Vitória,Carvalho,kcastro@example.net,97108309830.0,1972-12-14,Outro,Bahia,Viúvo/a,Estudante,Ensino Médio,ALTA,2024-05-19,iOS,+55 11 9787 5370
U02577,Alícia,Rocha,aparecidacaua@example.org,81773067887.0,1970-01-01,Outro,Minas Gerais,Solteiro/a,Desempregado,Ensino Médio,BAIXA,2024-05-19,Android,31 9276-8835
U04015,Alícia,Santos,fonsecastella@example.com,79315842029.0,1970-01-01,Outro,Minas Gerais,Viúvo/a,Desempregado,Técnico,MEDIA,2024-05-19,iOS,31 2979 5197
U04703,Ana Clara,Rezende,lopessabrina@example.com,17736610473.0,1973-07-28,Outro,Paraná,Casado/a,Estudante,Outro,BAIXA,2024-05-19,iOS,+55 21 0695 0188
U01748,André,Teixeira,vitor-hugo12@example.com,58628306564.0,1983-04-10,Outro,Bahia,Solteiro/a,Estudante,Técnico,BAIXA,2024-05-20,iOS,(051) 7550 5984
U03603,Maria Fernanda,Novaes,enzo58@example.org,61336414445.0,1986-02-03,Masc,Distrito Federal,Divorciado/a,Estudante,Técnico,MEDIA,2024-05-21,iOS,+55 (041) 9469 4422
U03630,Helena,Porto,rioslaura@example.org,50881855826.0,1970-07-18,Masc,Distrito Federal,Casado/a,Autônomo,Pós-graduação,MEDIA,2024-05-21,Android,71 5717-5282
U01437,Maria Helena,Garcia,fernanda98@example.com,87817870136.0,1970-01-01,Fem,Bahia,Solteiro/a,Autônomo,Pós-graduação,ALTA,2024-05-22,Android,+55 21 6120-5866
U01893,Olívia,Sales,fariaseloa@example.org,42982809516.0,1970-01-01,Fem,Rio de Janeiro,Casado/a,Aposentado,Superior,MEDIA,2024-05-22,Android,0800 393 3846
U02210,Maria Sophia,Rocha,fogacaemanuella@example.org,15560141836.0,1983-09-16,Outro,São Paulo,Solteiro/a,Autônomo,Outro,BAIXA,2024-05-22,Android,+55 41 6314-4009
U02996,Carolina,Ferreira,sampaiovitor@example.com,18470844925.0,1970-01-01,Outro,Rio Grande do Sul,Divorciado/a,Empregado,Pós-graduação,ALTA,2024-05-22,Android,(021) 1508 3846
U00120,Ester,Fogaça,caldeiravitor-gabriel@example.com,10130176365.0,1978-09-07,Fem,Pernambuco,Casado/a,Desempregado,Superior,ALTA,2024-05-23,Android,84 4476 8282
U00438,Lucas,Pires,caiorezende@example.com,31207945466.0,1970-01-01,Masc,Minas Gerais,Viúvo/a,Autônomo,Ensino Médio,MEDIA,2024-05-23,Android,(071) 3780 4241
U04955,Daniela,Pinto,maria-lauracampos@example.net,13691539297.0,1970-01-01,Masc,Ceará,Divorciado/a,Autônomo,Superior,ALTA,2024-05-23,Android,+55 (051) 0536 7612
U01709,Marcelo,Fernandes,ryan47@example.org,54929178427.0,1998-09-24,Outro,Pernambuco,Viúvo/a,Empregado,Pós-graduação,BAIXA,2024-05-24,Android,+55 (051) 2591 8096
U01344,Kaique,Alves,fcastro@example.com,79148711505.0,1994-07-20,Outro,Ceará,Viúvo/a,Autônomo,Ensino Médio,MEDIA,2024-05-25,iOS,0900-937-8043
U02022,Benício,Porto,joao-lucascavalcanti@example.com,57032190111.0,1970-01-01,Fem,Bahia,Viúvo/a,Desempregado,Ensino Médio,ALTA,2024-05-25,Android,+55 41 8215 3399
U03659,Camila,da Mota,renancirino@example.com,91254018318.0,1970-01-01,Outro,Ceará,Solteiro/a,Empregado,Superior,BAIXA,2024-05-25,iOS,+55 51 1861 1304
U04669,Thomas,Ramos,ibarros@example.org,97792217199.0,1985-07-16,Outro,Pernambuco,Casado/a,Empregado,Técnico,BAIXA,2024-05-25,Android,41 0284 4241
U00155,Vitor Gabriel,Pastor,ayla66@example.com,21660747296.0,1970-01-01,Masc,São Paulo,Viúvo/a,Estudante,Ensino Médio,MEDIA,2024-05-26,iOS,+55 (081) 5972 6379
U00791,Eduarda,da Paz,zoecostela@example.com,65208791796.0,2006-11-30,Masc,Pernambuco,Viúvo/a,Autônomo,Superior,ALTA,2024-05-26,iOS,+55 21 0924 1320
U01221,Marina,Mendonça,kfernandes@example.net,47158741416.0,1970-01-01,Masc,Ceará,Viúvo/a,Desempregado,Ensino Médio,MEDIA,2024-05-26,Android,+55 (021) 1179 0472
U01353,Heloísa,Teixeira,ravi58@example.org,13262765093.0,1976-04-24,Masc,Rio de Janeiro,Divorciado/a,Desempregado,Outro,ALTA,2024-05-26,iOS,+55 84 5935-9202
U02751,Bella,Barros,ferreiratheodoro@example.org,54846069431.0,1992-10-03,Fem,Ceará,Viúvo/a,Desempregado,Ensino Médio,BAIXA,2024-05-26,iOS,+55 (011) 0618-5300
U04024,Vitor Hugo,Ramos,saevelyn@example.net,84362682667.0,1970-01-01,Masc,São Paulo,Casado/a,Estudante,Técnico,MEDIA,2024-05-26,Android,+55 41 0565-8435
U04463,Lucca,Freitas,oliviasousa@example.org,66339865462.0,1970-01-01,Masc,Rio Grande do Sul,Viúvo/a,Empregado,Pós-graduação,MEDIA,2024-05-26,iOS,+55 61 3111-3587
U02819,Léo,Caldeira,alexiamontenegro@example.net,54191106175.0,1970-01-01,Outro,Pernambuco,Casado/a,Aposentado,Superior,BAIXA,2024-05-27,iOS,(061) 0963-0624
U04120,Zoe,Pinto,xcosta@example.org,82659213090.0,1970-01-01,Fem,Rio Grande do Sul,Divorciado/a,Estudante,Pós-graduação,ALTA,2024-05-27,Android,(084) 4034-4294
U01309,Ísis,Fogaça,leopires@example.com,11248940712.0,1970-01-01,Outro,Distrito Federal,Viúvo/a,Aposentado,Ensino Médio,BAIXA,2024-05-28,Android,+55 31 0882 1535
U01775,Ana,Abreu,augusto87@example.net,16220587752.0,2000-11-15,Fem,Paraná,Solteiro/a,Empregado,Outro,BAIXA,2024-05-28,Android,84 1600-0354
U01933,Clara,Rezende,galves@example.net,97755367433.0,1970-01-01,Masc,Rio Grande do Sul,Divorciado/a,Aposentado,Outro,BAIXA,2024-05-28,iOS,0900-802-8121
U02101,Diego,Rios,isabela86@example.net,67987086735.0,1988-12-22,Fem,Distrito Federal,Solteiro/a,Desempregado,Outro,BAIXA,2024-05-28,Android,51 2906 1606
U02239,João Felipe,Gomes,maria-claracunha@example.org,88144112521.0,2006-02-08,Fem,Distrito Federal,Solteiro/a,Aposentado,Outro,MEDIA,2024-05-28,Android,+55 (081) 7804-5458
U02369,Marcos Vinicius,Rios,wgomes@example.com,16713424029.0,2000-05-03,Masc,Paraná,Solteiro/a,Estudante,Pós-graduação,BAIXA,2024-05-28,Android,+55 71 5561-7944
U02874,Luana,Monteiro,emillyfogaca@example.com,43310342277.0,1970-01-01,Masc,Minas Gerais,Casado/a,Empregado,Técnico,MEDIA,2024-05-28,Android,+55 (061) 3296-1157
U00586,Kevin,Lima,apolloduarte@example.net,82464735368.0,1975-09-29,Masc,Minas Gerais,Casado/a,Estudante,Outro,ALTA,2024-05-29,iOS,(031) 5315 8418
U00642,Emanuel,da Rosa,sophia06@example.org,18331716592.0,1970-01-01,Masc,Rio de Janeiro,Divorciado/a,Empregado,Técnico,BAIXA,2024-05-29,iOS,84 0149-0609
U03699,Daniela,Vasconcelos,cnogueira@example.net,67386200075.0,1970-01-01,Fem,Paraná,Divorciado/a,Aposentado,Técnico,ALTA,2024-05-29,iOS,+55 (021) 7944-2546
U04546,Emanuelly,Jesus,leaomaria-julia@example.org,81726769971.0,1970-01-01,Masc,Minas Gerais,Divorciado/a,Desempregado,Ensino Médio,ALTA,2024-05-29,Android,+55 84 1457 8213
U00340,Yan,Cirino,calmeida@example.org,67140569161.0,1980-09-22,Fem,Paraná,Solteiro/a,Aposentado,Técnico,ALTA,2024-05-30,Android,+55 31 9469-9706
U01215,Isabel,Peixoto,sara26@example.org,82382460537.0,1995-08-31,Masc,Paraná,Viúvo/a,Aposentado,Pós-graduação,MEDIA,2024-05-30,iOS,(084) 8833 8875
U00250,Isabela,da Cruz,zoe18@example.org,13284112277.0,1976-01-24,Outro,Ceará,Solteiro/a,Estudante,Técnico,BAIXA,2024-05-31,Android,(084) 3211-6394
U02511,Maria Clara,Cirino,da-costamateus@example.com,46247996110.0,1974-07-30,Masc,Paraná,Casado/a,Empregado,Superior,MEDIA,2024-05-31,iOS,51 3083 7701
U02818,Oliver,Moreira,vmoura@example.org,53581863076.0,2006-10-08,Fem,Bahia,Divorciado/a,Empregado,Outro,MEDIA,2024-05-31,Android,11 4348-7216
U04385,Eloah,Costela,gustavo75@example.org,77119953839.0,1989-06-29,Fem,Bahia,Divorciado/a,Aposentado,Outro,ALTA,2024-05-31,Android,(081) 5052-0125
U04421,Davi Miguel,Araújo,machadojoao-felipe@example.net,71994999119.0,1986-12-12,Outro,Ceará,Divorciado/a,Aposentado,Superior,BAIXA,2024-05-31,Android,84 1676 0287
U04800,Esther,Fonseca,qferreira@example.com,73596274030.0,1977-03-23,Outro,Rio de Janeiro,Viúvo/a,Autônomo,Outro,BAIXA,2024-05-31,Android,71 2400 0691
U01393,Pedro Miguel,Pimenta,vitor-hugoaragao@example.com,12780626271.0,2003-11-28,Outro,São Paulo,Solteiro/a,Estudante,Técnico,MEDIA,2024-06-01,iOS,+55 (061) 8749-6889
U01928,Rebeca,Pires,zrios@example.net,22738387371.0,1970-01-01,Masc,Rio Grande do Sul,Viúvo/a,Aposentado,Técnico,BAIXA,2024-06-01,Android,+55 81 9877 5730
U03084,Benicio,Barros,yda-conceicao@example.com,96305480491.0,1970-01-01,Masc,Pernambuco,Casado/a,Estudante,Ensino Médio,BAIXA,2024-06-01,Android,(011) 9494-8415
U03944,Luiz Fernando,Duarte,pedro-lucasramos@example.com,54894230932.0,1975-04-27,Outro,Distrito Federal,Solteiro/a,Estudante,Pós-graduação,ALTA,2024-06-01,Android,+55 (081) 6704-2975
U04613,Lorenzo,Nogueira,mleao@example.net,99049744676.0,2003-03-27,Masc,Paraná,Divorciado/a,Aposentado,Ensino Médio,ALTA,2024-06-01,iOS,+55 61 5380-2434
U00105,Mariah,Moura,emillymonteiro@example.net,12516033039.0,1970-01-01,Outro,Rio de Janeiro,Viúvo/a,Empregado,Ensino Médio,ALTA,2024-06-02,iOS,+55 (011) 6000-7623
U00492,Beatriz,Gomes,carvalhovalentim@example.org,19470307426.0,1989-10-21,Fem,Paraná,Solteiro/a,Estudante,Pós-graduação,BAIXA,2024-06-02,Android,+55 (041) 2038-5179
U00604,Thales,da Luz,ana-lauranovaes@example.org,99910781470.0,1992-03-25,Outro,Bahia,Viúvo/a,Autônomo,Outro,ALTA,2024-06-02,Android,+55 (011) 7718-0200
U00980,Ravy,Nascimento,jborges@example.org,84428447645.0,1977-08-25,Outro,Pernambuco,Viúvo/a,Empregado,Ensino Médio,ALTA,2024-06-02,iOS,(084) 9654-4683
U02251,Liam,Sampaio,henry-gabriel97@example.com,30332457900.0,1980-08-09,Masc,Rio de Janeiro,Casado/a,Aposentado,Superior,ALTA,2024-06-02,Android,(061) 3846 4444
U03138,José Pedro,Porto,luaramacedo@example.com,87315049720.0,1980-08-06,Outro,Bahia,Viúvo/a,Aposentado,Outro,BAIXA,2024-06-02,Android,+55 84 9207 7923
U00360,Maria Helena,Sousa,franciscosilveira@example.net,88135291657.0,1994-12-26,Masc,Paraná,Divorciado/a,Desempregado,Ensino Médio,BAIXA,2024-06-03,iOS,+55 (084) 4993-9019
U01137,Brayan,Araújo,apollo30@example.org,57004892237.0,2006-02-09,Masc,Paraná,Viúvo/a,Aposentado,Superior,MEDIA,2024-06-03,Android,0900 507 8384
U01168,Júlia,da Conceição,macedoana-beatriz@example.com,71827313641.0,1989-09-01,Fem,Distrito Federal,Divorciado/a,Aposentado,Técnico,BAIXA,2024-06-03,iOS,0800 063 8176
U01992,André,Vasconcelos,vieiramatteo@example.net,49519165891.0,1970-01-01,Fem,Distrito Federal,Viúvo/a,Empregado,Ensino Médio,ALTA,2024-06-03,iOS,(061) 1763 6811
U02559,Matheus,Porto,barrosmathias@example.org,68776954830.0,1994-02-21,Masc,Paraná,Divorciado/a,Autônomo,Técnico,BAIXA,2024-06-03,Android,+55 21 8805 3547
U02858,Murilo,da Mata,gdias@example.net,29063597463.0,1983-04-17,Fem,Ceará,Solteiro/a,Empregado,Ensino Médio,MEDIA,2024-06-03,iOS,+55 81 3743 9207
U04640,Elisa,Ramos,ester81@example.net,87254205605.0,1995-08-19,Masc,São Paulo,Casado/a,Estudante,Outro,BAIXA,2024-06-03,iOS,+55 (084) 7548 2721
U00039,Maria Luiza,Guerra,alexiapeixoto@example.org,68349032280.0,1981-07-07,Masc,Bahia,Casado/a,Estudante,Técnico,BAIXA,2024-06-04,iOS,(071) 2825-0258
U00207,Joana,Campos,kandrade@example.com,22734593495.0,1980-01-04,Fem,Paraná,Viúvo/a,Aposentado,Técnico,BAIXA,2024-06-04,iOS,+55 (011) 4445 3877
U01335,Matteo,Lima,carlos-eduardocunha@example.org,47426444415.0,1992-09-10,Outro,Bahia,Viúvo/a,Desempregado,Pós-graduação,ALTA,2024-06-04,Android,51 6007 0996
U03593,Melissa,Casa Grande,vitoria52@example.net,76924813117.0,1970-01-01,Outro,Minas Gerais,Solteiro/a,Empregado,Ensino Médio,MEDIA,2024-06-04,iOS,+55 51 3036 3826
U01232,Hadassa,da Rocha,lorenzo38@example.net,60021022517.0,1998-01-11,Outro,Rio de Janeiro,Viúvo/a,Autônomo,Outro,ALTA,2024-06-05,Android,(021) 2081 1239
U03088,Carlos Eduardo,Pacheco,tcosta@example.net,38043084412.0,1970-01-01,Fem,Ceará,Solteiro/a,Autônomo,Ensino Médio,ALTA,2024-06-05,Android,+55 (021) 8282-2304
U04139,Yago,Cassiano,henry49@example.net,39150346270.0,1970-01-01,Fem,Bahia,Viúvo/a,Empregado,Técnico,BAIXA,2024-06-05,Android,+55 (021) 1790-9193
U01018,Gabriela,Moraes,maria-sophia38@example.org,56089406323.0,1981-11-25,Masc,São Paulo,Viúvo/a,Empregado,Pós-graduação,MEDIA,2024-06-06,iOS,31 5240 9013
U01323,Gustavo Henrique,da Rocha,viniciusrezende@example.org,41879134925.0,1970-01-30,Outro,Rio de Janeiro,Divorciado/a,Autônomo,Outro,ALTA,2024-06-06,Android,(051) 1164-2154
U01413,Bryan,Melo,lopesbernardo@example.net,76017464710.0,1970-01-01,Fem,Pernambuco,Casado/a,Estudante,Pós-graduação,ALTA,2024-06-06,Android,11 6152-7685
U01499,Antony,Garcia,mirella58@example.com,54685913075.0,1970-01-01,Outro,Bahia,Solteiro/a,Estudante,Outro,BAIXA,2024-06-06,Android,(084) 7204-7608
U02262,Thiago,Camargo,qda-cruz@example.org,63046490085.0,1970-01-01,Fem,Minas Gerais,Casado/a,Desempregado,Superior,BAIXA,2024-06-06,iOS,(051) 9697-9327
U02348,Vinícius,Teixeira,duartebruno@example.com,97063442164.0,1970-01-01,Masc,Minas Gerais,Viúvo/a,Empregado,Outro,ALTA,2024-06-06,iOS,+55 41 0656 5740
U02825,Olívia,Vargas,manuelaoliveira@example.net,50118290623.0,1977-09-17,Fem,Bahia,Casado/a,Estudante,Pós-graduação,MEDIA,2024-06-06,Android,81 6562-0284
U02136,Cecília,Pinto,guerrathales@example.org,47064869557.0,1976-05-05,Outro,Bahia,Viúvo/a,Autônomo,Superior,MEDIA,2024-06-07,iOS,84 5628 6354
U02907,Natália,Fogaça,henry-gabriel89@example.com,70799770143.0,1993-05-04,Outro,Distrito Federal,Solteiro/a,Desempregado,Pós-graduação,BAIXA,2024-06-07,Android,21 4053-8418
U02980,Aylla,Mendes,nathanbarbosa@example.net,54198130048.0,1970-01-01,Fem,Ceará,Casado/a,Desempregado,Técnico,MEDIA,2024-06-07,Android,+55 41 8772-6000
U03226,Esther,Gomes,diaszoe@example.org,73968709052.0,1991-04-24,Masc,Pernambuco,Viúvo/a,Aposentado,Pós-graduação,BAIXA,2024-06-07,Android,(041) 7221 6837
U04106,Ana Clara,da Paz,da-cunhayuri@example.com,38350874170.0,1991-03-27,Fem,Pernambuco,Casado/a,Estudante,Outro,ALTA,2024-06-07,iOS,+55 51 8936 1185
U03030,Augusto,Ferreira,matteolima@example.org,22809993413.0,2001-02-05,Outro,São Paulo,Divorciado/a,Autônomo,Ensino Médio,ALTA,2024-06-08,iOS,+55 41 9632 9351
U03628,Leandro,da Rocha,noah86@example.net,61661045663.0,1975-07-29,Fem,Paraná,Casado/a,Desempregado,Ensino Médio,BAIXA,2024-06-08,Android,+55 (021) 7881 0599
U03677,Sofia,Ribeiro,falbuquerque@example.org,60707526062.0,1970-01-01,Outro,Minas Gerais,Casado/a,Desempregado,Pós-graduação,ALTA,2024-06-08,Android,+55 (061) 6447 1439
U03799,Vitor,Jesus,isaacrodrigues@example.com,37403900894.0,1970-01-01,Masc,Rio de Janeiro,Viúvo/a,Autônomo,Técnico,ALTA,2024-06-08,iOS,21 5094 2017
U04498,Maria Júlia,Freitas,anna-lizmontenegro@example.org,52708031962.0,1970-01-01,Outro,São Paulo,Viúvo/a,Autônomo,Pós-graduação,ALTA,2024-06-08,iOS,+55 11 6274-6361
U00021,Bernardo,Fogaça,ana-beatriz90@example.com,75612796082.0,2002-02-21,Masc,São Paulo,Solteiro/a,Empregado,Ensino Médio,MEDIA,2024-06-09,Android,+55 (011) 5978 9504
U00488,Catarina,Barbosa,otto49@example.com,63140783057.0,1970-01-01,Masc,Rio de Janeiro,Viúvo/a,Estudante,Ensino Médio,BAIXA,2024-06-09,iOS,+55 (051) 3913 9258
U00514,Juliana,Rodrigues,pietroda-cunha@example.net,14072372398.0,1973-07-25,Masc,Ceará,Solteiro/a,Aposentado,Superior,MEDIA,2024-06-09,Android,41 0647-2145
U01008,Leonardo,Pereira,blima@example.org,51744082658.0,1970-01-01,Fem,Rio Grande do Sul,Viúvo/a,Autônomo,Pós-graduação,ALTA,2024-06-09,Android,+55 84 3847 8092
U01998,Vitor Gabriel,Alves,da-conceicaodaniela@example.com,74614634072.0,1971-12-02,Fem,Rio de Janeiro,Divorciado/a,Desempregado,Ensino Médio,ALTA,2024-06-09,Android,+55 31 8038-3963
U02201,Ana Lívia,Nascimento,rezendelucca@example.com,66303303849.0,1970-01-01,Fem,Rio Grande do Sul,Solteiro/a,Estudante,Técnico,MEDIA,2024-06-09,iOS,+55 84 8198 3079
U02810,Heloisa,Brito,luiz-fernandonovaes@example.com,38181203038.0,1970-01-01,Outro,São Paulo,Solteiro/a,Estudante,Ensino Médio,ALTA,2024-06-09,Android,+55 11 1200-6155
U03003,Júlia,Alves,wmarques@example.org,97564671847.0,2005-04-14,Outro,Ceará,Divorciado/a,Aposentado,Técnico,ALTA,2024-06-09,iOS,+55 31 3580 4623
U03239,Anthony Gabriel,Casa Grande,danielapastor@example.com,24498659215.0,1970-01-01,Outro,Ceará,Viúvo/a,Aposentado,Ensino Médio,BAIXA,2024-06-09,Android,+55 (061) 5913-9090
U03385,Maria Flor,Nunes,monteirobento@example.org,94998188968.0,1990-01-03,Masc,Bahia,Divorciado/a,Empregado,Ensino Médio,MEDIA,2024-06-09,Android,0800 038 9277
U03971,Cauê,Duarte,pereiraravi-lucca@example.com,10555448007.0,1974-01-05,Outro,Minas Gerais,Casado/a,Autônomo,Outro,BAIXA,2024-06-09,Android,(061) 7394-7372
U01902,Luara,da Conceição,ana-laura90@example.org,91834128084.0,1998-06-26,Fem,Pernambuco,Solteiro/a,Estudante,Ensino Médio,ALTA,2024-06-10,Android,+55 (021) 7190-9453
U02449,Antonella,da Cruz,giovanna85@example.net,50074105140.0,2003-08-24,Fem,Rio de Janeiro,Casado/a,Aposentado,Técnico,MEDIA,2024-06-10,Android,+55 (011) 0140-3670
U02630,Alexandre,Nunes,caldeirayan@example.net,74624513411.0,1970-01-01,Fem,Bahia,Casado/a,Estudante,Ensino Médio,ALTA,2024-06-10,iOS,(041) 4226 0773
U03836,Amanda,Vargas,lorenada-rocha@example.net,47811914580.0,1993-06-16,Fem,São Paulo,Viúvo/a,Autônomo,Outro,ALTA,2024-06-10,Android,(011) 4656 2144
U00279,Emanuel,Marques,kamilly60@example.com,49501118332.0,1985-04-13,Masc,Paraná,Viúvo/a,Desempregado,Ensino Médio,BAIXA,2024-06-11,iOS,+55 61 5130-9551
U00687,Bento,Souza,aragaoana@example.net,59905299254.0,2004-02-23,Outro,Paraná,Casado/a,Estudante,Outro,BAIXA,2024-06-11,Android,0800 832 3879
U00203,Maria Helena,Carvalho,costavicente@example.com,12653075060.0,1970-01-01,Masc,Minas Gerais,Viúvo/a,Desempregado,Ensino Médio,ALTA,2024-06-12,iOS,(011) 8503-9702
U03981,Enzo,Brito,manuelaribeiro@example.com,53693175246.0,1970-01-01,Masc,Rio de Janeiro,Viúvo/a,Estudante,Outro,BAIXA,2024-06-12,Android,+55 (051) 9885 2753
U00036,Rafael,Nogueira,maria-laurarezende@example.com,59286690366.0,1970-01-01,Fem,Ceará,Divorciado/a,Estudante,Ensino Médio,BAIXA,2024-06-13,iOS,84 9231-6094
U00437,Amanda,Barros,tribeiro@example.org,11051624534.0,1970-01-01,Outro,Paraná,Casado/a,Aposentado,Ensino Médio,ALTA,2024-06-13,Android,+55 (071) 4449 1784
U03167,Rafael,Ramos,moreiravicente@example.org,42364775599.0,1975-10-27,Fem,Pernambuco,Divorciado/a,Autônomo,Técnico,BAIXA,2024-06-13,Android,+55 (041) 0349-4282
U03716,Mariah,Freitas,natalia00@example.com,60090626257.0,2005-05-05,Masc,Pernambuco,Casado/a,Empregado,Outro,MEDIA,2024-06-13,iOS,(061) 2774 9793
U03783,Liam,Leão,mouraclara@example.net,51463765415.0,1970-01-01,Masc,Minas Gerais,Solteiro/a,Empregado,Outro,MEDIA,2024-06-13,iOS,+55 51 8462 3878
U04269,Juliana,Montenegro,joao-gabrielcirino@example.net,13504957270.0,1970-01-01,Fem,Paraná,Divorciado/a,Autônomo,Ensino Médio,ALTA,2024-06-13,iOS,+55 51 8724 6688
U01878,Elisa,Vieira,borgesantony@example.net,81660604380.0,1970-01-01,Masc,Distrito Federal,Casado/a,Autônomo,Técnico,MEDIA,2024-06-14,iOS,(011) 3435-3787
U03519,Catarina,Mendes,costaluiz-henrique@example.com,82845054671.0,1970-01-01,Fem,São Paulo,Solteiro/a,Aposentado,Superior,ALTA,2024-06-14,Android,+55 51 0291 6182
U04458,Melissa,da Cunha,santosbento@example.net,27420708104.0,1970-01-01,Fem,São Paulo,Solteiro/a,Autônomo,Pós-graduação,BAIXA,2024-06-14,iOS,+55 (031) 2613 7502
U00627,Paulo,Albuquerque,hadassa06@example.org,74637973626.0,1970-01-01,Outro,Minas Gerais,Casado/a,Empregado,Superior,MEDIA,2024-06-15,Android,(061) 5573 9681
U01116,Sara,Leão,luiz-gustavobarros@example.com,42472961043.0,1971-10-08,Fem,Rio Grande do Sul,Casado/a,Desempregado,Outro,BAIXA,2024-06-15,Android,(031) 4306-7388
U01148,Esther,Leão,dda-paz@example.net,76685904650.0,1970-01-01,Outro,Bahia,Viúvo/a,Estudante,Pós-graduação,ALTA,2024-06-15,Android,+55 11 1465-7802
U02027,Luísa,da Cruz,cauagomes@example.net,33642108009.0,1970-01-01,Masc,Minas Gerais,Viúvo/a,Aposentado,Superior,BAIXA,2024-06-15,iOS,(041) 3709 0151
U02121,Pedro Lucas,Gomes,pimentaelisa@example.net,48496591429.0,1994-10-27,Outro,Ceará,Divorciado/a,Desempregado,Superior,BAIXA,2024-06-15,Android,+55 31 3496-6788
U00075,Jade,Nascimento,meloravi@example.org,50746516307.0,1970-01-01,Fem,Minas Gerais,Casado/a,Desempregado,Pós-graduação,MEDIA,2024-06-16,iOS,0800 102 9099
U02766,Hadassa,Araújo,limastephany@example.org,25193531769.0,2006-11-05,Masc,Pernambuco,Divorciado/a,Empregado,Pós-graduação,MEDIA,2024-06-16,iOS,0500-665-4771
U03159,Isabella,Pastor,guerraian@example.org,53276551430.0,1982-06-27,Fem,Rio de Janeiro,Solteiro/a,Empregado,Técnico,MEDIA,2024-06-16,iOS,(021) 3430 7355
U03936,Julia,Montenegro,ravi-lucca54@example.org,12387856335.0,1987-12-12,Masc,Pernambuco,Solteiro/a,Estudante,Técnico,ALTA,2024-06-16,iOS,31 6254-9206
U04280,Aurora,Castro,sbarbosa@example.com,66171521949.0,1970-01-01,Masc,São Paulo,Divorciado/a,Empregado,Superior,ALTA,2024-06-16,iOS,11 4076-2933
U00192,Luna,Cirino,henrymelo@example.net,85307808533.0,1988-09-15,Fem,Rio de Janeiro,Divorciado/a,Aposentado,Pós-graduação,ALTA,2024-06-17,iOS,+55 (021) 4300-7288
U00401,Ayla,Correia,da-conceicaoenzo-gabriel@example.net,39533575001.0,1998-01-12,Fem,Bahia,Casado/a,Estudante,Pós-graduação,MEDIA,2024-06-17,iOS,+55 84 8909 7397
U00753,Theo,Gomes,arthur-gabrielsiqueira@example.net,41966403359.0,1970-01-01,Outro,Minas Gerais,Solteiro/a,Aposentado,Pós-graduação,ALTA,2024-06-17,iOS,+55 61 7410-1212
U00793,Luan,Cardoso,ngoncalves@example.net,41115338703.0,1970-01-01,Masc,Pernambuco,Solteiro/a,Desempregado,Superior,MEDIA,2024-06-17,iOS,+55 (084) 8805-7637
U01468,Júlia,Dias,leaopedro-henrique@example.com,90825236825.0,1978-01-28,Outro,Rio Grande do Sul,Divorciado/a,Aposentado,Pós-graduação,BAIXA,2024-06-17,iOS,(084) 9019 2419
U01667,Levi,Mendes,xda-paz@example.org,99992387786.0,2001-12-09,Masc,Pernambuco,Divorciado/a,Estudante,Técnico,ALTA,2024-06-17,iOS,0800 661 5355
U02065,Ayla,da Rocha,thomasviana@example.com,10469166531.0,1975-06-30,Fem,Rio de Janeiro,Solteiro/a,Estudante,Técnico,BAIXA,2024-06-17,iOS,+55 (021) 9622 9119
U00019,Luigi,Cirino,joao-miguelda-paz@example.com,33974114673.0,2000-12-01,Fem,Paraná,Solteiro/a,Desempregado,Ensino Médio,MEDIA,2024-06-18,iOS,+55 (041) 3963 8098
U00806,Thiago,Novaes,lorenzo84@example.com,16455220406.0,1970-01-01,Outro,Distrito Federal,Solteiro/a,Estudante,Ensino Médio,MEDIA,2024-06-18,iOS,81 1692-5080
U01507,Vinícius,Ribeiro,maria-sophia74@example.net,56514548031.0,1970-01-01,Masc,Bahia,Casado/a,Autônomo,Outro,MEDIA,2024-06-18,Android,+55 31 4195-4538
U02519,Vicente,Azevedo,olivia19@example.org,42474755807.0,1999-12-23,Outro,Bahia,Divorciado/a,Estudante,Técnico,ALTA,2024-06-18,iOS,+55 (051) 5880 1860
U02807,Ravi Lucca,Sampaio,calebe96@example.net,80481687881.0,1989-08-08,Fem,Minas Gerais,Divorciado/a,Empregado,Ensino Médio,BAIXA,2024-06-18,Android,(051) 4612 0914
U00230,Yago,Azevedo,nathan83@example.net,94943786002.0,2004-07-19,Outro,Pernambuco,Viúvo/a,Empregado,Ensino Médio,BAIXA,2024-06-19,Android,81 6961-0053
U00901,Pedro Henrique,Câmara,da-pazvitoria@example.org,52341972162.0,1970-01-01,Outro,São Paulo,Viúvo/a,Autônomo,Técnico,BAIXA,2024-06-19,Android,51 7687 4853
U00981,Evelyn,Araújo,igoncalves@example.org,51915697379.0,1986-11-04,Outro,Minas Gerais,Divorciado/a,Estudante,Superior,ALTA,2024-06-19,Android,+55 (041) 3839 1076
U01681,Isabel,Sales,isaqueabreu@example.org,64655537709.0,1971-01-10,Fem,Distrito Federal,Viúvo/a,Estudante,Superior,MEDIA,2024-06-19,iOS,0500-438-1547
U02804,Luana,Moraes,evelyncamargo@example.org,80471510721.0,1991-11-06,Masc,Ceará,Viúvo/a,Autônomo,Pós-graduação,MEDIA,2024-06-19,Android,0900-627-3176
U02851,Camila,Aparecida,ana-liviavasconcelos@example.com,11354911040.0,1970-01-01,Outro,Ceará,Casado/a,Empregado,Técnico,BAIXA,2024-06-19,Android,(071) 9371-7967
U03442,Anthony Gabriel,Silveira,rochaleticia@example.net,45350084172.0,1970-01-01,Outro,Bahia,Viúvo/a,Autônomo,Pós-graduação,ALTA,2024-06-19,iOS,(061) 4746-8158
U03674,Maria Cecília,Vieira,leaoluna@example.com,54859494841.0,1985-08-17,Outro,Pernambuco,Viúvo/a,Estudante,Superior,MEDIA,2024-06-19,Android,+55 (051) 7261-6762
U04599,João Gabriel,Sales,fernandesmilena@example.net,56115682280.0,1970-01-01,Fem,Paraná,Casado/a,Autônomo,Outro,BAIXA,2024-06-19,Android,+55 (011) 1029 9344
U01536,João Pedro,da Mota,da-rochaluiz-otavio@example.com,92772103654.0,1970-01-01,Fem,Distrito Federal,Divorciado/a,Desempregado,Pós-graduação,BAIXA,2024-06-20,Android,+55 (084) 1484 0521
U01582,Gabriel,Correia,camposbruno@example.com,74753960953.0,1977-10-16,Fem,São Paulo,Casado/a,Empregado,Pós-graduação,MEDIA,2024-06-20,iOS,11 0859-8094
U02285,Benicio,Teixeira,diaskamilly@example.net,59360903256.0,1985-10-22,Outro,Minas Gerais,Viúvo/a,Desempregado,Superior,ALTA,2024-06-20,iOS,0800-272-2420
U04308,Matheus,Ramos,luizadias@example.net,34099613394.0,1970-01-01,Masc,Minas Gerais,Divorciado/a,Desempregado,Ensino Médio,BAIXA,2024-06-20,iOS,+55 (041) 1998-0883
U04462,Mathias,Ferreira,gbarbosa@example.org,89601068980.0,1982-04-10,Fem,Distrito Federal,Divorciado/a,Estudante,Técnico,BAIXA,2024-06-20,iOS,41 6086 8334
U00432,Théo,Silveira,walmeida@example.com,50741542813.0,1990-06-18,Outro,Minas Gerais,Solteiro/a,Aposentado,Técnico,BAIXA,2024-06-21,Android,51 1378 4780
U02270,Marcela,Caldeira,murilocamargo@example.com,37023089827.0,1970-01-01,Fem,Rio de Janeiro,Casado/a,Empregado,Superior,MEDIA,2024-06-21,iOS,41 0002 5297
U03036,Henrique,da Conceição,ana-clara38@example.net,18914137893.0,1970-01-01,Fem,Rio de Janeiro,Solteiro/a,Empregado,Superior,ALTA,2024-06-21,Android,81 2999 4039
U04224,Alexandre,Moreira,valentim49@example.net,77492422706.0,1978-03-08,Fem,Ceará,Viúvo/a,Desempregado,Ensino Médio,ALTA,2024-06-21,iOS,+55 51 8755 7030
U00058,Mathias,Almeida,da-matabreno@example.com,77497558163.0,1972-10-07,Masc,Rio de Janeiro,Casado/a,Estudante,Outro,MEDIA,2024-06-22,iOS,+55 (041) 7766 7562
U00975,Léo,Câmara,cunhafernando@example.com,71974232956.0,1974-04-16,Masc,Ceará,Viúvo/a,Empregado,Ensino Médio,BAIXA,2024-06-22,iOS,41 6572 6360
U01350,Marcelo,Carvalho,jda-mata@example.net,40695513900.0,1970-01-01,Outro,Bahia,Solteiro/a,Empregado,Superior,MEDIA,2024-06-22,iOS,+55 81 1620-9010
U03545,Raquel,da Cruz,lais34@example.net,75483046907.0,1976-06-27,Fem,Ceará,Casado/a,Aposentado,Superior,MEDIA,2024-06-22,Android,84 2685 5921
U04741,Paulo,Barbosa,nsilva@example.net,44037867354.0,1981-08-21,Masc,Rio de Janeiro,Divorciado/a,Autônomo,Outro,BAIXA,2024-06-22,iOS,(021) 8767 0469
U00249,Nathan,Pires,xda-cruz@example.net,63407706315.0,2003-10-21,Fem,São Paulo,Solteiro/a,Aposentado,Técnico,ALTA,2024-06-23,iOS,+55 21 6235 0542
U00768,Gael Henrique,Lopes,luiz-otaviojesus@example.org,79320128579.0,1970-01-01,Masc,Ceará,Solteiro/a,Autônomo,Pós-graduação,ALTA,2024-06-23,Android,(061) 5080 3210
U02428,Sarah,Moreira,scamara@example.com,50335759398.0,1970-01-01,Fem,Paraná,Casado/a,Autônomo,Ensino Médio,BAIXA,2024-06-23,iOS,0300 051 0771
U02458,João Vitor,Garcia,zabreu@example.net,42579168686.0,1970-01-01,Outro,Ceará,Solteiro/a,Estudante,Ensino Médio,MEDIA,2024-06-23,iOS,+55 61 8727 2065
U02644,Marcela,Alves,sousaclara@example.com,71325824941.0,1988-11-30,Masc,Distrito Federal,Viúvo/a,Estudante,Pós-graduação,ALTA,2024-06-23,Android,(061) 2558-6891
U00628,Rael,Freitas,joaquim16@example.net,28171816023.0,1971-08-29,Fem,Bahia,Casado/a,Aposentado,Pós-graduação,ALTA,2024-06-24,Android,+55 41 8736-6686
U02326,Otto,Gonçalves,emillyfernandes@example.org,15808475894.0,2004-08-19,Masc,Rio de Janeiro,Solteiro/a,Estudante,Ensino Médio,MEDIA,2024-06-24,iOS,+55 (061) 4025 5001
U02405,Pedro Miguel,Novaes,ana-liz78@example.net,40677194104.0,1970-01-01,Masc,Minas Gerais,Divorciado/a,Empregado,Superior,BAIXA,2024-06-24,iOS,(041) 5561-3795
U03961,Valentina,Silva,pmontenegro@example.com,94767028010.0,1996-12-07,Outro,Paraná,Divorciado/a,Estudante,Pós-graduação,ALTA,2024-06-24,iOS,+55 (081) 0283-7429
U01871,Danilo,da Mota,davi-luiz31@example.net,27297798884.0,1980-08-25,Fem,Minas Gerais,Casado/a,Empregado,Outro,MEDIA,2024-06-26,Android,+55 11 8866-1350
U01922,Gael Henrique,Sales,rafael81@example.net,40518049574.0,1970-01-01,Masc,São Paulo,Casado/a,Estudante,Superior,BAIXA,2024-06-26,Android,+55 31 8423 7694
U03494,Maria Sophia,Mendes,benjamin05@example.com,33176410281.0,1995-05-22,Outro,Rio de Janeiro,Divorciado/a,Autônomo,Técnico,ALTA,2024-06-26,Android,0800-226-7365
U03609,Augusto,Teixeira,mouramarcos-vinicius@example.com,14727591037.0,1993-01-05,Fem,Rio Grande do Sul,Viúvo/a,Estudante,Outro,BAIXA,2024-06-26,Android,0300-142-4053
U04695,Yuri,da Costa,ada-costa@example.net,98135162471.0,1988-01-19,Outro,Rio Grande do Sul,Divorciado/a,Aposentado,Ensino Médio,BAIXA,2024-06-26,iOS,84 8386 5485
U00305,Ana Sophia,Barbosa,marianasiqueira@example.org,51329416490.0,1991-03-31,Masc,Ceará,Divorciado/a,Estudante,Técnico,MEDIA,2024-06-27,iOS,+55 84 0543 4473
U02140,Maitê,Albuquerque,falmeida@example.com,66546816353.0,1988-02-20,Outro,Bahia,Solteiro/a,Desempregado,Pós-graduação,BAIXA,2024-06-27,Android,+55 31 6648-0663
U04973,Eloá,Fogaça,aparecidaester@example.com,21371425281.0,1970-08-26,Outro,Rio Grande do Sul,Casado/a,Autônomo,Ensino Médio,MEDIA,2024-06-27,iOS,+55 84 1825 9896
U00043,Olivia,Nunes,kpeixoto@example.net,87074197292.0,1973-06-23,Outro,Pernambuco,Casado/a,Autônomo,Outro,BAIXA,2024-06-28,iOS,81 7242 3566
U00190,Anthony,Moraes,emanuelsilveira@example.net,36720331468.0,1970-01-01,Outro,São Paulo,Divorciado/a,Aposentado,Outro,ALTA,2024-06-28,iOS,+55 84 9935-3052
U00590,Eloá,Abreu,tgomes@example.net,30667536035.0,1988-05-02,Fem,Distrito Federal,Casado/a,Autônomo,Superior,ALTA,2024-06-28,iOS,+55 (081) 6778 6846
U00978,Ana Lívia,Rocha,liamlima@example.com,94118591976.0,1970-01-01,Fem,Distrito Federal,Divorciado/a,Aposentado,Outro,BAIXA,2024-06-28,iOS,+55 31 5810 7317
U01863,Pedro Miguel,Cavalcante,guerralorenzo@example.org,31103365474.0,1997-06-04,Fem,Rio Grande do Sul,Divorciado/a,Autônomo,Pós-graduação,BAIXA,2024-06-28,Android,(011) 3488 3218
U02398,Lucca,Teixeira,pda-rocha@example.org,95918197252.0,1970-01-01,Masc,Paraná,Casado/a,Empregado,Ensino Médio,BAIXA,2024-06-28,Android,0800-964-9470
U02430,Thales,Jesus,fernandesantonio@example.org,18625118037.0,1988-04-16,Outro,São Paulo,Divorciado/a,Desempregado,Técnico,MEDIA,2024-06-28,Android,(051) 3212-9745
U02706,Yago,Pacheco,jesusnathan@example.com,35732007583.0,1973-08-21,Outro,Distrito Federal,Casado/a,Estudante,Superior,ALTA,2024-06-28,iOS,(081) 4534 7144
U04147,João Pedro,Camargo,gael-henrique87@example.net,31158965032.0,1997-10-19,Fem,Rio de Janeiro,Casado/a,Aposentado,Técnico,MEDIA,2024-06-28,Android,(061) 5837-0663
U00062,Antonella,Carvalho,paulo83@example.com,90400180606.0,1980-09-23,Masc,Paraná,Solteiro/a,Autônomo,Ensino Médio,BAIXA,2024-06-29,iOS,+55 (011) 0866-3427
U00857,Luara,Gomes,danielleao@example.com,99281482623.0,1995-02-27,Fem,Pernambuco,Solteiro/a,Aposentado,Pós-graduação,BAIXA,2024-06-29,Android,81 1784-0060
U03461,Pedro Miguel,Sá,cecilia03@example.org,59784355053.0,1985-03-26,Outro,Ceará,Casado/a,Autônomo,Outro,MEDIA,2024-06-29,iOS,(051) 9669 6134
U03810,Ágatha,Nogueira,mouraalicia@example.net,45127995849.0,2000-07-23,Fem,São Paulo,Viúvo/a,Estudante,Ensino Médio,MEDIA,2024-06-29,Android,+55 21 6077 3733
U03813,Pedro Henrique,Macedo,luigida-cruz@example.net,19315234669.0,1980-11-05,Masc,Minas Gerais,Casado/a,Empregado,Técnico,BAIXA,2024-06-29,Android,0300-161-0364
U03897,Luiz Fernando,Gonçalves,earaujo@example.org,95799997852.0,1970-01-01,Outro,Minas Gerais,Divorciado/a,Autônomo,Técnico,ALTA,2024-06-29,iOS,+55 (031) 2169-4283
U04615,Luiza,Carvalho,ravi71@example.org,84706477891.0,1970-01-01,Outro,Ceará,Solteiro/a,Empregado,Superior,ALTA,2024-06-29,Android,0500-233-8018
U04972,Emanuelly,Sá,ana-julia74@example.net,98435699707.0,1991-06-23,Outro,Minas Gerais,Casado/a,Estudante,Outro,BAIXA,2024-06-29,Android,+55 41 6879-1137
U00065,Levi,Casa Grande,ejesus@example.org,91074343474.0,1993-12-29,Fem,Paraná,Casado/a,Autônomo,Técnico,ALTA,2024-06-30,Android,+55 51 7003 7461
U01745,Ana Carolina,Campos,joaquimpacheco@example.net,25095458923.0,1970-01-01,Masc,Paraná,Viúvo/a,Estudante,Superior,BAIXA,2024-06-30,iOS,(031) 9955-7783
U02013,Emilly,da Paz,da-cunhasabrina@example.net,57513535178.0,1997-02-10,Masc,Paraná,Casado/a,Aposentado,Ensino Médio,BAIXA,2024-06-30,iOS,84 8905 6839
U02047,Kaique,Fogaça,enrico85@example.com,85829546507.0,1970-01-01,Fem,Minas Gerais,Casado/a,Aposentado,Superior,ALTA,2024-06-30,iOS,(021) 7846 4708
U02981,Maria Isis,Pimenta,ana-julia39@example.net,61221433396.0,1970-01-01,Masc,Distrito Federal,Solteiro/a,Aposentado,Pós-graduação,MEDIA,2024-06-30,iOS,+55 61 3582-5446
U01075,Davi Lucas,Câmara,maria-isis40@example.net,90346501843.0,1970-01-01,Fem,Rio de Janeiro,Casado/a,Estudante,Pós-graduação,BAIXA,2024-07-01,Android,+55 81 7123-4766
U01190,Ana Júlia,Novaes,samaysa@example.net,40036989476.0,1978-04-26,Masc,Ceará,Divorciado/a,Estudante,Pós-graduação,MEDIA,2024-07-01,Android,0500-018-8879
U01337,Apollo,Ramos,rferreira@example.net,15921150125.0,1984-03-01,Fem,Distrito Federal,Divorciado/a,Desempregado,Outro,BAIXA,2024-07-01,Android,+55 (061) 6984-3510
U02661,Bianca,Pires,caldeiraana@example.com,39507296036.0,1977-09-30,Masc,Bahia,Solteiro/a,Desempregado,Outro,ALTA,2024-07-01,Android,81 9291 7857
U03278,Thales,Novais,dgomes@example.net,92033109543.0,1974-03-29,Fem,Pernambuco,Divorciado/a,Desempregado,Técnico,ALTA,2024-07-01,iOS,(061) 1395 9814
U03778,Hellena,Gomes,csilveira@example.net,27759500476.0,1970-01-01,Fem,Pernambuco,Viúvo/a,Autônomo,Ensino Médio,MEDIA,2024-07-01,Android,+55 (011) 8392 5604
U03995,Pietra,Viana,sophiacunha@example.com,52963752275.0,1974-07-13,Fem,Bahia,Divorciado/a,Estudante,Ensino Médio,ALTA,2024-07-01,iOS,(031) 3259-1640
U04332,Sophie,Camargo,da-cruzclara@example.net,50512784646.0,1970-01-01,Masc,Rio de Janeiro,Solteiro/a,Empregado,Técnico,MEDIA,2024-07-01,iOS,+55 81 0803 8439
U04379,Davi,Sales,fnogueira@example.net,21989186928.0,1970-01-01,Outro,São Paulo,Solteiro/a,Desempregado,Técnico,ALTA,2024-07-01,Android,+55 81 3851-0269
U04644,Heloísa,Lima,pedro-lucasda-luz@example.com,65689893706.0,1976-10-01,Fem,Bahia,Divorciado/a,Desempregado,Superior,MEDIA,2024-07-01,Android,+55 81 7325-9007
U02333,Olívia,Farias,llima@example.org,68068609718.0,2004-01-25,Fem,Minas Gerais,Viúvo/a,Autônomo,Pós-graduação,ALTA,2024-07-02,iOS,0900-828-2597
U03903,Helena,Martins,ramosana-julia@example.com,93190254887.0,2001-11-10,Outro,Pernambuco,Divorciado/a,Empregado,Ensino Médio,MEDIA,2024-07-02,Android,+55 61 6381 3263
U04856,Pedro,Borges,vgarcia@example.net,95927436018.0,1993-11-16,Outro,São Paulo,Solteiro/a,Autônomo,Superior,ALTA,2024-07-02,iOS,(021) 4260-5830
U04986,Nina,Garcia,ana-carolina07@example.com,13116179321.0,1993-02-04,Masc,Bahia,Casado/a,Estudante,Ensino Médio,MEDIA,2024-07-02,Android,+55 (011) 3074 3616
U03016,Gabrielly,Machado,valentinacastro@example.net,60794656935.0,2002-04-19,Outro,Rio Grande do Sul,Viúvo/a,Empregado,Outro,ALTA,2024-07-03,iOS,(041) 0429 5689
U03190,Caleb,Fogaça,omoura@example.org,33123608644.0,1986-07-18,Masc,Paraná,Solteiro/a,Aposentado,Outro,MEDIA,2024-07-03,iOS,+55 (061) 8743 6483
U03747,Lara,da Rosa,barbosabella@example.com,44520958825.0,1999-06-14,Outro,Minas Gerais,Casado/a,Estudante,Ensino Médio,ALTA,2024-07-03,Android,51 1034 7064
U03841,Luiz Gustavo,da Rosa,pietraalves@example.org,12761323007.0,1970-01-01,Masc,Distrito Federal,Divorciado/a,Empregado,Técnico,ALTA,2024-07-03,Android,+55 61 3597-3436
U04426,Maria Clara,Machado,danielacorreia@example.com,87490028063.0,1978-02-26,Fem,Rio de Janeiro,Solteiro/a,Autônomo,Superior,BAIXA,2024-07-03,Android,+55 (081) 5379-2008
U01889,Antônio,Ribeiro,limajoana@example.net,19620291825.0,1970-01-01,Fem,Rio de Janeiro,Viúvo/a,Aposentado,Pós-graduação,MEDIA,2024-07-04,Android,+55 81 3395-4294
U03645,Maitê,Correia,blopes@example.com,28593559887.0,1984-08-10,Outro,Minas Gerais,Viúvo/a,Desempregado,Superior,BAIXA,2024-07-04,Android,+55 31 7528 4147
U04393,Maria Clara,Almeida,ada-rosa@example.net,70689137922.0,2004-12-12,Outro,Bahia,Divorciado/a,Desempregado,Pós-graduação,BAIXA,2024-07-04,Android,+55 (084) 8409 1095
U04672,Ian,Sá,bellapimenta@example.net,64482109682.0,1983-06-08,Outro,Ceará,Viúvo/a,Aposentado,Ensino Médio,BAIXA,2024-07-04,iOS,+55 11 8487-1729
U00253,Nathan,Caldeira,ana-vitoria04@example.net,95241374368.0,1970-01-01,Outro,Distrito Federal,Solteiro/a,Aposentado,Técnico,BAIXA,2024-07-05,Android,(041) 6913 7563
U00620,Rodrigo,Novais,cauanascimento@example.net,78761677049.0,1971-02-25,Outro,Paraná,Solteiro/a,Aposentado,Superior,MEDIA,2024-07-05,Android,+55 81 1685 9112
U00717,Lívia,Rezende,julia34@example.com,87690551802.0,1970-01-01,Fem,Bahia,Viúvo/a,Aposentado,Técnico,MEDIA,2024-07-05,iOS,(031) 7745-0443
U02507,Larissa,Jesus,ramoslara@example.org,50293310015.0,1993-06-29,Fem,Minas Gerais,Divorciado/a,Estudante,Outro,BAIXA,2024-07-05,iOS,+55 (021) 3756-9237
U02796,Gael,Araújo,costelahenry-gabriel@example.org,95025318761.0,2006-05-02,Outro,Minas Gerais,Casado/a,Empregado,Pós-graduação,BAIXA,2024-07-05,iOS,+55 84 2614-7955
U02848,Yasmin,Novaes,eduarda32@example.org,45372744453.0,1970-01-01,Fem,Pernambuco,Casado/a,Empregado,Superior,BAIXA,2024-07-05,Android,(041) 4439 8175
U01122,Luiza,Araújo,marquesrhavi@example.com,82548423329.0,1976-08-13,Fem,Minas Gerais,Divorciado/a,Aposentado,Ensino Médio,BAIXA,2024-07-06,Android,(081) 4360-0871
U01513,João,Borges,ymarques@example.org,58084676078.0,1986-04-06,Outro,Distrito Federal,Divorciado/a,Aposentado,Outro,MEDIA,2024-07-06,iOS,+55 (011) 2723-4792
U01818,Evelyn,Marques,xsantos@example.com,19555651123.0,1970-01-01,Outro,Rio Grande do Sul,Solteiro/a,Estudante,Pós-graduação,BAIXA,2024-07-06,iOS,+55 (021) 9010 9616
U02741,Brenda,Oliveira,benjamin95@example.org,57936537061.0,1970-01-01,Fem,Minas Gerais,Solteiro/a,Desempregado,Pós-graduação,ALTA,2024-07-06,Android,84 1497-7287
U03915,Ravi,Pinto,marquesjoao-gabriel@example.org,69617620244.0,1970-01-01,Fem,Minas Gerais,Divorciado/a,Empregado,Superior,ALTA,2024-07-06,Android,(084) 9553 7839
U03966,Cauê,da Costa,da-costacecilia@example.org,58979631751.0,2003-02-23,Masc,Ceará,Solteiro/a,Aposentado,Ensino Médio,ALTA,2024-07-06,Android,+55 (081) 3638 3754
U02144,Beatriz,Marques,liamcostela@example.com,26612183069.0,1982-08-28,Outro,Bahia,Viúvo/a,Empregado,Outro,BAIXA,2024-07-07,Android,+55 71 4888-9797
U02212,Vinícius,Ramos,urocha@example.org,80984834332.0,1980-01-12,Masc,Distrito Federal,Solteiro/a,Autônomo,Outro,ALTA,2024-07-07,Android,11 0878-8129
U03653,Lorenzo,Moraes,bryanlima@example.com,61336866390.0,1970-01-01,Masc,Distrito Federal,Casado/a,Empregado,Pós-graduação,MEDIA,2024-07-07,iOS,+55 (041) 1959-4800
U03822,Ana Vitória,Jesus,oda-rosa@example.org,24548414736.0,1979-10-13,Outro,Distrito Federal,Viúvo/a,Autônomo,Superior,MEDIA,2024-07-07,Android,(084) 9057 0792
U00205,Caio,Vieira,jesusnina@example.net,71688255997.0,1970-01-01,Fem,Distrito Federal,Solteiro/a,Empregado,Outro,MEDIA,2024-07-08,Android,61 3475 2721
U00967,Ayla,da Costa,allana26@example.com,53904966363.0,1970-01-01,Outro,Distrito Federal,Solteiro/a,Desempregado,Outro,MEDIA,2024-07-08,Android,(041) 4479 8845
U01614,Arthur Miguel,Jesus,melofernando@example.org,48334175925.0,1987-01-22,Masc,Rio de Janeiro,Viúvo/a,Autônomo,Técnico,BAIXA,2024-07-08,iOS,71 6013-5606
U02607,Matheus,Abreu,ramosgabrielly@example.net,55650713725.0,1970-01-01,Masc,Paraná,Casado/a,Autônomo,Superior,BAIXA,2024-07-08,iOS,21 8511-6296
U02889,Erick,Silveira,gustavo66@example.org,39227273592.0,1970-01-01,Fem,Paraná,Divorciado/a,Autônomo,Técnico,ALTA,2024-07-08,iOS,0500 306 3525
U03153,José,Carvalho,leticiamontenegro@example.com,37885344778.0,1970-01-01,Outro,Distrito Federal,Casado/a,Estudante,Superior,BAIXA,2024-07-08,Android,84 1410 4727
U03997,Zoe,Fonseca,nicole24@example.com,83724357697.0,2006-12-28,Outro,Minas Gerais,Viúvo/a,Desempregado,Técnico,BAIXA,2024-07-08,iOS,21 6060 7187
U04869,Milena,da Cruz,almeidamiguel@example.org,19904402238.0,1970-01-01,Masc,Bahia,Solteiro/a,Autônomo,Superior,MEDIA,2024-07-08,Android,(051) 9487-7337
U01206,Luiza,Cunha,wjesus@example.net,19361599347.0,1977-11-29,Masc,Ceará,Viúvo/a,Empregado,Outro,ALTA,2024-07-09,iOS,+55 (011) 9195-0311
U02565,Antony,Viana,nicolesouza@example.com,97968999489.0,2007-01-17,Masc,Ceará,Viúvo/a,Aposentado,Pós-graduação,MEDIA,2024-07-09,Android,71 5286-8207
U03831,Ana Luiza,da Conceição,onovais@example.net,74141194938.0,1993-09-06,Fem,Pernambuco,Casado/a,Estudante,Pós-graduação,MEDIA,2024-07-09,iOS,+55 (011) 2838-3410
U04616,Augusto,da Cunha,melocalebe@example.com,74956296268.0,1998-09-01,Fem,Paraná,Casado/a,Aposentado,Outro,MEDIA,2024-07-09,iOS,+55 (084) 8736-6963
U02524,Jade,Souza,felipe91@example.net,72438683986.0,1970-01-01,Fem,Distrito Federal,Solteiro/a,Desempregado,Outro,BAIXA,2024-07-10,Android,+55 (041) 1329-7954
U03317,Davi Lucas,Ferreira,alexianovaes@example.net,11354416409.0,1988-06-13,Outro,Rio de Janeiro,Viúvo/a,Estudante,Ensino Médio,BAIXA,2024-07-10,iOS,(011) 4555-7253
U04860,Lorena,Lopes,yasmin93@example.com,92917956240.0,1984-01-04,Fem,Rio Grande do Sul,Divorciado/a,Desempregado,Pós-graduação,ALTA,2024-07-10,iOS,21 4550-8289
U01269,Gustavo Henrique,Pimenta,lucca44@example.com,33792037424.0,1970-01-01,Outro,Paraná,Divorciado/a,Desempregado,Pós-graduação,ALTA,2024-07-11,iOS,51 4544 6814
U04589,Ana Vitória,Gonçalves,lpacheco@example.net,52595860991.0,1970-01-01,Outro,Minas Gerais,Divorciado/a,Empregado,Outro,BAIXA,2024-07-11,Android,(084) 9035-8610
U00325,Maria Sophia,da Costa,das-nevesnoah@example.net,66605732122.0,1970-01-01,Outro,Bahia,Divorciado/a,Empregado,Superior,BAIXA,2024-07-12,iOS,+55 21 8895-5076
U02164,Maria Vitória,Ferreira,das-nevesgabriela@example.org,66492233316.0,1970-01-01,Outro,Rio de Janeiro,Viúvo/a,Empregado,Técnico,ALTA,2024-07-12,iOS,+55 84 6032-1187
U02453,Sophie,Correia,antonio86@example.net,43076194793.0,1977-06-04,Masc,Ceará,Viúvo/a,Aposentado,Ensino Médio,ALTA,2024-07-12,Android,+55 (031) 3630-1931
U03462,Apollo,Duarte,mda-rocha@example.org,54154149223.0,1971-05-02,Outro,Bahia,Viúvo/a,Aposentado,Superior,BAIXA,2024-07-12,Android,+55 81 1083-0636
U03941,Rafaela,Martins,ysantos@example.net,40781996513.0,1970-01-01,Masc,Pernambuco,Viúvo/a,Desempregado,Técnico,MEDIA,2024-07-12,Android,+55 (041) 0330-1252
U01531,Gabriela,Rios,eazevedo@example.net,31846194902.0,1983-03-02,Outro,Paraná,Viúvo/a,Autônomo,Outro,BAIXA,2024-07-13,iOS,(041) 6635 6774
U02614,Breno,Sampaio,maya27@example.org,67600214820.0,1979-10-31,Masc,Minas Gerais,Casado/a,Empregado,Técnico,MEDIA,2024-07-13,iOS,+55 (084) 8640 3785
U04962,Cauê,Rezende,da-luzbruna@example.org,77297412987.0,1970-01-01,Outro,Paraná,Casado/a,Desempregado,Outro,BAIXA,2024-07-13,iOS,0900 600 6204
U00861,Jade,Moreira,lmendes@example.com,41192920197.0,1988-09-27,Fem,São Paulo,Divorciado/a,Aposentado,Pós-graduação,BAIXA,2024-07-14,Android,+55 71 3415-4162
U01315,Ana Beatriz,Moraes,cavalcantimaria-sophia@example.org,84102147379.0,2000-07-28,Fem,São Paulo,Solteiro/a,Aposentado,Ensino Médio,MEDIA,2024-07-14,Android,+55 84 5545-1722
U01690,Daniela,Fogaça,peixotomirella@example.org,50502888482.0,1970-01-01,Masc,São Paulo,Solteiro/a,Aposentado,Pós-graduação,MEDIA,2024-07-14,iOS,+55 (041) 6552 9008
U02517,Lara,Cassiano,gbarros@example.net,99328433239.0,2003-02-02,Fem,Paraná,Viúvo/a,Desempregado,Técnico,ALTA,2024-07-14,Android,(061) 9875-6784
U02824,Bella,Leão,isabelabreu@example.com,19475549411.0,1970-01-01,Outro,Rio de Janeiro,Solteiro/a,Estudante,Ensino Médio,BAIXA,2024-07-14,iOS,+55 31 2793-8937
U03168,Maria Vitória,Andrade,rvasconcelos@example.com,15330552877.0,1985-10-02,Fem,Minas Gerais,Divorciado/a,Desempregado,Superior,ALTA,2024-07-14,Android,(011) 7326 1611
U00832,Felipe,Mendonça,rebecada-rocha@example.net,85020400664.0,1970-01-01,Fem,Rio de Janeiro,Viúvo/a,Empregado,Superior,MEDIA,2024-07-15,Android,11 8849 7411
U01879,Heloisa,Sousa,theoazevedo@example.net,42534314393.0,1995-01-08,Outro,Distrito Federal,Viúvo/a,Estudante,Pós-graduação,BAIXA,2024-07-15,Android,+55 (011) 9854-7357
U01931,Lívia,Caldeira,omachado@example.org,85975460501.0,1970-01-01,Fem,Rio de Janeiro,Solteiro/a,Empregado,Pós-graduação,BAIXA,2024-07-15,iOS,+55 31 3928-9744
U04968,Liam,Sales,henry-gabrielpastor@example.org,98292934344.0,1974-07-14,Outro,São Paulo,Divorciado/a,Desempregado,Outro,MEDIA,2024-07-15,Android,81 8092-8417
U01120,Ana Liz,Novais,renan57@example.com,58290123416.0,1993-09-11,Outro,Paraná,Viúvo/a,Desempregado,Pós-graduação,MEDIA,2024-07-16,iOS,+55 81 9319-5145
U01991,Pedro,Melo,allana88@example.com,46668506192.0,2002-02-17,Fem,Paraná,Casado/a,Desempregado,Superior,MEDIA,2024-07-16,Android,+55 11 3364-7878
U03374,Augusto,Ramos,gustavo-henrique78@example.org,30784430517.0,1970-08-18,Outro,Ceará,Casado/a,Aposentado,Técnico,BAIXA,2024-07-16,Android,21 8543-6198
U00113,Luiz Henrique,Farias,melissagarcia@example.org,66749121245.0,1995-06-04,Masc,Pernambuco,Casado/a,Estudante,Superior,BAIXA,2024-07-17,Android,+55 (041) 0046 3390
U00489,Anna Liz,Aparecida,nathanda-rosa@example.net,29092292336.0,1970-01-01,Outro,Distrito Federal,Casado/a,Empregado,Superior,ALTA,2024-07-17,iOS,+55 (051) 8940 6568
U01147,Théo,Moraes,maria-florvasconcelos@example.net,17745021635.0,1984-02-20,Masc,Pernambuco,Casado/a,Desempregado,Ensino Médio,ALTA,2024-07-17,iOS,84 8112-6182
U01379,Gael,Pires,vitor-gabriel50@example.org,77268938004.0,2001-05-25,Fem,Minas Gerais,Solteiro/a,Aposentado,Superior,ALTA,2024-07-17,iOS,31 2330-2789
U02000,Bento,da Mata,arios@example.com,95718305723.0,1972-02-26,Outro,Ceará,Divorciado/a,Estudante,Pós-graduação,ALTA,2024-07-17,iOS,+55 (051) 7309-3317
U02425,João Guilherme,Macedo,luiz-henrique42@example.net,26391127351.0,1977-09-30,Outro,Rio Grande do Sul,Casado/a,Autônomo,Técnico,MEDIA,2024-07-17,iOS,+55 (051) 7533-3362
U02989,Maria Luísa,Rodrigues,marcelaalves@example.net,23820746624.0,1970-01-01,Masc,Pernambuco,Divorciado/a,Empregado,Técnico,MEDIA,2024-07-17,iOS,+55 (021) 2987-0671
U03039,Fernando,Ramos,ceciliapeixoto@example.com,79599609358.0,1982-06-27,Fem,Ceará,Solteiro/a,Desempregado,Pós-graduação,MEDIA,2024-07-17,iOS,(031) 5311 7089
U03805,Ana Luiza,Castro,walves@example.org,20819094878.0,1970-01-01,Masc,Rio Grande do Sul,Casado/a,Desempregado,Ensino Médio,BAIXA,2024-07-17,Android,0900-248-7465
U02253,Clara,Freitas,macedoluiz-otavio@example.com,56536062637.0,1982-01-01,Masc,Paraná,Viúvo/a,Desempregado,Superior,ALTA,2024-07-18,iOS,+55 (061) 9392 4007
U02363,Julia,Sampaio,asafeferreira@example.org,44815072067.0,1996-01-15,Outro,Distrito Federal,Casado/a,Autônomo,Superior,BAIXA,2024-07-18,Android,51 7461 9835
U02638,Amanda,Almeida,rhavida-paz@example.com,78824332169.0,1970-01-01,Fem,Rio Grande do Sul,Divorciado/a,Desempregado,Pós-graduação,ALTA,2024-07-18,iOS,+55 (041) 8377-6121
U02959,Beatriz,Pereira,wda-mota@example.net,85271886570.0,1993-09-22,Fem,Rio Grande do Sul,Casado/a,Aposentado,Ensino Médio,MEDIA,2024-07-18,iOS,+55 84 2148 0980
U03387,Apollo,Oliveira,alice64@example.net,96674677501.0,1988-05-31,Fem,Ceará,Solteiro/a,Autônomo,Pós-graduação,BAIXA,2024-07-18,iOS,+55 84 7797 6709
U04122,Enzo,da Mata,pedro-henrique98@example.org,37997372652.0,1975-12-19,Masc,Distrito Federal,Viúvo/a,Autônomo,Superior,ALTA,2024-07-18,iOS,(011) 4936 9748
U04922,Cauã,Ribeiro,davi-lucas87@example.net,91890581888.0,1983-07-26,Masc,São Paulo,Casado/a,Aposentado,Pós-graduação,BAIXA,2024-07-18,Android,(081) 5434-7448
U00015,Pedro Henrique,Azevedo,xmoura@example.org,88204896444.0,1970-01-01,Fem,Pernambuco,Casado/a,Estudante,Outro,ALTA,2024-07-19,Android,+55 (081) 8957-7800
U00147,Anthony,Pastor,pedro94@example.net,65848601767.0,1971-06-07,Outro,Paraná,Solteiro/a,Desempregado,Outro,BAIXA,2024-07-19,Android,+55 (041) 6907 2410
U00408,Bryan,Nunes,fogacajoao-pedro@example.net,52613967282.0,1970-01-01,Fem,Rio Grande do Sul,Viúvo/a,Autônomo,Técnico,BAIXA,2024-07-19,iOS,41 6732 6477
U01951,Asafe,Pinto,caue97@example.com,17619613396.0,1993-03-22,Fem,Paraná,Viúvo/a,Desempregado,Outro,ALTA,2024-07-19,iOS,+55 (071) 7740 2640
U04100,Stephany,Aparecida,marcelocamara@example.net,83499640868.0,1984-09-24,Fem,Ceará,Divorciado/a,Aposentado,Outro,ALTA,2024-07-19,iOS,21 5716-4394
U04256,Sarah,Aragão,uda-conceicao@example.org,52982228473.0,1970-01-01,Fem,Rio de Janeiro,Viúvo/a,Estudante,Ensino Médio,BAIXA,2024-07-19,Android,+55 41 7857-4208
U04411,Mathias,Montenegro,da-costajoao-lucas@example.com,73342177582.0,1999-02-13,Masc,Rio Grande do Sul,Viúvo/a,Desempregado,Técnico,ALTA,2024-07-19,Android,+55 31 6883-7411
U00170,Rodrigo,Costa,machadobrayan@example.net,74211573519.0,1982-12-31,Fem,Ceará,Divorciado/a,Empregado,Ensino Médio,BAIXA,2024-07-20,iOS,+55 84 1858-3847
U00260,Luiz Miguel,Souza,rioslevi@example.com,25561061396.0,1970-01-01,Masc,Minas Gerais,Casado/a,Empregado,Outro,ALTA,2024-07-20,Android,71 7757 1828
U00678,Luna,Almeida,zoe81@example.com,69753149948.0,1970-01-01,Masc,Pernambuco,Casado/a,Estudante,Superior,ALTA,2024-07-20,Android,84 0058 2063
U01581,Kamilly,Souza,gomesarthur-miguel@example.org,90667349381.0,1970-01-01,Fem,Paraná,Solteiro/a,Aposentado,Pós-graduação,MEDIA,2024-07-20,Android,+55 11 2838-9460
U01743,Ana Laura,Farias,isabela64@example.com,48817479638.0,1984-07-10,Outro,Rio de Janeiro,Casado/a,Aposentado,Pós-graduação,MEDIA,2024-07-20,iOS,(071) 8810-8787
U01926,Carlos Eduardo,da Mota,rebeca35@example.com,76824372192.0,1988-07-19,Masc,Rio Grande do Sul,Casado/a,Autônomo,Outro,MEDIA,2024-07-20,iOS,+55 (051) 8785-5876
U04493,Ana Lívia,Moraes,kalbuquerque@example.org,82682944765.0,1993-07-08,Outro,Rio de Janeiro,Divorciado/a,Autônomo,Superior,MEDIA,2024-07-20,Android,61 8634 9854
U00094,Lucas,Viana,isabelaandrade@example.org,97786658937.0,1993-08-07,Outro,Bahia,Viúvo/a,Estudante,Técnico,ALTA,2024-07-21,Android,61 6390 3720
U00807,Guilherme,Sampaio,josue84@example.net,95534022292.0,1974-12-13,Outro,Rio de Janeiro,Casado/a,Autônomo,Técnico,ALTA,2024-07-21,Android,(071) 4488 4672
U01341,Bruno,Siqueira,zoecirino@example.org,50609541159.0,1970-01-01,Masc,Pernambuco,Casado/a,Aposentado,Ensino Médio,ALTA,2024-07-21,Android,+55 (041) 4522 9806
U01888,Murilo,Araújo,paulo23@example.net,79621812072.0,1982-11-30,Outro,Pernambuco,Casado/a,Autônomo,Outro,ALTA,2024-07-21,iOS,51 4974 7339
U02070,Mariah,da Cruz,zalves@example.com,16298283192.0,1970-01-01,Fem,Rio Grande do Sul,Solteiro/a,Autônomo,Técnico,MEDIA,2024-07-21,iOS,11 2122-7757
U02585,Juan,Pacheco,teixeirathomas@example.org,20758245333.0,2006-06-16,Masc,Pernambuco,Divorciado/a,Empregado,Outro,MEDIA,2024-07-21,Android,+55 (081) 6802 9137
U02778,Noah,Mendes,dda-mata@example.org,83877119802.0,1980-08-17,Masc,Ceará,Divorciado/a,Aposentado,Outro,MEDIA,2024-07-21,Android,+55 (051) 9433 4737
U04203,Brayan,Araújo,leo60@example.org,91378866292.0,2003-12-12,Fem,Bahia,Casado/a,Empregado,Pós-graduação,MEDIA,2024-07-21,iOS,+55 (081) 1058-9429
U01250,Ana,Porto,ravy81@example.org,27329621183.0,1990-02-11,Outro,Pernambuco,Viúvo/a,Empregado,Ensino Médio,BAIXA,2024-07-22,iOS,+55 81 7400-3691
U01363,Otto,da Costa,antoniomacedo@example.com,68906506638.0,1970-01-01,Outro,Minas Gerais,Solteiro/a,Empregado,Ensino Médio,BAIXA,2024-07-22,Android,+55 51 6477 8405
U03424,Maria Sophia,Moreira,mayamoura@example.net,91804853756.0,1995-08-16,Masc,Bahia,Casado/a,Autônomo,Outro,ALTA,2024-07-22,Android,+55 (061) 8034-6473
U03877,Luana,Cassiano,kcardoso@example.org,91870141876.0,1970-01-01,Fem,São Paulo,Casado/a,Aposentado,Técnico,ALTA,2024-07-22,Android,31 7269 3065
U04070,Luiz Gustavo,Montenegro,oaragao@example.com,87874562381.0,2001-08-12,Outro,Pernambuco,Viúvo/a,Estudante,Pós-graduação,BAIXA,2024-07-22,Android,84 9117 0239
U00924,Larissa,Sampaio,rhavi72@example.com,28237247177.0,2006-09-30,Fem,Bahia,Casado/a,Desempregado,Ensino Médio,MEDIA,2024-07-23,Android,(051) 2686 1556
U02207,Clara,Lima,melissa34@example.net,54022298822.0,1970-04-11,Fem,Pernambuco,Divorciado/a,Estudante,Superior,ALTA,2024-07-23,Android,+55 41 4332 5136
U04501,Manuella,Monteiro,joao-lucas70@example.net,11568289114.0,1995-05-26,Fem,Bahia,Casado/a,Empregado,Outro,BAIXA,2024-07-23,iOS,+55 (084) 8206-2005
U01332,Bianca,Macedo,da-costabryan@example.net,73804055077.0,1970-01-01,Masc,Bahia,Viúvo/a,Empregado,Superior,ALTA,2024-07-24,Android,84 5667 4201
U02429,Elisa,Melo,yasminpastor@example.org,51138800565.0,2002-02-16,Masc,Bahia,Casado/a,Empregado,Pós-graduação,BAIXA,2024-07-24,iOS,(084) 9093-9190
U03000,Beatriz,Pimenta,costelaana-beatriz@example.net,60500925644.0,1970-01-01,Fem,Distrito Federal,Viúvo/a,Aposentado,Técnico,BAIXA,2024-07-24,Android,+55 (084) 9162-2485
U03740,Mirella,da Rocha,cardosomaria-julia@example.net,34242809511.0,1982-02-11,Outro,Paraná,Divorciado/a,Autônomo,Outro,ALTA,2024-07-24,iOS,11 1089 3260
U04176,Davi Miguel,Borges,ssousa@example.com,64600279408.0,2004-06-23,Fem,Paraná,Divorciado/a,Estudante,Técnico,ALTA,2024-07-24,Android,+55 (011) 2201-7763
U00507,Gustavo Henrique,da Rocha,tcosta@example.com,30998231767.0,1985-06-25,Masc,Paraná,Casado/a,Empregado,Superior,MEDIA,2024-07-25,Android,+55 (021) 7919 4710
U01762,Clara,Gomes,bella77@example.org,29988792918.0,1991-12-04,Outro,São Paulo,Viúvo/a,Autônomo,Outro,BAIXA,2024-07-26,iOS,+55 (051) 6448 0832
U02205,Ana Carolina,Barbosa,sophieviana@example.net,43286066694.0,1978-05-15,Fem,Ceará,Viúvo/a,Autônomo,Técnico,ALTA,2024-07-26,Android,+55 (011) 7403 6657
U03942,Nathan,Pastor,knogueira@example.com,93385194417.0,1970-01-01,Outro,Distrito Federal,Solteiro/a,Empregado,Outro,ALTA,2024-07-26,Android,+55 (061) 1579-3061
U00125,Maitê,Albuquerque,moreiramilena@example.net,99058904105.0,1993-09-01,Outro,Bahia,Casado/a,Empregado,Técnico,ALTA,2024-07-27,iOS,11 7136-3973
U01036,Marcela,Cassiano,pastorbarbara@example.org,81890892463.0,2007-01-05,Fem,Ceará,Viúvo/a,Estudante,Superior,ALTA,2024-07-27,iOS,+55 (011) 2215 8693
U03007,Bruna,Moura,da-motabella@example.net,89236511742.0,1998-10-25,Fem,São Paulo,Casado/a,Aposentado,Técnico,MEDIA,2024-07-27,iOS,(041) 8090-4831
U04624,Nicole,Mendes,pleao@example.net,68256226334.0,1979-09-27,Masc,Bahia,Viúvo/a,Aposentado,Ensino Médio,MEDIA,2024-07-27,Android,+55 (011) 9217 2153
U03492,Yan,Correia,yuriaparecida@example.net,41428966929.0,1974-12-21,Fem,Pernambuco,Casado/a,Aposentado,Técnico,ALTA,2024-07-28,Android,81 0379 5853
U03887,Augusto,Cunha,danielamendonca@example.net,39432719700.0,1970-01-01,Masc,São Paulo,Divorciado/a,Aposentado,Técnico,MEDIA,2024-07-28,Android,0300 728 3512
U02173,Léo,Guerra,da-mataana-luiza@example.org,41250300081.0,1978-06-06,Outro,Ceará,Divorciado/a,Aposentado,Ensino Médio,BAIXA,2024-07-29,iOS,+55 (071) 2220-3996
U00265,Léo,Mendes,mouragabriel@example.net,45963045095.0,1970-01-01,Fem,Ceará,Viúvo/a,Estudante,Outro,MEDIA,2024-07-30,Android,11 2707-8606
U00700,Dante,Gonçalves,lucas23@example.net,32530783747.0,1970-01-01,Fem,Rio Grande do Sul,Casado/a,Empregado,Pós-graduação,MEDIA,2024-07-30,iOS,+55 (011) 6901-9045
U02982,Maria Julia,Castro,dmelo@example.com,11693294905.0,1989-09-13,Fem,Pernambuco,Divorciado/a,Empregado,Pós-graduação,ALTA,2024-07-30,Android,(084) 4519 9387
U04435,João,Almeida,dda-rosa@example.com,34406697248.0,1993-11-02,Masc,Pernambuco,Viúvo/a,Empregado,Técnico,ALTA,2024-07-30,iOS,+55 (051) 7775-0148
U00922,Rafael,Gomes,sarahcarvalho@example.net,51157906727.0,1994-12-13,Fem,Pernambuco,Solteiro/a,Aposentado,Outro,BAIXA,2024-07-31,iOS,+55 51 9638 1368
U01862,Manuela,Silva,henry-gabriel87@example.org,82289655925.0,1996-05-04,Masc,Ceará,Solteiro/a,Autônomo,Superior,ALTA,2024-07-31,Android,+55 81 5012 0285
U02113,Joana,Sousa,ana-beatriz47@example.com,19174114448.0,1979-02-03,Masc,Ceará,Divorciado/a,Autônomo,Superior,MEDIA,2024-07-31,iOS,51 1836 5862
U03515,Esther,Camargo,wsousa@example.org,14574962453.0,1999-12-26,Fem,São Paulo,Casado/a,Autônomo,Outro,BAIXA,2024-07-31,Android,(061) 4219-1630
U01411,Theo,Pereira,pireseloa@example.org,19294235991.0,1992-11-25,Masc,Minas Gerais,Casado/a,Aposentado,Outro,BAIXA,2024-08-01,iOS,51 1401 1507
U01730,Luana,Mendonça,ana-clara20@example.net,67098725931.0,1970-05-27,Outro,Bahia,Viúvo/a,Aposentado,Superior,ALTA,2024-08-01,Android,(061) 9272 9068
U02534,Amanda,Melo,wcassiano@example.com,67004992386.0,1970-01-27,Fem,Pernambuco,Solteiro/a,Empregado,Ensino Médio,MEDIA,2024-08-01,Android,+55 (071) 9315-6185
U03218,Catarina,da Rosa,grodrigues@example.net,15312993834.0,1983-05-29,Fem,Bahia,Solteiro/a,Estudante,Superior,ALTA,2024-08-01,Android,81 2211-7272
U00271,Samuel,Sampaio,camargoalice@example.org,99619456829.0,1997-08-11,Masc,São Paulo,Viúvo/a,Desempregado,Técnico,BAIXA,2024-08-02,Android,71 6763 8621
U01170,Rebeca,Porto,enzo88@example.net,73306747290.0,1997-09-05,Outro,Pernambuco,Solteiro/a,Autônomo,Superior,MEDIA,2024-08-02,iOS,31 1829-9807
U01253,Luiz Gustavo,Barbosa,casa-grandehellena@example.net,62127348452.0,1985-05-03,Masc,Distrito Federal,Solteiro/a,Aposentado,Superior,BAIXA,2024-08-02,Android,+55 31 5761-1427
U01592,Renan,Camargo,hda-mota@example.net,93662006234.0,1978-09-12,Fem,Minas Gerais,Divorciado/a,Empregado,Ensino Médio,ALTA,2024-08-02,iOS,+55 31 7736 4846
U01648,José Miguel,da Paz,zoeduarte@example.net,55305211791.0,1998-01-08,Outro,Pernambuco,Viúvo/a,Empregado,Superior,BAIXA,2024-08-02,Android,(011) 0923 5743
U02645,Maria Liz,Almeida,laurarocha@example.com,25893303887.0,1970-01-01,Masc,Ceará,Viúvo/a,Empregado,Técnico,MEDIA,2024-08-02,Android,11 9912-8511
U04527,Hadassa,Castro,raul26@example.net,80844247851.0,1983-01-17,Fem,Rio Grande do Sul,Solteiro/a,Desempregado,Pós-graduação,MEDIA,2024-08-02,iOS,+55 21 2209 7246
U00011,Heitor,Fernandes,casa-grandelais@example.com,56173443788.0,1970-01-01,Outro,Rio Grande do Sul,Casado/a,Empregado,Outro,BAIXA,2024-08-03,Android,31 7918-5779
U00993,Sarah,Barros,kcasa-grande@example.org,32017890290.0,1998-05-17,Fem,Pernambuco,Casado/a,Desempregado,Superior,ALTA,2024-08-03,Android,31 0120 7428
U01067,Noah,Nogueira,thomasaraujo@example.net,15237622343.0,1999-09-11,Masc,Rio de Janeiro,Divorciado/a,Estudante,Superior,MEDIA,2024-08-03,Android,+55 (031) 7618 7683
U01213,Valentina,da Luz,clara63@example.net,66318244941.0,1985-06-20,Outro,Pernambuco,Divorciado/a,Autônomo,Superior,ALTA,2024-08-03,Android,61 8344-5987
U01456,Anthony Gabriel,Macedo,tgomes@example.org,84209903010.0,1970-01-01,Outro,Pernambuco,Viúvo/a,Autônomo,Ensino Médio,MEDIA,2024-08-03,Android,61 3242 5225
U03217,Murilo,Vasconcelos,ybrito@example.net,11017082060.0,2001-03-12,Fem,Distrito Federal,Divorciado/a,Desempregado,Outro,MEDIA,2024-08-03,Android,+55 (031) 1753-7210
U03291,Aylla,da Mota,brunoviana@example.org,87576618185.0,1970-01-01,Outro,Rio de Janeiro,Viúvo/a,Desempregado,Ensino Médio,MEDIA,2024-08-03,Android,71 5089 2153
U01172,Pietra,Jesus,bentoda-mota@example.net,27737643750.0,1970-01-01,Outro,Rio de Janeiro,Casado/a,Autônomo,Outro,MEDIA,2024-08-05,Android,+55 21 2362 4388
U02200,Fernanda,Vieira,joao-miguelferreira@example.net,14167840024.0,2006-09-13,Outro,Rio Grande do Sul,Viúvo/a,Autônomo,Técnico,BAIXA,2024-08-05,iOS,(081) 4154-3266
U04082,Miguel,Martins,raviduarte@example.com,97252897532.0,1970-01-01,Masc,Distrito Federal,Divorciado/a,Desempregado,Ensino Médio,MEDIA,2024-08-05,Android,+55 21 7267 4215
U04798,Júlia,Fogaça,da-rochaleticia@example.org,39881254766.0,1993-08-23,Masc,Distrito Federal,Solteiro/a,Autônomo,Pós-graduação,BAIXA,2024-08-05,iOS,61 9687-7449
U00659,Breno,Moura,vieiraaylla@example.com,31877250406.0,1993-01-31,Outro,Minas Gerais,Viúvo/a,Empregado,Outro,BAIXA,2024-08-06,iOS,(081) 4192-6919
U00716,Anthony,Rios,lorenaferreira@example.com,53870761902.0,1970-01-01,Fem,Rio de Janeiro,Solteiro/a,Estudante,Outro,ALTA,2024-08-06,iOS,+55 51 1029 6978
U01179,Melissa,Rios,olima@example.net,32861754944.0,1986-06-23,Fem,Minas Gerais,Solteiro/a,Aposentado,Outro,BAIXA,2024-08-06,iOS,81 7765-4497
U02297,Gabrielly,Marques,isabella75@example.net,97822286947.0,1970-01-01,Outro,Pernambuco,Solteiro/a,Empregado,Pós-graduação,BAIXA,2024-08-06,Android,+55 51 1070 5224
U02782,Luan,Silva,camposaugusto@example.net,19220216951.0,1975-10-22,Fem,Rio Grande do Sul,Divorciado/a,Desempregado,Superior,BAIXA,2024-08-06,iOS,41 8698 8343
U03428,Nicole,Sousa,heitor96@example.org,43188365690.0,2002-06-09,Fem,São Paulo,Viúvo/a,Empregado,Técnico,BAIXA,2024-08-06,Android,+55 (011) 1868-1571
U04396,Mariana,Câmara,almeidahenry@example.net,87602356539.0,1970-01-01,Fem,Distrito Federal,Viúvo/a,Aposentado,Superior,ALTA,2024-08-06,Android,84 6691-9508
U00297,Maya,Dias,maria-luisamarques@example.net,98824081440.0,1970-01-01,Fem,Minas Gerais,Solteiro/a,Autônomo,Outro,ALTA,2024-08-07,Android,+55 41 4603 0889
U00844,Isaque,Oliveira,santospedro@example.com,79346085351.0,2001-04-18,Fem,São Paulo,Divorciado/a,Autônomo,Ensino Médio,MEDIA,2024-08-07,Android,(084) 8076-1667
U03026,Bruna,Vieira,gribeiro@example.net,83795474203.0,1973-09-11,Fem,Bahia,Divorciado/a,Autônomo,Técnico,BAIXA,2024-08-07,Android,0900-187-8181
U01699,Manuella,Barbosa,cavalcantijoao-miguel@example.org,80918118687.0,1970-01-01,Masc,Rio Grande do Sul,Divorciado/a,Autônomo,Outro,MEDIA,2024-08-08,Android,(041) 3604 6820
U04349,Lívia,Jesus,eloahnunes@example.net,65938170575.0,1970-01-01,Masc,Ceará,Casado/a,Aposentado,Outro,ALTA,2024-08-08,iOS,+55 11 9325 4258
U04655,Liam,Correia,smartins@example.org,48289370217.0,1970-01-01,Masc,Minas Gerais,Casado/a,Estudante,Superior,ALTA,2024-08-08,iOS,+55 (011) 9653 3864
U01064,Caleb,Garcia,murilosales@example.org,81916870160.0,1970-01-01,Outro,Ceará,Solteiro/a,Estudante,Técnico,BAIXA,2024-08-09,iOS,(081) 5764 3720
U01720,Fernanda,Barbosa,eloah58@example.org,75234427381.0,1983-05-11,Masc,Distrito Federal,Solteiro/a,Autônomo,Superior,MEDIA,2024-08-09,iOS,(041) 6687 0628
U02769,Camila,Almeida,caldeiradavi-miguel@example.com,21401863073.0,1992-07-09,Fem,Minas Gerais,Casado/a,Empregado,Pós-graduação,ALTA,2024-08-09,Android,+55 84 5703 8081
U03284,Heloisa,Barros,luccajesus@example.net,40902327008.0,1989-07-08,Fem,Rio Grande do Sul,Casado/a,Empregado,Técnico,BAIXA,2024-08-09,iOS,(081) 1187 4544
U03368,Sarah,Siqueira,amandaviana@example.org,68397111982.0,1970-01-01,Masc,Ceará,Casado/a,Estudante,Outro,ALTA,2024-08-09,iOS,(041) 2964-3157
U00533,Léo,Moraes,brayan96@example.com,97352972554.0,1985-05-12,Outro,São Paulo,Viúvo/a,Aposentado,Pós-graduação,BAIXA,2024-08-10,Android,+55 (084) 0977-4055
U03198,Antonella,Pereira,casa-grandeana-laura@example.com,34304123612.0,1970-01-01,Fem,Rio de Janeiro,Casado/a,Empregado,Técnico,MEDIA,2024-08-10,iOS,84 5714-1124
U03574,Maria Sophia,Andrade,cassianolara@example.net,96035794857.0,2000-09-30,Outro,Rio Grande do Sul,Solteiro/a,Autônomo,Técnico,BAIXA,2024-08-10,Android,+55 21 6049 5677
U04677,Daniela,Ramos,fcamargo@example.org,26459329986.0,1970-01-01,Outro,Distrito Federal,Viúvo/a,Desempregado,Superior,MEDIA,2024-08-10,Android,+55 84 5667-6875
U00658,Marcelo,Albuquerque,martinssara@example.org,62438368282.0,1987-04-26,Outro,Distrito Federal,Divorciado/a,Estudante,Ensino Médio,MEDIA,2024-08-11,Android,+55 51 2653 0691
U01508,Alice,Moura,pintoana-cecilia@example.net,66970321357.0,1976-11-04,Outro,Rio Grande do Sul,Casado/a,Empregado,Técnico,ALTA,2024-08-11,Android,21 0410-1843
U02260,Fernanda,Melo,novaisbenicio@example.net,11166798147.0,1970-01-01,Fem,Minas Gerais,Solteiro/a,Empregado,Outro,BAIXA,2024-08-11,iOS,51 6230 4708
U02443,Maria Luiza,Carvalho,da-rosafelipe@example.org,62681479191.0,1971-10-15,Fem,Rio de Janeiro,Casado/a,Estudante,Ensino Médio,MEDIA,2024-08-11,Android,81 6628-8867
U04466,Igor,Moura,mathiasramos@example.org,60282889491.0,1997-04-25,Masc,Pernambuco,Solteiro/a,Desempregado,Técnico,BAIXA,2024-08-11,Android,+55 11 6819 5892
U01102,Thomas,Pires,valentimpeixoto@example.net,68131273880.0,1981-06-20,Outro,Bahia,Divorciado/a,Autônomo,Ensino Médio,MEDIA,2024-08-12,Android,51 7869 3803
U03344,Maria Liz,Gomes,freitascaroline@example.com,37413922986.0,1974-04-18,Fem,Pernambuco,Viúvo/a,Desempregado,Pós-graduação,BAIXA,2024-08-12,iOS,(061) 4378 0304
U02798,Apollo,Martins,melissasampaio@example.com,24394576689.0,1970-01-01,Outro,Paraná,Divorciado/a,Empregado,Ensino Médio,MEDIA,2024-08-13,iOS,+55 61 4343-5024
U03204,Maria Laura,Souza,cnascimento@example.net,89805099601.0,1981-07-01,Fem,Paraná,Divorciado/a,Desempregado,Superior,BAIXA,2024-08-13,Android,11 3552 5330
U03821,Clara,Fernandes,pietra65@example.com,50383915738.0,2006-04-17,Outro,Bahia,Casado/a,Aposentado,Superior,BAIXA,2024-08-13,iOS,+55 (051) 2421-1539
U03827,Nicolas,Freitas,davi-lucaspimenta@example.net,98925364096.0,2007-03-12,Masc,Paraná,Divorciado/a,Estudante,Outro,ALTA,2024-08-13,Android,(031) 2729-0896
U04350,João Vitor,Nunes,oliviaviana@example.com,34679315722.0,1999-09-05,Fem,São Paulo,Divorciado/a,Desempregado,Ensino Médio,BAIXA,2024-08-13,iOS,0500-146-5630
U01763,Davi Luiz,Mendonça,jmoura@example.com,26377853437.0,1970-07-24,Masc,Paraná,Divorciado/a,Empregado,Pós-graduação,ALTA,2024-08-14,Android,84 1291 1505
U02631,Heloísa,Cassiano,pedro-miguelcasa-grande@example.org,28985262102.0,1982-07-11,Fem,Rio de Janeiro,Viúvo/a,Empregado,Técnico,MEDIA,2024-08-14,iOS,21 6769-1376
U02847,Marcos Vinicius,Rocha,viniciusnunes@example.com,36861493744.0,1984-06-15,Masc,Minas Gerais,Solteiro/a,Autônomo,Pós-graduação,BAIXA,2024-08-14,Android,+55 11 2056-4486
U03460,Cauã,Duarte,machadonathan@example.com,52781740703.0,1976-12-18,Fem,Minas Gerais,Casado/a,Autônomo,Superior,ALTA,2024-08-14,iOS,+55 (041) 8073-5118
U02930,Antonella,Sales,dcosta@example.org,76145223188.0,1970-01-01,Outro,Pernambuco,Casado/a,Autônomo,Técnico,BAIXA,2024-08-15,iOS,+55 41 8590 4759
U03411,José Pedro,Araújo,isabelly64@example.net,86386034373.0,1970-01-01,Fem,São Paulo,Divorciado/a,Aposentado,Outro,BAIXA,2024-08-15,iOS,(081) 2896 4129
U01560,Kamilly,da Rocha,ana-carolina28@example.com,71604498400.0,1970-01-01,Outro,Ceará,Solteiro/a,Desempregado,Outro,MEDIA,2024-08-16,iOS,0300 407 1605
U02330,Théo,Pires,martinsryan@example.net,50323616127.0,1981-07-01,Masc,Minas Gerais,Casado/a,Desempregado,Superior,ALTA,2024-08-16,Android,0300 420 7897
U02879,Maria Sophia,Costa,alexandremendonca@example.com,99053988441.0,1970-01-01,Fem,Bahia,Divorciado/a,Desempregado,Pós-graduação,BAIXA,2024-08-16,Android,11 2401 4750
U03431,Luna,Borges,luiz-otavio38@example.net,71565207731.0,1970-01-01,Masc,Distrito Federal,Divorciado/a,Empregado,Outro,MEDIA,2024-08-17,Android,+55 31 8253-7854
U04771,Maysa,Rodrigues,macedosamuel@example.com,15509116033.0,2003-06-23,Outro,Paraná,Casado/a,Estudante,Técnico,MEDIA,2024-08-17,Android,+55 (021) 8161 0347
U02036,Luigi,Ferreira,leandrofogaca@example.com,43182750853.0,1970-01-01,Masc,Ceará,Viúvo/a,Desempregado,Técnico,BAIXA,2024-08-18,iOS,61 0536-1174
U02271,Enzo,Barbosa,isabelpimenta@example.net,84036319025.0,1970-01-01,Masc,Rio de Janeiro,Divorciado/a,Desempregado,Pós-graduação,BAIXA,2024-08-18,Android,+55 41 8420 7981
U04383,Lucas Gabriel,Correia,marcela14@example.com,29470365113.0,2002-05-06,Fem,Distrito Federal,Viúvo/a,Desempregado,Outro,MEDIA,2024-08-18,iOS,+55 61 3611-1982
U01388,Murilo,da Cunha,xmonteiro@example.org,55577773347.0,1993-07-21,Fem,Minas Gerais,Divorciado/a,Estudante,Ensino Médio,ALTA,2024-08-19,iOS,+55 (071) 6708-1545
U03360,Carlos Eduardo,Ramos,maria-alicevieira@example.net,98849635155.0,1976-06-02,Masc,Rio Grande do Sul,Divorciado/a,Autônomo,Ensino Médio,BAIXA,2024-08-19,iOS,+55 (011) 9904 2910
U00337,Isabel,da Luz,fribeiro@example.net,93009034837.0,1985-03-10,Masc,Bahia,Divorciado/a,Autônomo,Pós-graduação,BAIXA,2024-08-20,iOS,61 0260 3173
U02310,Melina,Rios,uporto@example.org,52522521562.0,2001-12-04,Outro,Rio de Janeiro,Casado/a,Aposentado,Outro,BAIXA,2024-08-20,iOS,0900-465-0832
U02400,Amanda,Moura,varaujo@example.com,28330250444.0,1985-06-08,Outro,Ceará,Casado/a,Autônomo,Superior,ALTA,2024-08-20,iOS,+55 (041) 5471 8222
U02831,Antônio,Sousa,cvargas@example.com,49532628288.0,1988-03-23,Outro,Rio de Janeiro,Viúvo/a,Autônomo,Superior,ALTA,2024-08-20,iOS,(051) 2299-7132
U03280,Maria Júlia,Cavalcante,meloisaac@example.net,91540691769.0,1974-04-29,Outro,Pernambuco,Divorciado/a,Desempregado,Outro,ALTA,2024-08-20,Android,11 2418-1994
U03987,Oliver,Brito,mirella07@example.org,31897459437.0,2001-09-29,Outro,Minas Gerais,Casado/a,Aposentado,Pós-graduação,BAIXA,2024-08-20,Android,(071) 3636-3003
U00312,Fernando,Casa Grande,da-matanoah@example.net,85167048308.0,1985-04-06,Outro,São Paulo,Casado/a,Aposentado,Ensino Médio,BAIXA,2024-08-21,iOS,+55 (011) 7459 9371
U00527,Allana,Nogueira,vmelo@example.net,43260293465.0,1995-02-20,Outro,São Paulo,Solteiro/a,Aposentado,Outro,ALTA,2024-08-21,iOS,+55 (031) 4074-4620
U02692,Camila,Pires,alexiaazevedo@example.org,80947383106.0,1970-01-01,Fem,Rio Grande do Sul,Solteiro/a,Aposentado,Técnico,MEDIA,2024-08-21,Android,+55 (011) 0560 9669
U03136,Maria Liz,Albuquerque,alvesana-vitoria@example.org,40883331098.0,1981-01-04,Masc,Minas Gerais,Divorciado/a,Aposentado,Ensino Médio,MEDIA,2024-08-21,Android,0500 054 3426
U01038,João Lucas,Camargo,iribeiro@example.net,94035624620.0,1972-02-20,Fem,Rio Grande do Sul,Viúvo/a,Autônomo,Outro,MEDIA,2024-08-22,Android,(051) 7618 3489
U01227,Emanuel,Dias,rezendecaroline@example.org,91986718665.0,2001-11-18,Masc,São Paulo,Divorciado/a,Estudante,Pós-graduação,BAIXA,2024-08-22,iOS,84 1233 7709
U03497,Brenda,Souza,vmontenegro@example.net,84352417456.0,1970-01-01,Outro,São Paulo,Solteiro/a,Estudante,Ensino Médio,MEDIA,2024-08-22,iOS,(061) 2582-3518
U00784,Ryan,Novais,borgesjulia@example.com,79407913388.0,1970-01-01,Fem,Minas Gerais,Viúvo/a,Desempregado,Pós-graduação,BAIXA,2024-08-23,Android,+55 41 9483-2885
U03299,Ísis,Cunha,moreirakamilly@example.net,57381620894.0,1974-08-27,Fem,Pernambuco,Viúvo/a,Estudante,Outro,ALTA,2024-08-23,iOS,+55 (051) 5081-0499
U03706,Maria Fernanda,Aragão,lazevedo@example.org,86358280623.0,1994-10-08,Fem,Rio de Janeiro,Casado/a,Autônomo,Ensino Médio,BAIXA,2024-08-23,Android,31 4231 3105
U03798,Matteo,Pacheco,milenacorreia@example.net,52461936409.0,1970-01-01,Masc,Rio Grande do Sul,Divorciado/a,Empregado,Ensino Médio,MEDIA,2024-08-23,iOS,84 6761-6215
U04166,Pedro Lucas,da Luz,ana-vitoria96@example.net,55427220176.0,1990-03-14,Outro,Rio Grande do Sul,Solteiro/a,Empregado,Superior,ALTA,2024-08-23,iOS,(061) 5829-5037
U00785,Asafe,Rocha,ssilva@example.net,75500974153.0,1994-01-16,Outro,Minas Gerais,Viúvo/a,Aposentado,Técnico,ALTA,2024-08-24,Android,+55 (021) 8888 2357
U01174,Aurora,Novaes,maria-helena78@example.net,75499774280.0,1970-01-01,Fem,Ceará,Solteiro/a,Estudante,Técnico,MEDIA,2024-08-24,iOS,81 3269 9078
U03210,Stephany,Teixeira,nascimentomaria-clara@example.org,88086630773.0,1998-12-01,Fem,Rio Grande do Sul,Viúvo/a,Aposentado,Pós-graduação,ALTA,2024-08-24,Android,0800 565 7052
U04818,Maria Clara,Pereira,castrogael-henrique@example.org,39268746931.0,1979-06-25,Masc,São Paulo,Solteiro/a,Desempregado,Superior,BAIXA,2024-08-24,iOS,71 1263-5215
U00381,João Vitor,Guerra,nicole13@example.com,83014245713.0,1970-01-01,Fem,Distrito Federal,Viúvo/a,Aposentado,Superior,BAIXA,2024-08-25,iOS,81 4318 9817
U01164,Benicio,Cunha,meloana-luiza@example.net,68476038837.0,1970-01-01,Outro,Pernambuco,Solteiro/a,Autônomo,Ensino Médio,ALTA,2024-08-25,Android,(031) 4476-2967
U02198,Dom,Freitas,vitor38@example.net,22191727998.0,2002-03-17,Masc,Pernambuco,Solteiro/a,Desempregado,Pós-graduação,BAIXA,2024-08-25,iOS,+55 (071) 2842-2835
U02362,Otto,Guerra,vmoura@example.com,36188119384.0,1970-01-01,Outro,Paraná,Viúvo/a,Empregado,Pós-graduação,MEDIA,2024-08-25,Android,+55 (051) 8712 7536
U03319,Heitor,Cassiano,camposmaria-isis@example.net,49034693764.0,2004-01-23,Outro,São Paulo,Divorciado/a,Estudante,Ensino Médio,BAIXA,2024-08-25,Android,+55 (021) 0144 8673
U03579,Mateus,Freitas,da-pazbrayan@example.org,61038437258.0,1970-01-01,Fem,Ceará,Divorciado/a,Autônomo,Ensino Médio,ALTA,2024-08-25,iOS,61 2078 1690
U03597,Luiz Fernando,Barbosa,naragao@example.net,87777205334.0,1970-01-01,Masc,Ceará,Casado/a,Autônomo,Pós-graduação,MEDIA,2024-08-25,Android,81 7680 7744
U04304,Enzo,Macedo,correiabianca@example.org,31417315295.0,1986-02-13,Fem,Minas Gerais,Casado/a,Autônomo,Outro,BAIXA,2024-08-25,iOS,(081) 7399 1713
U00748,Oliver,Pimenta,rodriguesluiz-fernando@example.net,58639489725.0,1989-04-26,Fem,Rio de Janeiro,Casado/a,Estudante,Técnico,MEDIA,2024-08-26,Android,+55 11 9142-5400
U00927,Maria Vitória,Rodrigues,cassianoemanuel@example.net,57457280314.0,1994-06-25,Fem,Paraná,Solteiro/a,Estudante,Ensino Médio,MEDIA,2024-08-26,Android,+55 (061) 6333-1523
U03520,Brayan,Gonçalves,rioskaique@example.net,17815480087.0,2000-02-27,Masc,Rio Grande do Sul,Casado/a,Empregado,Técnico,MEDIA,2024-08-26,Android,+55 (084) 1272-2164
U04614,Maria Isis,Moura,nunesmaria-alice@example.com,98631261463.0,1976-03-21,Outro,Minas Gerais,Divorciado/a,Empregado,Pós-graduação,BAIXA,2024-08-26,Android,41 4928-2838
U04917,Isabelly,Peixoto,salesjuan@example.org,38982291678.0,1991-05-13,Outro,Distrito Federal,Viúvo/a,Aposentado,Outro,MEDIA,2024-08-26,Android,0300 383 3157
U01014,Gabriela,Lopes,beatriz07@example.net,37845749586.0,1970-01-01,Fem,São Paulo,Solteiro/a,Empregado,Técnico,MEDIA,2024-08-27,Android,0500-145-0645
U01651,Sophie,da Cruz,cauapeixoto@example.com,34894584439.0,1970-01-01,Fem,Minas Gerais,Solteiro/a,Desempregado,Superior,ALTA,2024-08-27,Android,+55 (011) 3594 2701
U02564,Davi Miguel,Cavalcante,casa-grandeemanuelly@example.net,86069818312.0,1970-01-01,Outro,Bahia,Casado/a,Autônomo,Outro,MEDIA,2024-08-27,Android,21 1254-3643
U03063,Maria Luísa,Azevedo,ecasa-grande@example.net,92375579362.0,1970-01-01,Outro,Bahia,Viúvo/a,Autônomo,Pós-graduação,MEDIA,2024-08-27,Android,+55 21 2086 0068
U00663,Lavínia,Câmara,ayllasilva@example.net,34177392479.0,1974-09-19,Masc,Bahia,Solteiro/a,Aposentado,Outro,BAIXA,2024-08-28,iOS,84 1870-6729
U01839,Raquel,Mendes,da-luzmaria-liz@example.org,10125223311.0,1976-04-01,Masc,Distrito Federal,Solteiro/a,Estudante,Ensino Médio,MEDIA,2024-08-28,Android,+55 11 5985 4631
U02772,Sophie,Jesus,carolinamacedo@example.org,20442426354.0,1999-06-24,Fem,Bahia,Casado/a,Aposentado,Ensino Médio,ALTA,2024-08-28,Android,0500 863 9120
U02864,Ana Beatriz,Sousa,ferreirafernando@example.org,58309092525.0,1991-08-17,Masc,Minas Gerais,Divorciado/a,Autônomo,Superior,ALTA,2024-08-28,Android,+55 61 8963-5992
U00364,João Pedro,Andrade,nunesapollo@example.org,88956598884.0,1990-08-10,Fem,Minas Gerais,Solteiro/a,Autônomo,Técnico,BAIXA,2024-08-29,Android,+55 (051) 5702-2968
U00961,Pedro Henrique,Pimenta,joaquimdias@example.com,74204323145.0,1977-06-09,Masc,Bahia,Casado/a,Estudante,Ensino Médio,BAIXA,2024-08-29,iOS,0900 331 7875
U04238,Vicente,da Mata,ryan36@example.net,41524734220.0,1970-01-01,Fem,Paraná,Solteiro/a,Aposentado,Outro,ALTA,2024-08-29,iOS,0900-064-9854
U01662,Valentina,Nunes,pastorsophie@example.org,31925959549.0,1970-01-01,Masc,Bahia,Casado/a,Aposentado,Ensino Médio,MEDIA,2024-08-30,iOS,21 1296 6556
U02450,Juliana,Leão,apollo07@example.com,56045804472.0,1993-06-04,Fem,Rio de Janeiro,Casado/a,Desempregado,Pós-graduação,MEDIA,2024-08-30,Android,(061) 1632-5016
U03375,Arthur Gabriel,Nunes,moraesagatha@example.com,33639110514.0,1989-03-16,Outro,Ceará,Casado/a,Estudante,Ensino Médio,BAIXA,2024-08-30,Android,(021) 8418 5445
U04441,Otto,da Costa,ana-laura92@example.org,38529133052.0,1970-01-01,Outro,Rio Grande do Sul,Casado/a,Aposentado,Pós-graduação,BAIXA,2024-08-30,Android,+55 (051) 3807 7518
U00522,Cauê,Azevedo,barrossophia@example.org,14785769526.0,2001-06-11,Masc,São Paulo,Casado/a,Empregado,Pós-graduação,MEDIA,2024-08-31,iOS,61 8198 8729
U01409,Ana Liz,Aragão,nina15@example.org,94204342199.0,1970-10-25,Masc,Minas Gerais,Solteiro/a,Empregado,Outro,BAIXA,2024-08-31,Android,+55 (021) 3995 2713
U01434,Henrique,Cirino,mendesagatha@example.net,43280301173.0,1987-05-11,Fem,Ceará,Casado/a,Aposentado,Pós-graduação,ALTA,2024-08-31,iOS,(021) 6882-8545
U02307,Samuel,Silva,galmeida@example.net,28085963345.0,2007-05-07,Fem,Pernambuco,Solteiro/a,Aposentado,Outro,ALTA,2024-08-31,Android,+55 (011) 1409 6852
U03122,Thomas,Correia,mendoncagabriela@example.net,99020478376.0,1988-01-27,Masc,Rio de Janeiro,Solteiro/a,Desempregado,Pós-graduação,BAIXA,2024-08-31,Android,+55 (071) 7357 7288
U03393,Leonardo,Casa Grande,enzobarbosa@example.net,91198699992.0,2000-07-20,Fem,Pernambuco,Solteiro/a,Autônomo,Pós-graduação,MEDIA,2024-08-31,iOS,(061) 4535-2851
U03502,Ana Cecília,Pastor,noah51@example.net,37170030839.0,1970-01-01,Outro,Paraná,Solteiro/a,Aposentado,Técnico,ALTA,2024-08-31,iOS,+55 81 7154 3494
U03646,Gabriel,Martins,heitor82@example.org,43539010245.0,1975-12-06,Fem,São Paulo,Viúvo/a,Empregado,Outro,ALTA,2024-08-31,Android,+55 (061) 8984-6488
U04196,Beatriz,Cassiano,laragoncalves@example.org,66446760391.0,1978-05-15,Outro,Ceará,Casado/a,Aposentado,Superior,MEDIA,2024-08-31,iOS,+55 (061) 4475-1350
U04723,Ana,Gonçalves,ssousa@example.org,75605928850.0,1970-01-01,Masc,Minas Gerais,Viúvo/a,Desempregado,Técnico,BAIXA,2024-08-31,iOS,+55 11 4658-7115
U03538,Manuella,da Rocha,vitor-hugo86@example.net,80459542677.0,1976-03-21,Masc,Ceará,Divorciado/a,Empregado,Superior,BAIXA,2024-09-02,iOS,41 5445 3226
U04037,Jade,Siqueira,eguerra@example.org,13156701642.0,2006-02-03,Fem,São Paulo,Solteiro/a,Desempregado,Ensino Médio,MEDIA,2024-09-02,Android,71 6875-4162
U04277,Diogo,Pereira,andradethomas@example.org,97310745560.0,1975-12-07,Masc,Rio de Janeiro,Casado/a,Empregado,Pós-graduação,ALTA,2024-09-02,iOS,+55 84 2292 4479
U03237,Miguel,Macedo,azevedohenrique@example.org,36688088687.0,1974-09-29,Outro,Minas Gerais,Solteiro/a,Empregado,Ensino Médio,ALTA,2024-09-03,iOS,+55 11 7987-7726
U00769,Esther,Costela,pdias@example.com,74147074501.0,1998-02-02,Masc,Bahia,Casado/a,Desempregado,Ensino Médio,BAIXA,2024-09-04,iOS,0500 023 4430
U00964,Vitor,Monteiro,castroluiz-felipe@example.net,69081056845.0,1974-10-15,Masc,Distrito Federal,Solteiro/a,Desempregado,Técnico,ALTA,2024-09-04,Android,(061) 0660 8415
U01089,Davi,Souza,cecilia64@example.org,98572839229.0,1970-01-01,Masc,Ceará,Viúvo/a,Autônomo,Pós-graduação,MEDIA,2024-09-04,iOS,11 7214 6585
U01817,Samuel,da Cunha,melissamoura@example.org,49040765294.0,1970-01-01,Masc,Pernambuco,Solteiro/a,Empregado,Ensino Médio,BAIXA,2024-09-04,Android,+55 (021) 6834-8686
U02137,Ana Laura,Lopes,siqueirabruna@example.org,90768398667.0,1970-01-01,Fem,Rio Grande do Sul,Casado/a,Aposentado,Pós-graduação,MEDIA,2024-09-04,iOS,0300-307-4743
U02748,Rodrigo,Moraes,diegofonseca@example.org,28880641630.0,1970-01-01,Fem,Minas Gerais,Divorciado/a,Empregado,Ensino Médio,MEDIA,2024-09-04,Android,+55 84 4221 0437
U03868,Luan,Cavalcanti,vianalavinia@example.org,49485699224.0,1970-01-01,Masc,Ceará,Casado/a,Aposentado,Pós-graduação,BAIXA,2024-09-04,Android,11 4686 5151
U04062,Ana Julia,Freitas,emoura@example.com,93164360321.0,1997-04-12,Outro,Ceará,Solteiro/a,Desempregado,Outro,MEDIA,2024-09-04,iOS,21 4910 5035
U04552,Larissa,Garcia,valentim32@example.com,72992532538.0,1986-07-04,Fem,Minas Gerais,Divorciado/a,Aposentado,Pós-graduação,BAIXA,2024-09-04,iOS,+55 (011) 2445-1170
U04617,José Miguel,Vasconcelos,pimentabenicio@example.com,91662759803.0,1970-01-01,Outro,Pernambuco,Viúvo/a,Aposentado,Outro,BAIXA,2024-09-04,Android,+55 71 3782 3094
U00085,Bernardo,Jesus,maria-luizafarias@example.com,37694237479.0,1992-01-31,Masc,Pernambuco,Casado/a,Aposentado,Pós-graduação,BAIXA,2024-09-05,Android,(081) 4976 7431
U01591,Antonella,Sousa,carvalhozoe@example.org,47674260611.0,2000-09-16,Masc,Ceará,Casado/a,Autônomo,Ensino Médio,MEDIA,2024-09-05,Android,(011) 1914-7889
U01673,Kevin,Barros,sarahborges@example.com,49519798022.0,2003-12-24,Outro,São Paulo,Casado/a,Estudante,Outro,BAIXA,2024-09-05,iOS,+55 71 7326-6133
U02258,Danilo,Guerra,araujoalexia@example.net,10302004379.0,1978-10-15,Outro,Distrito Federal,Solteiro/a,Empregado,Ensino Médio,ALTA,2024-09-05,iOS,(051) 7564-7983
U02605,Ester,Monteiro,valbuquerque@example.net,24986581079.0,1986-09-25,Outro,Paraná,Casado/a,Estudante,Pós-graduação,BAIXA,2024-09-05,Android,+55 11 9491-4911
U02983,Henrique,Duarte,kaiquecardoso@example.org,44994050597.0,1992-07-11,Fem,Minas Gerais,Divorciado/a,Autônomo,Ensino Médio,BAIXA,2024-09-05,iOS,(071) 8038 8331
U03370,Erick,Aparecida,henry-gabrielfreitas@example.org,25636911064.0,1999-04-17,Masc,Paraná,Casado/a,Estudante,Pós-graduação,ALTA,2024-09-06,iOS,(071) 1598 0711
U00213,Manuella,Pimenta,matheus17@example.org,65954904600.0,1970-01-01,Outro,Paraná,Divorciado/a,Desempregado,Outro,MEDIA,2024-09-07,iOS,+55 (084) 2097-1703
U00321,Luna,Sampaio,upereira@example.com,90810352427.0,1983-12-14,Masc,Ceará,Casado/a,Desempregado,Ensino Médio,ALTA,2024-09-07,Android,(031) 8553-5828
U00962,Dante,Casa Grande,luiz-fernandojesus@example.org,49617832365.0,1970-01-01,Fem,Paraná,Casado/a,Estudante,Pós-graduação,MEDIA,2024-09-07,Android,+55 71 7860-9502
U01214,Ana Carolina,Rocha,ecardoso@example.com,23918924033.0,1973-05-31,Masc,Bahia,Casado/a,Aposentado,Pós-graduação,BAIXA,2024-09-07,iOS,+55 (011) 7451-8459
U01457,Ana Beatriz,Abreu,pastornathan@example.net,22534326493.0,1970-01-01,Outro,Rio de Janeiro,Viúvo/a,Empregado,Pós-graduação,BAIXA,2024-09-07,Android,71 2692-8543
U01900,Benício,Vieira,oliver16@example.net,99365485692.0,2006-08-10,Outro,São Paulo,Solteiro/a,Aposentado,Técnico,MEDIA,2024-09-07,Android,(084) 9254 5200
U03270,Otávio,Cavalcante,joao-miguel64@example.org,85196431529.0,1988-06-28,Outro,Rio de Janeiro,Viúvo/a,Aposentado,Pós-graduação,BAIXA,2024-09-07,iOS,+55 61 6968 3504
U04064,Bárbara,Alves,nascimentolucas@example.org,15532757259.0,1970-01-01,Fem,Ceará,Viúvo/a,Desempregado,Técnico,BAIXA,2024-09-07,Android,+55 (031) 5168 7621
U00121,Olivia,Gomes,xcamargo@example.org,94714221948.0,1994-04-29,Masc,Rio de Janeiro,Viúvo/a,Desempregado,Superior,ALTA,2024-09-08,Android,41 5921 7710
U00649,Anthony,Melo,luiz-miguelsa@example.org,24742046048.0,1976-10-28,Fem,Rio Grande do Sul,Divorciado/a,Empregado,Técnico,BAIXA,2024-09-08,Android,+55 (051) 0764-1940
U01741,Bárbara,Costela,raul23@example.net,63772450126.0,1985-08-09,Masc,São Paulo,Solteiro/a,Aposentado,Técnico,MEDIA,2024-09-08,iOS,+55 61 9501 7532
U03604,Ian,Abreu,da-costamaria-alice@example.org,23880184693.0,1994-03-26,Outro,Rio de Janeiro,Viúvo/a,Desempregado,Técnico,BAIXA,2024-09-08,Android,+55 71 1377-6973
U03962,Benjamin,Silveira,rvargas@example.com,48346970509.0,2000-09-08,Outro,Bahia,Divorciado/a,Empregado,Técnico,MEDIA,2024-09-08,iOS,+55 (051) 5467-9027
U04202,Calebe,Sampaio,sabrina05@example.net,42494561681.0,1985-07-28,Masc,Rio Grande do Sul,Divorciado/a,Empregado,Pós-graduação,ALTA,2024-09-08,iOS,+55 (041) 3487-5380
U04440,Luiz Henrique,Dias,xmartins@example.com,99674459853.0,1970-01-01,Masc,Ceará,Viúvo/a,Empregado,Técnico,BAIXA,2024-09-08,iOS,+55 (011) 6725 9711
U04537,Gabriel,Sousa,caue76@example.com,55711005585.0,1983-11-07,Outro,Minas Gerais,Casado/a,Desempregado,Superior,MEDIA,2024-09-08,iOS,+55 (051) 1239-2106
U00422,Otávio,Sampaio,arthur70@example.org,84016990403.0,1994-11-20,Masc,Paraná,Divorciado/a,Empregado,Ensino Médio,MEDIA,2024-09-09,iOS,0300-729-1606
U01073,Bruno,Ferreira,peixotoagatha@example.org,71903883337.0,1970-01-01,Outro,Minas Gerais,Viúvo/a,Autônomo,Técnico,ALTA,2024-09-09,iOS,11 6223 9135
U01264,Olívia,Albuquerque,marcelarezende@example.com,97213083732.0,1999-02-19,Masc,Minas Gerais,Casado/a,Autônomo,Técnico,MEDIA,2024-09-09,Android,41 9741-3295
U02387,Vitor Gabriel,Vasconcelos,ofreitas@example.com,94609589828.0,2005-07-11,Fem,Ceará,Casado/a,Autônomo,Técnico,MEDIA,2024-09-09,Android,71 2318 5896
U03269,Liz,da Costa,msantos@example.net,95582678631.0,1991-04-02,Masc,Paraná,Casado/a,Aposentado,Pós-graduação,MEDIA,2024-09-09,Android,84 2742-7276
U03283,Guilherme,Nascimento,qnogueira@example.org,88956398008.0,1983-09-04,Outro,São Paulo,Divorciado/a,Autônomo,Outro,BAIXA,2024-09-09,iOS,+55 61 4723 1732
U03701,Heloísa,Pastor,ana-livia57@example.org,11687632727.0,1970-01-01,Outro,Pernambuco,Viúvo/a,Autônomo,Ensino Médio,MEDIA,2024-09-09,iOS,0500 996 5253
U02193,Jade,Viana,vitor-hugosouza@example.org,69800697047.0,1970-01-01,Masc,Minas Gerais,Viúvo/a,Autônomo,Outro,ALTA,2024-09-10,Android,11 3544-2876
U02264,Marcos Vinicius,Siqueira,montenegroraquel@example.com,46369176725.0,1970-01-01,Fem,São Paulo,Solteiro/a,Estudante,Pós-graduação,ALTA,2024-09-10,Android,0800 568 1696
U02629,Ana Clara,Costa,alicia49@example.net,92835195052.0,1970-01-01,Outro,São Paulo,Divorciado/a,Estudante,Outro,MEDIA,2024-09-10,Android,+55 (071) 4021 0875
U00002,Benicio,Albuquerque,gporto@example.net,10442385924.0,1979-10-08,Masc,Bahia,Divorciado/a,Aposentado,Superior,MEDIA,2024-09-11,Android,81 0485-5963
U00107,Marcela,Azevedo,lais53@example.org,87042110706.0,1970-01-01,Masc,Bahia,Divorciado/a,Aposentado,Técnico,MEDIA,2024-09-11,Android,51 5260 1276
U01034,Yan,Costela,castromaysa@example.com,17966908375.0,1978-11-20,Fem,São Paulo,Solteiro/a,Empregado,Pós-graduação,ALTA,2024-09-11,Android,+55 (021) 5319-8859
U01373,Miguel,Moraes,cauapires@example.org,56612257171.0,1990-12-16,Fem,Rio Grande do Sul,Solteiro/a,Desempregado,Superior,BAIXA,2024-09-11,iOS,+55 84 8177-5582
U00435,Thales,Rocha,luarada-paz@example.net,96860417166.0,1970-01-01,Fem,Distrito Federal,Casado/a,Autônomo,Técnico,ALTA,2024-09-12,Android,(084) 6636 5289
U01032,Gael Henrique,Ribeiro,luizafarias@example.com,96362893831.0,1970-01-01,Outro,Rio Grande do Sul,Casado/a,Aposentado,Pós-graduação,BAIXA,2024-09-12,Android,+55 81 0179 1017
U01705,Beatriz,Nascimento,pedro-lucas39@example.org,78003856546.0,1999-02-07,Masc,São Paulo,Viúvo/a,Empregado,Ensino Médio,BAIXA,2024-09-12,Android,+55 (041) 4286-5002
U02278,Allana,Machado,caroline83@example.org,57318216329.0,1970-01-01,Outro,Ceará,Casado/a,Empregado,Ensino Médio,MEDIA,2024-09-12,iOS,+55 (051) 1024-6496
U02624,Oliver,Andrade,barbosamaria-eduarda@example.org,88369457641.0,1970-01-01,Masc,Ceará,Solteiro/a,Estudante,Ensino Médio,ALTA,2024-09-12,Android,+55 (061) 8888 2083
U04049,Asafe,Araújo,clarice53@example.net,10936780492.0,1970-01-01,Outro,Pernambuco,Viúvo/a,Desempregado,Outro,ALTA,2024-09-12,Android,(051) 1376 5259
U04941,Enzo,Correia,rfogaca@example.org,62947239373.0,1970-01-01,Outro,Rio de Janeiro,Casado/a,Estudante,Ensino Médio,BAIXA,2024-09-12,Android,71 7271-7988
U00565,Amanda,Ribeiro,heitor14@example.org,42030878448.0,2001-12-18,Outro,Minas Gerais,Divorciado/a,Desempregado,Outro,ALTA,2024-09-13,iOS,+55 (084) 2507-5642
U00697,Ana Vitória,Nogueira,nsilva@example.org,24675424515.0,1970-01-01,Outro,Bahia,Divorciado/a,Autônomo,Superior,ALTA,2024-09-13,iOS,+55 84 7173 3200
U03279,Apollo,Jesus,portoesther@example.net,80893803383.0,1977-07-11,Outro,São Paulo,Solteiro/a,Estudante,Outro,MEDIA,2024-09-13,iOS,+55 (031) 2235 0646
U03896,Brenda,Gomes,rodriguestheo@example.org,19427988731.0,1970-01-01,Fem,Distrito Federal,Viúvo/a,Estudante,Outro,BAIXA,2024-09-13,Android,+55 31 8377 2039
U04861,Liam,Marques,heloisa97@example.net,75282974758.0,1979-12-26,Outro,São Paulo,Solteiro/a,Autônomo,Ensino Médio,MEDIA,2024-09-13,Android,+55 51 8164 2059
U00574,Arthur Miguel,Sousa,yalves@example.org,90251790536.0,1970-01-01,Masc,São Paulo,Viúvo/a,Aposentado,Técnico,ALTA,2024-09-14,Android,31 7078 6946
U00662,Liz,Montenegro,gcavalcanti@example.net,72180063463.0,2006-11-28,Masc,Minas Gerais,Divorciado/a,Autônomo,Pós-graduação,BAIXA,2024-09-14,Android,61 5981 9998
U00973,Marina,Marques,ovargas@example.net,71916744206.0,1970-01-01,Outro,Pernambuco,Viúvo/a,Desempregado,Pós-graduação,BAIXA,2024-09-14,iOS,31 3225-7991
U03979,Vitória,Pastor,araujomanuella@example.net,30271497863.0,1992-01-28,Fem,Pernambuco,Casado/a,Autônomo,Ensino Médio,ALTA,2024-09-14,iOS,41 7642 3832
U04022,Stephany,Montenegro,isampaio@example.net,53757397307.0,1970-01-01,Fem,Rio Grande do Sul,Solteiro/a,Desempregado,Técnico,ALTA,2024-09-14,iOS,+55 (081) 5220 6490
U01051,Maria Júlia,Barros,nataliamoreira@example.net,41159577801.0,1978-02-23,Fem,Pernambuco,Divorciado/a,Aposentado,Ensino Médio,BAIXA,2024-09-15,Android,0300-384-0624
U01624,Sarah,Pinto,da-conceicaoenzo@example.org,89529496664.0,1970-01-01,Masc,Bahia,Casado/a,Autônomo,Ensino Médio,ALTA,2024-09-15,Android,81 3330 6579
U02325,Francisco,Sousa,vinicius94@example.com,40576408219.0,1998-11-16,Outro,Pernambuco,Divorciado/a,Desempregado,Pós-graduação,MEDIA,2024-09-15,Android,31 4190 6099
U03595,Benício,Azevedo,otavio49@example.org,79147375011.0,1993-06-02,Fem,Distrito Federal,Solteiro/a,Desempregado,Pós-graduação,ALTA,2024-09-15,Android,(071) 3508 0566
U04378,Asafe,Fernandes,ottosilva@example.com,54712656127.0,2007-01-21,Fem,Bahia,Casado/a,Estudante,Ensino Médio,BAIXA,2024-09-15,iOS,(021) 7154 1604
U04558,Hadassa,Cavalcanti,borgeslara@example.net,80083156159.0,1972-04-29,Masc,Rio de Janeiro,Divorciado/a,Aposentado,Superior,BAIXA,2024-09-15,Android,(051) 0784 2472
U00487,Laís,das Neves,aylla58@example.net,93585946020.0,1998-01-05,Fem,Paraná,Viúvo/a,Empregado,Ensino Médio,BAIXA,2024-09-16,iOS,0900 634 4449
U02586,Maria Alice,Cunha,pedro-miguel70@example.net,82436360096.0,1988-05-16,Fem,Bahia,Casado/a,Aposentado,Superior,MEDIA,2024-09-16,iOS,21 3635 3670
U04508,Mariah,Vieira,qnascimento@example.org,19644584351.0,2004-01-02,Outro,São Paulo,Casado/a,Autônomo,Ensino Médio,BAIXA,2024-09-16,Android,(011) 4942 7602
U00726,Liz,Novais,wsilveira@example.net,36820630422.0,1970-01-01,Masc,Rio Grande do Sul,Viúvo/a,Desempregado,Outro,BAIXA,2024-09-17,Android,+55 (021) 2440 0488
U00848,Leonardo,Borges,fbarros@example.net,10117894546.0,1970-01-01,Masc,Pernambuco,Viúvo/a,Autônomo,Pós-graduação,ALTA,2024-09-17,iOS,(021) 8247 6027
U01691,Cecília,Vasconcelos,caio61@example.org,69269651856.0,1970-01-01,Masc,São Paulo,Viúvo/a,Estudante,Superior,BAIXA,2024-09-17,Android,0300 670 5421
U02828,Maria Eduarda,Aparecida,agatha67@example.org,37219659594.0,1979-01-19,Masc,São Paulo,Viúvo/a,Estudante,Pós-graduação,ALTA,2024-09-17,Android,+55 51 4314 9304
U02844,Gustavo Henrique,da Cunha,aurora70@example.com,93905726019.0,1972-12-27,Outro,Pernambuco,Viúvo/a,Desempregado,Ensino Médio,ALTA,2024-09-17,Android,(071) 8317-0312
U04313,Ravy,Costela,rochalara@example.org,27328223016.0,1985-12-27,Fem,Distrito Federal,Solteiro/a,Autônomo,Técnico,ALTA,2024-09-17,Android,(084) 2908 8802
U04567,Kamilly,Montenegro,vinicius86@example.net,46509441926.0,1970-01-01,Outro,Bahia,Casado/a,Autônomo,Outro,ALTA,2024-09-17,Android,+55 81 1855 9741
U03194,Olívia,Cunha,raquel88@example.net,55793697250.0,1970-01-01,Masc,Paraná,Viúvo/a,Autônomo,Outro,ALTA,2024-09-18,iOS,(061) 3302-4107
U03658,Lucas,Rios,galmeida@example.com,22655804805.0,1999-01-22,Masc,Paraná,Divorciado/a,Autônomo,Ensino Médio,BAIXA,2024-09-18,Android,+55 31 6559 7388
U01202,Lorena,Cunha,pmendes@example.org,75601391797.0,1997-06-15,Masc,Rio de Janeiro,Solteiro/a,Desempregado,Ensino Médio,MEDIA,2024-09-19,Android,+55 31 0719-4625
U01857,Anthony Gabriel,Lopes,costelajulia@example.org,44568438945.0,1978-11-08,Outro,São Paulo,Viúvo/a,Aposentado,Outro,ALTA,2024-09-19,iOS,(084) 7945 5457
U03899,Ana Laura,Silva,inunes@example.org,34004486679.0,1970-01-01,Masc,Pernambuco,Casado/a,Desempregado,Pós-graduação,BAIXA,2024-09-19,Android,+55 (041) 4018 8479
U02272,Joana,Moura,matheuscaldeira@example.net,90111012324.0,1993-09-17,Masc,Ceará,Casado/a,Estudante,Técnico,ALTA,2024-09-20,Android,11 1996 8653
U02373,Helena,Castro,pedro48@example.net,25325397630.0,1981-10-03,Outro,Distrito Federal,Casado/a,Desempregado,Técnico,MEDIA,2024-09-20,Android,+55 (011) 8818-1964
U00742,Maria Helena,Andrade,brunopereira@example.com,37127478767.0,1980-09-02,Fem,Bahia,Viúvo/a,Autônomo,Outro,MEDIA,2024-09-21,Android,+55 81 9219-5831
U01119,Valentim,Novaes,paulo15@example.com,66761424990.0,1988-05-24,Outro,Minas Gerais,Divorciado/a,Autônomo,Ensino Médio,BAIXA,2024-09-21,Android,21 2071 6232
U02146,Rafael,Barros,fernandafonseca@example.com,48366747388.0,1970-01-01,Fem,Minas Gerais,Casado/a,Desempregado,Ensino Médio,MEDIA,2024-09-21,Android,+55 71 8112-1473
U02370,Eduarda,Barbosa,eloah24@example.net,92900459915.0,2001-02-14,Outro,São Paulo,Solteiro/a,Aposentado,Outro,BAIXA,2024-09-21,iOS,+55 81 4602 1074
U03777,Otávio,Caldeira,jalves@example.org,55475445553.0,2007-06-20,Fem,Distrito Federal,Casado/a,Estudante,Superior,BAIXA,2024-09-21,Android,+55 (061) 7894-0047
U01428,Ravi Lucca,Sá,jose-pedrofonseca@example.net,93344380852.0,1970-01-01,Outro,Minas Gerais,Divorciado/a,Desempregado,Pós-graduação,BAIXA,2024-09-22,iOS,(081) 7834 6349
U02657,José Miguel,Freitas,rodrigo24@example.org,97179882595.0,1993-10-22,Outro,Rio Grande do Sul,Divorciado/a,Autônomo,Pós-graduação,MEDIA,2024-09-22,Android,+55 (071) 5954 6874
U03500,Maria Laura,Ramos,zcamargo@example.net,66987176534.0,1988-03-06,Masc,Pernambuco,Viúvo/a,Autônomo,Outro,BAIXA,2024-09-22,iOS,(041) 2526 0828
U04927,José Miguel,Rocha,raquelramos@example.com,28865087151.0,1999-08-20,Outro,Distrito Federal,Divorciado/a,Autônomo,Ensino Médio,BAIXA,2024-09-22,Android,+55 51 4700 5028
U00888,Heitor,Marques,eleao@example.org,85161925124.0,1970-01-01,Fem,Ceará,Divorciado/a,Desempregado,Superior,ALTA,2024-09-23,Android,+55 84 4383 1704
U02973,Davi Lucca,Pires,henry-gabrielmacedo@example.com,25153445405.0,1971-11-27,Fem,Distrito Federal,Solteiro/a,Estudante,Superior,ALTA,2024-09-23,Android,11 5420 5592
U03018,Eduarda,Garcia,heitor14@example.net,40999477755.0,1986-09-06,Fem,Ceará,Divorciado/a,Desempregado,Pós-graduação,MEDIA,2024-09-23,Android,+55 (051) 3025-9180
U03632,Manuela,Castro,luiz-fernando30@example.org,58169697452.0,1981-06-23,Masc,São Paulo,Solteiro/a,Estudante,Técnico,MEDIA,2024-09-23,iOS,+55 51 4120 0070
U03976,Ana Sophia,Novaes,danilogarcia@example.com,77134733661.0,1982-06-10,Outro,Rio Grande do Sul,Divorciado/a,Desempregado,Ensino Médio,MEDIA,2024-09-23,iOS,(071) 6566 5903
U04104,Yasmin,Pimenta,fgoncalves@example.net,87457901260.0,1970-01-01,Fem,Rio Grande do Sul,Divorciado/a,Autônomo,Superior,ALTA,2024-09-23,iOS,(084) 0031-7134
U04814,Luigi,Duarte,caiocavalcanti@example.net,58932889286.0,1992-03-13,Masc,Bahia,Solteiro/a,Desempregado,Técnico,ALTA,2024-09-23,Android,+55 71 0893 3448
U01420,Jade,Nunes,maitesilveira@example.net,69987301972.0,1982-09-12,Masc,Ceará,Solteiro/a,Estudante,Técnico,ALTA,2024-09-24,Android,+55 81 9072 7187
U03504,Josué,Vargas,pedro-henrique30@example.org,85856432369.0,1970-01-01,Masc,Minas Gerais,Divorciado/a,Aposentado,Outro,MEDIA,2024-09-24,iOS,+55 (071) 3184 9736
U01601,Lucas Gabriel,Sales,vpires@example.org,30037561965.0,1970-01-01,Fem,São Paulo,Divorciado/a,Estudante,Superior,BAIXA,2024-09-25,iOS,0800 385 0611
U02570,Sara,Cirino,gcardoso@example.net,44179274890.0,1970-01-01,Masc,Distrito Federal,Divorciado/a,Estudante,Superior,BAIXA,2024-09-25,iOS,+55 61 9953 3595
U03819,Bryan,Correia,monteirocaue@example.net,28718474262.0,1972-11-28,Fem,Minas Gerais,Solteiro/a,Desempregado,Pós-graduação,BAIXA,2024-09-25,Android,+55 81 8207-6770
U04155,Luiz Otávio,Moraes,ceciliada-mota@example.net,22422575873.0,1970-01-01,Masc,Paraná,Viúvo/a,Desempregado,Outro,BAIXA,2024-09-25,Android,(071) 2003 5534
U04835,Jade,Jesus,isabellasousa@example.org,16898322073.0,1998-09-19,Fem,Paraná,Solteiro/a,Aposentado,Outro,ALTA,2024-09-25,Android,51 7881 5896
U03921,Mariana,Rezende,giovanna82@example.com,57091856212.0,1995-08-04,Masc,Rio de Janeiro,Solteiro/a,Empregado,Outro,ALTA,2024-09-26,iOS,+55 (031) 3142-7126
U00354,Antônio,Cavalcanti,vitoriacosta@example.org,87113527626.0,1970-01-01,Masc,Minas Gerais,Casado/a,Empregado,Técnico,MEDIA,2024-09-27,Android,+55 (021) 8788-5230
U01286,Eloá,da Rocha,limaleonardo@example.net,33300701057.0,1988-11-09,Fem,Distrito Federal,Solteiro/a,Estudante,Superior,BAIXA,2024-09-27,Android,84 0473-2013
U02742,Julia,Caldeira,albuquerqueleo@example.com,36501864237.0,1970-01-01,Fem,Distrito Federal,Solteiro/a,Aposentado,Superior,MEDIA,2024-09-27,iOS,11 5759 4476
U04515,Ísis,Cardoso,alvesjuliana@example.com,56220841199.0,1993-01-20,Masc,Minas Gerais,Divorciado/a,Empregado,Técnico,ALTA,2024-09-27,Android,+55 (031) 5429 9013
U04844,Olivia,Machado,asafe37@example.org,27921494881.0,1985-11-28,Fem,Minas Gerais,Divorciado/a,Autônomo,Técnico,MEDIA,2024-09-27,iOS,+55 61 4490-7617
U00104,Thales,Pacheco,anthonyvasconcelos@example.net,86973429498.0,1991-09-13,Masc,Paraná,Casado/a,Autônomo,Outro,BAIXA,2024-09-28,Android,+55 (081) 4926 9224
U01551,Sophia,Moreira,miguel34@example.net,23977112558.0,1983-08-12,Fem,Ceará,Divorciado/a,Estudante,Ensino Médio,BAIXA,2024-09-28,iOS,+55 61 7158-9474
U03158,Eduardo,Freitas,zcaldeira@example.com,56564304604.0,1971-01-25,Outro,Bahia,Casado/a,Autônomo,Técnico,BAIXA,2024-09-28,iOS,(081) 6734-8110
U03698,Zoe,da Rocha,da-rochahadassa@example.org,80248215807.0,1976-12-27,Masc,Minas Gerais,Viúvo/a,Autônomo,Outro,MEDIA,2024-09-28,Android,+55 71 7520 5232
U00275,Vitor Hugo,Abreu,sousanicole@example.org,47743060862.0,1970-01-01,Masc,Distrito Federal,Divorciado/a,Aposentado,Outro,ALTA,2024-09-29,Android,+55 (081) 9823-9003
U00608,Luiz Otávio,Nunes,matteomendes@example.com,74767629238.0,1995-12-06,Fem,Bahia,Solteiro/a,Desempregado,Pós-graduação,BAIXA,2024-09-29,Android,+55 84 0204-2942
U01533,Mirella,Marques,teixeiravicente@example.org,28670586050.0,2005-06-21,Outro,Rio Grande do Sul,Solteiro/a,Desempregado,Pós-graduação,MEDIA,2024-09-29,Android,(081) 8251-7253
U01774,Cecília,Pires,carlos-eduardo99@example.org,65077942128.0,1991-05-10,Masc,Rio Grande do Sul,Viúvo/a,Autônomo,Ensino Médio,BAIXA,2024-09-29,iOS,(041) 6360-9684
U02063,Augusto,Siqueira,britomelina@example.net,79749647266.0,1996-05-17,Fem,Distrito Federal,Solteiro/a,Autônomo,Superior,MEDIA,2024-09-29,iOS,81 2567-8598
U03998,Thiago,Aragão,bellacastro@example.com,40820561630.0,1970-04-30,Fem,Bahia,Solteiro/a,Estudante,Técnico,ALTA,2024-09-29,iOS,0500-004-5348
U04044,Isabel,Caldeira,giovannasilva@example.net,63473775796.0,1970-01-01,Fem,Paraná,Viúvo/a,Estudante,Técnico,BAIXA,2024-09-29,Android,0500-016-7825
U04145,Diogo,da Rocha,dviana@example.org,18363087921.0,1993-05-07,Masc,Distrito Federal,Solteiro/a,Autônomo,Ensino Médio,BAIXA,2024-09-29,Android,(021) 5201 8158
U04186,João,Correia,araujogabriel@example.com,52300853553.0,1971-10-22,Fem,Ceará,Divorciado/a,Empregado,Pós-graduação,ALTA,2024-09-29,Android,+55 61 2467 4895
U02327,Sabrina,Andrade,fernando26@example.com,14949226591.0,1989-04-18,Outro,Bahia,Solteiro/a,Empregado,Outro,MEDIA,2024-09-30,iOS,+55 (041) 5840 1039
U02347,Natália,Farias,nunesmarcelo@example.net,63865264076.0,1970-01-01,Fem,Distrito Federal,Divorciado/a,Empregado,Técnico,BAIXA,2024-09-30,iOS,+55 41 7025-5720
U03287,Juliana,Azevedo,barbosamariana@example.com,96951841675.0,1970-01-01,Fem,Bahia,Solteiro/a,Estudante,Ensino Médio,ALTA,2024-09-30,iOS,(061) 9558 7989
U02613,Erick,Melo,heloisa49@example.com,70338807487.0,1970-01-01,Outro,São Paulo,Solteiro/a,Aposentado,Superior,BAIXA,2024-10-01,iOS,(031) 4413-9575
U00050,Otto,Azevedo,andre04@example.net,52605875155.0,1988-10-22,Fem,São Paulo,Divorciado/a,Empregado,Pós-graduação,ALTA,2024-10-02,Android,21 6336 5330
U00596,Ana Liz,Vargas,pietro26@example.com,56278497519.0,1994-09-18,Masc,Minas Gerais,Casado/a,Desempregado,Ensino Médio,BAIXA,2024-10-02,iOS,+55 84 0116-9098
U01419,Natália,Gonçalves,danilo62@example.net,78864726876.0,1970-01-01,Outro,Pernambuco,Viúvo/a,Empregado,Técnico,MEDIA,2024-10-02,iOS,+55 11 1153-8509
U01492,Emanuelly,Sá,zpimenta@example.net,96495363567.0,1970-01-01,Outro,Bahia,Viúvo/a,Autônomo,Superior,MEDIA,2024-10-02,Android,0300-074-0792
U02906,Maria Cecília,Martins,vpastor@example.com,56875315681.0,1982-07-02,Outro,Minas Gerais,Viúvo/a,Estudante,Outro,BAIXA,2024-10-02,Android,0300-081-8072
U03128,Lucas,Alves,ymontenegro@example.org,91120152822.0,1997-07-14,Fem,Paraná,Solteiro/a,Aposentado,Pós-graduação,BAIXA,2024-10-02,iOS,(011) 7929 3738
U00092,Dante,Mendonça,melinada-mata@example.org,10068470649.0,1970-01-01,Masc,Minas Gerais,Solteiro/a,Empregado,Outro,MEDIA,2024-10-03,iOS,+55 81 6285-9903
U01683,Maria,Mendes,benicioalbuquerque@example.org,14062429437.0,1970-01-01,Masc,Rio Grande do Sul,Solteiro/a,Estudante,Superior,ALTA,2024-10-03,Android,+55 (084) 9751-8948
U02156,Vitória,Lopes,raul59@example.net,88562821535.0,1970-01-01,Masc,São Paulo,Divorciado/a,Desempregado,Outro,BAIXA,2024-10-03,Android,+55 51 5400 3155
U02773,Isaque,Moreira,alana99@example.net,79341417843.0,1995-08-25,Fem,Pernambuco,Divorciado/a,Desempregado,Técnico,MEDIA,2024-10-03,iOS,(081) 4733 7296
U03098,Vitor,Novais,enzo-gabrielda-mota@example.net,19570952930.0,1975-11-06,Fem,Rio de Janeiro,Casado/a,Desempregado,Superior,BAIXA,2024-10-03,iOS,+55 31 3878 6138
U03182,Brayan,Nascimento,ana-carolinasales@example.com,30502874605.0,1977-08-07,Masc,Bahia,Divorciado/a,Desempregado,Pós-graduação,BAIXA,2024-10-03,iOS,84 2487 6887
U03261,Diogo,Moreira,mendesesther@example.net,57316229729.0,1973-04-28,Outro,Pernambuco,Solteiro/a,Autônomo,Pós-graduação,BAIXA,2024-10-03,iOS,0300-488-3299
U03910,Samuel,Vargas,rfonseca@example.com,16405956360.0,1978-03-01,Fem,Rio de Janeiro,Solteiro/a,Empregado,Ensino Médio,MEDIA,2024-10-03,Android,21 7226-0150
U04135,Enzo Gabriel,Macedo,lucas-gabriel18@example.net,55459309629.0,1970-01-01,Masc,São Paulo,Viúvo/a,Empregado,Outro,BAIXA,2024-10-03,Android,+55 61 5062 3991
U00558,Vitor Hugo,Fonseca,joao-lucas17@example.org,65979873646.0,1976-07-18,Masc,Rio de Janeiro,Casado/a,Desempregado,Técnico,BAIXA,2024-10-04,iOS,(041) 4994 5420
U02226,Bruno,Lima,pachecojulia@example.net,37719918453.0,1996-07-28,Fem,São Paulo,Solteiro/a,Desempregado,Técnico,ALTA,2024-10-04,Android,+55 41 0574 3848
U02305,Valentina,Peixoto,almeidamaria-julia@example.net,26845383560.0,2002-03-31,Masc,Bahia,Solteiro/a,Empregado,Técnico,ALTA,2024-10-04,iOS,0300 617 3560
U02812,Alexia,Nunes,bryandas-neves@example.com,65547644566.0,2002-04-03,Fem,Ceará,Viúvo/a,Desempregado,Pós-graduação,MEDIA,2024-10-04,Android,+55 51 7595 9743
U02962,Ana Lívia,Abreu,montenegrodavi-lucas@example.net,58174430909.0,1970-01-01,Masc,Rio de Janeiro,Viúvo/a,Autônomo,Outro,MEDIA,2024-10-04,Android,+55 (071) 4061-1834
U04586,Igor,Silveira,jade32@example.com,57397044302.0,1973-11-03,Fem,Pernambuco,Solteiro/a,Autônomo,Pós-graduação,MEDIA,2024-10-04,iOS,0800-135-3364
U02569,Luiz Felipe,Fonseca,raulda-costa@example.org,58493763844.0,1999-03-09,Fem,Distrito Federal,Divorciado/a,Estudante,Superior,MEDIA,2024-10-05,iOS,61 0639-4921
U00718,Bryan,Vasconcelos,diegocarvalho@example.com,12938436983.0,1970-01-01,Masc,Pernambuco,Solteiro/a,Aposentado,Pós-graduação,ALTA,2024-10-06,Android,+55 (051) 7461 7139
U04825,Clarice,Cirino,silvacarolina@example.org,51996925484.0,1998-09-12,Outro,Bahia,Viúvo/a,Desempregado,Superior,ALTA,2024-10-06,Android,(071) 2004 0602
U00318,Luiz Miguel,Lima,freitaseduardo@example.com,97200486429.0,1970-01-01,Fem,Paraná,Solteiro/a,Desempregado,Técnico,BAIXA,2024-10-07,Android,11 6205 3679
U00637,Agatha,Fogaça,vitor-gabriel92@example.net,37088939250.0,1983-01-14,Masc,Ceará,Viúvo/a,Autônomo,Outro,BAIXA,2024-10-07,Android,+55 (071) 7133 6007
U00868,Maria Helena,Alves,agatha03@example.net,93393521612.0,1970-01-01,Outro,Paraná,Casado/a,Aposentado,Outro,BAIXA,2024-10-07,Android,0900-019-1654
U02596,Gael,da Conceição,eduarda92@example.net,29597836921.0,1985-05-27,Masc,Rio Grande do Sul,Viúvo/a,Empregado,Técnico,MEDIA,2024-10-07,iOS,71 0936 7893
U02817,Rafaela,da Rocha,cavalcantilucas-gabriel@example.org,69434048360.0,1995-05-03,Masc,São Paulo,Viúvo/a,Autônomo,Outro,ALTA,2024-10-07,iOS,+55 51 0446 2882
U04683,Laís,Porto,maria-alicemachado@example.com,26292285277.0,1970-01-01,Fem,Distrito Federal,Solteiro/a,Desempregado,Ensino Médio,ALTA,2024-10-07,Android,+55 21 6669 2676
U04806,Vitor,Pinto,lramos@example.com,49950517952.0,1970-01-01,Fem,Pernambuco,Casado/a,Empregado,Pós-graduação,ALTA,2024-10-07,Android,(021) 2983 8167
U00369,Henry,Gomes,pintolorenzo@example.org,12371540843.0,1985-01-12,Fem,Bahia,Solteiro/a,Aposentado,Técnico,MEDIA,2024-10-08,Android,+55 (081) 1323-5726
U01600,Melissa,Mendonça,brayansantos@example.net,28661058572.0,1970-01-01,Masc,Ceará,Solteiro/a,Aposentado,Outro,ALTA,2024-10-08,iOS,(011) 2802-4212
U01820,Ana Cecília,Montenegro,limaalana@example.net,24657165036.0,2003-09-02,Fem,Rio de Janeiro,Viúvo/a,Desempregado,Pós-graduação,BAIXA,2024-10-08,Android,+55 84 1702 0353
U02718,Arthur Miguel,Silva,vicentegoncalves@example.org,71811790467.0,1997-10-19,Outro,Minas Gerais,Divorciado/a,Aposentado,Superior,BAIXA,2024-10-08,Android,+55 (031) 3258 5042
U04418,Ana Carolina,Pastor,duartedavi-luiz@example.com,43524707375.0,1999-11-15,Fem,Rio de Janeiro,Solteiro/a,Desempregado,Ensino Médio,ALTA,2024-10-08,Android,0300 973 5223
U00240,Luiza,Silveira,gandrade@example.net,85494139664.0,1980-03-11,Outro,Bahia,Solteiro/a,Desempregado,Ensino Médio,MEDIA,2024-10-09,iOS,(021) 6280-1482
U00798,Alice,Vargas,josuelopes@example.com,29759158411.0,1970-01-01,Fem,Distrito Federal,Divorciado/a,Autônomo,Ensino Médio,ALTA,2024-10-09,Android,+55 (041) 6605 5976
U00510,João Miguel,Fonseca,ana-sophiadias@example.net,86523985619.0,1986-03-26,Masc,Ceará,Casado/a,Desempregado,Ensino Médio,ALTA,2024-10-10,Android,61 8343-8498
U01185,Manuella,Barros,emendonca@example.net,41606184978.0,1979-01-01,Fem,Distrito Federal,Solteiro/a,Empregado,Técnico,BAIXA,2024-10-10,Android,21 6039 0469
U02602,Luiz Henrique,Porto,correiaarthur-miguel@example.com,85979365623.0,1984-12-23,Outro,São Paulo,Divorciado/a,Aposentado,Superior,BAIXA,2024-10-10,iOS,11 9535-5717
U02653,Nicole,Sá,barrosbrenda@example.org,36271364254.0,1973-01-02,Masc,Rio Grande do Sul,Viúvo/a,Empregado,Outro,MEDIA,2024-10-10,iOS,+55 (051) 9619-9005
U04003,Daniela,Duarte,aylagoncalves@example.com,90390030791.0,1983-01-28,Fem,Pernambuco,Viúvo/a,Aposentado,Ensino Médio,ALTA,2024-10-10,Android,+55 (061) 8336-8542
U00254,Paulo,Machado,guerralorenzo@example.net,98172364384.0,1996-03-04,Masc,Paraná,Viúvo/a,Estudante,Outro,BAIXA,2024-10-11,Android,+55 21 0708 6633
U02382,Vinicius,Silva,diaslevi@example.net,43576600018.0,1983-03-23,Masc,Minas Gerais,Solteiro/a,Estudante,Pós-graduação,BAIXA,2024-10-11,iOS,(011) 8290 3069
U03290,Noah,da Luz,brenojesus@example.org,97928076322.0,1970-01-01,Outro,Distrito Federal,Viúvo/a,Desempregado,Outro,ALTA,2024-10-11,Android,+55 61 5543-2883
U00350,Maria Vitória,Freitas,pimentazoe@example.net,20230689900.0,1976-03-10,Outro,Rio Grande do Sul,Divorciado/a,Aposentado,Ensino Médio,MEDIA,2024-10-12,iOS,0800-996-3606
U02365,Marcela,Gomes,calebecasa-grande@example.org,85465613657.0,2005-08-26,Masc,Rio Grande do Sul,Solteiro/a,Autônomo,Técnico,ALTA,2024-10-12,iOS,+55 (051) 2228 8199
U02785,Mateus,Brito,gael81@example.net,49972792760.0,1985-04-21,Masc,Pernambuco,Solteiro/a,Desempregado,Ensino Médio,BAIXA,2024-10-12,Android,+55 (021) 4257 4106
U03510,Leonardo,Andrade,isabelacasa-grande@example.net,57050852478.0,1970-01-01,Fem,Paraná,Solteiro/a,Aposentado,Outro,ALTA,2024-10-12,iOS,(011) 2989 7436
U04610,Fernanda,Gonçalves,laraaragao@example.com,32813140817.0,2002-01-13,Fem,São Paulo,Casado/a,Aposentado,Pós-graduação,BAIXA,2024-10-12,Android,+55 (071) 6904-5125
U02041,Maria Isis,Cardoso,manuelaoliveira@example.org,96264544617.0,1977-03-28,Fem,Minas Gerais,Casado/a,Aposentado,Outro,BAIXA,2024-10-13,Android,+55 51 2151 7351
U02590,Bento,Marques,saraul@example.org,56785681770.0,1997-10-25,Masc,Rio Grande do Sul,Divorciado/a,Aposentado,Superior,ALTA,2024-10-13,Android,84 3106 0698
U02598,Benjamim,da Mata,woliveira@example.net,70632766203.0,1976-03-04,Masc,Minas Gerais,Viúvo/a,Desempregado,Pós-graduação,BAIXA,2024-10-13,iOS,+55 84 2821-8624
U00393,Anna Liz,Leão,usouza@example.org,94187111533.0,1970-01-01,Masc,São Paulo,Casado/a,Aposentado,Outro,BAIXA,2024-10-14,iOS,+55 84 8201 1451
U00760,Fernanda,Araújo,yfarias@example.org,41480337060.0,2001-10-18,Outro,Rio de Janeiro,Viúvo/a,Empregado,Outro,MEDIA,2024-10-14,iOS,(031) 0453-0740
U03130,Benjamin,da Rocha,da-pazleonardo@example.org,52378830734.0,1985-05-05,Outro,Rio de Janeiro,Divorciado/a,Aposentado,Outro,MEDIA,2024-10-14,Android,+55 11 1596 2109
U03751,Isis,Machado,vmendonca@example.net,92043316524.0,1977-06-06,Outro,Pernambuco,Casado/a,Aposentado,Superior,ALTA,2024-10-14,iOS,+55 (051) 3154 8044
U00879,Davi Luiz,Martins,eduardo64@example.com,16796339006.0,1989-04-06,Masc,Bahia,Viúvo/a,Aposentado,Superior,MEDIA,2024-10-15,iOS,+55 (031) 4515-0767
U01467,Luiz Fernando,Duarte,luiz-henriquemelo@example.net,88117662930.0,1970-01-01,Outro,Paraná,Solteiro/a,Estudante,Outro,ALTA,2024-10-15,Android,+55 (071) 4223 7197
U01996,Maitê,Jesus,kcunha@example.com,76081303093.0,2004-09-18,Masc,Distrito Federal,Viúvo/a,Estudante,Superior,ALTA,2024-10-15,Android,+55 51 0001 7983
U02897,Bento,Cunha,theo76@example.org,29857838503.0,1991-02-14,Fem,São Paulo,Divorciado/a,Estudante,Técnico,MEDIA,2024-10-15,iOS,+55 (084) 6744-7104
U03169,Marcos Vinicius,Azevedo,qsales@example.org,61115359564.0,1970-01-01,Fem,Rio Grande do Sul,Viúvo/a,Empregado,Ensino Médio,ALTA,2024-10-15,Android,(081) 7816-7662
U03258,Manuella,Pereira,vasconcelosnicole@example.org,51858919921.0,1970-01-01,Outro,Bahia,Viúvo/a,Aposentado,Técnico,ALTA,2024-10-15,iOS,51 8638 9987
U03702,Cauã,Pinto,zcunha@example.org,50320180918.0,1981-08-10,Outro,Distrito Federal,Casado/a,Empregado,Pós-graduação,ALTA,2024-10-15,iOS,+55 (081) 6391 5149
U04938,Léo,Fernandes,nunesdavi@example.org,32634485089.0,1970-01-01,Masc,Distrito Federal,Casado/a,Desempregado,Técnico,ALTA,2024-10-15,iOS,+55 71 1961-4208
U01178,Valentina,Carvalho,emillysa@example.org,23726177789.0,1970-01-01,Outro,Ceará,Solteiro/a,Autônomo,Técnico,ALTA,2024-10-16,Android,51 4807 0031
U01589,Hadassa,Oliveira,mcamara@example.com,71156427529.0,1977-09-24,Outro,Pernambuco,Solteiro/a,Aposentado,Pós-graduação,MEDIA,2024-10-16,Android,+55 (061) 4174-7691
U02288,Luan,Mendonça,gsantos@example.org,86712749163.0,1976-10-24,Masc,Bahia,Divorciado/a,Estudante,Superior,BAIXA,2024-10-16,Android,0300 144 0529
U02356,Marcelo,Farias,nfonseca@example.net,16620866942.0,1970-01-01,Fem,Rio Grande do Sul,Solteiro/a,Empregado,Técnico,BAIXA,2024-10-16,iOS,(081) 2738-6944
U02466,Noah,Martins,maria-sophiadias@example.org,50836815689.0,1975-02-23,Fem,Distrito Federal,Viúvo/a,Estudante,Superior,BAIXA,2024-10-16,Android,(021) 1309-8541
U02927,Miguel,Albuquerque,qlopes@example.com,73312492230.0,1970-01-01,Fem,Ceará,Casado/a,Desempregado,Outro,MEDIA,2024-10-16,iOS,41 5238-4473
U00970,Maria Luísa,Novais,cbarros@example.com,78974111526.0,1970-01-01,Fem,Rio Grande do Sul,Casado/a,Autônomo,Outro,ALTA,2024-10-17,Android,(081) 1565-0939
U01046,Maria Clara,Pimenta,ana-luizacastro@example.com,30216690807.0,1996-12-19,Fem,Ceará,Viúvo/a,Autônomo,Ensino Médio,MEDIA,2024-10-17,Android,+55 84 7575 7352
U02688,Melissa,Almeida,ealbuquerque@example.org,17538898203.0,2004-06-12,Outro,Distrito Federal,Casado/a,Aposentado,Ensino Médio,MEDIA,2024-10-17,Android,+55 41 9930 0207
U02827,Manuela,Almeida,ulopes@example.org,89224700293.0,1994-07-11,Outro,São Paulo,Divorciado/a,Empregado,Ensino Médio,MEDIA,2024-10-17,iOS,+55 84 9025 9957
U04836,Alice,da Luz,jesusana-luiza@example.com,57898458654.0,1970-01-01,Fem,Rio de Janeiro,Viúvo/a,Empregado,Ensino Médio,MEDIA,2024-10-17,iOS,81 4708 5394
U04847,Yan,Cirino,barbara14@example.com,82212859985.0,1982-03-15,Outro,Rio Grande do Sul,Solteiro/a,Estudante,Outro,ALTA,2024-10-17,Android,+55 (051) 6341-2061
U00572,Arthur Gabriel,da Mota,fpereira@example.org,46274930584.0,1970-01-01,Masc,Paraná,Divorciado/a,Desempregado,Ensino Médio,BAIXA,2024-10-18,Android,0900-998-7955
U02378,Guilherme,Marques,enricoda-conceicao@example.net,20072180586.0,1979-03-20,Outro,Rio Grande do Sul,Solteiro/a,Aposentado,Técnico,ALTA,2024-10-18,iOS,(081) 0876 0993
U02626,Maria Eduarda,Moura,pedro-miguel27@example.org,15477310674.0,2005-07-22,Fem,Minas Gerais,Viúvo/a,Aposentado,Outro,BAIXA,2024-10-18,Android,+55 (021) 7142-7426
U04880,Mariana,das Neves,teixeirajoao-miguel@example.net,41686771910.0,1970-01-01,Masc,Bahia,Casado/a,Desempregado,Pós-graduação,MEDIA,2024-10-18,iOS,+55 (041) 7633-3082
U01412,Sofia,Azevedo,isabel42@example.net,37692981006.0,1989-10-09,Fem,Bahia,Divorciado/a,Autônomo,Pós-graduação,BAIXA,2024-10-19,Android,0800 335 8710
U03599,Ana Clara,Alves,qabreu@example.net,98264126830.0,1970-01-01,Fem,Bahia,Casado/a,Desempregado,Pós-graduação,MEDIA,2024-10-19,iOS,+55 (031) 7267 0397
U03828,Sara,Vargas,gael-henriquealves@example.net,32470345330.0,2005-05-08,Masc,Ceará,Divorciado/a,Aposentado,Superior,BAIXA,2024-10-19,Android,(084) 2155-6291
U04467,Felipe,Barros,ravypereira@example.com,90126197308.0,1981-08-05,Outro,Ceará,Viúvo/a,Aposentado,Superior,MEDIA,2024-10-19,iOS,+55 (031) 7858-6053
U00775,João Gabriel,Nunes,fonsecalavinia@example.org,98543570428.0,1970-01-01,Masc,São Paulo,Casado/a,Estudante,Ensino Médio,BAIXA,2024-10-20,iOS,71 9530-9000
U01086,Otto,Guerra,clara98@example.net,19993977545.0,1970-01-01,Outro,Rio de Janeiro,Viúvo/a,Estudante,Ensino Médio,ALTA,2024-10-20,iOS,+55 (084) 6611 5536
U02024,Ana Beatriz,Cardoso,cavalcantidante@example.net,38052825836.0,1970-01-01,Outro,Rio Grande do Sul,Solteiro/a,Estudante,Técnico,BAIXA,2024-10-20,Android,+55 (031) 8626-0177
U02805,Isabelly,Nascimento,vasconcelosotto@example.org,22636653088.0,1970-01-01,Masc,Distrito Federal,Casado/a,Empregado,Outro,MEDIA,2024-10-20,iOS,+55 (061) 6415 3198
U03040,Isabela,Pimenta,ksilveira@example.net,21903924679.0,1991-09-20,Masc,Paraná,Casado/a,Desempregado,Pós-graduação,ALTA,2024-10-20,iOS,0300 314 6638
U04815,Valentina,Correia,ryanpinto@example.org,55806756309.0,1980-07-09,Outro,Pernambuco,Solteiro/a,Desempregado,Superior,BAIXA,2024-10-20,iOS,+55 (071) 1572 6870
U01217,Pedro Henrique,Borges,isis10@example.net,36390472857.0,1999-12-28,Fem,Distrito Federal,Divorciado/a,Empregado,Ensino Médio,ALTA,2024-10-21,Android,41 3699-7177
U03945,Emilly,Peixoto,augusto55@example.com,14791260103.0,1970-01-01,Fem,Rio Grande do Sul,Solteiro/a,Estudante,Pós-graduação,ALTA,2024-10-21,Android,71 2649-6546
U04281,Vitor Gabriel,Aparecida,teixeiraester@example.org,26462496235.0,1974-08-25,Fem,Pernambuco,Solteiro/a,Autônomo,Ensino Médio,BAIXA,2024-10-21,Android,81 7971 6364
U04255,Anna Liz,da Mota,lopesbryan@example.com,98952169988.0,1990-06-15,Outro,Pernambuco,Divorciado/a,Desempregado,Técnico,BAIXA,2024-10-22,Android,+55 21 1822-6962
U01644,Henrique,da Paz,ana-liviafernandes@example.org,36864255570.0,2003-03-29,Masc,Pernambuco,Casado/a,Empregado,Técnico,MEDIA,2024-10-23,Android,0900 254 9540
U01995,Maria Flor,Campos,maria-luisasousa@example.org,77443053783.0,1994-11-25,Masc,Rio Grande do Sul,Viúvo/a,Estudante,Outro,BAIXA,2024-10-23,Android,+55 (041) 7797-7429
U02335,Evelyn,Araújo,ana-julia68@example.net,17253068795.0,2002-11-20,Outro,São Paulo,Viúvo/a,Autônomo,Técnico,BAIXA,2024-10-23,iOS,+55 11 5584 3934
U02689,Lucas Gabriel,Ramos,sampaioluiz-henrique@example.org,48948008908.0,1970-01-01,Outro,Minas Gerais,Divorciado/a,Desempregado,Ensino Médio,ALTA,2024-10-23,Android,+55 (041) 4826 0209
U02939,Pedro Henrique,Andrade,oguerra@example.com,45572796603.0,1989-12-06,Fem,Paraná,Viúvo/a,Autônomo,Técnico,MEDIA,2024-10-23,iOS,+55 (061) 9512 6451
U03297,Vinicius,Novaes,aparecidamaite@example.com,69702769991.0,1974-08-30,Masc,Ceará,Divorciado/a,Autônomo,Ensino Médio,BAIXA,2024-10-23,iOS,+55 31 8493 4792
U03731,Ana Laura,Cassiano,thales30@example.org,60369012511.0,1972-01-24,Fem,Rio Grande do Sul,Viúvo/a,Estudante,Superior,MEDIA,2024-10-23,Android,0900 942 9021
U04542,Luísa,da Rocha,caldeirajoaquim@example.org,17601292666.0,1970-01-01,Fem,Paraná,Casado/a,Empregado,Superior,ALTA,2024-10-23,iOS,21 9017-7311
U04680,Ana Julia,Pereira,cardosocecilia@example.org,44231993170.0,1977-10-10,Masc,Rio de Janeiro,Divorciado/a,Autônomo,Outro,MEDIA,2024-10-23,iOS,21 1259-5126
U04688,Maria Fernanda,Sampaio,da-cruzisadora@example.org,54009294637.0,1970-01-01,Fem,Rio Grande do Sul,Casado/a,Estudante,Técnico,MEDIA,2024-10-23,iOS,+55 41 1287 8908
U04982,Otávio,Cavalcanti,da-matabruna@example.net,51841801475.0,1971-12-13,Outro,Paraná,Solteiro/a,Desempregado,Técnico,MEDIA,2024-10-23,iOS,+55 84 3765-0209
U00061,Maitê,Silveira,saheitor@example.net,91026998894.0,1970-01-01,Fem,Paraná,Divorciado/a,Desempregado,Ensino Médio,BAIXA,2024-10-24,iOS,+55 (011) 3039-4371
U00720,Maria Cecília,Rodrigues,heloisa58@example.org,59258284365.0,1974-08-22,Outro,Minas Gerais,Divorciado/a,Desempregado,Técnico,ALTA,2024-10-24,iOS,11 1917 8271
U01568,Laura,Albuquerque,alvesluna@example.org,35753643130.0,1970-01-01,Outro,Rio Grande do Sul,Casado/a,Autônomo,Técnico,ALTA,2024-10-24,Android,+55 (061) 9035 7986
U01631,Bianca,Rocha,anthony-gabriel56@example.com,34171486007.0,1971-08-31,Masc,Ceará,Viúvo/a,Estudante,Superior,BAIXA,2024-10-24,iOS,+55 (081) 6772-9410
U01953,Cecília,Gonçalves,brunamachado@example.net,44193217839.0,1970-01-01,Fem,Bahia,Viúvo/a,Estudante,Técnico,ALTA,2024-10-24,Android,(061) 2072 2939
U02350,Elisa,Barbosa,salespedro@example.com,12740227265.0,1972-05-19,Masc,Paraná,Viúvo/a,Estudante,Superior,BAIXA,2024-10-24,Android,(071) 5568-6238
U03300,Sarah,Farias,alveslavinia@example.com,44839854412.0,1995-10-08,Fem,Rio Grande do Sul,Solteiro/a,Aposentado,Superior,ALTA,2024-10-24,Android,(021) 3195 6127
U04150,Hellena,Rocha,ravyvasconcelos@example.net,76444006502.0,2007-01-11,Fem,São Paulo,Divorciado/a,Autônomo,Ensino Médio,ALTA,2024-10-24,Android,(084) 8372-1578
U04710,Diogo,Pereira,danilosilveira@example.org,51658723003.0,1970-01-01,Masc,Paraná,Solteiro/a,Estudante,Outro,ALTA,2024-10-24,Android,51 4574 4849
U00570,João Miguel,Nascimento,tcasa-grande@example.com,45631118931.0,1986-04-25,Masc,Rio Grande do Sul,Solteiro/a,Aposentado,Superior,BAIXA,2024-10-25,Android,+55 (041) 1617-1688
U01104,Laís,Moraes,lara35@example.org,83568963572.0,1970-01-01,Fem,Ceará,Divorciado/a,Autônomo,Ensino Médio,ALTA,2024-10-25,iOS,(061) 4071-0042
U02451,Juan,Aragão,vpinto@example.com,59888856950.0,1970-01-01,Fem,Distrito Federal,Casado/a,Aposentado,Ensino Médio,BAIXA,2024-10-25,Android,(051) 0498-3143
U03483,Valentim,Andrade,isadora10@example.com,57502948006.0,1970-01-01,Fem,São Paulo,Solteiro/a,Autônomo,Técnico,BAIXA,2024-10-25,Android,(041) 7505-3337
U03620,Sara,Mendes,ifonseca@example.net,64308318897.0,1974-07-03,Fem,São Paulo,Solteiro/a,Aposentado,Pós-graduação,MEDIA,2024-10-25,Android,81 9864 6292
U04283,Arthur Miguel,Silva,lizcampos@example.com,13907241665.0,1982-11-30,Masc,Minas Gerais,Viúvo/a,Empregado,Superior,ALTA,2024-10-25,iOS,71 4839-9268
U04372,Luana,Camargo,zandrade@example.net,52307682983.0,1972-04-01,Masc,Bahia,Divorciado/a,Aposentado,Outro,ALTA,2024-10-25,Android,0800-152-5749
U02038,Rodrigo,Farias,grodrigues@example.com,20911159141.0,1970-01-01,Masc,Distrito Federal,Solteiro/a,Estudante,Técnico,ALTA,2024-10-26,iOS,+55 (084) 7388-6649
U02064,Léo,Gomes,martinsaylla@example.com,75289407404.0,1993-09-23,Fem,Ceará,Casado/a,Empregado,Técnico,BAIXA,2024-10-26,Android,41 6945-5327
U04642,Léo,Castro,diasjade@example.com,90353292061.0,1970-01-01,Fem,Paraná,Divorciado/a,Desempregado,Pós-graduação,BAIXA,2024-10-26,Android,31 1966 1091
U00295,Maria Helena,Moraes,leonardocosta@example.org,97470949659.0,1970-01-01,Masc,Pernambuco,Solteiro/a,Aposentado,Outro,ALTA,2024-10-27,Android,+55 (021) 0579-1502
U00467,José Miguel,Melo,souzaagatha@example.net,54304940190.0,1970-01-01,Masc,São Paulo,Solteiro/a,Autônomo,Outro,MEDIA,2024-10-27,iOS,+55 (081) 7982-7739
U01640,Stella,Rezende,mateus76@example.com,72126340095.0,1988-04-06,Outro,Rio de Janeiro,Divorciado/a,Autônomo,Outro,ALTA,2024-10-27,iOS,+55 (021) 1999 9484
U01832,Davi Lucca,da Cruz,salesamanda@example.org,21601224791.0,1970-01-01,Masc,Ceará,Viúvo/a,Estudante,Técnico,ALTA,2024-10-27,iOS,+55 (061) 7925 5300
U00376,Rael,Nunes,pintohenrique@example.org,33148582347.0,1988-10-18,Fem,Pernambuco,Viúvo/a,Empregado,Superior,BAIXA,2024-10-28,Android,+55 81 4405-3552
U00836,Lunna,da Mata,ynogueira@example.com,75845857680.0,1970-01-01,Outro,Paraná,Solteiro/a,Desempregado,Técnico,ALTA,2024-10-28,Android,84 8791 8794
U01626,Lara,Moreira,yasminfernandes@example.org,26572268101.0,1974-04-24,Fem,Paraná,Casado/a,Empregado,Técnico,MEDIA,2024-10-28,iOS,11 7978 6553
U03953,Caleb,Nascimento,vitor-gabrielcassiano@example.net,36126448276.0,1977-03-12,Masc,Bahia,Casado/a,Autônomo,Pós-graduação,MEDIA,2024-10-28,Android,+55 (041) 0250-6270
U02135,Nina,Nogueira,jda-cruz@example.com,52597432921.0,1990-10-30,Outro,Distrito Federal,Casado/a,Desempregado,Técnico,MEDIA,2024-10-31,Android,+55 51 7424 1995
U02781,Alexandre,Freitas,eduardomarques@example.net,60354707362.0,1970-01-01,Fem,Bahia,Divorciado/a,Estudante,Pós-graduação,MEDIA,2024-10-31,iOS,+55 31 5238 4736
U00567,Dom,Moreira,alicianovaes@example.com,58140036465.0,1986-06-22,Masc,Minas Gerais,Casado/a,Autônomo,Outro,MEDIA,2024-11-01,iOS,(071) 4502-5346
U00956,Elisa,da Cunha,giovanna72@example.com,94155892355.0,2005-01-23,Fem,Distrito Federal,Casado/a,Desempregado,Pós-graduação,MEDIA,2024-11-01,Android,+55 51 8213 8997
U02098,Valentim,Ferreira,liz55@example.net,88954178306.0,1972-07-15,Fem,Ceará,Viúvo/a,Estudante,Pós-graduação,ALTA,2024-11-01,iOS,+55 (051) 3932-9261
U00308,Isabella,da Mota,duarteolivia@example.com,37530085404.0,1996-04-18,Outro,Rio de Janeiro,Solteiro/a,Empregado,Ensino Médio,MEDIA,2024-11-02,iOS,84 9833 1100
U00936,Otto,Cavalcante,gsilveira@example.org,40873041280.0,2007-05-17,Outro,Ceará,Solteiro/a,Desempregado,Outro,ALTA,2024-11-02,Android,(041) 1562-2429
U01635,Gabriel,Aragão,sara79@example.org,40071748390.0,2002-02-01,Masc,Rio de Janeiro,Divorciado/a,Desempregado,Ensino Médio,ALTA,2024-11-02,Android,+55 11 0442 1401
U02866,Leandro,Pereira,wvieira@example.org,39452948939.0,1996-12-20,Masc,Minas Gerais,Viúvo/a,Empregado,Técnico,BAIXA,2024-11-02,Android,+55 61 0864 1471
U00149,Lucca,Barbosa,peixotovitor-hugo@example.com,53821618457.0,1970-01-01,Masc,Rio Grande do Sul,Divorciado/a,Desempregado,Técnico,MEDIA,2024-11-03,Android,0500-459-0440
U03340,Raul,Martins,renancirino@example.org,68393055219.0,1983-12-28,Fem,Distrito Federal,Viúvo/a,Empregado,Superior,BAIXA,2024-11-03,iOS,+55 (011) 7489-3765
U03598,Maitê,Monteiro,machadoleonardo@example.org,55571080968.0,1976-11-01,Masc,Rio Grande do Sul,Casado/a,Aposentado,Superior,ALTA,2024-11-03,iOS,0800-180-1661
U00182,Eduarda,Cirino,portootavio@example.com,83057384073.0,1984-11-17,Outro,Distrito Federal,Viúvo/a,Estudante,Outro,MEDIA,2024-11-04,iOS,+55 71 9972-9393
U00225,Olívia,Borges,pcirino@example.net,72250996940.0,2005-03-18,Masc,Ceará,Casado/a,Autônomo,Pós-graduação,BAIXA,2024-11-04,iOS,0800-331-7907
U00546,Juan,Costela,brenobarbosa@example.net,85447719946.0,1994-09-25,Fem,Pernambuco,Solteiro/a,Aposentado,Ensino Médio,BAIXA,2024-11-04,Android,41 2045-9112
U01310,Ana Carolina,Fernandes,olivia09@example.org,30981165021.0,1970-01-01,Fem,Rio Grande do Sul,Viúvo/a,Aposentado,Técnico,ALTA,2024-11-05,Android,+55 (031) 3495-6475
U01952,Gabriel,Almeida,fernandarocha@example.org,88372804157.0,1982-11-23,Fem,Paraná,Viúvo/a,Desempregado,Técnico,BAIXA,2024-11-05,Android,0500-998-8165
U02421,Lunna,Sousa,pimentafelipe@example.org,24653584493.0,1970-01-01,Masc,Pernambuco,Divorciado/a,Autônomo,Pós-graduação,BAIXA,2024-11-05,Android,+55 31 2006-2113
U01799,Enrico,Correia,jose-pedroalbuquerque@example.net,14924696503.0,1970-01-01,Masc,Bahia,Solteiro/a,Autônomo,Ensino Médio,MEDIA,2024-11-06,iOS,0900-826-1586
U02438,Sofia,Silva,luna53@example.com,29672540933.0,1970-01-01,Outro,Pernambuco,Casado/a,Estudante,Ensino Médio,BAIXA,2024-11-06,Android,+55 (051) 1747 9480
U03481,Valentina,Leão,maria-julia09@example.org,92452746528.0,1973-06-14,Fem,Rio Grande do Sul,Solteiro/a,Empregado,Superior,MEDIA,2024-11-06,iOS,+55 41 6226 0799
U00424,Levi,Teixeira,vasconcelosmariane@example.org,56650776567.0,1970-01-01,Masc,Rio Grande do Sul,Divorciado/a,Desempregado,Técnico,BAIXA,2024-11-07,Android,+55 (021) 9662 2929
U02311,Theodoro,Barbosa,guerraigor@example.com,99186702288.0,1987-11-30,Outro,São Paulo,Casado/a,Aposentado,Pós-graduação,ALTA,2024-11-07,iOS,(061) 5761 3908
U02312,Augusto,Cavalcanti,evelyn02@example.net,20081211092.0,1985-07-12,Fem,Rio Grande do Sul,Solteiro/a,Aposentado,Ensino Médio,BAIXA,2024-11-07,Android,+55 (051) 1933-6711
U02329,Antônio,Caldeira,carvalhodaniel@example.net,85672298140.0,1996-11-13,Outro,Minas Gerais,Viúvo/a,Desempregado,Ensino Médio,MEDIA,2024-11-07,iOS,11 7852-5606
U03096,Léo,Viana,ana31@example.net,89481402893.0,1970-12-10,Fem,Rio Grande do Sul,Casado/a,Estudante,Técnico,BAIXA,2024-11-07,iOS,0900-326-9479
U03880,Raul,Santos,pereiraluan@example.com,22923116755.0,1987-09-22,Fem,São Paulo,Solteiro/a,Autônomo,Outro,ALTA,2024-11-07,iOS,+55 (021) 1978 7248
U04041,Juliana,Barros,lavinia28@example.org,75798253373.0,1970-01-01,Outro,Ceará,Casado/a,Estudante,Superior,MEDIA,2024-11-07,Android,+55 (081) 9020 1204
U04165,Alexia,Mendonça,pbrito@example.org,38728925058.0,1997-08-21,Masc,São Paulo,Viúvo/a,Estudante,Ensino Médio,ALTA,2024-11-07,iOS,(084) 9901 3956
U00822,Otávio,Cardoso,julianunes@example.com,29679714078.0,2007-02-21,Masc,Pernambuco,Divorciado/a,Autônomo,Superior,BAIXA,2024-11-08,Android,+55 11 5491-4901
U01646,Lorena,Santos,eda-mata@example.org,68770901444.0,1980-06-23,Masc,Rio Grande do Sul,Viúvo/a,Desempregado,Superior,MEDIA,2024-11-08,iOS,+55 81 6534 2436
U01652,Leonardo,Farias,thalessantos@example.com,64418679517.0,1970-01-01,Masc,Rio de Janeiro,Solteiro/a,Empregado,Ensino Médio,MEDIA,2024-11-08,Android,+55 (084) 1422-8235
U02715,José Miguel,Fernandes,davi-luizmendonca@example.net,58274230532.0,1970-01-01,Outro,Distrito Federal,Divorciado/a,Aposentado,Ensino Médio,MEDIA,2024-11-08,iOS,(084) 9825-8050
U04592,Marcos Vinicius,Cardoso,agathasampaio@example.org,11286370920.0,1991-05-12,Masc,São Paulo,Solteiro/a,Aposentado,Superior,BAIXA,2024-11-08,iOS,+55 41 4449-7279
U02134,Bella,da Costa,azevedomaria-vitoria@example.org,23520524271.0,1972-12-05,Masc,Ceará,Viúvo/a,Autônomo,Pós-graduação,MEDIA,2024-11-09,Android,81 9813-5513
U00661,Anthony Gabriel,Aparecida,eloah86@example.net,51827192099.0,1981-04-04,Outro,Rio de Janeiro,Divorciado/a,Desempregado,Outro,MEDIA,2024-11-10,iOS,+55 (061) 0315-5902
U03116,Henry Gabriel,Mendonça,brenosiqueira@example.org,14677963965.0,2002-04-08,Masc,Rio de Janeiro,Viúvo/a,Autônomo,Pós-graduação,ALTA,2024-11-10,Android,0500 403 5716
U04296,Bento,da Rocha,theodoro54@example.org,84983335852.0,2005-02-11,Outro,Pernambuco,Solteiro/a,Aposentado,Outro,MEDIA,2024-11-10,Android,+55 (071) 3165 5676
U00204,Otto,Nogueira,franciscomelo@example.com,57686843619.0,1977-09-24,Fem,Bahia,Casado/a,Estudante,Superior,BAIXA,2024-11-11,iOS,+55 11 9253 3196
U01914,Théo,Pacheco,osiqueira@example.com,73769301396.0,1982-02-11,Outro,Paraná,Casado/a,Estudante,Ensino Médio,ALTA,2024-11-11,iOS,+55 (051) 5413-2159
U02916,Kaique,das Neves,lunnaferreira@example.com,35341861150.0,1970-01-01,Fem,Bahia,Viúvo/a,Empregado,Pós-graduação,ALTA,2024-11-11,Android,41 4108 2892
U03121,Hellena,Andrade,macedoluigi@example.net,73399370695.0,2006-05-19,Fem,Pernambuco,Casado/a,Empregado,Ensino Médio,MEDIA,2024-11-11,Android,+55 (031) 3522-8003
U03310,Ester,Costa,ynovais@example.net,62523743350.0,1999-02-27,Masc,Minas Gerais,Solteiro/a,Desempregado,Ensino Médio,MEDIA,2024-11-11,Android,81 6927-0553
U04235,Camila,Melo,kribeiro@example.net,36995691034.0,1995-05-22,Masc,Rio de Janeiro,Divorciado/a,Empregado,Superior,MEDIA,2024-11-11,Android,(031) 6822-9157
U00405,Bárbara,Ferreira,zgoncalves@example.org,92859794005.0,1977-05-19,Fem,Pernambuco,Casado/a,Autônomo,Outro,BAIXA,2024-11-12,iOS,+55 51 4381 9293
U01602,José Pedro,Pimenta,freitasanthony-gabriel@example.com,78721320890.0,1988-02-16,Masc,Pernambuco,Casado/a,Empregado,Superior,BAIXA,2024-11-12,Android,0300 733 7248
U02834,Maria Isis,Carvalho,cassianojulia@example.net,27519730320.0,1970-01-01,Outro,Rio de Janeiro,Viúvo/a,Empregado,Técnico,ALTA,2024-11-12,iOS,(071) 8887-9647
U02841,Ana Liz,Castro,davisiqueira@example.net,91723354774.0,1970-01-01,Outro,Ceará,Viúvo/a,Aposentado,Técnico,ALTA,2024-11-12,Android,+55 (011) 5481-0225
U03298,Ana Beatriz,Rezende,mcamargo@example.com,84189173915.0,1996-11-13,Fem,Bahia,Solteiro/a,Estudante,Técnico,MEDIA,2024-11-12,iOS,+55 61 4814-0485
U04361,Clara,Novaes,ana-livia08@example.com,29012960135.0,1970-01-01,Outro,Distrito Federal,Solteiro/a,Empregado,Técnico,BAIXA,2024-11-12,Android,+55 (021) 5369 2229
U01548,Isabela,Oliveira,oliveiramirella@example.net,21881824080.0,1970-01-01,Masc,Pernambuco,Casado/a,Autônomo,Ensino Médio,MEDIA,2024-11-13,iOS,(071) 8086-9118
U01874,Apollo,Moraes,larissagomes@example.com,21886314042.0,1996-08-06,Fem,Rio de Janeiro,Casado/a,Estudante,Técnico,MEDIA,2024-11-13,iOS,(084) 8203 7824
U01956,Caio,Moura,aurora66@example.net,39892965533.0,1989-02-17,Fem,São Paulo,Viúvo/a,Estudante,Outro,ALTA,2024-11-13,iOS,(081) 4817-3390
U03326,Davi Lucca,da Cruz,pedro-miguel28@example.org,88610881735.0,1979-06-09,Fem,Bahia,Divorciado/a,Autônomo,Técnico,ALTA,2024-11-13,Android,+55 (061) 7003-8391
U03536,Bruno,Lima,rafael77@example.net,65356673582.0,1971-10-08,Outro,Rio Grande do Sul,Viúvo/a,Empregado,Superior,ALTA,2024-11-13,Android,31 5651-7171
U04314,José,Montenegro,xcampos@example.net,76759859447.0,1987-01-13,Masc,Ceará,Divorciado/a,Desempregado,Outro,BAIXA,2024-11-13,Android,31 7092 0839
U04333,Isabela,Brito,maitefarias@example.org,81066362011.0,1990-05-23,Outro,São Paulo,Divorciado/a,Empregado,Outro,BAIXA,2024-11-13,Android,31 8718-6711
U04457,Lara,Aparecida,pachecomaria-laura@example.com,91917255939.0,1973-05-26,Outro,Bahia,Viúvo/a,Empregado,Ensino Médio,ALTA,2024-11-13,Android,11 1074-7538
U04850,Sara,Duarte,beatriz59@example.org,60433188647.0,1993-07-02,Masc,Minas Gerais,Divorciado/a,Empregado,Superior,BAIXA,2024-11-13,Android,+55 31 8128 6919
U01559,Caroline,das Neves,joao-miguel33@example.org,63474108092.0,1970-06-01,Fem,Minas Gerais,Solteiro/a,Estudante,Superior,MEDIA,2024-11-14,iOS,0500 955 7599
U01851,João Vitor,Cassiano,rhavi57@example.org,80433877634.0,1986-03-03,Masc,Ceará,Casado/a,Aposentado,Outro,BAIXA,2024-11-14,Android,(011) 5017 9144
U03177,Bianca,Costela,miguelrocha@example.org,24909506082.0,1983-07-04,Masc,Minas Gerais,Casado/a,Autônomo,Técnico,ALTA,2024-11-14,Android,11 9586-9919
U04399,Stella,Vieira,agathavasconcelos@example.net,76140940377.0,2005-11-21,Outro,São Paulo,Casado/a,Empregado,Ensino Médio,MEDIA,2024-11-14,iOS,+55 (021) 2095-5609
U00860,Davi Lucca,Correia,milenasouza@example.org,42852431745.0,1970-01-01,Masc,Ceará,Divorciado/a,Autônomo,Pós-graduação,MEDIA,2024-11-15,iOS,41 3895 6256
U00974,Daniela,Silva,sophie52@example.org,22899258345.0,1970-01-01,Fem,Distrito Federal,Solteiro/a,Autônomo,Técnico,BAIXA,2024-11-15,Android,+55 71 6597 7576
U01405,João Gabriel,Cavalcante,davi-miguel59@example.net,56126124558.0,1970-01-01,Masc,São Paulo,Divorciado/a,Estudante,Outro,ALTA,2024-11-15,iOS,+55 41 7397 7066
U01518,Gael,Sampaio,correiamaria-luiza@example.com,86444629035.0,1970-01-01,Fem,Rio Grande do Sul,Solteiro/a,Empregado,Técnico,BAIXA,2024-11-15,iOS,+55 11 4244 0687
U02543,Alexandre,da Cunha,lnogueira@example.com,68962282326.0,1970-01-01,Masc,Rio Grande do Sul,Solteiro/a,Empregado,Ensino Médio,MEDIA,2024-11-15,Android,84 2578-1296
U03571,Natália,Castro,andradeerick@example.com,61614770983.0,1983-08-21,Outro,Ceará,Casado/a,Empregado,Pós-graduação,BAIXA,2024-11-15,Android,(071) 7398-7598
U00606,Ísis,Oliveira,jjesus@example.org,25698810166.0,1989-04-04,Masc,Rio de Janeiro,Divorciado/a,Estudante,Pós-graduação,MEDIA,2024-11-16,iOS,+55 61 8694-4203
U04026,Clarice,Almeida,ssiqueira@example.com,16582325930.0,1983-07-15,Fem,Rio de Janeiro,Divorciado/a,Aposentado,Outro,BAIXA,2024-11-16,iOS,11 5059-4191
U00097,Bianca,Aragão,pteixeira@example.org,86760729988.0,1975-05-18,Masc,Rio Grande do Sul,Casado/a,Desempregado,Outro,BAIXA,2024-11-17,Android,(031) 8931-9792
U00208,Ana Clara,Barros,bcosta@example.net,19014093789.0,1970-01-01,Outro,Paraná,Divorciado/a,Desempregado,Ensino Médio,ALTA,2024-11-17,iOS,0300 037 4446
U01377,Rael,Borges,alicevargas@example.org,78462412653.0,1970-01-01,Fem,Ceará,Solteiro/a,Empregado,Ensino Médio,MEDIA,2024-11-17,iOS,41 3188 6911
U02759,Lívia,Borges,domnovaes@example.com,48093566667.0,1998-10-02,Fem,Bahia,Viúvo/a,Estudante,Pós-graduação,MEDIA,2024-11-17,Android,0500-858-1302
U03124,Theo,Nunes,maria-helena34@example.org,20863969726.0,1970-01-01,Outro,Ceará,Divorciado/a,Desempregado,Superior,MEDIA,2024-11-17,iOS,+55 (061) 8523-1788
U04065,Ísis,Moura,antoniobarbosa@example.com,16220792498.0,2005-03-24,Outro,Distrito Federal,Divorciado/a,Aposentado,Ensino Médio,MEDIA,2024-11-17,iOS,+55 (081) 4478 7057
U04755,Lorena,das Neves,sabeatriz@example.org,88092640456.0,2003-12-09,Masc,São Paulo,Divorciado/a,Desempregado,Ensino Médio,BAIXA,2024-11-17,iOS,+55 51 4156 3042
U00357,Ryan,Novaes,macedoallana@example.net,90002225258.0,1986-10-05,Masc,São Paulo,Viúvo/a,Estudante,Pós-graduação,MEDIA,2024-11-18,Android,(061) 1217 4652
U00561,Davi Luiz,da Rocha,srodrigues@example.com,25202436221.0,1970-01-01,Outro,Distrito Federal,Casado/a,Autônomo,Pós-graduação,BAIXA,2024-11-18,Android,+55 11 1977 0959
U02336,João,Almeida,luan62@example.net,98921946582.0,1996-01-30,Fem,Ceará,Divorciado/a,Autônomo,Superior,BAIXA,2024-11-18,iOS,21 1559 5939
U01171,Emanuelly,Silveira,theo46@example.com,43626834575.0,1996-04-03,Masc,Rio de Janeiro,Casado/a,Estudante,Ensino Médio,ALTA,2024-11-19,Android,61 6441 1530
U01239,Maya,Fonseca,luiz-gustavopeixoto@example.com,16788799203.0,2002-08-13,Fem,Rio Grande do Sul,Viúvo/a,Autônomo,Técnico,ALTA,2024-11-19,iOS,(071) 8130-3796
U01329,Brayan,Ferreira,pintoana-luiza@example.com,83126894609.0,1970-07-24,Masc,Distrito Federal,Solteiro/a,Autônomo,Técnico,BAIXA,2024-11-19,Android,+55 21 6776 8630
U02509,Raul,da Cruz,ayla88@example.com,53547916828.0,1996-07-06,Outro,Bahia,Solteiro/a,Empregado,Pós-graduação,MEDIA,2024-11-19,Android,(011) 6641 7083
U04069,Breno,Novaes,cecilia99@example.com,54502214453.0,1985-04-28,Outro,São Paulo,Solteiro/a,Aposentado,Pós-graduação,ALTA,2024-11-19,Android,(031) 4021 9446
U01621,Henry,Costela,anthony35@example.com,86360992593.0,1970-01-01,Fem,Minas Gerais,Divorciado/a,Aposentado,Superior,BAIXA,2024-11-20,iOS,(051) 6725-7479
U02658,Lavínia,Rezende,laurada-rosa@example.com,52172166647.0,2006-08-25,Outro,Rio Grande do Sul,Casado/a,Autônomo,Pós-graduação,ALTA,2024-11-20,Android,(084) 0503-7874
U04048,Luiz Felipe,Pimenta,luan32@example.net,34927161522.0,1980-11-13,Fem,Rio Grande do Sul,Casado/a,Aposentado,Superior,BAIXA,2024-11-20,iOS,11 8807 0766
U04050,Marina,Freitas,ferreiraaurora@example.com,28502756710.0,1970-01-01,Outro,Paraná,Casado/a,Autônomo,Superior,BAIXA,2024-11-20,iOS,11 5164-6199
U04347,José Miguel,Cavalcante,emanuelsousa@example.net,53589979349.0,1974-07-11,Fem,Bahia,Casado/a,Aposentado,Outro,MEDIA,2024-11-20,Android,41 4181 4844
U04708,Anna Liz,Pinto,ribeiroaugusto@example.com,38485320178.0,1970-01-01,Fem,Ceará,Solteiro/a,Aposentado,Outro,MEDIA,2024-11-20,iOS,+55 (061) 8909-9220
U04921,Agatha,Moraes,luiz-gustavonogueira@example.net,18913454519.0,1991-03-21,Masc,Rio de Janeiro,Solteiro/a,Autônomo,Superior,MEDIA,2024-11-20,Android,(061) 2679-0751
U00346,Kaique,Siqueira,enricovasconcelos@example.org,25593464623.0,1970-01-01,Masc,Ceará,Casado/a,Desempregado,Outro,ALTA,2024-11-21,Android,0500 178 3487
U00695,Aurora,Campos,duartemaria-helena@example.com,48972377860.0,1970-01-01,Masc,Rio Grande do Sul,Divorciado/a,Aposentado,Outro,BAIXA,2024-11-21,iOS,+55 (084) 2773-2212
U01105,Maria Alice,Dias,uoliveira@example.net,91113523302.0,1979-12-07,Masc,Minas Gerais,Solteiro/a,Aposentado,Ensino Médio,MEDIA,2024-11-21,iOS,+55 (084) 9060-9701
U01950,Théo,Fonseca,fogacaisis@example.com,14065787953.0,1995-08-17,Outro,Rio de Janeiro,Casado/a,Desempregado,Técnico,MEDIA,2024-11-21,Android,(021) 0996 6717
U02709,Ana Júlia,Martins,theodoropimenta@example.net,80405588875.0,1970-01-01,Outro,Distrito Federal,Viúvo/a,Estudante,Superior,ALTA,2024-11-21,Android,(051) 4303 4543
U03566,José Miguel,Silva,augustosilveira@example.com,87228877411.0,1989-01-31,Outro,Ceará,Viúvo/a,Autônomo,Ensino Médio,ALTA,2024-11-21,iOS,84 4091-7800
U01722,Luiz Gustavo,Guerra,barbaramontenegro@example.com,71230413754.0,1970-01-01,Masc,Distrito Federal,Divorciado/a,Aposentado,Técnico,ALTA,2024-11-22,iOS,+55 31 4420-5868
U01792,Theodoro,Cunha,miguelpastor@example.net,74039662499.0,1994-12-28,Outro,Rio Grande do Sul,Divorciado/a,Autônomo,Superior,ALTA,2024-11-22,Android,(051) 8937-6035
U02435,Sophia,Duarte,cirinoenrico@example.org,21122530538.0,1989-10-10,Fem,Bahia,Solteiro/a,Aposentado,Pós-graduação,ALTA,2024-11-22,iOS,21 4020 5270
U02474,Yan,Ferreira,julia31@example.net,13774335007.0,1980-02-08,Fem,São Paulo,Divorciado/a,Empregado,Outro,MEDIA,2024-11-22,Android,51 6601 0035
U02736,Ana Júlia,Camargo,vargasjoana@example.net,65710355832.0,2004-07-30,Fem,Bahia,Viúvo/a,Aposentado,Outro,ALTA,2024-11-22,Android,81 2817 0469
U00670,Rhavi,Aragão,gda-paz@example.net,74063672657.0,1970-01-01,Outro,Distrito Federal,Divorciado/a,Autônomo,Técnico,MEDIA,2024-11-23,Android,81 8390-8207
U00937,Luiza,Guerra,pedro-lucasbarbosa@example.org,71199186495.0,2001-04-14,Fem,Minas Gerais,Viúvo/a,Empregado,Técnico,ALTA,2024-11-23,Android,+55 11 9307-6907
U01378,Agatha,da Rosa,stephanysantos@example.org,98853483568.0,2001-03-11,Masc,São Paulo,Solteiro/a,Desempregado,Pós-graduação,BAIXA,2024-11-23,Android,(021) 0709 8251
U01877,Rael,Cassiano,ana-clara79@example.org,18271752307.0,1970-01-01,Masc,Minas Gerais,Viúvo/a,Aposentado,Ensino Médio,ALTA,2024-11-23,Android,+55 51 2416 0341
U04452,Eloah,da Conceição,bmachado@example.org,51562409363.0,1992-10-13,Outro,Distrito Federal,Divorciado/a,Estudante,Técnico,ALTA,2024-11-23,iOS,21 7706-1029
U04626,Ester,Fonseca,lorenzo00@example.net,37038621391.0,1996-05-18,Masc,Paraná,Casado/a,Estudante,Outro,ALTA,2024-11-23,Android,+55 51 9171 0059
U00211,José Pedro,Costela,ana-liz47@example.org,11562618093.0,1970-01-01,Masc,Paraná,Viúvo/a,Autônomo,Ensino Médio,BAIXA,2024-11-24,iOS,0500-211-8427
U01476,Mariane,Leão,fsilva@example.net,69918356655.0,1983-01-02,Fem,Ceará,Viúvo/a,Empregado,Superior,BAIXA,2024-11-24,iOS,+55 61 8043-3816
U02096,Henry Gabriel,Fernandes,correialorenzo@example.org,51897197477.0,1991-05-03,Outro,Minas Gerais,Solteiro/a,Desempregado,Pós-graduação,ALTA,2024-11-24,iOS,+55 (031) 8520-9416
U02612,Ana Júlia,Sá,rochastephany@example.org,65070950616.0,1970-04-19,Fem,Rio de Janeiro,Viúvo/a,Estudante,Técnico,MEDIA,2024-11-24,iOS,+55 61 6185-7557
U03156,Theo,da Costa,novaisluisa@example.com,70759923923.0,1974-05-29,Outro,Minas Gerais,Casado/a,Autônomo,Técnico,MEDIA,2024-11-25,Android,+55 41 4172-9294
U04479,João Lucas,Duarte,giovanna22@example.com,52465558711.0,1993-07-31,Fem,Paraná,Viúvo/a,Desempregado,Superior,MEDIA,2024-11-25,Android,31 9728 3344
U00013,Raul,Vargas,eloafarias@example.net,58049710748.0,1999-04-18,Masc,Bahia,Solteiro/a,Aposentado,Ensino Médio,BAIXA,2024-11-26,Android,31 7298-6336
U00236,Eloah,Pinto,arthur15@example.com,99120481567.0,1976-08-31,Fem,São Paulo,Divorciado/a,Autônomo,Técnico,MEDIA,2024-11-26,Android,+55 21 6957-4755
U01031,Vinicius,Mendes,oliviacorreia@example.org,97387383489.0,1987-09-07,Masc,Minas Gerais,Solteiro/a,Autônomo,Outro,MEDIA,2024-11-26,iOS,(041) 2153 3689
U02417,Caleb,Rios,renanpires@example.com,80820047389.0,1970-01-01,Masc,Ceará,Viúvo/a,Empregado,Ensino Médio,BAIXA,2024-11-26,Android,+55 (061) 1501 5141
U03554,Luiz Gustavo,Cavalcante,yasminbarros@example.com,75666286972.0,1986-04-18,Fem,Bahia,Divorciado/a,Autônomo,Técnico,MEDIA,2024-11-26,iOS,41 7962-6872
U03934,Lorena,Farias,diasgabriel@example.com,76022099120.0,1970-01-01,Outro,Minas Gerais,Casado/a,Desempregado,Técnico,BAIXA,2024-11-26,iOS,+55 41 0391-3487
U03958,Emanuelly,Gonçalves,maria-vitoria91@example.com,48427852173.0,2005-09-30,Fem,Rio de Janeiro,Viúvo/a,Estudante,Superior,MEDIA,2024-11-26,Android,+55 84 3701 7472
U04357,André,Albuquerque,fmontenegro@example.org,37622183403.0,1970-01-01,Outro,São Paulo,Viúvo/a,Desempregado,Ensino Médio,MEDIA,2024-11-26,iOS,+55 (021) 7562 2311
U00419,Thales,Nascimento,fborges@example.org,99279757669.0,1970-01-01,Outro,Paraná,Solteiro/a,Empregado,Outro,MEDIA,2024-11-27,iOS,71 1921 6607
U02480,Léo,Nunes,joao-lucas09@example.com,42054019245.0,1999-02-10,Masc,Rio de Janeiro,Divorciado/a,Autônomo,Técnico,MEDIA,2024-11-27,Android,(081) 4087-0478
U02515,Liz,Farias,nunesgabrielly@example.org,75325754881.0,1983-06-22,Fem,Minas Gerais,Divorciado/a,Aposentado,Ensino Médio,BAIXA,2024-11-27,Android,0800-862-0014
U02788,Ana Sophia,Castro,pintoalexia@example.com,56688891707.0,1989-05-10,Fem,Paraná,Solteiro/a,Aposentado,Superior,MEDIA,2024-11-27,Android,+55 (061) 4455 6454
U03866,Maria Helena,Moura,sarahda-mata@example.org,64192946866.0,1970-01-01,Outro,São Paulo,Casado/a,Estudante,Técnico,MEDIA,2024-11-27,Android,0500 474 6213
U00389,Jade,Sales,casa-grandevinicius@example.net,59960453846.0,2003-01-11,Masc,Rio de Janeiro,Solteiro/a,Desempregado,Técnico,ALTA,2024-11-28,iOS,0900 779 7803
U01861,Luiz Otávio,Duarte,pmacedo@example.org,11332374174.0,1972-08-15,Outro,São Paulo,Divorciado/a,Autônomo,Ensino Médio,BAIXA,2024-11-28,Android,+55 51 1982 4205
U02948,Bruna,Nascimento,joaquimmoraes@example.org,13377006465.0,1979-12-31,Masc,Distrito Federal,Divorciado/a,Autônomo,Superior,MEDIA,2024-11-28,Android,61 6529 3859
U04310,Pietra,Barros,alexandre45@example.org,26527491365.0,2005-02-12,Outro,Ceará,Divorciado/a,Autônomo,Ensino Médio,MEDIA,2024-11-28,iOS,0900 640 2153
U01083,Gabriel,Nunes,ldas-neves@example.org,27970188915.0,2001-10-17,Masc,Rio de Janeiro,Solteiro/a,Aposentado,Superior,MEDIA,2024-11-29,Android,0800 723 4290
U01294,Maria Liz,Jesus,anthonyfernandes@example.net,92957369797.0,1992-07-18,Fem,Paraná,Solteiro/a,Autônomo,Ensino Médio,BAIXA,2024-11-29,Android,0500-628-5396
U01744,Julia,Garcia,gael-henrique08@example.net,68489098201.0,1970-01-01,Masc,Rio Grande do Sul,Solteiro/a,Desempregado,Ensino Médio,ALTA,2024-11-29,iOS,+55 (041) 3738-6957
U01800,Levi,Monteiro,andradeluna@example.net,64070816243.0,1970-01-01,Fem,Rio Grande do Sul,Viúvo/a,Estudante,Técnico,ALTA,2024-11-29,iOS,0500-363-1729
U02743,Pietra,Castro,rmontenegro@example.com,82462916340.0,1991-06-05,Masc,Distrito Federal,Solteiro/a,Estudante,Pós-graduação,ALTA,2024-11-29,Android,(081) 4872 2397
U04330,Aurora,da Rocha,vfogaca@example.org,24545208305.0,1996-03-22,Fem,São Paulo,Casado/a,Estudante,Outro,BAIXA,2024-11-29,Android,0900-800-6006
U04499,Bruna,Marques,jmoraes@example.org,40265067495.0,1973-01-11,Outro,São Paulo,Solteiro/a,Estudante,Outro,ALTA,2024-11-29,iOS,41 2193 0730
U04702,Mateus,Marques,ncamara@example.net,92417175848.0,1990-06-23,Masc,Pernambuco,Viúvo/a,Aposentado,Outro,ALTA,2024-11-29,iOS,(071) 9080 9147
U02059,Maria Eduarda,da Paz,fonsecalais@example.net,43625008549.0,1972-08-10,Outro,Distrito Federal,Casado/a,Desempregado,Outro,ALTA,2024-11-30,iOS,+55 81 9918-7511
U02302,Luan,Abreu,joaquimnunes@example.com,17206660452.0,1985-09-14,Outro,São Paulo,Casado/a,Aposentado,Outro,MEDIA,2024-11-30,Android,+55 11 9899-3747
U03080,João Miguel,da Conceição,gustavo-henriquecostela@example.com,58040836726.0,2005-04-03,Fem,São Paulo,Casado/a,Desempregado,Ensino Médio,ALTA,2024-11-30,iOS,(061) 0038-9285
U04072,Cecilia,da Cunha,gda-rosa@example.org,91122897640.0,2004-03-13,Outro,Pernambuco,Casado/a,Aposentado,Técnico,MEDIA,2024-11-30,Android,+55 (084) 6793 6429
U04226,Vitor Hugo,Barbosa,luararios@example.com,33923991135.0,1970-01-01,Outro,Distrito Federal,Solteiro/a,Autônomo,Ensino Médio,MEDIA,2024-11-30,Android,31 2365 3895
U04674,Cecília,Sampaio,costelaluiz-felipe@example.net,97871076008.0,1993-12-28,Masc,Paraná,Viúvo/a,Estudante,Ensino Médio,BAIXA,2024-11-30,Android,+55 51 1246 6795
U00338,João Pedro,da Mota,novaisigor@example.org,84715812717.0,2002-10-29,Fem,Ceará,Solteiro/a,Empregado,Pós-graduação,MEDIA,2024-12-01,Android,+55 (084) 9744-8170
U00536,Enrico,Sampaio,macedolara@example.org,16921684093.0,1970-01-01,Fem,Pernambuco,Divorciado/a,Estudante,Pós-graduação,ALTA,2024-12-01,iOS,(041) 6662-7832
U02829,Laura,da Rosa,maria-cecilia62@example.com,69215019276.0,1980-03-11,Fem,São Paulo,Viúvo/a,Desempregado,Superior,BAIXA,2024-12-01,Android,+55 (041) 5795 4006
U03110,Erick,Andrade,mnovais@example.org,60484002780.0,2002-06-21,Masc,Ceará,Viúvo/a,Estudante,Superior,BAIXA,2024-12-01,iOS,84 9186 7213
U03759,Bryan,Almeida,raquel26@example.net,31141607675.0,1976-12-11,Outro,São Paulo,Viúvo/a,Autônomo,Técnico,BAIXA,2024-12-01,Android,+55 (084) 0003 7019
U00089,Henry Gabriel,Abreu,camaraisis@example.org,85916471390.0,1994-09-16,Fem,Rio Grande do Sul,Solteiro/a,Autônomo,Pós-graduação,BAIXA,2024-12-02,iOS,+55 (031) 7176 8660
U00171,Henrique,Correia,eduardo22@example.org,67125247346.0,2006-07-10,Fem,Paraná,Solteiro/a,Desempregado,Superior,BAIXA,2024-12-02,iOS,71 3949-9509
U04969,Pietra,Cavalcante,henriquepires@example.org,63795435179.0,1973-08-02,Outro,Minas Gerais,Divorciado/a,Empregado,Pós-graduação,ALTA,2024-12-02,iOS,+55 51 6018 9378
U04197,Isabelly,da Luz,bbrito@example.org,28168197473.0,1970-01-01,Outro,Bahia,Casado/a,Aposentado,Pós-graduação,MEDIA,2024-12-03,iOS,+55 21 2318 1893
U04904,Isaque,Pimenta,ana-laurada-mata@example.com,64689926168.0,1970-01-01,Masc,Distrito Federal,Casado/a,Autônomo,Pós-graduação,BAIXA,2024-12-03,iOS,51 9533 1015
U01793,Maria Luiza,da Conceição,ana-carolina77@example.com,87514835325.0,1984-03-21,Fem,Rio Grande do Sul,Casado/a,Autônomo,Técnico,ALTA,2024-12-04,iOS,51 9911 9663
U04429,Léo,Barros,benjamin25@example.org,34644266624.0,2001-09-15,Fem,Paraná,Viúvo/a,Autônomo,Ensino Médio,BAIXA,2024-12-04,Android,+55 (061) 6142 2011
U00862,Júlia,Albuquerque,heitorramos@example.com,38700031459.0,1970-01-01,Outro,Distrito Federal,Divorciado/a,Autônomo,Superior,ALTA,2024-12-05,Android,(011) 3390-9038
U01364,Vitor Hugo,Teixeira,vieiramiguel@example.com,32319042116.0,1976-02-07,Fem,Rio de Janeiro,Divorciado/a,Empregado,Ensino Médio,BAIXA,2024-12-05,iOS,31 4094-6896
U01797,Theo,Gomes,jesusbento@example.net,28996950783.0,1970-01-01,Fem,Paraná,Solteiro/a,Estudante,Técnico,MEDIA,2024-12-05,iOS,81 3423 0344
U02083,Amanda,Vasconcelos,alexandremelo@example.com,91681638637.0,1978-08-27,Masc,Pernambuco,Solteiro/a,Autônomo,Superior,ALTA,2024-12-05,iOS,(071) 5920-2691
U02628,Yasmin,Câmara,ravivieira@example.org,80003331668.0,2000-10-15,Fem,São Paulo,Viúvo/a,Desempregado,Superior,MEDIA,2024-12-05,Android,(031) 5420 1984
U03820,Laura,da Paz,sfarias@example.net,61040731899.0,1970-01-01,Outro,Distrito Federal,Casado/a,Desempregado,Pós-graduação,BAIXA,2024-12-05,Android,(021) 3615-0386
U04036,Maria Julia,Alves,vargascaue@example.net,63611098906.0,2000-10-08,Masc,Pernambuco,Solteiro/a,Empregado,Outro,BAIXA,2024-12-05,Android,0300 464 2737
U04945,Murilo,Sampaio,luanmoreira@example.com,34015337671.0,2006-01-19,Masc,Distrito Federal,Divorciado/a,Aposentado,Ensino Médio,MEDIA,2024-12-05,Android,+55 (071) 9597 1178
U02412,Maria Helena,Cavalcante,hadassa81@example.net,26551487134.0,1986-02-04,Fem,Distrito Federal,Divorciado/a,Estudante,Pós-graduação,ALTA,2024-12-06,iOS,31 4215-6862
U04222,Arthur Miguel,Albuquerque,bernardorodrigues@example.net,38553518248.0,1992-02-29,Outro,Pernambuco,Viúvo/a,Aposentado,Outro,ALTA,2024-12-06,Android,+55 21 6335-2094
U02012,Sabrina,Barros,iabreu@example.net,26521800256.0,1975-07-18,Fem,Ceará,Divorciado/a,Estudante,Outro,BAIXA,2024-12-07,Android,71 0700-9843
U02717,Caleb,Ferreira,ana-livia58@example.com,28067805117.0,1982-07-12,Outro,Ceará,Casado/a,Desempregado,Técnico,MEDIA,2024-12-07,iOS,(041) 0122 4179
U03468,Levi,da Rosa,prezende@example.org,89462238431.0,1986-09-02,Outro,Pernambuco,Divorciado/a,Aposentado,Técnico,MEDIA,2024-12-07,Android,71 9934-2934
U03927,Isadora,da Cruz,maria-juliajesus@example.net,65438340430.0,1974-06-14,Fem,Ceará,Viúvo/a,Autônomo,Técnico,MEDIA,2024-12-07,Android,+55 71 8828 8128
U00128,Luísa,Leão,ysilveira@example.com,63026626883.0,1970-07-17,Masc,Distrito Federal,Casado/a,Desempregado,Outro,ALTA,2024-12-08,iOS,+55 (011) 7773-5532
U00985,Aylla,Cavalcanti,cavalcantecaleb@example.org,49802021557.0,1976-11-15,Masc,São Paulo,Casado/a,Aposentado,Outro,BAIXA,2024-12-08,iOS,0500-787-4517
U04923,Lucca,da Cruz,nmendonca@example.com,55572305703.0,1970-01-01,Masc,Rio Grande do Sul,Viúvo/a,Desempregado,Técnico,ALTA,2024-12-08,iOS,0800 658 3412
U00030,Diogo,Nunes,fernandopires@example.com,47501886415.0,1984-07-02,Outro,Minas Gerais,Casado/a,Empregado,Pós-graduação,ALTA,2024-12-09,Android,(041) 6597-5641
U01494,Francisco,Porto,guerramariana@example.org,49503771156.0,1975-03-21,Masc,São Paulo,Divorciado/a,Autônomo,Superior,MEDIA,2024-12-09,iOS,(081) 4845-1688
U02116,Melissa,Rios,pedro-henriqueda-paz@example.org,36625593354.0,1987-09-15,Outro,Rio Grande do Sul,Divorciado/a,Desempregado,Superior,MEDIA,2024-12-09,Android,+55 81 0981 8259
U02663,Caroline,Camargo,ocavalcanti@example.org,88791737565.0,1999-10-03,Fem,Rio de Janeiro,Casado/a,Desempregado,Superior,BAIXA,2024-12-10,iOS,+55 21 6642 2098
U04789,Noah,Peixoto,rafael35@example.com,74529998923.0,2001-05-30,Fem,Rio de Janeiro,Viúvo/a,Desempregado,Técnico,MEDIA,2024-12-10,Android,31 0145-4522
U00133,Anthony Gabriel,Novaes,andreoliveira@example.com,43927196463.0,1996-04-24,Masc,São Paulo,Divorciado/a,Estudante,Outro,MEDIA,2024-12-11,iOS,+55 (071) 5312 4349
U04736,Amanda,Abreu,eduardamarques@example.net,24701701474.0,1996-09-19,Fem,Distrito Federal,Divorciado/a,Estudante,Pós-graduação,BAIXA,2024-12-11,Android,(031) 5350-9678
U01749,Francisco,Azevedo,da-costaana-laura@example.com,42891341676.0,1972-04-16,Outro,Ceará,Viúvo/a,Aposentado,Outro,ALTA,2024-12-12,Android,84 9034 9652
U01786,Catarina,Castro,milena96@example.org,67487194298.0,1970-12-13,Fem,Distrito Federal,Viúvo/a,Estudante,Outro,ALTA,2024-12-12,Android,+55 (061) 9458 9664
U02340,Davi Lucas,Martins,ana-luizada-mata@example.org,89581510026.0,2000-03-24,Outro,Ceará,Viúvo/a,Empregado,Técnico,ALTA,2024-12-12,Android,(031) 3894 6736
U04111,Isis,da Cunha,anthonycarvalho@example.net,29848222797.0,1970-01-01,Masc,Distrito Federal,Viúvo/a,Empregado,Pós-graduação,MEDIA,2024-12-12,Android,(081) 3880-9544
U00378,Samuel,Castro,npastor@example.net,90988127256.0,1970-01-01,Masc,Minas Gerais,Viúvo/a,Desempregado,Pós-graduação,MEDIA,2024-12-13,iOS,+55 81 3977-5964
U00478,Rebeca,Nogueira,arthur-gabriel56@example.com,88733615887.0,1976-07-14,Fem,Ceará,Viúvo/a,Estudante,Ensino Médio,ALTA,2024-12-13,iOS,81 7223 4629
U00761,Carolina,Garcia,arthur-miguelda-cunha@example.com,50093072415.0,1970-01-01,Masc,Rio de Janeiro,Viúvo/a,Desempregado,Ensino Médio,ALTA,2024-12-13,Android,+55 61 5931 8948
U01943,Luiz Henrique,Gonçalves,tvargas@example.org,47769009070.0,2003-07-17,Masc,Bahia,Viúvo/a,Desempregado,Técnico,ALTA,2024-12-13,Android,41 4342-3445
U02360,Josué,Nascimento,emanuellyazevedo@example.org,86430134386.0,2005-02-21,Masc,Pernambuco,Viúvo/a,Estudante,Técnico,ALTA,2024-12-13,iOS,+55 (021) 0657 4454
U03041,José Miguel,Siqueira,larasousa@example.net,82654570505.0,1971-03-16,Fem,Rio de Janeiro,Casado/a,Autônomo,Técnico,MEDIA,2024-12-13,iOS,+55 (011) 2759 7481
U04956,Clarice,Nunes,mendesvinicius@example.com,53425030345.0,2001-11-30,Masc,Minas Gerais,Divorciado/a,Desempregado,Outro,BAIXA,2024-12-13,iOS,+55 (071) 1734-3201
U00490,Caroline,Fernandes,marquesaylla@example.net,66269977536.0,2003-12-17,Masc,Rio Grande do Sul,Divorciado/a,Aposentado,Técnico,BAIXA,2024-12-14,iOS,(051) 2105-9176
U01084,Elisa,Porto,maria-fernanda71@example.net,23410680077.0,1980-06-07,Fem,Paraná,Solteiro/a,Estudante,Técnico,BAIXA,2024-12-14,Android,(031) 0489 4670
U03748,Rafael,Andrade,olivia04@example.org,41711812634.0,1995-05-17,Outro,Minas Gerais,Divorciado/a,Aposentado,Técnico,ALTA,2024-12-14,Android,(071) 9813 8917
U04209,Luigi,da Luz,costaluan@example.com,30126005294.0,1970-01-01,Outro,Paraná,Viúvo/a,Aposentado,Outro,MEDIA,2024-12-14,Android,+55 81 3702-0957
U04305,Ayla,Mendonça,gael69@example.org,56005158178.0,1970-01-01,Outro,Bahia,Divorciado/a,Estudante,Superior,MEDIA,2024-12-14,Android,+55 84 1720 1837
U04780,Milena,Pimenta,antonio05@example.org,73381806681.0,1970-01-01,Outro,Paraná,Divorciado/a,Empregado,Superior,ALTA,2024-12-14,iOS,+55 (071) 8149 3998
U04829,Laura,Moura,luisa43@example.net,46572657841.0,1981-10-16,Masc,Pernambuco,Divorciado/a,Desempregado,Técnico,MEDIA,2024-12-14,Android,31 8595-8263
U00530,Raquel,Guerra,almeidaana-julia@example.net,25735535912.0,1985-05-10,Masc,Minas Gerais,Casado/a,Aposentado,Técnico,MEDIA,2024-12-15,iOS,71 7419-5181
U02402,Rhavi,Ramos,luana83@example.org,79789642760.0,1970-01-01,Fem,Paraná,Divorciado/a,Aposentado,Pós-graduação,ALTA,2024-12-15,Android,0500-811-9228
U02537,Yan,Moraes,opimenta@example.net,71580437061.0,2001-01-29,Fem,Rio Grande do Sul,Solteiro/a,Estudante,Superior,BAIXA,2024-12-15,iOS,(051) 2643 9394
U02660,Maria Cecília,Carvalho,vasconcelosantonella@example.net,61527632056.0,1970-04-04,Outro,Rio Grande do Sul,Solteiro/a,Estudante,Superior,BAIXA,2024-12-15,iOS,+55 41 0972 1265
U03991,Otto,da Paz,marcos-vinicius48@example.org,14018125299.0,2003-03-21,Masc,São Paulo,Divorciado/a,Empregado,Pós-graduação,BAIXA,2024-12-15,Android,+55 (041) 8501 7427
U00747,Ana Luiza,Carvalho,eloahcunha@example.net,14199967027.0,1985-05-09,Masc,Rio Grande do Sul,Solteiro/a,Aposentado,Técnico,BAIXA,2024-12-16,Android,41 9640-8744
U00990,Emanuella,Barbosa,lavinia69@example.com,42125156377.0,1970-01-01,Fem,Minas Gerais,Casado/a,Desempregado,Pós-graduação,MEDIA,2024-12-16,iOS,0900-828-0391
U01927,Eloá,Moura,levipereira@example.org,69557105075.0,1996-03-03,Masc,Distrito Federal,Viúvo/a,Desempregado,Superior,MEDIA,2024-12-16,Android,(061) 9435 9004
U02377,Hadassa,Machado,andradekevin@example.org,28896744712.0,1974-05-09,Masc,Rio de Janeiro,Solteiro/a,Empregado,Ensino Médio,BAIXA,2024-12-16,iOS,+55 81 1924-6341
U02384,Isabella,Cavalcanti,vitorcavalcanti@example.com,27046596905.0,1997-12-28,Outro,Bahia,Solteiro/a,Estudante,Pós-graduação,BAIXA,2024-12-16,Android,+55 (011) 0337-6814
U02744,Léo,Borges,catarinanovais@example.net,68875538204.0,2003-01-04,Masc,Rio de Janeiro,Viúvo/a,Autônomo,Superior,ALTA,2024-12-16,iOS,+55 81 0576-0233
U03025,Maria Vitória,Gomes,diasjulia@example.net,32552257371.0,1970-01-01,Outro,Distrito Federal,Divorciado/a,Autônomo,Outro,MEDIA,2024-12-16,Android,(031) 6808 9930
U03621,Luísa,Farias,joao-miguel08@example.com,43018018802.0,1970-01-01,Outro,Paraná,Divorciado/a,Autônomo,Pós-graduação,BAIXA,2024-12-16,Android,+55 (061) 0326 3504
U03763,Maria Luiza,Santos,souzabryan@example.org,70443898660.0,1970-01-01,Outro,Rio Grande do Sul,Viúvo/a,Aposentado,Técnico,MEDIA,2024-12-16,Android,(051) 8756-9107
U00629,Ravi Lucca,Abreu,xfernandes@example.org,90938001306.0,1970-01-01,Masc,Pernambuco,Solteiro/a,Estudante,Técnico,ALTA,2024-12-17,Android,(061) 9556-8951
U01469,Heitor,Pacheco,ferreirasabrina@example.com,22089967945.0,1970-01-01,Outro,São Paulo,Casado/a,Aposentado,Ensino Médio,BAIXA,2024-12-17,iOS,(061) 0769-5172
U01488,Maitê,Dias,thiago89@example.com,19667784844.0,2004-08-14,Fem,Bahia,Solteiro/a,Desempregado,Técnico,MEDIA,2024-12-18,Android,0300 466 7402
U02391,Isabela,Cardoso,goncalvesalexandre@example.com,21017750996.0,1970-01-01,Masc,Paraná,Solteiro/a,Aposentado,Pós-graduação,BAIXA,2024-12-18,Android,0500-530-8813
U02476,Amanda,Carvalho,wcirino@example.net,57003305493.0,1970-01-01,Fem,São Paulo,Solteiro/a,Desempregado,Outro,MEDIA,2024-12-18,Android,0300 177 4102
U03704,Heloísa,Cardoso,da-pazmarcelo@example.net,89916691554.0,2004-06-08,Fem,Rio de Janeiro,Divorciado/a,Aposentado,Outro,BAIXA,2024-12-18,Android,0500-202-0631
U04961,Leonardo,Mendonça,dpeixoto@example.org,62413151853.0,1970-01-01,Fem,Distrito Federal,Casado/a,Empregado,Superior,BAIXA,2024-12-18,iOS,+55 51 5487 9677
U00587,Jade,da Rocha,rhavibrito@example.com,69621131304.0,1982-03-09,Outro,Pernambuco,Viúvo/a,Desempregado,Outro,ALTA,2024-12-19,iOS,(081) 6639 8355
U01157,Théo,Oliveira,lucas-gabrielnunes@example.org,64701989888.0,2005-09-28,Outro,Rio Grande do Sul,Casado/a,Estudante,Pós-graduação,BAIXA,2024-12-19,Android,0300-492-3278
U01595,Sophia,Vargas,ysales@example.net,38395449190.0,1970-01-01,Outro,Minas Gerais,Viúvo/a,Autônomo,Outro,ALTA,2024-12-19,iOS,(071) 0625-3026
U03071,Manuela,Rezende,nicoleandrade@example.com,81302678675.0,2000-06-09,Masc,Distrito Federal,Solteiro/a,Estudante,Ensino Médio,BAIXA,2024-12-19,iOS,+55 (061) 4629 7269
U03780,Luiz Felipe,Martins,kviana@example.com,25436882098.0,2007-03-29,Fem,Ceará,Casado/a,Aposentado,Ensino Médio,ALTA,2024-12-19,Android,11 2288-1325
U04866,Stephany,Alves,eoliveira@example.com,81031496600.0,1989-08-26,Outro,Rio Grande do Sul,Solteiro/a,Estudante,Superior,ALTA,2024-12-19,Android,+55 11 7227-8953
U00693,Bárbara,Rios,lcamara@example.org,79138565004.0,1970-01-01,Outro,Paraná,Divorciado/a,Aposentado,Pós-graduação,ALTA,2024-12-20,Android,+55 61 5590-9421
U02752,Ana,da Mota,pedrogoncalves@example.com,18516405558.0,2005-12-09,Masc,Ceará,Solteiro/a,Desempregado,Superior,ALTA,2024-12-20,iOS,(031) 7660 6852
U03005,Ana Laura,Ferreira,marquescaroline@example.net,17150679885.0,1970-01-01,Outro,Rio de Janeiro,Casado/a,Desempregado,Técnico,MEDIA,2024-12-20,Android,+55 61 9025-7106
U03397,Bruno,Cunha,lvieira@example.net,79083398651.0,1999-01-02,Fem,Minas Gerais,Casado/a,Estudante,Técnico,BAIXA,2024-12-20,iOS,31 8265-6158
U04284,Brenda,Almeida,mendesvalentina@example.com,16480371571.0,1970-01-01,Masc,Distrito Federal,Divorciado/a,Estudante,Pós-graduação,MEDIA,2024-12-20,Android,(051) 8185-6593
U00618,Emanuel,da Mata,isispereira@example.com,56645006492.0,2005-10-13,Outro,Rio Grande do Sul,Divorciado/a,Aposentado,Pós-graduação,MEDIA,2024-12-21,iOS,21 2046 2595
U01502,Ana Clara,Montenegro,bruno10@example.com,72577712542.0,1981-09-09,Outro,Pernambuco,Divorciado/a,Autônomo,Pós-graduação,BAIXA,2024-12-21,iOS,+55 (051) 6794 5025
U02031,Nathan,da Cruz,fonsecaluan@example.com,10569399732.0,1987-05-10,Fem,Ceará,Casado/a,Autônomo,Pós-graduação,MEDIA,2024-12-21,iOS,(084) 0210-6653
U02397,Davi,Gonçalves,vmartins@example.com,89551419418.0,1994-03-14,Outro,Minas Gerais,Divorciado/a,Autônomo,Superior,BAIXA,2024-12-21,Android,0300 450 8527
U02871,João Felipe,Aparecida,ayla48@example.net,51917406171.0,1980-04-20,Outro,Ceará,Viúvo/a,Desempregado,Superior,BAIXA,2024-12-21,Android,(021) 2371 5144
U03790,Yuri,Câmara,diasmaria-laura@example.org,71326237801.0,1970-01-01,Outro,Minas Gerais,Viúvo/a,Empregado,Superior,BAIXA,2024-12-21,Android,71 0129 8118
U04154,Arthur Miguel,Melo,renanleao@example.org,80868401130.0,1974-05-05,Fem,Minas Gerais,Viúvo/a,Autônomo,Outro,ALTA,2024-12-21,Android,+55 31 5354-5636
U04292,Luiza,Oliveira,ravi-lucca94@example.org,15792591517.0,1971-07-19,Outro,Distrito Federal,Viúvo/a,Autônomo,Técnico,BAIXA,2024-12-21,iOS,+55 11 1599 8859
U04728,Raquel,Pimenta,da-luzfelipe@example.org,28960137235.0,1970-01-01,Outro,Distrito Federal,Casado/a,Aposentado,Outro,BAIXA,2024-12-21,Android,+55 21 9933-3576
U00569,Vitor Hugo,da Cunha,jadealmeida@example.net,81944920394.0,1997-06-14,Outro,Rio Grande do Sul,Casado/a,Empregado,Superior,BAIXA,2024-12-22,Android,61 2853-8267
U02380,Oliver,Sampaio,samuelnogueira@example.org,97891432444.0,1990-05-30,Masc,Ceará,Solteiro/a,Empregado,Técnico,ALTA,2024-12-22,iOS,+55 81 5903 9873
U03470,Aurora,da Rosa,sampaioyuri@example.net,66168109084.0,1992-09-13,Masc,Rio de Janeiro,Casado/a,Empregado,Superior,MEDIA,2024-12-22,Android,+55 61 3968-9134
U03641,Maria Alice,Barbosa,ravi06@example.org,19375140382.0,1995-07-01,Masc,Paraná,Divorciado/a,Aposentado,Técnico,ALTA,2024-12-22,Android,+55 (031) 0323 0767
U04087,Maria Laura,Mendonça,olivia34@example.org,56859493030.0,1992-03-22,Outro,Distrito Federal,Solteiro/a,Estudante,Ensino Médio,MEDIA,2024-12-22,iOS,+55 11 1361 4812
U04158,Sophia,Pacheco,alveskamilly@example.org,53619500715.0,1971-11-04,Outro,Minas Gerais,Solteiro/a,Aposentado,Ensino Médio,ALTA,2024-12-22,iOS,+55 41 2498-1994
U04928,Levi,da Mota,jose-miguelvieira@example.net,83202524243.0,1970-01-01,Outro,Pernambuco,Divorciado/a,Aposentado,Outro,MEDIA,2024-12-22,Android,(084) 7763 4810
U00316,Raquel,Correia,brenoaragao@example.net,81240180555.0,1970-01-01,Fem,São Paulo,Solteiro/a,Empregado,Pós-graduação,ALTA,2024-12-23,Android,31 1406 7766
U00669,Caroline,Barbosa,kda-cunha@example.org,48915939001.0,1981-03-04,Masc,Rio de Janeiro,Viúvo/a,Autônomo,Ensino Médio,BAIXA,2024-12-23,Android,71 7354-4443
U01113,Amanda,Nunes,pedro-henriquearagao@example.net,36604194823.0,1981-07-05,Outro,Paraná,Divorciado/a,Desempregado,Pós-graduação,BAIXA,2024-12-23,iOS,84 4653 0035
U01216,Isis,Casa Grande,da-pazjoao-vitor@example.net,50310003203.0,1980-04-30,Outro,Bahia,Viúvo/a,Empregado,Superior,MEDIA,2024-12-23,iOS,31 9568 6238
U02426,Alícia,Fonseca,barbosaevelyn@example.net,66909767820.0,1970-01-01,Masc,Distrito Federal,Viúvo/a,Autônomo,Outro,ALTA,2024-12-23,iOS,+55 (061) 4065 6557
U04291,Sophia,da Costa,lavinia29@example.com,52551393853.0,1970-01-01,Fem,Rio Grande do Sul,Casado/a,Estudante,Outro,BAIXA,2024-12-23,iOS,+55 (021) 2144 9896
U04756,Arthur Gabriel,Melo,camposhadassa@example.com,29289115486.0,1977-04-20,Masc,Rio de Janeiro,Viúvo/a,Empregado,Ensino Médio,BAIXA,2024-12-23,iOS,+55 84 3225-3523
U04999,Pietra,Rezende,ferreiravitoria@example.net,96481422975.0,1971-09-22,Fem,São Paulo,Viúvo/a,Estudante,Técnico,MEDIA,2024-12-23,iOS,+55 (051) 2035 4503
U00003,Mathias,Borges,pintodavi-lucas@example.org,53679388866.0,1970-01-01,Outro,Minas Gerais,Divorciado/a,Aposentado,Outro,MEDIA,2024-12-24,Android,81 1520 6895
U00282,Carolina,Borges,qandrade@example.org,81860973053.0,2004-07-16,Outro,Pernambuco,Divorciado/a,Desempregado,Superior,BAIXA,2024-12-24,Android,(041) 4342 5178
U00552,Pedro Henrique,Borges,julia48@example.org,57167199233.0,1974-07-13,Masc,Rio de Janeiro,Casado/a,Estudante,Outro,MEDIA,2024-12-24,iOS,(061) 9011-9125
U00803,Isabela,Peixoto,tcirino@example.org,90118108766.0,1997-06-25,Fem,Distrito Federal,Casado/a,Desempregado,Técnico,ALTA,2024-12-24,Android,+55 (084) 1852-0567
U01823,Eloah,Abreu,apollo73@example.org,29246611962.0,1970-01-01,Outro,Bahia,Viúvo/a,Estudante,Outro,BAIXA,2024-12-24,iOS,71 1378 0618
U03690,Vinícius,da Luz,rafaelda-mata@example.com,86291122749.0,2005-09-10,Masc,Paraná,Divorciado/a,Autônomo,Outro,BAIXA,2024-12-24,Android,+55 11 5450 3467
U04578,José,Correia,cardosorhavi@example.net,42863196030.0,1985-08-07,Outro,Rio Grande do Sul,Divorciado/a,Desempregado,Ensino Médio,BAIXA,2024-12-24,iOS,(021) 4771-5980
U04951,Bruna,Barbosa,emilly78@example.net,17222933119.0,1973-11-14,Outro,Minas Gerais,Viúvo/a,Estudante,Superior,ALTA,2024-12-24,iOS,0900 558 1041
U02436,Alana,Pastor,pachecosophie@example.com,52545561786.0,1970-01-01,Masc,Ceará,Casado/a,Desempregado,Outro,BAIXA,2024-12-25,Android,(011) 0475-2227
U02535,Isabel,Viana,borgessophia@example.com,20768015768.0,1970-11-20,Outro,Bahia,Solteiro/a,Empregado,Superior,BAIXA,2024-12-25,Android,51 0840 6289
U02701,Enzo,Casa Grande,pedronogueira@example.net,33375092959.0,1995-11-24,Outro,São Paulo,Solteiro/a,Empregado,Superior,BAIXA,2024-12-25,iOS,+55 (051) 0905-2780
U03328,Guilherme,Marques,fcunha@example.com,23885041034.0,1970-01-01,Masc,Pernambuco,Viúvo/a,Desempregado,Ensino Médio,BAIXA,2024-12-25,Android,84 8745-0384
U03567,Ana Laura,Lima,camposcamila@example.net,18250427584.0,1970-01-01,Outro,Distrito Federal,Divorciado/a,Autônomo,Técnico,MEDIA,2024-12-25,iOS,(021) 9928-5257
U00429,Eloah,Pinto,pintolucas-gabriel@example.org,73614379346.0,1986-02-05,Fem,Ceará,Casado/a,Empregado,Outro,BAIXA,2024-12-26,iOS,(021) 8453-3812
U00819,Matheus,Pastor,caldeirasara@example.net,29301437685.0,1970-01-01,Outro,Minas Gerais,Divorciado/a,Autônomo,Pós-graduação,MEDIA,2024-12-26,Android,+55 61 9668 1764
U01859,Ryan,Andrade,gabrielasales@example.com,15481143457.0,2004-11-11,Masc,Minas Gerais,Divorciado/a,Autônomo,Técnico,ALTA,2024-12-26,iOS,84 9050 3730
U04545,Paulo,Nunes,vitor75@example.net,97549619161.0,1970-01-01,Masc,São Paulo,Viúvo/a,Autônomo,Pós-graduação,MEDIA,2024-12-26,iOS,+55 11 5133-5155
U00653,Ana Julia,Almeida,laurada-luz@example.net,52665350579.0,2002-08-20,Fem,Paraná,Solteiro/a,Empregado,Ensino Médio,ALTA,2024-12-27,Android,+55 (041) 0558 0226
U02711,João Guilherme,da Cruz,stellateixeira@example.net,57187399672.0,1998-09-28,Masc,Paraná,Divorciado/a,Empregado,Técnico,BAIXA,2024-12-28,Android,(041) 3550 7194
U02763,Brayan,da Costa,yborges@example.com,27658273564.0,1970-01-01,Masc,Bahia,Solteiro/a,Empregado,Ensino Médio,ALTA,2024-12-28,Android,(071) 3151-0788
U03345,Emilly,Silveira,mendoncalais@example.net,29139377223.0,2003-01-20,Masc,Rio Grande do Sul,Divorciado/a,Aposentado,Outro,ALTA,2024-12-28,Android,+55 (084) 8912 3499
U03444,Vitor Hugo,Rodrigues,cirinoeduarda@example.net,10932163951.0,1970-01-01,Fem,Paraná,Solteiro/a,Estudante,Técnico,ALTA,2024-12-28,Android,+55 41 9420-0341
U04160,Larissa,Carvalho,lopesmarcela@example.com,90358917350.0,1998-01-19,Fem,São Paulo,Casado/a,Autônomo,Superior,BAIXA,2024-12-28,Android,11 3946-9547
U04506,Laura,Silveira,silveirasamuel@example.com,52976056397.0,1992-03-08,Outro,Distrito Federal,Solteiro/a,Aposentado,Outro,BAIXA,2024-12-28,iOS,+55 31 7533 4571
U00145,Cecília,Campos,maria-laura54@example.com,37967225065.0,1988-02-17,Masc,São Paulo,Viúvo/a,Aposentado,Ensino Médio,BAIXA,2024-12-29,Android,(084) 6652-0300
U01277,Maria Isis,Rios,raul63@example.net,15834587288.0,1989-11-30,Outro,Rio Grande do Sul,Solteiro/a,Autônomo,Técnico,ALTA,2024-12-29,Android,11 3199 7161
U02434,Matteo,Brito,nicolasdas-neves@example.net,17652497821.0,1970-01-01,Outro,Rio de Janeiro,Casado/a,Estudante,Pós-graduação,ALTA,2024-12-29,iOS,31 0588-5531
U03719,Giovanna,Melo,mda-rosa@example.com,30872374770.0,1982-04-23,Fem,Rio de Janeiro,Casado/a,Desempregado,Pós-graduação,ALTA,2024-12-29,Android,31 2291 1573
U03781,Luiza,Sousa,jcarvalho@example.net,98345491896.0,1970-01-01,Masc,Distrito Federal,Casado/a,Autônomo,Outro,MEDIA,2024-12-29,Android,+55 81 9570 1860
U04038,Luiz Miguel,da Rocha,alvesdaniel@example.org,42261892136.0,1972-11-01,Fem,Rio de Janeiro,Viúvo/a,Desempregado,Outro,ALTA,2024-12-29,iOS,0900-918-4090
U04782,Emilly,Gonçalves,nicolegoncalves@example.com,19643313252.0,1990-04-04,Masc,Distrito Federal,Solteiro/a,Empregado,Ensino Médio,ALTA,2024-12-29,iOS,+55 84 2793-4806
U04846,Mirella,Silva,benjamimfonseca@example.org,76064298991.0,1993-05-31,Fem,Ceará,Casado/a,Aposentado,Outro,ALTA,2024-12-29,Android,+55 81 1939-5002
U00439,Zoe,Mendes,heloisa35@example.org,53901779961.0,1975-03-25,Outro,Minas Gerais,Divorciado/a,Estudante,Outro,BAIXA,2024-12-30,Android,+55 (021) 8877-5265
U04487,Nathan,Silveira,albuquerquedaniel@example.net,16870201874.0,1987-01-15,Outro,Ceará,Viúvo/a,Empregado,Outro,BAIXA,2024-12-30,Android,+55 (021) 6018 5946
U04824,Anthony,Pimenta,ramoscaua@example.net,56656984424.0,1999-09-03,Outro,Paraná,Viúvo/a,Empregado,Superior,BAIXA,2024-12-30,Android,+55 (041) 6534 2761
U00166,Alexandre,Cavalcante,albuquerquejulia@example.net,43853082943.0,1970-01-01,Masc,São Paulo,Solteiro/a,Empregado,Superior,BAIXA,2024-12-31,Android,+55 (071) 9598 4177
U00229,Lorenzo,Aragão,isaac63@example.org,15237121771.0,1976-08-05,Outro,Bahia,Solteiro/a,Empregado,Pós-graduação,MEDIA,2024-12-31,iOS,(081) 0482-2551
U00890,Diogo,Moraes,melissa29@example.com,87631420030.0,1970-01-01,Fem,Rio Grande do Sul,Viúvo/a,Autônomo,Técnico,ALTA,2024-12-31,Android,+55 (061) 0406-8304
U01048,Caio,Silva,fogacaisabella@example.net,20785881031.0,1970-05-30,Masc,Pernambuco,Solteiro/a,Estudante,Pós-graduação,MEDIA,2024-12-31,Android,0300 240 2569
U02615,Alexia,da Luz,pietro46@example.net,54228744160.0,1990-04-18,Outro,Rio Grande do Sul,Solteiro/a,Empregado,Pós-graduação,MEDIA,2024-12-31,iOS,+55 51 4825 5233
U03172,Francisco,Nunes,ycastro@example.org,84188343200.0,2006-03-19,Outro,Ceará,Divorciado/a,Autônomo,Técnico,MEDIA,2024-12-31,Android,84 0956-5802
U04415,Nicole,Moreira,bguerra@example.com,26219193936.0,1993-09-21,Masc,Rio de Janeiro,Divorciado/a,Empregado,Superior,BAIXA,2024-12-31,Android,21 1333-4101
U01828,Maria Isis,Cassiano,apollo36@example.com,71995491122.0,1970-06-26,Fem,Pernambuco,Casado/a,Aposentado,Técnico,BAIXA,2025-01-01,iOS,+55 81 3837 3078
U02859,Carolina,Porto,kevin00@example.com,15734093933.0,1983-04-26,Fem,Distrito Federal,Casado/a,Aposentado,Outro,ALTA,2025-01-01,iOS,+55 84 9355-4450
U03296,Gustavo Henrique,Brito,evasconcelos@example.com,89466086788.0,1976-06-30,Masc,Rio de Janeiro,Casado/a,Desempregado,Técnico,MEDIA,2025-01-01,iOS,+55 61 5345-0883
U03439,Maria Clara,Viana,camposlara@example.com,98310106436.0,1989-03-19,Masc,Paraná,Divorciado/a,Autônomo,Ensino Médio,MEDIA,2025-01-02,iOS,+55 31 9509 7027
U03862,Rafaela,Costela,ribeirobianca@example.com,41350000716.0,2005-06-18,Masc,Rio Grande do Sul,Solteiro/a,Autônomo,Técnico,MEDIA,2025-01-02,Android,+55 (051) 8185 1506
U00152,Antonella,da Costa,cmartins@example.net,67597386736.0,1993-09-23,Masc,Paraná,Solteiro/a,Empregado,Ensino Médio,ALTA,2025-01-03,iOS,0300-595-8233
U01735,Amanda,da Conceição,steixeira@example.net,14635349199.0,1970-01-01,Masc,Rio de Janeiro,Viúvo/a,Empregado,Pós-graduação,ALTA,2025-01-03,iOS,11 2171-3294
U03429,Bruno,Macedo,vieirajoao-vitor@example.com,39457659026.0,1989-01-01,Masc,Distrito Federal,Solteiro/a,Aposentado,Outro,MEDIA,2025-01-03,iOS,+55 41 0907 2672
U04743,Valentim,Albuquerque,xteixeira@example.com,51899128155.0,1981-11-01,Fem,Minas Gerais,Solteiro/a,Desempregado,Outro,ALTA,2025-01-03,iOS,(071) 4598 8415
U00187,Natália,Ribeiro,tleao@example.com,55607746777.0,1994-03-14,Outro,Bahia,Casado/a,Desempregado,Superior,MEDIA,2025-01-04,Android,31 5589-1341
U00433,Kevin,da Cunha,isis83@example.com,41979995923.0,1970-01-01,Masc,Paraná,Divorciado/a,Empregado,Ensino Médio,MEDIA,2025-01-04,Android,+55 (061) 9952 5192
U01256,Maria Isis,Sá,kalbuquerque@example.org,48368368575.0,1997-08-30,Outro,Rio de Janeiro,Solteiro/a,Empregado,Técnico,ALTA,2025-01-04,Android,+55 (051) 0981-1424
U01292,Enzo Gabriel,Albuquerque,sarahsantos@example.org,40412421363.0,1984-05-27,Outro,São Paulo,Casado/a,Desempregado,Pós-graduação,BAIXA,2025-01-04,iOS,(031) 4524-4665
U02987,Luara,Ramos,da-rosamaria-sophia@example.org,38655558384.0,1972-12-24,Fem,Paraná,Casado/a,Estudante,Técnico,MEDIA,2025-01-04,iOS,21 3763-9487
U00310,Lívia,Novaes,riosalexia@example.net,53424093247.0,1985-11-06,Masc,Rio Grande do Sul,Divorciado/a,Empregado,Outro,BAIXA,2025-01-05,iOS,(071) 8186-3754
U00434,João Pedro,Azevedo,stephany96@example.net,69031503761.0,1989-02-08,Fem,Pernambuco,Solteiro/a,Empregado,Outro,ALTA,2025-01-05,iOS,+55 84 0584-0831
U00505,Ravi,Cardoso,hsa@example.net,57464743700.0,1994-05-28,Masc,Minas Gerais,Casado/a,Desempregado,Pós-graduação,MEDIA,2025-01-05,iOS,+55 31 0997 3751
U02069,Yuri,Novaes,asa@example.org,71631158889.0,1995-05-03,Masc,Rio de Janeiro,Divorciado/a,Empregado,Ensino Médio,ALTA,2025-01-05,iOS,+55 71 5659-9559
U02729,Joana,Cassiano,samuelcavalcante@example.com,67825630369.0,1985-09-24,Fem,São Paulo,Casado/a,Estudante,Pós-graduação,BAIXA,2025-01-05,iOS,0900 984 8340
U03454,Maitê,Jesus,ana-cecilia54@example.org,95652794464.0,1970-01-01,Outro,Ceará,Viúvo/a,Estudante,Superior,ALTA,2025-01-05,Android,11 7855-1424
U03977,Olivia,Souza,xabreu@example.com,75875803398.0,1986-09-04,Masc,Rio de Janeiro,Divorciado/a,Empregado,Outro,BAIXA,2025-01-05,iOS,31 5778-7575
U00523,Stella,Caldeira,peixotoliz@example.net,72392339088.0,1970-01-01,Fem,São Paulo,Solteiro/a,Autônomo,Superior,MEDIA,2025-01-06,iOS,0800 059 5014
U00701,Beatriz,Pinto,maria-eduardasilva@example.com,68727683088.0,1992-07-16,Outro,Bahia,Divorciado/a,Empregado,Pós-graduação,BAIXA,2025-01-06,Android,0300 325 9905
U01158,Maria Julia,Macedo,pintoeloa@example.org,58490395394.0,1988-08-17,Masc,São Paulo,Viúvo/a,Desempregado,Ensino Médio,BAIXA,2025-01-06,Android,+55 11 0205 9926
U01618,Joana,da Mota,rrios@example.org,64132927933.0,1982-12-02,Fem,Pernambuco,Solteiro/a,Desempregado,Superior,BAIXA,2025-01-06,iOS,+55 (021) 5506 2164
U04661,Ravi,da Paz,luan44@example.com,10426230164.0,1981-07-11,Masc,Rio de Janeiro,Solteiro/a,Empregado,Pós-graduação,BAIXA,2025-01-06,iOS,+55 51 0318 1714
U00172,Miguel,Ferreira,davi-luccasampaio@example.net,29240625677.0,1975-07-12,Fem,Bahia,Divorciado/a,Empregado,Ensino Médio,BAIXA,2025-01-07,Android,(084) 1464-2622
U00451,Maria Julia,Rodrigues,arthur-gabrielpastor@example.org,12193602163.0,1970-01-01,Masc,Ceará,Divorciado/a,Estudante,Pós-graduação,ALTA,2025-01-07,Android,21 2719 7894
U01302,João Vitor,Almeida,rda-rosa@example.org,61215963994.0,1970-01-01,Masc,Distrito Federal,Divorciado/a,Empregado,Superior,BAIXA,2025-01-07,Android,+55 (011) 7147 7473
U01885,Augusto,Cavalcante,isabellynovais@example.org,90668795079.0,1970-01-01,Masc,Rio Grande do Sul,Divorciado/a,Aposentado,Pós-graduação,MEDIA,2025-01-07,iOS,21 9412 4334
U04108,Alícia,Novaes,paparecida@example.org,46575040791.0,1970-01-01,Masc,São Paulo,Solteiro/a,Estudante,Técnico,BAIXA,2025-01-07,iOS,11 1100 4552
U04564,Zoe,Pacheco,camaraisaac@example.com,15285357154.0,1970-01-01,Masc,Distrito Federal,Casado/a,Empregado,Pós-graduação,BAIXA,2025-01-07,iOS,+55 61 8494 9881
U00384,Anthony Gabriel,Martins,vinicius96@example.com,71841542997.0,1970-01-01,Fem,Minas Gerais,Casado/a,Autônomo,Superior,BAIXA,2025-01-08,iOS,+55 (051) 2525-0977
U02934,Ravy,da Rocha,zoesouza@example.net,83661283265.0,1992-08-26,Masc,Bahia,Solteiro/a,Autônomo,Superior,ALTA,2025-01-08,Android,(084) 5498 2488
U00392,Cauã,Viana,vviana@example.com,16134861857.0,1972-10-19,Outro,Ceará,Viúvo/a,Desempregado,Ensino Médio,ALTA,2025-01-09,iOS,+55 31 9083 1720
U01255,Lucas,das Neves,ana-cecilia17@example.com,73360217644.0,2001-04-04,Masc,Distrito Federal,Casado/a,Autônomo,Ensino Médio,MEDIA,2025-01-09,Android,+55 (011) 9187 9679
U01780,Dante,Viana,jose-miguel14@example.com,34917309145.0,1970-01-01,Outro,Pernambuco,Casado/a,Desempregado,Outro,MEDIA,2025-01-09,Android,+55 41 8228 3195
U02439,Vicente,Lima,davi-luizda-mata@example.net,89617212093.0,2006-02-03,Fem,Pernambuco,Solteiro/a,Autônomo,Técnico,ALTA,2025-01-09,iOS,(061) 0869 9061
U02895,Sophia,Macedo,wcassiano@example.org,74124862066.0,1998-12-24,Outro,Pernambuco,Viúvo/a,Estudante,Superior,BAIXA,2025-01-09,iOS,+55 41 1411 1620
U03806,Zoe,Camargo,souzaayla@example.org,18141845984.0,1970-01-01,Masc,Distrito Federal,Solteiro/a,Empregado,Técnico,MEDIA,2025-01-09,Android,(011) 7183 4179
U03875,Breno,Araújo,barrosdiogo@example.com,47801548131.0,2001-11-26,Fem,Ceará,Viúvo/a,Aposentado,Outro,BAIXA,2025-01-09,iOS,84 4127 7389
U04159,Bruna,Pastor,souzavalentim@example.com,86303555372.0,1986-01-25,Fem,Ceará,Solteiro/a,Autônomo,Outro,ALTA,2025-01-09,Android,21 9162 2425
U04877,Antonella,Costa,olivia21@example.org,48687459453.0,1970-01-01,Fem,Rio Grande do Sul,Viúvo/a,Desempregado,Outro,BAIXA,2025-01-09,Android,(011) 4462-6015
U02241,Sophie,Gonçalves,lorenzo88@example.org,36811761682.0,1981-09-12,Masc,Rio Grande do Sul,Viúvo/a,Autônomo,Outro,BAIXA,2025-01-10,iOS,0800-133-8113
U02440,Lorena,Ramos,ngarcia@example.org,74555775072.0,1970-01-01,Fem,Bahia,Casado/a,Desempregado,Ensino Médio,ALTA,2025-01-10,Android,+55 11 6812 2954
U03241,Valentina,Castro,pedro01@example.com,67031656336.0,1998-11-08,Outro,Ceará,Casado/a,Estudante,Pós-graduação,BAIXA,2025-01-10,iOS,41 6227-9291
U03637,Zoe,Carvalho,yan89@example.org,36701733334.0,1970-01-01,Outro,São Paulo,Divorciado/a,Aposentado,Pós-graduação,BAIXA,2025-01-10,Android,0500 436 8638
U03733,Ana Lívia,Peixoto,mirellada-conceicao@example.com,49007356876.0,1989-01-25,Outro,São Paulo,Solteiro/a,Empregado,Ensino Médio,BAIXA,2025-01-10,Android,(051) 6455-4245
U04099,José Pedro,Pacheco,gabriellyabreu@example.org,20777134633.0,1978-04-28,Outro,Ceará,Viúvo/a,Desempregado,Superior,ALTA,2025-01-10,Android,+55 (011) 0983-2533
U04398,Henrique,Freitas,novaiscecilia@example.net,13879193886.0,1976-07-09,Masc,Distrito Federal,Viúvo/a,Estudante,Superior,ALTA,2025-01-10,Android,0800-790-2371
U00165,Yago,Santos,sampaiomatheus@example.org,58727886479.0,1993-02-27,Fem,Paraná,Casado/a,Aposentado,Ensino Médio,BAIXA,2025-01-11,Android,81 0012-5429
U04187,Rodrigo,Oliveira,maria-alice46@example.net,57527828499.0,1971-12-14,Fem,São Paulo,Solteiro/a,Desempregado,Pós-graduação,BAIXA,2025-01-11,Android,(061) 4471 2294
U00765,Oliver,Mendonça,maria63@example.com,87775310656.0,1970-01-01,Masc,Bahia,Casado/a,Autônomo,Pós-graduação,MEDIA,2025-01-12,Android,41 0317-3036
U02822,Isaac,da Conceição,maria-eduardada-costa@example.org,94356734931.0,1977-09-03,Masc,São Paulo,Divorciado/a,Aposentado,Técnico,ALTA,2025-01-12,Android,0900-990-6499
U02554,Ana Julia,Peixoto,emanuella53@example.org,75302238731.0,1999-08-11,Outro,Bahia,Solteiro/a,Empregado,Pós-graduação,MEDIA,2025-01-13,Android,(011) 6747 3114
U02940,Théo,Novais,camaramaria-isis@example.org,76001027499.0,1970-01-01,Outro,São Paulo,Viúvo/a,Aposentado,Pós-graduação,MEDIA,2025-01-13,iOS,0300 284 0483
U02968,Maysa,Rodrigues,monteiroluara@example.org,75537055240.0,1983-04-13,Masc,São Paulo,Solteiro/a,Desempregado,Superior,MEDIA,2025-01-13,iOS,+55 21 9040 0307
U03137,Benicio,Moreira,wsa@example.net,68562173817.0,1998-03-04,Outro,Minas Gerais,Viúvo/a,Desempregado,Ensino Médio,ALTA,2025-01-13,iOS,21 0419 9124
U04392,Danilo,Rios,portoolivia@example.org,49925691179.0,1970-01-01,Fem,São Paulo,Casado/a,Estudante,Técnico,BAIXA,2025-01-13,Android,+55 (031) 7839 0224
U04544,Alícia,Nogueira,vferreira@example.com,61860111151.0,2005-11-19,Fem,Rio de Janeiro,Viúvo/a,Estudante,Pós-graduação,MEDIA,2025-01-13,iOS,(021) 1620-2828
U02671,Luiz Miguel,Sales,antoniodas-neves@example.com,28537491202.0,1970-01-01,Fem,Ceará,Solteiro/a,Autônomo,Ensino Médio,BAIXA,2025-01-14,iOS,11 0799-6656
U02995,Laís,Leão,qsousa@example.net,51151212780.0,1970-01-01,Masc,Rio de Janeiro,Solteiro/a,Estudante,Pós-graduação,MEDIA,2025-01-14,Android,0900-234-2189
U03507,Ana Júlia,Pimenta,gcorreia@example.org,23358999918.0,1994-02-22,Outro,Minas Gerais,Divorciado/a,Aposentado,Superior,BAIXA,2025-01-14,iOS,+55 (081) 2274 2957
U04516,Ana Cecília,Cunha,clara48@example.com,52541526669.0,1977-07-07,Fem,Paraná,Divorciado/a,Desempregado,Superior,ALTA,2025-01-14,iOS,31 4459-1900
U00024,Nicole,da Rocha,caua08@example.net,30161276868.0,1972-03-13,Fem,Minas Gerais,Viúvo/a,Estudante,Pós-graduação,BAIXA,2025-01-15,iOS,31 3909 2250
U00403,Luara,Camargo,bcassiano@example.net,12281750667.0,1970-01-01,Outro,Rio Grande do Sul,Solteiro/a,Estudante,Superior,BAIXA,2025-01-15,iOS,(031) 4183-2958
U04585,Gabriela,Leão,ottofernandes@example.org,57162527497.0,1970-01-01,Masc,São Paulo,Solteiro/a,Desempregado,Superior,MEDIA,2025-01-15,Android,+55 (041) 2958-7061
U00529,Gabriel,Aparecida,camposjoao-vitor@example.com,53556227345.0,1999-01-17,Fem,Pernambuco,Solteiro/a,Empregado,Pós-graduação,BAIXA,2025-01-16,iOS,51 5719 9503
U00886,Ana Beatriz,Gonçalves,melomathias@example.org,38001062689.0,1970-01-01,Fem,Distrito Federal,Casado/a,Estudante,Técnico,ALTA,2025-01-16,Android,21 2136 9898
U02633,Manuela,da Luz,maria-vitoriapeixoto@example.net,18193663883.0,1970-01-01,Masc,Ceará,Casado/a,Desempregado,Superior,MEDIA,2025-01-17,iOS,+55 81 4586 9740
U02986,Isabella,Almeida,bandrade@example.com,62581119053.0,1970-01-01,Outro,Bahia,Solteiro/a,Autônomo,Ensino Médio,BAIXA,2025-01-17,Android,(011) 3552 0062
U03913,Raul,da Luz,toliveira@example.net,88272537740.0,1970-01-01,Fem,Bahia,Divorciado/a,Estudante,Pós-graduação,BAIXA,2025-01-17,Android,(041) 1443 3290
U00096,Benjamim,Nogueira,rochamelissa@example.net,69838499287.0,1991-06-04,Masc,Distrito Federal,Viúvo/a,Desempregado,Ensino Médio,ALTA,2025-01-18,Android,+55 31 4356 5692
U01390,Igor,Costa,lcavalcante@example.org,89726934133.0,2006-12-12,Fem,Rio de Janeiro,Divorciado/a,Autônomo,Pós-graduação,MEDIA,2025-01-18,Android,0500-398-9078
U02178,Ana Lívia,Borges,maria-helena53@example.net,21340114051.0,2005-03-30,Fem,Rio Grande do Sul,Solteiro/a,Desempregado,Ensino Médio,ALTA,2025-01-18,iOS,+55 21 2461-5686
U02928,Sophia,Novaes,luiz-gustavoazevedo@example.net,30801806836.0,1970-01-01,Outro,Rio de Janeiro,Solteiro/a,Autônomo,Técnico,MEDIA,2025-01-18,Android,(031) 9705 5830
U03486,Bento,Melo,natalia45@example.org,37997369518.0,1981-04-16,Outro,Rio Grande do Sul,Viúvo/a,Estudante,Superior,MEDIA,2025-01-18,Android,+55 (071) 0243 7281
U03931,Daniela,Moraes,clara63@example.com,45371270961.0,1970-01-01,Outro,Ceará,Solteiro/a,Autônomo,Outro,BAIXA,2025-01-18,iOS,(031) 6349-4322
U04315,Ravy,Cavalcanti,peixotomaria-vitoria@example.org,39882480252.0,1994-08-07,Outro,Paraná,Viúvo/a,Aposentado,Pós-graduação,MEDIA,2025-01-18,iOS,(084) 1536-4738
U04940,José,Barros,vitoria08@example.org,24921019321.0,1974-06-01,Outro,São Paulo,Viúvo/a,Desempregado,Outro,ALTA,2025-01-18,iOS,+55 51 7380 6785
U00264,Clarice,Aragão,qrios@example.net,99944250690.0,1970-01-01,Outro,Rio de Janeiro,Casado/a,Desempregado,Superior,MEDIA,2025-01-19,Android,+55 41 7238 9191
U00334,Isabela,Fernandes,ebarbosa@example.org,53442415980.0,1997-01-22,Outro,Rio de Janeiro,Viúvo/a,Estudante,Outro,MEDIA,2025-01-19,Android,0800-571-2842
U00704,Arthur Gabriel,Sá,cavalcanteheloisa@example.com,72977717721.0,1972-08-01,Masc,Rio Grande do Sul,Solteiro/a,Autônomo,Ensino Médio,MEDIA,2025-01-19,Android,(041) 6120-7230
U01318,Luiza,Cirino,calebgarcia@example.com,50147166719.0,1970-01-01,Masc,Rio Grande do Sul,Casado/a,Autônomo,Outro,ALTA,2025-01-19,Android,+55 (061) 7796-9250
U02521,Daniel,Melo,ycirino@example.net,44125340590.0,1995-02-05,Fem,Pernambuco,Divorciado/a,Empregado,Outro,MEDIA,2025-01-19,Android,+55 81 1324-3489
U04346,Sara,Castro,vicentemacedo@example.com,89445080525.0,1970-01-01,Fem,Paraná,Divorciado/a,Desempregado,Pós-graduação,ALTA,2025-01-19,iOS,0900 334 6355
U03146,Sofia,Mendonça,ccavalcante@example.com,73816860083.0,1986-01-10,Outro,Bahia,Casado/a,Autônomo,Superior,MEDIA,2025-01-20,iOS,+55 (031) 9985-8782
U03223,Cauê,Andrade,leandro86@example.com,30765158940.0,1984-10-07,Masc,Ceará,Casado/a,Desempregado,Superior,BAIXA,2025-01-20,iOS,+55 71 9031-6553
U03569,Maria Alice,da Rocha,isaacvasconcelos@example.net,95887480161.0,1970-01-01,Masc,Minas Gerais,Solteiro/a,Estudante,Técnico,MEDIA,2025-01-20,Android,+55 81 2290 7633
U04301,Apollo,da Mota,waraujo@example.org,47421058967.0,1970-01-01,Masc,Pernambuco,Solteiro/a,Aposentado,Técnico,MEDIA,2025-01-20,Android,+55 (081) 2032-6299
U04720,Mirella,Cirino,qcostela@example.net,56974192574.0,1970-01-01,Masc,Rio Grande do Sul,Divorciado/a,Autônomo,Ensino Médio,BAIXA,2025-01-20,Android,(051) 1023-2954
U00477,Sophia,da Mata,vda-cruz@example.com,37797855684.0,1984-08-13,Masc,São Paulo,Casado/a,Aposentado,Técnico,BAIXA,2025-01-21,Android,0300-437-5973
U02528,Ester,da Rosa,da-conceicaolivia@example.org,93055792922.0,1970-01-01,Masc,Bahia,Solteiro/a,Autônomo,Ensino Médio,MEDIA,2025-01-21,Android,+55 71 0316-3049
U02932,Benjamim,Silva,luiz-otaviomelo@example.com,59181991015.0,1970-01-01,Outro,Bahia,Viúvo/a,Desempregado,Superior,ALTA,2025-01-21,iOS,(031) 9506-3804
U03440,Ana Cecília,Oliveira,yasmin38@example.net,70624685899.0,2007-04-10,Fem,Pernambuco,Solteiro/a,Desempregado,Outro,BAIXA,2025-01-21,Android,(031) 7231-4338
U03625,Sofia,Correia,milenamachado@example.org,40845392495.0,1970-01-01,Masc,Paraná,Divorciado/a,Empregado,Superior,BAIXA,2025-01-21,Android,+55 41 8685-1125
U04694,José Miguel,Araújo,ana-ceciliada-cunha@example.com,21361208189.0,1994-03-04,Outro,Paraná,Viúvo/a,Autônomo,Ensino Médio,MEDIA,2025-01-21,Android,(081) 1641 6832
U00007,João Lucas,Rodrigues,acassiano@example.com,13216040775.0,2003-06-10,Outro,São Paulo,Solteiro/a,Estudante,Superior,ALTA,2025-01-22,Android,+55 (084) 4114 8597
U00175,Ana Júlia,Barbosa,dfogaca@example.org,93553465999.0,1970-01-01,Outro,Distrito Federal,Divorciado/a,Autônomo,Técnico,BAIXA,2025-01-22,Android,+55 81 8833 8736
U02074,Anna Liz,Duarte,obarros@example.org,37929436034.0,1970-01-01,Fem,Ceará,Casado/a,Autônomo,Outro,ALTA,2025-01-22,Android,(011) 9487-6680
U02880,Ravy,Ribeiro,silvabella@example.com,20100455762.0,1970-01-01,Outro,Minas Gerais,Divorciado/a,Desempregado,Ensino Médio,ALTA,2025-01-22,Android,(011) 3844-3786
U00580,Heloísa,Pinto,abarros@example.net,56759721124.0,1976-11-13,Fem,Pernambuco,Viúvo/a,Empregado,Outro,MEDIA,2025-01-23,Android,+55 (081) 1239-5116
U01070,Luiz Gustavo,Sales,gabriel83@example.net,14933158423.0,1992-10-14,Fem,Bahia,Casado/a,Desempregado,Pós-graduação,MEDIA,2025-01-23,iOS,51 8222 0588
U01698,Maria Clara,da Paz,sarahramos@example.org,54812572621.0,1993-05-18,Outro,Rio de Janeiro,Solteiro/a,Estudante,Pós-graduação,BAIXA,2025-01-23,iOS,21 5661-3118
U02337,Luiza,da Rocha,manuellagomes@example.com,51581619002.0,1970-01-01,Masc,Paraná,Casado/a,Autônomo,Outro,ALTA,2025-01-23,iOS,+55 (011) 0763 0423
U03413,Marcelo,Cassiano,mleao@example.org,47447389822.0,1998-07-12,Outro,Ceará,Solteiro/a,Estudante,Ensino Médio,BAIXA,2025-01-23,iOS,31 9817-4696
U02659,Helena,Rezende,wda-luz@example.net,70439770785.0,1970-01-01,Masc,Rio Grande do Sul,Solteiro/a,Estudante,Pós-graduação,ALTA,2025-01-24,Android,0300 959 4415
U03112,Luiz Fernando,Gomes,jfogaca@example.com,71620440954.0,1975-04-14,Fem,Ceará,Viúvo/a,Empregado,Pós-graduação,MEDIA,2025-01-24,iOS,(031) 0119-9717
U04110,Luiz Miguel,Sampaio,kamilly91@example.com,87393405442.0,1984-01-03,Outro,Minas Gerais,Casado/a,Autônomo,Pós-graduação,ALTA,2025-01-24,Android,31 4434 6853
U02009,Hadassa,das Neves,ana-luiza46@example.org,16296777126.0,1975-07-17,Fem,Ceará,Viúvo/a,Estudante,Superior,ALTA,2025-01-25,iOS,(021) 4317-6250
U00762,Luara,Azevedo,cirinoluiz-henrique@example.net,37008659547.0,1970-01-01,Masc,Paraná,Viúvo/a,Autônomo,Ensino Médio,MEDIA,2025-01-26,iOS,+55 81 6917 0808
U02616,Ana Cecília,Campos,maria-lizbarbosa@example.org,42398070434.0,1970-01-01,Fem,Bahia,Divorciado/a,Autônomo,Superior,BAIXA,2025-01-26,iOS,+55 (071) 7278-5796
U04097,Maria Liz,Albuquerque,danteabreu@example.net,17022454310.0,1983-01-05,Masc,Ceará,Casado/a,Aposentado,Superior,BAIXA,2025-01-26,Android,0300-587-2109
U00399,Ravi Lucca,Moraes,maria-sophiasousa@example.org,94100370274.0,1970-01-01,Outro,Pernambuco,Divorciado/a,Estudante,Superior,MEDIA,2025-01-27,Android,+55 81 5415 3224
U01161,Francisco,Vasconcelos,luiz-otavioramos@example.com,22254385425.0,1970-01-01,Outro,Rio de Janeiro,Viúvo/a,Desempregado,Técnico,ALTA,2025-01-27,Android,(071) 4763-2654
U01289,João Vitor,Oliveira,isabelacirino@example.org,68200848718.0,1970-01-01,Masc,Distrito Federal,Solteiro/a,Estudante,Ensino Médio,BAIXA,2025-01-27,Android,+55 41 1452-3952
U02793,Bianca,Cunha,fsa@example.org,87659048898.0,2006-01-24,Fem,Rio Grande do Sul,Viúvo/a,Autônomo,Técnico,ALTA,2025-01-27,iOS,+55 (041) 5508 9084
U03898,Melina,Vieira,fernandesjuan@example.org,43351884542.0,1983-07-17,Outro,Distrito Federal,Viúvo/a,Autônomo,Ensino Médio,MEDIA,2025-01-27,iOS,41 8558-0864
U00420,Igor,Teixeira,mariahgarcia@example.net,15638125011.0,1983-09-02,Fem,São Paulo,Solteiro/a,Desempregado,Outro,BAIXA,2025-01-28,iOS,81 6353-9007
U00946,Rael,Porto,zteixeira@example.org,41214571993.0,1970-01-01,Outro,São Paulo,Viúvo/a,Aposentado,Outro,MEDIA,2025-01-28,iOS,+55 71 9084-3623
U02485,Davi Luiz,Brito,ana-laura25@example.net,10343857022.0,1977-07-10,Fem,Minas Gerais,Divorciado/a,Empregado,Técnico,MEDIA,2025-01-28,iOS,+55 (071) 8840-4211
U03282,Lorena,Pereira,isabellamartins@example.org,35003486690.0,1970-01-01,Outro,Minas Gerais,Solteiro/a,Estudante,Outro,MEDIA,2025-01-28,iOS,0800 494 3398
U04370,Anna Liz,Carvalho,mgomes@example.net,37301773141.0,1998-07-29,Fem,Rio de Janeiro,Viúvo/a,Autônomo,Pós-graduação,BAIXA,2025-01-28,Android,(011) 8522-6733
U00112,Heitor,Fernandes,bfogaca@example.net,31292512713.0,1970-01-01,Fem,Rio Grande do Sul,Solteiro/a,Estudante,Técnico,BAIXA,2025-01-29,Android,(051) 1793-4456
U01063,Maria Fernanda,Barros,goncalvesheitor@example.com,79551670433.0,1989-12-15,Outro,Bahia,Viúvo/a,Estudante,Superior,MEDIA,2025-01-29,iOS,(011) 4606 2884
U00153,Alexandre,Barros,arthur-gabriel00@example.org,40340101320.0,1996-03-08,Outro,Rio de Janeiro,Casado/a,Empregado,Outro,BAIXA,2025-01-30,Android,+55 (041) 0273-1138
U00409,Lívia,Cardoso,maria-claragoncalves@example.org,40568389717.0,1970-01-01,Outro,São Paulo,Viúvo/a,Autônomo,Técnico,MEDIA,2025-01-31,iOS,+55 (021) 5178 0093
U01295,Liz,da Rosa,amoraes@example.net,97394232371.0,1970-01-01,Fem,Ceará,Casado/a,Autônomo,Técnico,MEDIA,2025-01-31,iOS,+55 (081) 3121-8760
U02051,José,Sampaio,daniel06@example.net,72263470243.0,1970-01-01,Fem,Paraná,Solteiro/a,Aposentado,Técnico,ALTA,2025-01-31,iOS,71 0934 5592
U02489,Cauã,Rezende,urezende@example.net,26888960653.0,1996-09-22,Masc,Pernambuco,Viúvo/a,Desempregado,Pós-graduação,BAIXA,2025-01-31,iOS,+55 21 9226-0347
U03085,Sophie,da Mota,barbosamaysa@example.net,25590754272.0,1973-07-16,Fem,Rio de Janeiro,Divorciado/a,Empregado,Outro,MEDIA,2025-01-31,iOS,0800 294 9174
U03293,Théo,Vieira,agatha84@example.org,19204104449.0,2000-12-25,Outro,Paraná,Viúvo/a,Estudante,Superior,BAIXA,2025-01-31,iOS,71 4309-4478
U04568,Luísa,Vieira,framos@example.net,35561049517.0,1976-11-03,Fem,Bahia,Viúvo/a,Aposentado,Técnico,MEDIA,2025-01-31,iOS,(031) 1429-3165
U00374,Mariah,Teixeira,ottobrito@example.net,67212489708.0,1970-01-01,Fem,Pernambuco,Divorciado/a,Empregado,Superior,MEDIA,2025-02-01,iOS,11 5693-7986
U01733,Oliver,da Rosa,siqueiramaria-luiza@example.com,86599338958.0,2002-03-12,Masc,Paraná,Casado/a,Desempregado,Ensino Médio,MEDIA,2025-02-01,Android,0800 767 9071
U02199,Isabela,Caldeira,esther43@example.com,43951745352.0,2002-07-01,Outro,Ceará,Viúvo/a,Estudante,Pós-graduação,ALTA,2025-02-01,iOS,(081) 8397 3824
U02861,Ayla,Jesus,fcamara@example.org,76408355150.0,1991-07-20,Masc,Rio de Janeiro,Solteiro/a,Autônomo,Superior,ALTA,2025-02-01,Android,(084) 5499-5361
U02993,Heloísa,Borges,anthonyalmeida@example.com,38689557657.0,1981-11-29,Fem,Rio de Janeiro,Viúvo/a,Aposentado,Superior,BAIXA,2025-02-01,iOS,21 2950-7296
U04547,Luan,Rodrigues,mariavasconcelos@example.org,26192416197.0,1977-05-02,Fem,Bahia,Viúvo/a,Desempregado,Técnico,BAIXA,2025-02-01,iOS,+55 (041) 3647-8383
U01728,Rebeca,da Cunha,kaiquefarias@example.org,94369341233.0,1970-01-01,Outro,Paraná,Divorciado/a,Autônomo,Outro,ALTA,2025-02-02,Android,71 9499 1935
U01776,Luiz Otávio,Barbosa,araujolaura@example.net,96196677342.0,2004-01-03,Outro,Pernambuco,Solteiro/a,Estudante,Outro,MEDIA,2025-02-02,iOS,(071) 2961-4692
U01944,Maria Vitória,Cunha,ana-clara35@example.org,55364791803.0,1995-06-11,Masc,Rio de Janeiro,Casado/a,Autônomo,Técnico,BAIXA,2025-02-02,Android,+55 (031) 9254 6473
U00750,Cauê,Rocha,duartetheo@example.org,70149612292.0,1970-01-01,Fem,Ceará,Casado/a,Desempregado,Outro,MEDIA,2025-02-03,Android,+55 41 9953-0859
U01504,Emanuella,Correia,rodrigoda-luz@example.com,91998736394.0,1970-01-01,Masc,Ceará,Viúvo/a,Aposentado,Ensino Médio,ALTA,2025-02-03,iOS,0800 405 4043
U02925,Raul,Caldeira,fariascecilia@example.org,82455672557.0,1976-12-16,Outro,Rio Grande do Sul,Solteiro/a,Desempregado,Outro,BAIXA,2025-02-03,iOS,+55 (021) 0766-7363
U04583,Lunna,Cunha,luccada-mota@example.net,69131008770.0,1980-01-21,Fem,São Paulo,Solteiro/a,Aposentado,Outro,ALTA,2025-02-03,Android,+55 84 3527 6763
U00778,Vitória,Duarte,yan01@example.net,20000036772.0,1997-04-14,Masc,Rio de Janeiro,Solteiro/a,Estudante,Técnico,BAIXA,2025-02-04,iOS,+55 41 6377 8661
U01096,Hadassa,Aparecida,asafecasa-grande@example.org,52099700608.0,1970-01-01,Masc,São Paulo,Viúvo/a,Autônomo,Superior,MEDIA,2025-02-04,iOS,(061) 8986-5054
U02186,Vitor Gabriel,Nascimento,luiz-gustavocardoso@example.org,73301012731.0,1970-01-01,Fem,Pernambuco,Divorciado/a,Empregado,Outro,BAIXA,2025-02-04,Android,(061) 3078 7464
U02893,Ágatha,Ramos,santosgael-henrique@example.com,75051806048.0,1981-12-19,Masc,Ceará,Viúvo/a,Empregado,Técnico,MEDIA,2025-02-04,Android,+55 (021) 1081-8705
U04179,Letícia,Garcia,valentinapereira@example.org,20448808402.0,1999-06-15,Masc,Distrito Federal,Casado/a,Desempregado,Ensino Médio,BAIXA,2025-02-04,iOS,+55 21 2217 9375
U04748,Luiz Gustavo,Lima,limaesther@example.com,55408701202.0,1970-01-01,Outro,Bahia,Solteiro/a,Desempregado,Pós-graduação,BAIXA,2025-02-04,Android,+55 61 8664 1459
U00270,Thiago,Costela,guerraluiz-henrique@example.org,81166232324.0,1995-09-30,Masc,São Paulo,Divorciado/a,Autônomo,Pós-graduação,BAIXA,2025-02-05,Android,11 7792 8320
U01238,Calebe,Viana,albuquerquerael@example.net,51865809968.0,1970-01-01,Outro,Rio de Janeiro,Viúvo/a,Desempregado,Superior,MEDIA,2025-02-05,iOS,(041) 2131-8121
U01760,Benício,da Mata,diascaio@example.net,23276858811.0,1970-01-01,Fem,São Paulo,Viúvo/a,Empregado,Técnico,MEDIA,2025-02-05,iOS,+55 (021) 4519-9619
U02415,Beatriz,Montenegro,lorenaguerra@example.org,55715345436.0,1970-01-01,Masc,Distrito Federal,Solteiro/a,Estudante,Técnico,MEDIA,2025-02-05,Android,+55 21 9915 7856
U02525,Bianca,Souza,da-cunhaarthur-miguel@example.org,58256101213.0,1996-10-13,Outro,Paraná,Divorciado/a,Empregado,Ensino Médio,ALTA,2025-02-05,Android,0900 987 8260
U02760,Bruno,da Paz,borgespietro@example.org,25972572047.0,1988-12-24,Outro,Paraná,Viúvo/a,Estudante,Superior,ALTA,2025-02-06,Android,0900-927-8766
U02857,Davi Lucca,Farias,catarinamontenegro@example.com,17011084204.0,1970-01-01,Fem,Bahia,Viúvo/a,Aposentado,Pós-graduação,BAIXA,2025-02-06,iOS,+55 (041) 4625 3538
U04832,Benjamim,Dias,isabella01@example.com,54339612562.0,1994-05-22,Fem,Bahia,Divorciado/a,Empregado,Superior,BAIXA,2025-02-06,iOS,+55 41 4173-4854
U02315,Erick,Aragão,mendoncaester@example.com,12613812675.0,1975-01-16,Fem,Minas Gerais,Solteiro/a,Empregado,Outro,BAIXA,2025-02-07,iOS,51 2362 7709
U03864,Luara,Brito,martinsravi@example.net,33762883722.0,2000-11-13,Outro,Distrito Federal,Viúvo/a,Estudante,Técnico,MEDIA,2025-02-07,iOS,+55 84 5140 4649
U00185,Mathias,Monteiro,igor94@example.net,66361001691.0,1976-02-03,Masc,Rio Grande do Sul,Divorciado/a,Estudante,Outro,BAIXA,2025-02-08,iOS,(081) 5438 2030
U01632,Gustavo Henrique,da Mota,nunesana-livia@example.org,93460062557.0,2003-04-16,Outro,Ceará,Solteiro/a,Estudante,Superior,BAIXA,2025-02-08,iOS,21 0777 9811
U02411,Sarah,Rodrigues,pacheconoah@example.org,15353163837.0,1991-11-21,Fem,Rio Grande do Sul,Viúvo/a,Estudante,Superior,MEDIA,2025-02-08,Android,+55 51 2660 5784
U02920,Bernardo,Santos,castrojose@example.net,89170176463.0,1994-10-20,Outro,Pernambuco,Solteiro/a,Aposentado,Outro,BAIXA,2025-02-08,iOS,+55 (011) 3382-8037
U01400,Nicole,Oliveira,wsousa@example.org,17717956558.0,1970-01-01,Fem,Rio de Janeiro,Divorciado/a,Aposentado,Superior,MEDIA,2025-02-09,iOS,+55 (051) 8679 9607
U04618,Maria Fernanda,da Rocha,pedromonteiro@example.com,65389768766.0,1979-09-20,Masc,Ceará,Casado/a,Empregado,Outro,MEDIA,2025-02-09,Android,+55 81 2464-8000
U04665,João Lucas,Costela,ycardoso@example.net,65501153368.0,1970-01-01,Masc,Ceará,Casado/a,Desempregado,Outro,ALTA,2025-02-09,Android,(011) 0170-2018
U03666,Elisa,Jesus,alanapereira@example.com,48814570580.0,1970-01-01,Outro,Rio de Janeiro,Solteiro/a,Aposentado,Ensino Médio,ALTA,2025-02-10,iOS,+55 (081) 8355-8367
U03984,Heloísa,Vasconcelos,fernandesisis@example.com,88804150497.0,1981-12-24,Masc,Paraná,Solteiro/a,Desempregado,Outro,BAIXA,2025-02-10,iOS,(041) 0381-2180
U04326,Maria Isis,Marques,vitor-gabriellopes@example.com,70460963827.0,1970-01-01,Fem,Pernambuco,Viúvo/a,Desempregado,Pós-graduação,ALTA,2025-02-10,Android,51 9377 7631
U04539,Jade,Almeida,qmontenegro@example.com,51995517169.0,1996-01-06,Fem,Rio Grande do Sul,Casado/a,Aposentado,Outro,ALTA,2025-02-10,iOS,61 3758-9624
U00294,Luiz Henrique,Siqueira,da-cunhalorena@example.net,28166714406.0,1988-12-09,Masc,Distrito Federal,Viúvo/a,Empregado,Pós-graduação,ALTA,2025-02-11,Android,+55 (051) 9915-3005
U00878,João Guilherme,Teixeira,ferreiracaue@example.com,77369248541.0,1970-01-01,Fem,Minas Gerais,Solteiro/a,Desempregado,Técnico,BAIXA,2025-02-11,Android,0800-601-3622
U01396,Agatha,Montenegro,gabrielmoraes@example.com,71242901941.0,1979-12-28,Fem,Rio Grande do Sul,Solteiro/a,Empregado,Pós-graduação,ALTA,2025-02-11,Android,+55 (031) 1893-6691
U03633,Maria,Leão,ester89@example.net,50955438604.0,1970-01-01,Masc,Rio de Janeiro,Divorciado/a,Aposentado,Pós-graduação,BAIXA,2025-02-11,Android,31 4947 3091
U01739,Levi,Dias,aparecidasophia@example.org,41995397245.0,1982-01-06,Outro,São Paulo,Casado/a,Aposentado,Ensino Médio,MEDIA,2025-02-12,Android,(061) 5788 8732
U01912,Isaque,das Neves,fsiqueira@example.net,69227457382.0,1996-08-20,Fem,Minas Gerais,Viúvo/a,Autônomo,Ensino Médio,MEDIA,2025-02-12,Android,(071) 5873-0535
U02747,Davi Lucca,Ferreira,marcos-viniciusnovaes@example.net,90013446247.0,1980-01-06,Outro,Distrito Federal,Viúvo/a,Aposentado,Outro,MEDIA,2025-02-12,iOS,21 2539 8621
U04251,Ana Beatriz,Pastor,npereira@example.org,59113222704.0,1984-05-28,Outro,Distrito Federal,Viúvo/a,Empregado,Superior,MEDIA,2025-02-12,iOS,11 2352 2917
U04272,Milena,Casa Grande,erick24@example.net,71062844583.0,1970-01-01,Fem,São Paulo,Casado/a,Empregado,Ensino Médio,MEDIA,2025-02-12,iOS,(071) 4439-5900
U03601,Davi Lucas,Oliveira,vargasrafael@example.com,78689093723.0,1970-01-01,Fem,São Paulo,Solteiro/a,Empregado,Técnico,ALTA,2025-02-13,iOS,+55 84 2136 9395
U04826,Sabrina,da Cunha,caldeiramaite@example.com,98023227607.0,1970-01-01,Masc,Bahia,Solteiro/a,Desempregado,Técnico,BAIXA,2025-02-13,Android,0800-713-7401
U02470,Calebe,Campos,arthur-miguelcasa-grande@example.com,68547102459.0,1997-01-09,Fem,Rio Grande do Sul,Casado/a,Empregado,Técnico,BAIXA,2025-02-14,Android,+55 (041) 6652-0393
U02954,Rebeca,Gonçalves,csa@example.org,93492811133.0,1970-01-01,Fem,Bahia,Casado/a,Estudante,Outro,ALTA,2025-02-15,Android,(021) 6165-1135
U03409,Isis,Martins,mayamacedo@example.com,65429619498.0,1970-01-23,Masc,Rio Grande do Sul,Divorciado/a,Estudante,Superior,ALTA,2025-02-15,iOS,51 3767 6065
U00746,Davi Lucca,Borges,lucasgoncalves@example.com,11916975971.0,1985-02-16,Outro,Pernambuco,Casado/a,Estudante,Pós-graduação,MEDIA,2025-02-16,iOS,(051) 3840-3609
U01401,Anna Liz,Duarte,hda-luz@example.org,23003594432.0,2001-07-12,Masc,Ceará,Viúvo/a,Aposentado,Pós-graduação,ALTA,2025-02-16,iOS,(051) 2987 3546
U01742,Anthony,Oliveira,augusto88@example.net,39748814573.0,1998-07-30,Masc,Rio Grande do Sul,Divorciado/a,Autônomo,Pós-graduação,ALTA,2025-02-16,iOS,+55 (021) 2522 8788
U02687,Daniela,Novais,ccirino@example.net,74501615276.0,1970-01-01,Masc,Minas Gerais,Casado/a,Aposentado,Técnico,MEDIA,2025-02-16,iOS,0500-213-0902
U03549,Vicente,Vieira,novaesjoao-guilherme@example.net,31720571272.0,1979-10-09,Masc,Rio de Janeiro,Viúvo/a,Empregado,Ensino Médio,ALTA,2025-02-16,Android,(084) 0102 7202
U00682,Miguel,Brito,estercosta@example.net,13644161822.0,1970-01-01,Fem,Pernambuco,Casado/a,Aposentado,Ensino Médio,BAIXA,2025-02-17,iOS,0300 174 1772
U01326,Heloisa,Sales,vasconcelosbento@example.net,73595772805.0,1983-10-06,Fem,Distrito Federal,Solteiro/a,Empregado,Técnico,MEDIA,2025-02-17,Android,+55 21 1488 2056
U01834,Antonella,Cardoso,ida-mota@example.org,76534045395.0,1971-08-05,Masc,Minas Gerais,Solteiro/a,Estudante,Outro,BAIXA,2025-02-17,Android,81 0695-7393
U01883,Davi Miguel,da Conceição,tmendes@example.net,83964958673.0,1970-01-01,Outro,Rio Grande do Sul,Viúvo/a,Desempregado,Pós-graduação,BAIXA,2025-02-17,iOS,+55 81 4562 1513
U01940,Rael,Moreira,bramos@example.org,60521218693.0,2006-01-18,Masc,Rio de Janeiro,Divorciado/a,Estudante,Ensino Médio,ALTA,2025-02-17,Android,(084) 8694-8578
U02963,Maria Cecília,Sales,sousakaique@example.com,79145224733.0,1978-08-09,Fem,Distrito Federal,Viúvo/a,Empregado,Técnico,BAIXA,2025-02-17,Android,+55 31 4819-4820
U03983,Lívia,Rios,mateus44@example.org,35015243822.0,1995-01-03,Fem,Minas Gerais,Divorciado/a,Empregado,Ensino Médio,MEDIA,2025-02-17,Android,(041) 9929-3271
U04889,Mathias,Castro,da-cruznoah@example.net,74074730650.0,1999-12-14,Masc,Minas Gerais,Solteiro/a,Estudante,Outro,MEDIA,2025-02-17,Android,71 0611 5942
U01066,Pietra,Siqueira,maria-luiza40@example.net,81862898689.0,1994-07-19,Outro,Bahia,Viúvo/a,Empregado,Técnico,MEDIA,2025-02-18,Android,41 7013-2866
U01336,Maria Laura,Sampaio,laura36@example.com,68415914072.0,1970-01-01,Fem,Paraná,Solteiro/a,Empregado,Superior,ALTA,2025-02-18,iOS,84 4550-0008
U03796,João Guilherme,Cirino,beatriz63@example.org,94276798067.0,1978-10-03,Outro,São Paulo,Casado/a,Estudante,Técnico,MEDIA,2025-02-18,iOS,+55 (061) 0352-5360
U01721,Théo,da Mota,camposmarcelo@example.com,18335371777.0,1971-04-04,Masc,Paraná,Viúvo/a,Autônomo,Ensino Médio,ALTA,2025-02-19,iOS,(061) 1374 8543
U03312,João Lucas,Novaes,luiz-fernando06@example.org,50289987092.0,2002-08-06,Outro,Pernambuco,Viúvo/a,Empregado,Ensino Médio,MEDIA,2025-02-19,iOS,71 3797 4533
U03839,Emanuel,Martins,fariasgael@example.org,91028299503.0,1970-01-01,Fem,Bahia,Solteiro/a,Autônomo,Ensino Médio,ALTA,2025-02-19,iOS,+55 84 5382-2727
U04419,Natália,Vieira,wviana@example.com,10669932398.0,1989-06-14,Outro,Bahia,Divorciado/a,Autônomo,Pós-graduação,MEDIA,2025-02-19,iOS,+55 21 5918-1330
U00146,Maria Luiza,Montenegro,uda-paz@example.com,80695882289.0,1992-02-05,Outro,Ceará,Solteiro/a,Autônomo,Outro,MEDIA,2025-02-20,iOS,+55 (051) 6924-0889
U01354,Lara,Azevedo,rcosta@example.org,47025048571.0,1970-01-01,Outro,Rio Grande do Sul,Solteiro/a,Estudante,Ensino Médio,ALTA,2025-02-20,Android,81 6864 5461
U02057,Rodrigo,Almeida,brendasa@example.org,57707987524.0,2003-05-04,Outro,Bahia,Divorciado/a,Estudante,Ensino Médio,MEDIA,2025-02-20,Android,(061) 4934 0560
U02548,Heloisa,Ramos,iporto@example.org,72399422705.0,2005-03-05,Masc,Ceará,Solteiro/a,Aposentado,Pós-graduação,MEDIA,2025-02-20,Android,+55 51 2028 7313
U02965,Maya,Cirino,fariasmaria-julia@example.com,80615217625.0,1970-01-01,Outro,Distrito Federal,Viúvo/a,Autônomo,Ensino Médio,ALTA,2025-02-20,Android,31 8170-6718
U03436,Kaique,Garcia,portokaique@example.com,59424047484.0,2005-08-03,Outro,Minas Gerais,Divorciado/a,Empregado,Superior,MEDIA,2025-02-20,iOS,71 5518 5717
U03676,Matheus,Moreira,eduardafreitas@example.org,69777771311.0,1970-01-01,Masc,Pernambuco,Divorciado/a,Autônomo,Técnico,MEDIA,2025-02-20,iOS,0300 856 3543
U04612,Emanuelly,Marques,pedronascimento@example.org,23936156001.0,1993-06-27,Fem,Bahia,Divorciado/a,Aposentado,Superior,MEDIA,2025-02-20,Android,51 5753 2043
U01898,Vinícius,Cassiano,guerramariah@example.com,42436878522.0,1993-04-19,Fem,Ceará,Solteiro/a,Desempregado,Outro,BAIXA,2025-02-21,Android,31 6528 9784
U01939,Maria Eduarda,Aparecida,pedro-miguelguerra@example.com,39604540335.0,1994-11-06,Masc,Bahia,Divorciado/a,Desempregado,Pós-graduação,ALTA,2025-02-22,iOS,+55 (081) 2512-6355
U02518,Rodrigo,Moreira,limajoana@example.net,34624252898.0,1970-01-01,Masc,Ceará,Viúvo/a,Aposentado,Técnico,MEDIA,2025-02-22,Android,+55 11 1150 0360
U02652,Danilo,Dias,da-cruzluana@example.com,16203655277.0,1979-05-07,Masc,Paraná,Solteiro/a,Estudante,Técnico,ALTA,2025-02-22,iOS,+55 81 9325 6471
U04025,Thiago,da Rocha,benicio02@example.com,71331288607.0,1987-09-02,Fem,Paraná,Viúvo/a,Estudante,Técnico,MEDIA,2025-02-22,iOS,0500-942-7868
U04453,Pietra,Dias,bmonteiro@example.org,42161001444.0,1970-01-01,Fem,Pernambuco,Viúvo/a,Estudante,Outro,BAIXA,2025-02-22,Android,+55 (051) 2058 6502
U00610,Murilo,Campos,rioscecilia@example.com,30577901642.0,1979-05-17,Fem,Paraná,Divorciado/a,Estudante,Ensino Médio,MEDIA,2025-02-23,iOS,+55 (051) 3400-4098
U02860,Antony,Nogueira,ravy94@example.org,92378291807.0,1970-01-01,Fem,Rio Grande do Sul,Solteiro/a,Aposentado,Outro,ALTA,2025-02-23,Android,+55 81 2046 8123
U03042,Heitor,Leão,aaraujo@example.net,28456862597.0,1970-01-01,Masc,Distrito Federal,Casado/a,Estudante,Pós-graduação,BAIXA,2025-02-23,iOS,(061) 6244 2202
U00545,Elisa,Araújo,bryan17@example.org,96836673955.0,1978-05-04,Outro,Minas Gerais,Casado/a,Aposentado,Outro,MEDIA,2025-02-24,Android,+55 (031) 9853 8079
U00722,Diego,Dias,ncampos@example.net,70477987780.0,1970-07-04,Outro,Rio de Janeiro,Viúvo/a,Aposentado,Pós-graduação,MEDIA,2025-02-24,iOS,84 0949-9511
U01040,Eloah,da Mata,kdas-neves@example.org,23228582056.0,1997-06-02,Outro,Rio de Janeiro,Solteiro/a,Aposentado,Outro,MEDIA,2025-02-24,Android,+55 (071) 4828-4516
U01915,Vitória,Freitas,vmacedo@example.org,18623704499.0,1980-12-15,Outro,Bahia,Solteiro/a,Estudante,Técnico,MEDIA,2025-02-24,Android,+55 11 9180 8015
U03208,Benjamin,Siqueira,tcassiano@example.com,38575175376.0,1985-12-03,Masc,Paraná,Casado/a,Aposentado,Pós-graduação,MEDIA,2025-02-24,iOS,+55 (081) 6128-0376
U03255,Ísis,Fonseca,fernandosilva@example.org,48576687395.0,1970-01-01,Outro,Rio Grande do Sul,Divorciado/a,Estudante,Pós-graduação,MEDIA,2025-02-24,Android,51 8044 3116
U00243,Sophie,Freitas,daraujo@example.org,93389214955.0,2005-03-30,Outro,Distrito Federal,Viúvo/a,Desempregado,Pós-graduação,BAIXA,2025-02-25,Android,84 0965-9675
U00577,Jade,Albuquerque,leandro51@example.com,83751617064.0,1997-06-14,Masc,São Paulo,Divorciado/a,Autônomo,Superior,BAIXA,2025-02-25,iOS,+55 (031) 3261 4104
U01546,Vinícius,da Mata,ferreiraluiz-felipe@example.com,85780608071.0,1999-03-14,Outro,Paraná,Viúvo/a,Aposentado,Superior,ALTA,2025-02-25,Android,(011) 6430 2444
U01692,Dante,Alves,fda-costa@example.com,15928835212.0,1970-01-01,Fem,Minas Gerais,Divorciado/a,Desempregado,Superior,ALTA,2025-02-25,iOS,(084) 7324 6280
U04715,Antony,Mendonça,snovais@example.org,32692081887.0,2006-05-27,Outro,Minas Gerais,Solteiro/a,Autônomo,Ensino Médio,BAIXA,2025-02-25,iOS,+55 71 4117-2257
U00515,Nicole,Silva,lcamara@example.org,98381792499.0,1970-01-01,Masc,Rio Grande do Sul,Casado/a,Empregado,Pós-graduação,BAIXA,2025-02-26,Android,51 4143 4653
U00540,Maria Helena,da Mata,luana00@example.org,51735600739.0,1970-01-01,Fem,Paraná,Casado/a,Empregado,Pós-graduação,BAIXA,2025-02-26,Android,+55 51 2191 9821
U01682,Brenda,Correia,camarabianca@example.net,83014568279.0,1985-11-07,Fem,São Paulo,Casado/a,Autônomo,Ensino Médio,MEDIA,2025-02-26,Android,+55 21 9605 4114
U01822,Anthony Gabriel,Pires,joao-guilhermemacedo@example.org,78628103496.0,1970-01-01,Outro,Pernambuco,Casado/a,Empregado,Técnico,ALTA,2025-02-26,Android,+55 (041) 0459 7904
U03755,Mirella,Moraes,martinsnathan@example.org,38678746037.0,2003-05-12,Masc,Minas Gerais,Divorciado/a,Autônomo,Superior,BAIXA,2025-02-26,iOS,+55 11 9755-6997
U00741,João Guilherme,Nascimento,carolinacavalcanti@example.org,46252180362.0,1970-01-01,Fem,Rio de Janeiro,Casado/a,Desempregado,Ensino Médio,MEDIA,2025-02-27,Android,+55 (011) 5591-9440
U00913,Emanuel,Gomes,yago53@example.net,68199351568.0,1980-01-17,Masc,Rio Grande do Sul,Solteiro/a,Empregado,Superior,ALTA,2025-02-27,iOS,84 2662 7080
U01052,Henrique,Barbosa,pachecoheloisa@example.org,73080717890.0,1978-04-08,Masc,Minas Gerais,Casado/a,Empregado,Superior,ALTA,2025-02-27,iOS,(071) 1273-2929
U04635,Júlia,Costa,bcorreia@example.net,30870342510.0,1970-01-01,Masc,Rio de Janeiro,Viúvo/a,Autônomo,Pós-graduação,BAIXA,2025-02-27,iOS,+55 (061) 6287-1037
U02062,Paulo,Aparecida,calebe90@example.org,69448357921.0,1970-01-01,Outro,Minas Gerais,Viúvo/a,Aposentado,Ensino Médio,ALTA,2025-02-28,iOS,(011) 4966-8711
U03324,Luiz Otávio,Ferreira,ofonseca@example.net,88329026091.0,1988-08-11,Masc,São Paulo,Casado/a,Estudante,Ensino Médio,ALTA,2025-02-28,iOS,+55 (071) 1900 5552
U00864,Fernando,Cavalcanti,aurora93@example.net,34895111710.0,1989-05-10,Outro,Rio de Janeiro,Divorciado/a,Estudante,Técnico,MEDIA,2025-03-01,iOS,+55 (021) 0032 9986
U01471,Isabel,Monteiro,eduardo25@example.net,83443065624.0,1970-01-01,Masc,Rio de Janeiro,Solteiro/a,Autônomo,Técnico,MEDIA,2025-03-01,iOS,+55 (081) 0515 0971
U01549,Lorena,Machado,costelamateus@example.com,88449537223.0,1988-10-25,Fem,São Paulo,Viúvo/a,Estudante,Pós-graduação,ALTA,2025-03-01,Android,(084) 5482 7561
U01684,Bryan,Costa,ecarvalho@example.com,33723031660.0,1970-01-01,Outro,Pernambuco,Casado/a,Empregado,Superior,BAIXA,2025-03-01,Android,71 8949-6189
U02131,Bruna,da Rocha,julia21@example.org,50332795339.0,1984-03-06,Masc,Rio Grande do Sul,Casado/a,Estudante,Superior,ALTA,2025-03-01,iOS,+55 (041) 9420 0833
U03739,Fernanda,Sá,isabelcasa-grande@example.org,68095147172.0,1985-09-30,Masc,Ceará,Casado/a,Desempregado,Superior,ALTA,2025-03-01,Android,84 7156 2406
U01423,Isabela,Lima,ncassiano@example.com,30403536016.0,1992-07-25,Masc,Paraná,Viúvo/a,Desempregado,Superior,MEDIA,2025-03-02,iOS,+55 (061) 4204 5195
U01609,Juliana,Rodrigues,albuquerquemaria-cecilia@example.com,69263188661.0,1970-01-01,Outro,Ceará,Solteiro/a,Autônomo,Ensino Médio,MEDIA,2025-03-02,iOS,41 1354-4865
U01867,Lunna,Ramos,montenegromatteo@example.com,23666122605.0,1979-02-07,Masc,Distrito Federal,Solteiro/a,Autônomo,Pós-graduação,MEDIA,2025-03-02,Android,(081) 4109 9126
U01955,Matheus,Moreira,vicente76@example.org,53188993171.0,1984-06-29,Outro,Rio Grande do Sul,Viúvo/a,Aposentado,Outro,ALTA,2025-03-02,iOS,71 9535 9672
U03321,Isaque,Barros,luiz-fernando63@example.org,40736227274.0,1970-01-01,Fem,Pernambuco,Solteiro/a,Empregado,Outro,MEDIA,2025-03-02,iOS,11 8653 3357
U04639,Bruno,Martins,isabelmoreira@example.org,77279259682.0,1970-01-01,Fem,Pernambuco,Viúvo/a,Estudante,Pós-graduação,ALTA,2025-03-02,iOS,+55 41 9627 3717
U00363,Sara,Fernandes,daniloguerra@example.com,39660730992.0,2003-10-22,Fem,Paraná,Viúvo/a,Estudante,Outro,MEDIA,2025-03-03,Android,(031) 3951-2855
U01291,Bruno,Leão,kevinpereira@example.com,39556722602.0,1979-06-20,Outro,Minas Gerais,Divorciado/a,Autônomo,Pós-graduação,MEDIA,2025-03-03,iOS,+55 61 0559-1417
U01374,Lorenzo,Leão,garciaapollo@example.com,92978505452.0,1972-03-16,Masc,Distrito Federal,Divorciado/a,Empregado,Ensino Médio,MEDIA,2025-03-03,Android,(011) 4653 7759
U03525,Natália,Duarte,sabrina70@example.com,43728794999.0,1970-01-01,Outro,Ceará,Solteiro/a,Empregado,Pós-graduação,ALTA,2025-03-03,iOS,+55 21 7138 3082
U03596,Léo,Sousa,yasminfarias@example.net,83313044895.0,1991-04-16,Outro,São Paulo,Solteiro/a,Empregado,Pós-graduação,BAIXA,2025-03-03,iOS,+55 41 4788-2785
U04524,José,Nunes,earaujo@example.net,83762710273.0,1992-07-07,Masc,Bahia,Casado/a,Aposentado,Ensino Médio,MEDIA,2025-03-03,iOS,+55 61 1434 3785
U01687,Luiz Otávio,Camargo,cnovaes@example.net,35728784809.0,1994-01-27,Masc,Rio de Janeiro,Casado/a,Estudante,Pós-graduação,MEDIA,2025-03-04,iOS,+55 31 1611 6414
U03484,Alícia,Porto,camposcaleb@example.org,69661338189.0,2007-03-17,Masc,São Paulo,Casado/a,Desempregado,Ensino Médio,ALTA,2025-03-04,iOS,+55 (081) 7888 5368
U04170,Beatriz,da Paz,moraesana-cecilia@example.com,21229666986.0,1970-01-01,Outro,Ceará,Viúvo/a,Empregado,Pós-graduação,ALTA,2025-03-04,Android,(081) 1229-4098
U04716,Maria Fernanda,Silva,wdas-neves@example.org,90827963886.0,2004-08-12,Masc,Rio Grande do Sul,Divorciado/a,Aposentado,Pós-graduação,MEDIA,2025-03-04,iOS,+55 (031) 4520-6497
U00865,João Felipe,Marques,naraujo@example.org,67053367794.0,1987-04-30,Outro,Bahia,Viúvo/a,Empregado,Superior,MEDIA,2025-03-05,Android,+55 61 9113 8246
U01154,Otto,da Paz,qsa@example.com,57114834761.0,1978-02-26,Outro,Paraná,Viúvo/a,Aposentado,Superior,BAIXA,2025-03-05,Android,+55 71 2997 9755
U03338,Júlia,Pires,cmartins@example.net,15216759232.0,1970-01-01,Masc,Distrito Federal,Casado/a,Autônomo,Ensino Médio,ALTA,2025-03-05,Android,0300-216-9332
U03423,Sarah,Almeida,nina98@example.com,59714919664.0,1970-01-01,Outro,Pernambuco,Solteiro/a,Estudante,Ensino Médio,ALTA,2025-03-05,Android,+55 (011) 2113-8222
U04470,José Pedro,Machado,vicente18@example.com,78120926385.0,1970-01-01,Masc,Rio Grande do Sul,Divorciado/a,Desempregado,Ensino Médio,BAIXA,2025-03-05,iOS,+55 (041) 1556-6856
U04704,Lucas Gabriel,da Paz,casa-grandemaria-julia@example.com,19343689158.0,1978-04-17,Outro,Minas Gerais,Solteiro/a,Estudante,Técnico,ALTA,2025-03-05,Android,61 2181-8067
U00033,Juliana,Pereira,maria-lizlopes@example.net,19853938379.0,1970-01-01,Fem,São Paulo,Divorciado/a,Autônomo,Pós-graduação,ALTA,2025-03-06,Android,+55 11 8754-5057
U00063,Benjamim,Rodrigues,diasevelyn@example.com,96840939581.0,1970-01-19,Fem,Paraná,Viúvo/a,Aposentado,Outro,MEDIA,2025-03-06,Android,+55 51 3657 3417
U01166,Heitor,da Rosa,wborges@example.com,51672105389.0,1970-01-01,Outro,Ceará,Casado/a,Desempregado,Ensino Médio,BAIXA,2025-03-06,Android,+55 21 0722 0959
U01386,Pedro Henrique,Sampaio,jpereira@example.net,67617385191.0,1996-01-30,Outro,Pernambuco,Divorciado/a,Estudante,Técnico,ALTA,2025-03-06,Android,+55 (051) 7475 1522
U01525,Luigi,Garcia,laurafonseca@example.net,78687313161.0,1994-08-16,Fem,São Paulo,Casado/a,Aposentado,Superior,BAIXA,2025-03-06,iOS,(031) 9431-0860
U01802,Davi,Pereira,daniela36@example.net,15843551206.0,1970-01-01,Fem,Rio de Janeiro,Viúvo/a,Empregado,Ensino Médio,BAIXA,2025-03-06,iOS,(081) 6047-5719
U03045,Heloisa,Correia,maria-laura18@example.com,79786812345.0,2005-08-22,Fem,São Paulo,Viúvo/a,Empregado,Técnico,MEDIA,2025-03-06,Android,(031) 1234 3389
U03922,João Lucas,Almeida,bernardo46@example.net,85507008575.0,1970-01-01,Outro,Distrito Federal,Viúvo/a,Desempregado,Ensino Médio,ALTA,2025-03-06,iOS,+55 31 0667-6294
U00446,Mariana,Sá,wferreira@example.net,84938195260.0,1983-11-18,Masc,Bahia,Solteiro/a,Aposentado,Outro,ALTA,2025-03-07,iOS,(051) 0687-9834
U02151,Rafaela,Porto,ana-luiza29@example.net,64183879480.0,1991-06-05,Fem,Ceará,Viúvo/a,Autônomo,Pós-graduação,MEDIA,2025-03-07,Android,+55 (071) 0323-2095
U02676,José,da Paz,gael-henriqueda-cruz@example.net,89359092783.0,1970-01-01,Masc,Distrito Federal,Solteiro/a,Estudante,Superior,ALTA,2025-03-07,iOS,+55 (011) 5382 0981
U02694,Ravy,Cirino,fernando49@example.net,31199149450.0,1989-09-23,Outro,Ceará,Divorciado/a,Desempregado,Outro,ALTA,2025-03-07,iOS,11 5866 9593
U04575,Helena,Cavalcante,silveiravinicius@example.com,24229799983.0,1970-01-01,Fem,Ceará,Casado/a,Aposentado,Outro,BAIXA,2025-03-07,Android,+55 (061) 5254 4071
U00501,Maria Cecília,Santos,maria-julia04@example.org,42388448015.0,1996-07-25,Fem,Distrito Federal,Solteiro/a,Desempregado,Outro,BAIXA,2025-03-08,Android,+55 81 7289 3723
U00521,Davi Lucas,Almeida,ana-livianascimento@example.org,59312022682.0,1975-10-05,Masc,Bahia,Divorciado/a,Empregado,Outro,BAIXA,2025-03-08,Android,(021) 9629-7174
U00780,Mariah,Souza,waraujo@example.net,41290396527.0,1979-06-06,Masc,Rio Grande do Sul,Solteiro/a,Desempregado,Técnico,ALTA,2025-03-08,iOS,(081) 2169 9423
U01003,Isaac,Pires,lleao@example.net,82696459930.0,1981-07-07,Outro,Distrito Federal,Divorciado/a,Desempregado,Ensino Médio,BAIXA,2025-03-08,Android,(084) 5628 9645
U04018,Nicolas,Casa Grande,vicente88@example.com,75255357177.0,1970-01-01,Fem,Rio de Janeiro,Casado/a,Estudante,Outro,BAIXA,2025-03-08,Android,(011) 5771-0730
U00925,Mirella,Marques,sacamila@example.com,70283667296.0,1988-01-16,Outro,Pernambuco,Solteiro/a,Empregado,Ensino Médio,BAIXA,2025-03-09,iOS,+55 31 6425-4337
U01257,Ian,da Cruz,alice76@example.net,49801393768.0,1970-01-01,Outro,Distrito Federal,Casado/a,Estudante,Outro,BAIXA,2025-03-09,Android,0500 529 5730
U01968,Rafaela,Santos,elisa10@example.com,26723840628.0,1991-06-04,Outro,Pernambuco,Casado/a,Estudante,Outro,MEDIA,2025-03-09,iOS,(021) 3957-1735
U03618,Lucas Gabriel,Viana,cunhabrenda@example.org,70759841841.0,1970-01-01,Outro,Ceará,Viúvo/a,Desempregado,Pós-graduação,MEDIA,2025-03-09,iOS,+55 (061) 1244 1738
U03689,Arthur Miguel,Porto,caldeiraraquel@example.net,12607137607.0,2002-12-30,Fem,Paraná,Divorciado/a,Aposentado,Técnico,ALTA,2025-03-09,Android,+55 71 0091 8103
U00958,Emilly,Pimenta,clarice08@example.net,11182138838.0,1977-05-03,Masc,Minas Gerais,Solteiro/a,Estudante,Técnico,BAIXA,2025-03-10,iOS,(051) 6903-5728
U01260,Eloá,Gomes,kamillyda-cunha@example.com,80708359388.0,1987-12-30,Fem,Pernambuco,Viúvo/a,Estudante,Pós-graduação,MEDIA,2025-03-10,Android,(081) 3788-7404
U03163,Lucca,Rodrigues,gmoraes@example.net,50627354102.0,1996-08-20,Masc,São Paulo,Viúvo/a,Empregado,Superior,MEDIA,2025-03-10,iOS,0500 135 9841
U04890,Maria Fernanda,Costa,heitorgomes@example.net,97347612842.0,1970-01-01,Masc,São Paulo,Solteiro/a,Empregado,Ensino Médio,ALTA,2025-03-10,iOS,+55 21 3298 7793
U00069,Caroline,Souza,ana-luizada-costa@example.com,73716688199.0,1995-11-23,Fem,Paraná,Divorciado/a,Empregado,Pós-graduação,BAIXA,2025-03-11,Android,+55 31 2255-9541
U01076,Renan,Pacheco,luiza42@example.net,81387417256.0,1997-08-28,Outro,Pernambuco,Divorciado/a,Aposentado,Ensino Médio,ALTA,2025-03-11,iOS,31 4527-0955
U01156,Liz,Brito,igorfreitas@example.net,23088350287.0,1970-12-02,Masc,Paraná,Viúvo/a,Autônomo,Ensino Médio,ALTA,2025-03-11,iOS,+55 (084) 6475-8508
U02352,Amanda,Oliveira,xpeixoto@example.com,39660238387.0,1970-01-01,Fem,Rio Grande do Sul,Viúvo/a,Empregado,Pós-graduação,BAIXA,2025-03-11,Android,+55 71 7035 0568
U02587,Ana Clara,Viana,dmartins@example.org,25206620689.0,1970-01-01,Fem,Rio Grande do Sul,Solteiro/a,Aposentado,Outro,MEDIA,2025-03-11,iOS,+55 41 1282 7339
U02931,Rebeca,Aparecida,luiz-henrique18@example.net,70833934379.0,1981-06-19,Outro,Ceará,Solteiro/a,Autônomo,Técnico,ALTA,2025-03-11,Android,+55 (011) 6940-9410
U03330,Davi,Duarte,novaisdante@example.org,19711269112.0,1970-01-01,Fem,Minas Gerais,Solteiro/a,Autônomo,Superior,MEDIA,2025-03-11,Android,+55 (071) 2963-8970
U04268,Hellena,Jesus,antonellacamargo@example.org,85886902718.0,1975-04-18,Fem,Paraná,Divorciado/a,Desempregado,Ensino Médio,BAIXA,2025-03-11,Android,+55 (081) 6082-2041
U01197,Luísa,Lopes,joao-guilherme98@example.net,50005350968.0,1993-10-27,Masc,Minas Gerais,Viúvo/a,Empregado,Superior,BAIXA,2025-03-12,iOS,0300 749 1858
U04288,Theodoro,Ferreira,samuelabreu@example.org,21014743737.0,1978-06-28,Outro,Ceará,Divorciado/a,Aposentado,Outro,BAIXA,2025-03-12,Android,(084) 8566 2751
U04454,Maria Laura,Pereira,leocavalcante@example.org,85499697618.0,1994-07-06,Masc,Pernambuco,Divorciado/a,Autônomo,Pós-graduação,BAIXA,2025-03-12,iOS,+55 (051) 1671-9285
U00900,Bella,da Cunha,qviana@example.org,52085740346.0,1983-05-29,Masc,Bahia,Solteiro/a,Empregado,Outro,BAIXA,2025-03-13,iOS,+55 31 0936 2088
U01124,Benício,Fernandes,maria-liz82@example.org,94635712175.0,1999-05-19,Outro,Bahia,Divorciado/a,Estudante,Outro,BAIXA,2025-03-13,Android,+55 (041) 8917 1244
U01754,Caleb,da Rocha,caldeirapedro@example.org,31177147424.0,1970-01-01,Masc,Rio de Janeiro,Casado/a,Desempregado,Técnico,ALTA,2025-03-13,Android,(031) 1647-0354
U03246,Eloah,Barros,britomiguel@example.org,17243236608.0,1991-01-13,Outro,Rio de Janeiro,Casado/a,Estudante,Pós-graduação,BAIXA,2025-03-13,iOS,+55 (084) 2637 1228
U03331,Gustavo Henrique,Castro,ana-livia76@example.net,15086934917.0,1993-06-28,Outro,Distrito Federal,Solteiro/a,Desempregado,Ensino Médio,BAIXA,2025-03-13,Android,41 0166 1432
U04338,Matteo,Costa,joao-lucaspereira@example.net,63483420295.0,1970-01-01,Outro,Pernambuco,Divorciado/a,Desempregado,Ensino Médio,BAIXA,2025-03-13,iOS,+55 (021) 3217 2828
U03092,Rafael,Pacheco,yan73@example.net,28538014890.0,1989-08-22,Masc,Rio Grande do Sul,Viúvo/a,Estudante,Outro,MEDIA,2025-03-14,iOS,(011) 1972-0263
U03498,Letícia,Pimenta,erick49@example.org,87442147407.0,1980-10-11,Outro,Paraná,Casado/a,Autônomo,Técnico,MEDIA,2025-03-14,Android,81 5418-1678
U03684,Gael,Abreu,heloisa41@example.net,53188938813.0,1970-01-01,Outro,Rio Grande do Sul,Casado/a,Autônomo,Técnico,MEDIA,2025-03-14,iOS,0900 825 8211
U04066,Caleb,Lopes,dante85@example.net,86498292489.0,1970-01-01,Masc,Paraná,Solteiro/a,Desempregado,Ensino Médio,MEDIA,2025-03-14,Android,+55 (084) 8017-0147
U01538,Eduarda,Guerra,kevin70@example.com,66221835332.0,1970-01-01,Outro,Rio Grande do Sul,Casado/a,Empregado,Outro,BAIXA,2025-03-15,Android,+55 61 6764 0553
U02536,João Miguel,Duarte,augustomoura@example.net,74413051636.0,1979-05-24,Fem,Paraná,Solteiro/a,Estudante,Ensino Médio,BAIXA,2025-03-15,iOS,+55 (021) 3698 0226
U03644,Heitor,Novaes,oliviavargas@example.org,63013723178.0,1979-12-24,Outro,São Paulo,Divorciado/a,Aposentado,Superior,ALTA,2025-03-15,Android,81 9447-7673
U04630,Ryan,Cunha,jcostela@example.org,44297966906.0,1970-01-01,Masc,Bahia,Divorciado/a,Desempregado,Ensino Médio,BAIXA,2025-03-15,iOS,+55 (031) 1694 7932
U00144,Emanuelly,Pires,kjesus@example.net,56811982202.0,1970-01-01,Fem,Rio de Janeiro,Casado/a,Estudante,Ensino Médio,BAIXA,2025-03-16,Android,(021) 7864-7335
U00589,Vinicius,da Costa,helena31@example.net,51626427171.0,1998-07-27,Outro,Paraná,Divorciado/a,Desempregado,Técnico,ALTA,2025-03-16,iOS,(081) 8271 5918
U00930,Francisco,Guerra,henry-gabrielrocha@example.net,77889248970.0,1982-09-08,Fem,Minas Gerais,Divorciado/a,Autônomo,Técnico,BAIXA,2025-03-16,Android,+55 11 1329 5844
U01597,Lorena,Vargas,thiago96@example.com,57174431779.0,1993-10-03,Masc,Rio de Janeiro,Viúvo/a,Desempregado,Ensino Médio,MEDIA,2025-03-16,Android,11 0891-0324
U02776,João,Lopes,duartetheo@example.net,74818551991.0,1970-01-01,Outro,Rio Grande do Sul,Casado/a,Aposentado,Ensino Médio,BAIXA,2025-03-16,iOS,(081) 6105 8457
U03339,Alice,Lima,stella07@example.org,54217018689.0,1984-04-05,Outro,Minas Gerais,Divorciado/a,Aposentado,Ensino Médio,BAIXA,2025-03-16,Android,71 8366-7909
U04793,Vinicius,Pacheco,vargasfelipe@example.net,35851844306.0,1988-02-22,Outro,Ceará,Solteiro/a,Empregado,Outro,MEDIA,2025-03-16,iOS,+55 (081) 8224 3344
U01785,Vitor Hugo,Cunha,eduarda03@example.com,28429382249.0,1971-02-18,Outro,Ceará,Casado/a,Autônomo,Outro,BAIXA,2025-03-17,Android,(071) 1272 1305
U01838,Levi,Lopes,lais19@example.com,23303617984.0,1971-04-17,Outro,Bahia,Casado/a,Aposentado,Superior,BAIXA,2025-03-17,iOS,(021) 1300 7538
U02815,Zoe,Sampaio,pviana@example.com,68228174970.0,1972-05-02,Outro,Bahia,Divorciado/a,Empregado,Outro,MEDIA,2025-03-17,Android,(081) 6256-0273
U03789,Ravi Lucca,Mendes,murilo14@example.net,90655412423.0,1970-01-01,Outro,Ceará,Casado/a,Autônomo,Superior,ALTA,2025-03-17,iOS,21 4302 0543
U04632,Luiz Fernando,da Rocha,ribeiroarthur@example.org,78148551287.0,1991-06-25,Masc,Distrito Federal,Solteiro/a,Empregado,Superior,BAIXA,2025-03-17,iOS,+55 (031) 1189-3113
U00516,Zoe,Jesus,brayanmendonca@example.org,31365953154.0,1991-12-09,Masc,Distrito Federal,Casado/a,Autônomo,Técnico,ALTA,2025-03-18,iOS,(051) 2578 3756
U00739,Davi Lucca,Ferreira,arthur-miguel83@example.org,34286775434.0,1970-01-01,Fem,Rio Grande do Sul,Solteiro/a,Empregado,Superior,MEDIA,2025-03-18,iOS,+55 81 0876-3683
U00842,Larissa,Sampaio,sophiemoura@example.org,14358924017.0,1991-05-21,Masc,Paraná,Casado/a,Desempregado,Ensino Médio,MEDIA,2025-03-18,iOS,(021) 8713-5630
U00907,Lucas Gabriel,Oliveira,pnunes@example.net,68313176489.0,1970-01-01,Fem,Minas Gerais,Casado/a,Autônomo,Técnico,BAIXA,2025-03-18,iOS,51 5644 8770
U01395,Gabrielly,da Luz,pietramelo@example.org,11444346465.0,1997-11-15,Fem,Rio de Janeiro,Viúvo/a,Empregado,Ensino Médio,MEDIA,2025-03-18,Android,(021) 6172-5344
U04319,Helena,Alves,da-cruzsabrina@example.com,88608380422.0,1994-04-28,Masc,Rio Grande do Sul,Solteiro/a,Estudante,Técnico,BAIXA,2025-03-18,Android,+55 (011) 0274 7740
U04684,Giovanna,Leão,marina38@example.net,57398963393.0,1970-01-01,Fem,Pernambuco,Divorciado/a,Desempregado,Outro,BAIXA,2025-03-18,Android,+55 (031) 4137-5192
U01282,Luana,Ramos,rsales@example.com,43488809689.0,1970-01-01,Masc,Rio de Janeiro,Viúvo/a,Estudante,Ensino Médio,MEDIA,2025-03-19,iOS,+55 (084) 9295 7378
U02771,João Lucas,Gonçalves,wmontenegro@example.net,63922213401.0,1970-01-01,Masc,Paraná,Viúvo/a,Aposentado,Pós-graduação,MEDIA,2025-03-19,Android,71 2540 9387
U02946,Brayan,Azevedo,jda-cruz@example.com,84910917402.0,1987-05-06,Outro,Rio de Janeiro,Solteiro/a,Empregado,Superior,MEDIA,2025-03-19,iOS,61 3597-7813
U01193,Stella,Cavalcanti,rezendejoao-felipe@example.com,67719478929.0,1970-02-11,Fem,Minas Gerais,Viúvo/a,Desempregado,Pós-graduação,BAIXA,2025-03-20,iOS,+55 (084) 7404-7637
U00081,Maitê,Pastor,laisgomes@example.net,77791931042.0,2003-09-22,Outro,Pernambuco,Solteiro/a,Aposentado,Superior,ALTA,2025-03-21,Android,(081) 0652 6665
U01813,Théo,Aragão,siqueiralucas@example.net,36540000133.0,1985-07-23,Outro,Rio de Janeiro,Viúvo/a,Estudante,Técnico,ALTA,2025-03-21,Android,+55 21 9444-8813
U02234,Vicente,Moura,tbarbosa@example.net,33370374941.0,1970-01-01,Outro,Ceará,Casado/a,Desempregado,Técnico,ALTA,2025-03-21,Android,+55 71 9482 7348
U04488,Isaac,Nogueira,ana-sophiada-cruz@example.net,94172555285.0,1970-01-01,Fem,Distrito Federal,Divorciado/a,Desempregado,Pós-graduação,BAIXA,2025-03-21,Android,11 7603 8347
U00734,Isaac,Castro,anna-lizvieira@example.org,61965373071.0,1972-02-11,Fem,Pernambuco,Viúvo/a,Autônomo,Ensino Médio,ALTA,2025-03-22,Android,+55 (031) 3506-4035
U01114,Eduardo,Albuquerque,yurileao@example.com,34525445492.0,1970-01-01,Outro,Ceará,Casado/a,Aposentado,Outro,ALTA,2025-03-22,iOS,0800-791-6080
U01321,Maria Eduarda,Castro,xcostela@example.com,20133204807.0,2002-05-01,Outro,Bahia,Solteiro/a,Estudante,Ensino Médio,MEDIA,2025-03-22,iOS,11 9758-6179
U01711,Clarice,Pastor,riossophie@example.com,15036749231.0,1970-01-01,Fem,Paraná,Casado/a,Empregado,Técnico,ALTA,2025-03-22,Android,(051) 4323 0785
U03651,Carlos Eduardo,Araújo,enricocorreia@example.org,45354205888.0,1970-01-01,Masc,Ceará,Viúvo/a,Autônomo,Técnico,BAIXA,2025-03-22,iOS,(071) 4703-2655
U00453,Matheus,Moraes,azevedoester@example.org,58106772082.0,1970-01-01,Fem,Ceará,Viúvo/a,Estudante,Pós-graduação,MEDIA,2025-03-23,Android,(051) 2842-7506
U02276,João Gabriel,Pacheco,elisa16@example.org,95386914864.0,1980-08-21,Fem,Pernambuco,Casado/a,Aposentado,Outro,BAIXA,2025-03-23,Android,(041) 0962-8390
U04019,Giovanna,Cunha,levialmeida@example.org,31623310371.0,2001-06-22,Masc,Pernambuco,Viúvo/a,Desempregado,Superior,ALTA,2025-03-23,iOS,31 0936-5343
U00849,Pedro,Peixoto,almeidaandre@example.org,55521931258.0,1970-01-01,Masc,Minas Gerais,Viúvo/a,Empregado,Técnico,MEDIA,2025-03-24,iOS,31 4707 1465
U01650,Arthur Gabriel,da Costa,valentim89@example.com,15811258303.0,1970-01-01,Outro,Pernambuco,Viúvo/a,Empregado,Ensino Médio,ALTA,2025-03-24,Android,+55 61 8888-8690
U03101,Apollo,Montenegro,joao-gabriellima@example.com,43180685939.0,1988-09-10,Outro,Minas Gerais,Viúvo/a,Autônomo,Ensino Médio,BAIXA,2025-03-24,iOS,31 7175 5896
U04403,Enzo Gabriel,Guerra,cauamachado@example.org,85687055644.0,1984-09-24,Masc,Rio de Janeiro,Casado/a,Autônomo,Superior,BAIXA,2025-03-24,iOS,(081) 7478 5962
U04696,Liz,Mendes,thomas50@example.net,81387555700.0,1983-04-05,Outro,Paraná,Solteiro/a,Desempregado,Superior,ALTA,2025-03-24,Android,(021) 4060 5532
U00469,Maitê,da Conceição,maria-fernandacamargo@example.com,58560964923.0,1970-01-01,Masc,Pernambuco,Viúvo/a,Autônomo,Pós-graduação,BAIXA,2025-03-25,Android,0800 212 5739
U02001,Vicente,Moraes,silveiraleonardo@example.org,35658316316.0,1975-06-18,Fem,Paraná,Viúvo/a,Aposentado,Técnico,BAIXA,2025-03-25,Android,+55 81 1610-5973
U03650,Pedro Miguel,Vargas,ida-costa@example.net,96995612603.0,1970-01-01,Masc,Distrito Federal,Casado/a,Desempregado,Superior,BAIXA,2025-03-25,iOS,+55 71 4576 6439
U03661,Mathias,Siqueira,vpacheco@example.net,10972876087.0,1970-01-01,Outro,Distrito Federal,Divorciado/a,Empregado,Ensino Médio,MEDIA,2025-03-25,Android,(071) 9388-0010
U04083,Alexandre,Almeida,rborges@example.net,45774663637.0,1970-03-04,Fem,São Paulo,Casado/a,Autônomo,Superior,ALTA,2025-03-25,iOS,+55 84 4211 1496
U01056,Amanda,Silva,ana71@example.net,94733837272.0,1971-07-29,Masc,Distrito Federal,Viúvo/a,Aposentado,Outro,BAIXA,2025-03-26,Android,+55 31 5222-2717
U03949,Heitor,Nascimento,stephanybrito@example.org,21895844247.0,1982-12-11,Masc,Rio de Janeiro,Casado/a,Aposentado,Ensino Médio,ALTA,2025-03-26,iOS,(021) 6545-4189
U04331,Caio,Macedo,julianovaes@example.com,20340823712.0,1998-03-19,Masc,Paraná,Divorciado/a,Empregado,Superior,MEDIA,2025-03-26,iOS,+55 (011) 7832 9402
U04663,Maria Luísa,Caldeira,luana70@example.org,87949488233.0,2000-04-03,Fem,Distrito Federal,Viúvo/a,Estudante,Ensino Médio,MEDIA,2025-03-26,Android,+55 (021) 2880 1284
U00257,Maria Helena,Sales,souzagabrielly@example.org,60590819214.0,1997-11-17,Fem,Rio de Janeiro,Casado/a,Empregado,Superior,BAIXA,2025-03-27,iOS,21 1786 5396
U03216,Luna,da Cruz,lorenzojesus@example.com,79325728184.0,1970-01-01,Outro,Ceará,Viúvo/a,Estudante,Técnico,BAIXA,2025-03-27,iOS,51 9385 9701
U04057,Ian,Almeida,gsilva@example.com,53650072902.0,1970-01-01,Masc,Paraná,Solteiro/a,Empregado,Superior,ALTA,2025-03-27,iOS,11 8984 4393
U04947,Nicole,da Conceição,andradeisabel@example.org,97778609060.0,1977-03-19,Outro,Pernambuco,Casado/a,Estudante,Outro,ALTA,2025-03-27,Android,11 3019 8784
U01432,Manuela,Cavalcante,leandrocamargo@example.net,41532918661.0,1977-02-14,Masc,São Paulo,Solteiro/a,Aposentado,Pós-graduação,BAIXA,2025-03-28,Android,41 5775 9619
U01982,Luiz Henrique,Casa Grande,ravimarques@example.net,96759277475.0,2000-05-01,Fem,Rio de Janeiro,Casado/a,Desempregado,Outro,ALTA,2025-03-28,Android,71 1708-1818
U02284,Ana Clara,Marques,antonellacampos@example.net,82666345770.0,1970-04-14,Fem,Paraná,Casado/a,Estudante,Técnico,ALTA,2025-03-28,Android,21 1598 6537
U04731,Stella,Pimenta,gomesjoao-vitor@example.org,38996973218.0,1970-01-01,Fem,Paraná,Divorciado/a,Desempregado,Superior,MEDIA,2025-03-29,iOS,0300 714 7262
U02768,Ana Sophia,Moreira,ana-cecilia90@example.org,95812429557.0,1998-08-12,Outro,Minas Gerais,Viúvo/a,Aposentado,Técnico,MEDIA,2025-03-31,iOS,+55 71 2934-8495
U04425,Lunna,Porto,yda-rosa@example.net,71407614436.0,1974-07-25,Outro,Pernambuco,Solteiro/a,Desempregado,Outro,MEDIA,2025-04-01,iOS,+55 (041) 2371-5694
U00235,Bella,da Paz,rda-conceicao@example.org,29007678586.0,2005-03-31,Masc,São Paulo,Divorciado/a,Aposentado,Técnico,BAIXA,2025-04-02,iOS,+55 (041) 9394 6431
U02091,Ana Laura,da Rosa,maria-cecilia78@example.net,29565280722.0,1993-06-19,Outro,São Paulo,Casado/a,Autônomo,Superior,BAIXA,2025-04-02,iOS,+55 21 3979-1090
U03229,Bruna,Campos,wda-mota@example.org,79504972545.0,1970-01-01,Fem,Distrito Federal,Solteiro/a,Aposentado,Técnico,BAIXA,2025-04-02,Android,+55 (011) 6834 8029
U03932,Mariane,Sampaio,enrico60@example.com,36832800214.0,1970-01-01,Masc,São Paulo,Solteiro/a,Estudante,Pós-graduação,ALTA,2025-04-02,Android,+55 (031) 9272-8268
U01333,Alexandre,Melo,freitasana-clara@example.net,11274555427.0,1982-01-10,Outro,Rio Grande do Sul,Solteiro/a,Empregado,Pós-graduação,ALTA,2025-04-03,iOS,(011) 4029 6446
U01710,Sofia,Novaes,mmendes@example.com,27566800163.0,2003-11-06,Outro,Distrito Federal,Divorciado/a,Aposentado,Outro,ALTA,2025-04-03,Android,+55 11 7518-7344
U02578,Levi,Silva,silveirabenicio@example.org,45915068718.0,1970-01-01,Outro,Pernambuco,Solteiro/a,Desempregado,Técnico,MEDIA,2025-04-03,Android,0300-091-8361
U04724,Ayla,Pacheco,joao-pedro33@example.com,58866562188.0,1970-01-01,Fem,Bahia,Casado/a,Empregado,Pós-graduação,ALTA,2025-04-03,Android,+55 31 6747-0413
U01246,Rael,Cardoso,henriquedias@example.org,97461951297.0,1970-01-01,Outro,São Paulo,Divorciado/a,Empregado,Técnico,BAIXA,2025-04-04,Android,0800-609-1781
U01511,Antony,Azevedo,viniciuspereira@example.net,12938438335.0,1970-01-01,Fem,Bahia,Casado/a,Estudante,Superior,MEDIA,2025-04-04,iOS,81 1978 7996
U02573,Pietra,Melo,cda-cruz@example.com,63582142081.0,1973-09-07,Masc,Ceará,Casado/a,Estudante,Pós-graduação,MEDIA,2025-04-04,Android,+55 (071) 0398 6476
U03852,Marcela,Novais,ggarcia@example.org,20113779364.0,2002-04-14,Fem,Pernambuco,Solteiro/a,Aposentado,Técnico,BAIXA,2025-04-04,iOS,(084) 1478-3436
U04107,Otávio,Duarte,lucas-gabriel67@example.net,10192935466.0,1976-07-04,Outro,Rio Grande do Sul,Casado/a,Autônomo,Técnico,BAIXA,2025-04-04,Android,+55 11 7096 5759
U04518,Isabelly,Novais,vrocha@example.org,82292514374.0,1983-05-26,Masc,Distrito Federal,Casado/a,Autônomo,Outro,BAIXA,2025-04-04,iOS,61 2368-3605
U01903,Brenda,Marques,camargoalexia@example.org,81643659899.0,1990-02-07,Masc,Pernambuco,Solteiro/a,Empregado,Superior,MEDIA,2025-04-05,iOS,+55 31 9617-3104
U01929,Mariah,Sales,maria-vitoriasales@example.net,25816023882.0,1977-04-23,Fem,Distrito Federal,Casado/a,Desempregado,Técnico,MEDIA,2025-04-05,Android,71 1597-7710
U04770,Kaique,Silveira,wsouza@example.org,96381527146.0,1987-03-27,Outro,Paraná,Divorciado/a,Estudante,Técnico,BAIXA,2025-04-05,iOS,+55 (084) 1572 1849
U04822,Lara,Camargo,martinsapollo@example.com,29857560250.0,1972-12-16,Masc,Ceará,Solteiro/a,Estudante,Pós-graduação,BAIXA,2025-04-05,iOS,(071) 4627-2972
U00353,Luiz Felipe,Pires,ninamarques@example.net,24304006118.0,1977-01-03,Outro,São Paulo,Solteiro/a,Estudante,Técnico,BAIXA,2025-04-06,Android,+55 84 1863 9078
U00677,Beatriz,Cavalcante,jose30@example.com,62072613824.0,1972-08-19,Masc,Bahia,Casado/a,Desempregado,Outro,ALTA,2025-04-06,Android,+55 41 2579-5514
U00698,Davi,Marques,isaque18@example.net,90895984665.0,1970-01-01,Masc,Ceará,Divorciado/a,Desempregado,Pós-graduação,BAIXA,2025-04-06,iOS,0300-596-5933
U02248,Igor,da Mata,asantos@example.net,84332339395.0,1970-01-01,Masc,Rio de Janeiro,Solteiro/a,Autônomo,Outro,MEDIA,2025-04-06,iOS,+55 (071) 0808 4362
U02648,Maria Eduarda,das Neves,da-rochabella@example.net,91656740982.0,1990-12-23,Masc,São Paulo,Casado/a,Aposentado,Pós-graduação,ALTA,2025-04-06,Android,+55 11 6649 9207
U00539,Thales,Teixeira,qandrade@example.net,89887129286.0,1985-06-06,Fem,Minas Gerais,Divorciado/a,Aposentado,Ensino Médio,MEDIA,2025-04-07,Android,+55 (021) 2786-4633
U00757,Enzo,Pastor,luanrezende@example.net,77219232473.0,1978-06-01,Masc,Bahia,Viúvo/a,Aposentado,Superior,ALTA,2025-04-07,Android,0900 354 1576
U00987,Lucas,Sales,gabriellyfogaca@example.net,62960594020.0,1970-01-01,Masc,Rio Grande do Sul,Casado/a,Estudante,Ensino Médio,MEDIA,2025-04-07,iOS,41 2795 7320
U02107,Brenda,Sá,novaesdiogo@example.org,82656574362.0,2004-11-10,Masc,Pernambuco,Solteiro/a,Desempregado,Técnico,BAIXA,2025-04-07,Android,+55 21 4686 0858
U02133,Pedro Miguel,Siqueira,novaisheitor@example.org,56462144289.0,1990-03-22,Masc,Minas Gerais,Viúvo/a,Estudante,Superior,ALTA,2025-04-07,Android,+55 (084) 1653-3915
U04503,Ágatha,Alves,danilo84@example.net,27940800005.0,1992-10-04,Masc,São Paulo,Divorciado/a,Estudante,Técnico,MEDIA,2025-04-07,Android,0900 952 5896
U00034,Alexia,Machado,ocunha@example.org,28430981490.0,1997-05-23,Fem,Bahia,Divorciado/a,Estudante,Outro,BAIXA,2025-04-08,iOS,+55 (041) 7561 1696
U00650,Sophia,Cassiano,anna-lizporto@example.com,26855861915.0,1994-01-16,Outro,Ceará,Casado/a,Estudante,Outro,BAIXA,2025-04-08,Android,+55 84 1997 6205
U01999,Bárbara,Freitas,vmontenegro@example.com,72414032716.0,1987-07-21,Outro,Paraná,Viúvo/a,Aposentado,Superior,ALTA,2025-04-08,iOS,0800 736 7324
U02414,Luiz Gustavo,Borges,fogacamaya@example.net,24434184837.0,1970-01-01,Outro,Rio de Janeiro,Divorciado/a,Estudante,Ensino Médio,MEDIA,2025-04-08,Android,84 1493-2600
U03589,Liam,Abreu,hramos@example.org,43328885251.0,2007-05-21,Fem,Bahia,Viúvo/a,Estudante,Outro,MEDIA,2025-04-08,Android,71 9054-2165
U03895,Joaquim,Nogueira,machadolorena@example.org,11109811971.0,1970-01-01,Fem,Pernambuco,Divorciado/a,Estudante,Superior,BAIXA,2025-04-08,iOS,+55 21 2495-2454
U04395,Maria Júlia,Aragão,da-pazmarcela@example.org,13440382202.0,2001-03-27,Outro,Pernambuco,Divorciado/a,Estudante,Pós-graduação,MEDIA,2025-04-08,iOS,(011) 4843 5931
U04510,Luiz Gustavo,Castro,tcamargo@example.com,95660380755.0,1980-03-14,Fem,Pernambuco,Casado/a,Desempregado,Ensino Médio,BAIXA,2025-04-08,Android,(071) 5664-9857
U00940,Anthony Gabriel,Fogaça,inogueira@example.com,50601362879.0,1970-01-01,Masc,Rio de Janeiro,Casado/a,Estudante,Ensino Médio,BAIXA,2025-04-09,iOS,+55 (021) 3982-0494
U01669,Marcos Vinicius,Aparecida,aparecidavalentim@example.com,48436298000.0,1971-05-08,Outro,Minas Gerais,Viúvo/a,Aposentado,Técnico,MEDIA,2025-04-09,iOS,+55 31 7415 5924
U03476,Enzo Gabriel,Cavalcante,tda-rocha@example.com,60367362770.0,1986-03-07,Outro,Ceará,Solteiro/a,Empregado,Superior,MEDIA,2025-04-09,Android,(084) 3822 1904
U04257,Isaque,Caldeira,emilly24@example.org,93799359526.0,1982-01-19,Fem,Ceará,Solteiro/a,Empregado,Técnico,BAIXA,2025-04-09,Android,21 1526 6283
U00261,Henry Gabriel,Costa,bpeixoto@example.com,23903012426.0,1976-02-09,Masc,Ceará,Divorciado/a,Aposentado,Técnico,ALTA,2025-04-10,iOS,+55 11 8602-1470
U00442,Ester,Fernandes,evelyn92@example.net,27089761020.0,1970-12-26,Outro,Minas Gerais,Divorciado/a,Autônomo,Técnico,BAIXA,2025-04-10,Android,+55 (021) 4896-3095
U01023,Enzo Gabriel,Campos,alicia74@example.com,27100977033.0,2006-03-27,Outro,Paraná,Divorciado/a,Estudante,Técnico,MEDIA,2025-04-10,Android,+55 (041) 9836 7260
U02120,Luiz Miguel,da Costa,limaaugusto@example.net,11880998656.0,1970-01-01,Masc,Rio Grande do Sul,Divorciado/a,Empregado,Superior,BAIXA,2025-04-10,Android,+55 (084) 1955 1466
U02774,Catarina,Fogaça,scostela@example.net,94640807153.0,1977-09-19,Fem,São Paulo,Solteiro/a,Desempregado,Superior,BAIXA,2025-04-10,Android,+55 41 6503 4295
U03573,Ana Júlia,Vargas,luiz-otavioribeiro@example.net,25960567979.0,1970-01-01,Fem,Minas Gerais,Solteiro/a,Desempregado,Pós-graduação,BAIXA,2025-04-10,Android,0800-060-1707
U04344,Benjamim,Rocha,maria-eduarda75@example.net,14379023279.0,1991-12-15,Masc,Rio Grande do Sul,Divorciado/a,Empregado,Outro,ALTA,2025-04-10,Android,+55 (084) 3209-1278
U04883,Cecilia,Campos,luiz-henrique68@example.org,94851511171.0,1970-01-01,Fem,Bahia,Divorciado/a,Empregado,Ensino Médio,BAIXA,2025-04-10,Android,11 3275-5304
U04901,Ayla,Pinto,gcassiano@example.org,49301471455.0,1991-05-13,Fem,Pernambuco,Casado/a,Empregado,Outro,MEDIA,2025-04-10,iOS,11 6826 7639
U04959,Lavínia,Costa,ncarvalho@example.org,55385848832.0,2006-07-29,Masc,Paraná,Viúvo/a,Estudante,Superior,BAIXA,2025-04-10,Android,0500-924-1023
U01368,Davi Luiz,Pastor,limaclara@example.net,57771673346.0,2000-09-09,Masc,Minas Gerais,Divorciado/a,Aposentado,Ensino Médio,BAIXA,2025-04-11,iOS,+55 61 2772-5812
U01462,Theo,Farias,maria-fernandaleao@example.org,88582599446.0,1987-11-09,Fem,Paraná,Solteiro/a,Desempregado,Ensino Médio,ALTA,2025-04-11,iOS,71 9922-5691
U03985,Maria Alice,Santos,castroyuri@example.com,91016603511.0,1970-01-01,Masc,Paraná,Viúvo/a,Desempregado,Ensino Médio,MEDIA,2025-04-11,iOS,0900 535 7235
U00078,Vitor,Gomes,ana-beatriz13@example.net,33149189664.0,1970-01-01,Outro,Rio Grande do Sul,Divorciado/a,Aposentado,Técnico,ALTA,2025-04-12,Android,+55 (011) 4027-2205
U00851,Bianca,Fernandes,zcunha@example.org,38980299626.0,1970-01-01,Fem,Bahia,Solteiro/a,Estudante,Técnico,ALTA,2025-04-12,Android,21 2063 3024
U01399,Danilo,Cirino,cunhalivia@example.org,50634670099.0,1970-01-01,Fem,Paraná,Casado/a,Empregado,Técnico,MEDIA,2025-04-12,Android,0500-866-7029
U01408,Olívia,Câmara,pleao@example.net,25470452348.0,1970-01-01,Fem,Rio de Janeiro,Divorciado/a,Aposentado,Pós-graduação,MEDIA,2025-04-12,iOS,11 4182 2330
U01526,Marina,Novaes,luana18@example.com,14578731878.0,1988-12-13,Masc,Rio de Janeiro,Casado/a,Autônomo,Outro,ALTA,2025-04-12,Android,+55 (041) 6186-4274
U01777,Felipe,Souza,vasconcelosotavio@example.net,71294282864.0,1970-01-01,Masc,São Paulo,Divorciado/a,Aposentado,Superior,MEDIA,2025-04-12,Android,51 1727 9666
U02471,Maria Alice,Guerra,camargostephany@example.net,10339074941.0,2002-09-12,Masc,Minas Gerais,Casado/a,Autônomo,Outro,MEDIA,2025-04-12,Android,(041) 2576 0543
U01693,Júlia,Rezende,eloa64@example.org,46847106554.0,2001-03-27,Masc,Minas Gerais,Viúvo/a,Empregado,Ensino Médio,BAIXA,2025-04-13,iOS,31 6669 5900
U01814,Luan,Viana,hmontenegro@example.net,25740135141.0,1981-01-05,Outro,Rio Grande do Sul,Viúvo/a,Empregado,Superior,ALTA,2025-04-13,iOS,31 4535-2036
U03636,Guilherme,Duarte,mporto@example.com,36490182352.0,1982-03-17,Outro,Pernambuco,Solteiro/a,Aposentado,Técnico,ALTA,2025-04-13,Android,+55 (051) 6850 9813
U03647,Otto,da Mata,mouramaria-julia@example.net,37763101439.0,1970-01-01,Masc,Paraná,Solteiro/a,Autônomo,Técnico,MEDIA,2025-04-13,Android,84 4351 9380
U03920,Aurora,Cardoso,henry96@example.org,82244767869.0,1970-01-01,Masc,Bahia,Viúvo/a,Autônomo,Outro,BAIXA,2025-04-13,Android,+55 (031) 9082 1553
U04864,Maria Luiza,Aragão,daragao@example.net,29050247520.0,1970-01-01,Masc,Rio Grande do Sul,Casado/a,Estudante,Técnico,BAIXA,2025-04-13,iOS,(081) 1380 9509
U00251,Brenda,da Mota,calebeguerra@example.com,77018594557.0,1970-01-01,Outro,Ceará,Solteiro/a,Autônomo,Outro,ALTA,2025-04-14,Android,81 3910 8467
U01182,Lucas,Viana,diaseloah@example.net,97899108696.0,1973-12-04,Fem,Bahia,Viúvo/a,Aposentado,Superior,ALTA,2025-04-14,iOS,+55 (081) 8487-1082
U02235,Yago,Novais,garciavitor@example.org,85482948893.0,1970-01-01,Masc,Rio Grande do Sul,Casado/a,Desempregado,Técnico,BAIXA,2025-04-14,Android,+55 81 5349-2401
U02399,Maria Cecília,Duarte,barbara59@example.org,45843598677.0,1982-08-29,Fem,Bahia,Solteiro/a,Autônomo,Técnico,BAIXA,2025-04-14,Android,+55 51 9871 8093
U04298,Pietro,Camargo,joao-miguel58@example.net,47786380686.0,1970-01-01,Outro,Minas Gerais,Casado/a,Estudante,Técnico,ALTA,2025-04-14,Android,71 1582-1375
U04342,Levi,Montenegro,siqueirayan@example.net,87875461252.0,1972-11-21,Masc,Paraná,Viúvo/a,Estudante,Superior,BAIXA,2025-04-14,iOS,+55 31 8324 9411
U04809,Bárbara,da Luz,raquel66@example.com,45667433123.0,2000-11-25,Outro,Distrito Federal,Viúvo/a,Estudante,Ensino Médio,ALTA,2025-04-14,Android,+55 (071) 3738 4625
U04960,Maria Fernanda,Cavalcante,iteixeira@example.net,17681772995.0,1970-01-01,Masc,Rio Grande do Sul,Viúvo/a,Empregado,Pós-graduação,ALTA,2025-04-14,Android,+55 51 6621 3213
U00797,Asafe,da Mata,luiz-gustavo74@example.net,58604191238.0,1997-03-08,Masc,Paraná,Viúvo/a,Desempregado,Superior,ALTA,2025-04-15,iOS,+55 (081) 0971-2327
U01961,Ana Lívia,Viana,antonyviana@example.com,44843247613.0,1970-01-01,Masc,Distrito Federal,Solteiro/a,Aposentado,Pós-graduação,MEDIA,2025-04-15,Android,+55 11 4942 2373
U02115,Bianca,Araújo,vitor-hugo84@example.com,15311200386.0,2005-09-22,Masc,Paraná,Divorciado/a,Desempregado,Pós-graduação,BAIXA,2025-04-15,iOS,(011) 9014-5474
U02483,Pedro,Lima,lcasa-grande@example.org,45281104749.0,2006-04-20,Fem,São Paulo,Divorciado/a,Estudante,Outro,BAIXA,2025-04-15,iOS,+55 (061) 9180 6591
U00164,Gabriel,da Conceição,davi47@example.com,29255565503.0,1970-01-01,Fem,Paraná,Divorciado/a,Empregado,Outro,ALTA,2025-04-16,iOS,+55 31 3104-5873
U03179,Manuella,Teixeira,maria-luizadas-neves@example.org,57481346637.0,1999-03-13,Masc,Pernambuco,Solteiro/a,Autônomo,Técnico,ALTA,2025-04-16,Android,21 1510 2715
U03465,Marcela,Farias,eloa20@example.net,74501309029.0,1992-11-14,Fem,Pernambuco,Divorciado/a,Aposentado,Superior,MEDIA,2025-04-16,Android,+55 51 0400 3785
U04096,Beatriz,Melo,ana-lizcaldeira@example.com,47976447642.0,1973-11-09,Fem,Distrito Federal,Solteiro/a,Autônomo,Superior,BAIXA,2025-04-16,iOS,+55 61 9314-8578
U04779,Alícia,Sousa,maria-luizafarias@example.org,65224718483.0,1970-01-01,Masc,Rio de Janeiro,Divorciado/a,Estudante,Ensino Médio,MEDIA,2025-04-16,iOS,51 4743 2054
U00227,Bento,Viana,dcampos@example.com,69500542298.0,1995-06-08,Fem,Rio de Janeiro,Solteiro/a,Aposentado,Técnico,MEDIA,2025-04-17,iOS,+55 (061) 4587 9915
U01110,Alana,Souza,qalbuquerque@example.com,69311965712.0,1976-03-23,Masc,Minas Gerais,Solteiro/a,Empregado,Superior,MEDIA,2025-04-17,Android,(011) 6971-2666
U01547,Alana,Barbosa,moraesdaniela@example.net,26741174877.0,1970-01-01,Outro,Rio de Janeiro,Divorciado/a,Desempregado,Técnico,BAIXA,2025-04-17,iOS,(081) 8025 7426
U04244,Davi Miguel,Pimenta,luiz-henriquenunes@example.org,55857222701.0,1994-08-17,Masc,São Paulo,Casado/a,Empregado,Pós-graduação,MEDIA,2025-04-17,iOS,(011) 5565 2519
U04751,Sarah,Fonseca,fmoreira@example.com,76882097032.0,1984-04-04,Outro,Minas Gerais,Viúvo/a,Empregado,Superior,ALTA,2025-04-17,Android,+55 (011) 2561 8151
U04881,Maria Clara,Teixeira,zribeiro@example.com,57957631598.0,1993-11-25,Fem,Ceará,Divorciado/a,Aposentado,Superior,MEDIA,2025-04-17,iOS,71 5983-8471
U00776,Sophia,Garcia,rafaela58@example.com,32739227818.0,1983-08-31,Fem,Bahia,Solteiro/a,Empregado,Outro,MEDIA,2025-04-18,Android,(061) 8209-4832
U00795,Luiz Otávio,Peixoto,da-conceicaomaria-alice@example.com,25752811656.0,1988-02-12,Fem,Paraná,Viúvo/a,Estudante,Técnico,ALTA,2025-04-18,iOS,84 5282 2290
U03064,Jade,Moreira,zsouza@example.org,16013442400.0,1996-01-26,Masc,Rio de Janeiro,Divorciado/a,Desempregado,Outro,ALTA,2025-04-18,iOS,+55 (021) 9517-1167
U03881,Clara,Andrade,luizanunes@example.net,24664133511.0,2004-04-20,Fem,Distrito Federal,Viúvo/a,Estudante,Superior,BAIXA,2025-04-18,Android,31 7558 6789
U00333,Alana,Ramos,galbuquerque@example.net,67735032362.0,2003-05-03,Masc,Ceará,Viúvo/a,Autônomo,Pós-graduação,MEDIA,2025-04-19,iOS,(084) 5446-2237
U00809,Paulo,Duarte,correiaevelyn@example.com,91148756014.0,2000-09-12,Masc,Rio de Janeiro,Divorciado/a,Desempregado,Superior,BAIXA,2025-04-19,iOS,+55 31 8632 6300
U01298,Sophie,Gonçalves,barbosaana-livia@example.com,68913257715.0,1999-01-29,Fem,Distrito Federal,Divorciado/a,Aposentado,Superior,ALTA,2025-04-19,Android,+55 (041) 4891-4670
U01959,Luiz Gustavo,Aragão,danielda-costa@example.org,37027476186.0,1972-08-25,Masc,São Paulo,Divorciado/a,Desempregado,Pós-graduação,MEDIA,2025-04-19,Android,21 7885-6746
U00648,Ana Laura,Cassiano,joao-pedropeixoto@example.org,49217128807.0,1990-05-07,Masc,Bahia,Solteiro/a,Aposentado,Técnico,MEDIA,2025-04-20,iOS,+55 71 0192-3804
U01118,Benício,Moura,imendonca@example.net,35667255911.0,2006-07-11,Outro,Bahia,Divorciado/a,Desempregado,Superior,BAIXA,2025-04-20,Android,+55 21 9067-4993
U01162,Vinicius,Vasconcelos,caualima@example.com,12803423736.0,1985-01-11,Masc,Minas Gerais,Viúvo/a,Estudante,Técnico,ALTA,2025-04-20,iOS,+55 (031) 4755 8386
U01715,Eduardo,Abreu,heloisada-rocha@example.org,12869983965.0,1998-05-29,Masc,São Paulo,Viúvo/a,Aposentado,Superior,ALTA,2025-04-20,iOS,(071) 4104-5630
U04752,Agatha,Lopes,pedrocostela@example.com,51305995611.0,1977-06-06,Fem,Rio de Janeiro,Viúvo/a,Autônomo,Técnico,BAIXA,2025-04-20,iOS,0800-509-9079
U03091,Manuela,Guerra,marcos-vinicius74@example.org,54938988597.0,1980-02-26,Outro,Paraná,Viúvo/a,Autônomo,Superior,MEDIA,2025-04-21,iOS,(061) 6483 5700
U04324,Arthur,Garcia,ravy31@example.com,27620421722.0,1985-07-24,Outro,Ceará,Divorciado/a,Estudante,Superior,MEDIA,2025-04-21,iOS,+55 71 1112 8811
U01199,Matheus,Aparecida,vieiradavi-miguel@example.org,82530150004.0,1994-06-22,Outro,São Paulo,Viúvo/a,Aposentado,Técnico,BAIXA,2025-04-22,Android,(051) 1285-6328
U02913,Nathan,Sá,lorenzomonteiro@example.com,89304900812.0,1990-11-29,Fem,Distrito Federal,Solteiro/a,Autônomo,Pós-graduação,ALTA,2025-04-22,Android,51 4105 0325
U03238,Evelyn,da Costa,rael03@example.com,47565902057.0,1998-06-11,Fem,Ceará,Viúvo/a,Desempregado,Outro,ALTA,2025-04-22,Android,11 1999 5810
U03450,Maria Liz,Dias,cpimenta@example.com,43624344038.0,1970-01-01,Masc,Bahia,Viúvo/a,Desempregado,Técnico,MEDIA,2025-04-22,Android,41 6232 2910
U04654,Letícia,Jesus,qmoraes@example.net,36281624199.0,1975-02-10,Outro,Distrito Federal,Viúvo/a,Aposentado,Superior,BAIXA,2025-04-22,iOS,+55 21 0271-6301
U00341,Apollo,Porto,pnovais@example.net,46353707158.0,1970-01-01,Masc,Minas Gerais,Casado/a,Autônomo,Ensino Médio,BAIXA,2025-04-23,iOS,+55 (071) 9136-5469
U01184,Felipe,Moreira,arthur-gabrielda-cunha@example.org,60797711582.0,1974-09-06,Fem,Paraná,Divorciado/a,Empregado,Ensino Médio,MEDIA,2025-04-23,iOS,41 4569 1423
U01449,Helena,Martins,ramosnicolas@example.org,80205809012.0,1981-06-10,Fem,Rio Grande do Sul,Casado/a,Empregado,Superior,ALTA,2025-04-23,iOS,61 5432 3876
U02502,Sophie,Silveira,pda-rocha@example.com,42337571520.0,1971-06-11,Fem,Pernambuco,Divorciado/a,Empregado,Pós-graduação,ALTA,2025-04-23,iOS,0900 075 9535
U04896,Pedro Miguel,Oliveira,azevedojoao-vitor@example.org,81435409740.0,1970-01-01,Masc,Ceará,Viúvo/a,Empregado,Pós-graduação,BAIXA,2025-04-23,iOS,84 3543-1767
U03531,Otávio,Martins,kaparecida@example.org,64688886101.0,1970-01-01,Fem,Ceará,Solteiro/a,Autônomo,Superior,MEDIA,2025-04-24,iOS,+55 31 1759-6131
U03859,Emanuelly,Farias,nataliada-paz@example.com,58653773220.0,1970-01-01,Masc,Bahia,Divorciado/a,Aposentado,Superior,BAIXA,2025-04-24,iOS,(021) 5042-8454
U04225,Pedro Lucas,da Mata,novaisluna@example.com,17510098707.0,1998-09-21,Fem,Pernambuco,Viúvo/a,Autônomo,Superior,ALTA,2025-04-24,iOS,(031) 8464 9521
U02843,Ana Sophia,Casa Grande,piresisis@example.com,18081707292.0,1986-10-31,Fem,Pernambuco,Solteiro/a,Estudante,Superior,BAIXA,2025-04-25,Android,(011) 7122-6058
U03141,Lívia,Borges,abreulavinia@example.com,96663932769.0,2000-03-17,Masc,Ceará,Casado/a,Desempregado,Outro,BAIXA,2025-04-25,Android,(041) 8556-1900
U03152,Aurora,Pimenta,tferreira@example.org,47954587069.0,1974-12-14,Outro,Paraná,Viúvo/a,Estudante,Superior,MEDIA,2025-04-25,Android,(021) 1857-8326
U03382,Natália,Machado,udias@example.com,60578782607.0,1993-11-09,Fem,Paraná,Divorciado/a,Aposentado,Técnico,MEDIA,2025-04-25,Android,0500-274-2041
U04074,Vitória,Souza,asafedas-neves@example.com,13618937761.0,1973-08-18,Outro,Rio Grande do Sul,Divorciado/a,Empregado,Superior,BAIXA,2025-04-25,iOS,84 0687-0662
U04311,Ana,Lopes,gael-henriquepeixoto@example.net,31539038700.0,1988-12-17,Outro,Paraná,Divorciado/a,Estudante,Pós-graduação,BAIXA,2025-04-25,iOS,+55 31 3190-1536
U00893,Rael,Oliveira,cguerra@example.net,22186071949.0,1977-10-18,Masc,Pernambuco,Viúvo/a,Empregado,Outro,MEDIA,2025-04-26,Android,(021) 0191-6171
U00960,Erick,Azevedo,melissamelo@example.com,36624659257.0,1988-11-22,Masc,Bahia,Casado/a,Desempregado,Superior,ALTA,2025-04-26,Android,41 0563 4792
U02030,Davi Miguel,Santos,gomesmaria@example.net,83131386463.0,1970-01-01,Outro,Rio de Janeiro,Casado/a,Empregado,Pós-graduação,BAIXA,2025-04-26,iOS,+55 21 6085 3110
U02520,Eduarda,Marques,azevedoana@example.org,11773279968.0,1990-03-31,Fem,Rio de Janeiro,Divorciado/a,Empregado,Superior,MEDIA,2025-04-26,Android,(084) 5191-7739
U03726,Paulo,Cunha,martinsaurora@example.org,92989131962.0,1970-01-01,Outro,Ceará,Solteiro/a,Autônomo,Superior,BAIXA,2025-04-26,iOS,(031) 4635-1780
U04914,Amanda,Nogueira,jose-miguelcavalcanti@example.net,70244001884.0,1980-06-26,Outro,Paraná,Viúvo/a,Desempregado,Superior,BAIXA,2025-04-26,iOS,(061) 4172 2126
U00037,Vitória,Sá,qda-rosa@example.com,41427906344.0,1970-01-01,Outro,Pernambuco,Solteiro/a,Desempregado,Ensino Médio,BAIXA,2025-04-27,iOS,(041) 4107-4501
U00272,Melissa,Ferreira,vitor89@example.net,45465252759.0,1989-12-09,Fem,Bahia,Casado/a,Aposentado,Superior,ALTA,2025-04-27,Android,84 8313 2822
U00566,Carolina,Fernandes,grocha@example.net,62889562779.0,1996-03-11,Fem,São Paulo,Casado/a,Aposentado,Outro,BAIXA,2025-04-27,Android,0900-202-5687
U04699,Allana,Pinto,pedro-henrique59@example.org,88350406987.0,2004-09-11,Outro,Distrito Federal,Solteiro/a,Empregado,Pós-graduação,BAIXA,2025-04-27,iOS,+55 61 4096-9089
U04911,Sarah,Cardoso,joao-gabrielduarte@example.com,41244234385.0,1990-04-02,Outro,Paraná,Solteiro/a,Desempregado,Superior,BAIXA,2025-04-27,Android,+55 (031) 6732-2047
U00202,Luiz Miguel,Vasconcelos,kcosta@example.com,74208209890.0,2002-09-18,Fem,Rio Grande do Sul,Solteiro/a,Autônomo,Ensino Médio,MEDIA,2025-04-28,iOS,+55 (011) 1660 1755
U01071,Letícia,Duarte,lauracavalcante@example.net,92038384132.0,1970-01-01,Fem,Pernambuco,Viúvo/a,Aposentado,Pós-graduação,MEDIA,2025-04-28,iOS,(051) 6457-7257
U02367,Alana,Nogueira,raquel51@example.com,59426509785.0,1970-01-01,Outro,São Paulo,Divorciado/a,Empregado,Outro,MEDIA,2025-04-28,iOS,+55 (031) 9921 3987
U02802,Sabrina,Cassiano,xcostela@example.com,85825316610.0,1970-01-01,Masc,Minas Gerais,Casado/a,Estudante,Superior,ALTA,2025-04-28,Android,(041) 7374-7432
U02854,Vinícius,Costela,zcaldeira@example.com,14949871649.0,1970-01-01,Masc,Distrito Federal,Casado/a,Autônomo,Superior,MEDIA,2025-04-28,iOS,+55 21 1866-2279
U03474,Thomas,Dias,ynogueira@example.com,97414947490.0,1993-05-19,Masc,Ceará,Solteiro/a,Autônomo,Ensino Médio,ALTA,2025-04-28,Android,81 8657-3539
U03770,Lívia,Macedo,manuelamarques@example.net,28842390479.0,1973-04-27,Outro,Rio Grande do Sul,Viúvo/a,Autônomo,Outro,MEDIA,2025-04-28,iOS,+55 (011) 5451 3364
U00853,Maria Cecília,Novaes,teixeiraana-beatriz@example.net,97567363341.0,2003-06-02,Fem,Bahia,Casado/a,Aposentado,Ensino Médio,MEDIA,2025-04-29,Android,+55 84 2200-3821
U01824,Larissa,Andrade,cdias@example.net,37420679685.0,1989-01-24,Outro,Minas Gerais,Divorciado/a,Desempregado,Técnico,ALTA,2025-04-29,Android,+55 (071) 4648 5976
U02808,Davi Lucas,Aparecida,maria-helenaramos@example.com,36378717716.0,1993-01-27,Masc,Bahia,Viúvo/a,Empregado,Ensino Médio,ALTA,2025-04-29,iOS,(081) 8703 7940
U03032,Ana Carolina,Brito,henrique99@example.com,12984143072.0,1995-04-28,Outro,Minas Gerais,Viúvo/a,Estudante,Ensino Médio,MEDIA,2025-04-29,iOS,+55 21 1589 0532
U04929,Valentina,Rocha,hda-rocha@example.com,16711883496.0,1970-01-01,Fem,São Paulo,Solteiro/a,Aposentado,Pós-graduação,MEDIA,2025-04-29,Android,(021) 1222-7554
U00055,Enrico,Fonseca,ydias@example.org,56101880754.0,1970-01-01,Fem,Minas Gerais,Viúvo/a,Estudante,Ensino Médio,BAIXA,2025-04-30,iOS,+55 (031) 0111-7532
U00931,Luana,Moreira,afogaca@example.com,95605017667.0,1970-04-12,Outro,Ceará,Divorciado/a,Autônomo,Técnico,ALTA,2025-04-30,iOS,61 1800-9889
U01155,Maysa,Aparecida,sousaalexia@example.org,35527165837.0,2004-06-20,Outro,Distrito Federal,Divorciado/a,Aposentado,Técnico,MEDIA,2025-04-30,Android,+55 (081) 3928 9784
U02175,Benicio,Sá,maria-isis36@example.net,36286029062.0,1994-12-04,Fem,Paraná,Divorciado/a,Aposentado,Superior,BAIXA,2025-04-30,Android,84 0425 1643
U03200,Júlia,Barbosa,nmarques@example.com,47632932967.0,1984-04-10,Outro,Minas Gerais,Casado/a,Autônomo,Superior,ALTA,2025-04-30,Android,0800-401-2956
U04045,Sarah,Leão,imarques@example.com,87276686294.0,1970-01-01,Outro,Distrito Federal,Divorciado/a,Desempregado,Técnico,ALTA,2025-04-30,Android,+55 (041) 4685 7022
U04656,Yasmin,da Rocha,da-luzmateus@example.com,18711629256.0,1990-09-13,Outro,Paraná,Viúvo/a,Aposentado,Ensino Médio,ALTA,2025-04-30,iOS,+55 71 6498-8939
U04831,Pietro,Mendonça,da-cruzvicente@example.org,91228184711.0,1991-05-12,Masc,Minas Gerais,Divorciado/a,Autônomo,Ensino Médio,ALTA,2025-04-30,Android,+55 11 3274-3990
U02268,Stephany,Melo,joao-guilherme63@example.net,17384819959.0,1970-01-01,Fem,Ceará,Divorciado/a,Autônomo,Pós-graduação,BAIXA,2025-05-01,iOS,61 6051 5374
U01913,Aurora,Teixeira,esterpeixoto@example.org,43034009518.0,1970-07-15,Fem,Paraná,Divorciado/a,Empregado,Outro,MEDIA,2025-05-02,iOS,0800-670-1286
U02217,Guilherme,Fernandes,raquelteixeira@example.com,36371566878.0,1996-11-18,Masc,Paraná,Divorciado/a,Desempregado,Pós-graduação,ALTA,2025-05-03,Android,+55 (081) 7255 8713
U02254,Bella,Vasconcelos,nascimentocamila@example.net,66296040904.0,1970-01-01,Masc,Minas Gerais,Solteiro/a,Aposentado,Superior,ALTA,2025-05-03,Android,+55 61 7595 2173
U02935,Yan,Moraes,pimentahenry@example.org,12177592908.0,1975-01-13,Fem,Bahia,Viúvo/a,Desempregado,Pós-graduação,MEDIA,2025-05-03,Android,+55 (021) 7791 2840
U03135,Enzo Gabriel,Ferreira,marcelolopes@example.org,41206370430.0,1985-04-20,Outro,Distrito Federal,Viúvo/a,Aposentado,Técnico,BAIXA,2025-05-03,iOS,+55 31 4273-5299
U03602,Stephany,da Conceição,santoshadassa@example.net,30489226284.0,1983-02-17,Fem,Pernambuco,Viúvo/a,Desempregado,Técnico,MEDIA,2025-05-03,iOS,11 7553 2192
U04008,Caroline,Costa,da-luzisabelly@example.org,61411911079.0,1970-01-01,Masc,Distrito Federal,Solteiro/a,Empregado,Superior,ALTA,2025-05-03,Android,(084) 6011 8356
U00821,Nicolas,Borges,amanda81@example.net,82320555437.0,2006-08-28,Masc,Paraná,Casado/a,Desempregado,Superior,ALTA,2025-05-04,iOS,+55 (051) 8409-9677
U01109,Hellena,Cavalcante,antonellasousa@example.net,58862059830.0,1970-01-01,Masc,Pernambuco,Casado/a,Desempregado,Ensino Médio,BAIXA,2025-05-04,Android,+55 51 0418 9558
U03834,Lorena,da Paz,isismelo@example.com,40539555811.0,1970-01-01,Outro,Distrito Federal,Divorciado/a,Autônomo,Outro,ALTA,2025-05-04,iOS,51 0088 7754
U04054,Enrico,Brito,amendonca@example.org,17366882424.0,1984-03-29,Masc,Pernambuco,Viúvo/a,Empregado,Técnico,MEDIA,2025-05-04,Android,+55 51 4974 5623
U04297,Brayan,Costela,ana-juliamachado@example.org,44622839157.0,1983-12-05,Outro,Rio de Janeiro,Solteiro/a,Empregado,Pós-graduação,ALTA,2025-05-04,Android,0500-378-7687
U00051,Helena,Sales,albuquerquebenicio@example.net,79752723589.0,1988-07-11,Fem,Bahia,Casado/a,Estudante,Outro,BAIXA,2025-05-05,iOS,+55 51 1899 8657
U02067,Eduardo,Montenegro,cgarcia@example.com,53787597162.0,1991-09-22,Outro,Rio Grande do Sul,Casado/a,Desempregado,Pós-graduação,MEDIA,2025-05-05,iOS,(011) 0168-7873
U04180,Isabel,Pimenta,marquesjoao-vitor@example.net,36210150463.0,2001-04-24,Masc,Rio Grande do Sul,Viúvo/a,Autônomo,Pós-graduação,MEDIA,2025-05-05,iOS,0300-826-9957
U02117,Otávio,Porto,camaraana-julia@example.net,66623841152.0,1970-01-01,Masc,Ceará,Divorciado/a,Desempregado,Superior,BAIXA,2025-05-06,Android,0900-751-6064
U02354,Marina,Nascimento,leomendes@example.com,85551040955.0,1977-03-05,Masc,Minas Gerais,Divorciado/a,Estudante,Outro,BAIXA,2025-05-06,Android,+55 (061) 4263 7422
U03358,Lívia,Nascimento,dda-paz@example.com,83249298746.0,1970-01-01,Outro,Pernambuco,Casado/a,Autônomo,Pós-graduação,BAIXA,2025-05-06,iOS,+55 (021) 7493-5367
U03488,Helena,Cirino,matheusgoncalves@example.com,78668466054.0,1998-04-03,Outro,São Paulo,Solteiro/a,Empregado,Ensino Médio,MEDIA,2025-05-06,Android,+55 (071) 7472-5939
U04047,Luiz Henrique,Fonseca,rjesus@example.org,49413465895.0,1970-01-01,Masc,Distrito Federal,Casado/a,Estudante,Técnico,BAIXA,2025-05-06,iOS,(041) 2815 2450
U04254,Cecilia,Cirino,thomasmontenegro@example.net,68720190730.0,2000-11-18,Outro,Rio de Janeiro,Viúvo/a,Autônomo,Técnico,ALTA,2025-05-06,iOS,+55 41 4721-1627
U00553,Melina,Araújo,olivia59@example.com,34099579904.0,1970-01-01,Masc,Bahia,Divorciado/a,Autônomo,Pós-graduação,MEDIA,2025-05-07,Android,0300-264-6609
U00999,Léo,Aparecida,eda-rosa@example.com,40366854435.0,1970-01-01,Outro,Pernambuco,Divorciado/a,Estudante,Ensino Médio,MEDIA,2025-05-08,Android,+55 (021) 8450-9020
U01803,Henrique,Sá,marcelada-cunha@example.net,82311842517.0,2002-05-15,Fem,Distrito Federal,Solteiro/a,Empregado,Pós-graduação,ALTA,2025-05-08,iOS,+55 (041) 1839 5228
U01917,Maria Laura,Vasconcelos,eduarda99@example.net,43991332346.0,1970-01-01,Outro,Pernambuco,Casado/a,Estudante,Outro,MEDIA,2025-05-08,iOS,0800-577-1497
U02720,Maria Liz,Guerra,ucardoso@example.org,11132118385.0,1970-01-01,Outro,Rio de Janeiro,Viúvo/a,Aposentado,Ensino Médio,ALTA,2025-05-08,iOS,(081) 6036-3215
U03188,Melina,Machado,cassianohenrique@example.com,29093939581.0,2004-10-16,Outro,Pernambuco,Viúvo/a,Empregado,Superior,BAIXA,2025-05-08,Android,0300 530 2904
U01738,Marcela,Jesus,duartebento@example.com,35037623185.0,1997-11-03,Masc,Rio de Janeiro,Casado/a,Estudante,Técnico,ALTA,2025-05-09,iOS,+55 21 5414-0687
U04141,Cauã,Ramos,joao-guilhermenogueira@example.org,87523134345.0,1975-11-25,Masc,Distrito Federal,Divorciado/a,Empregado,Pós-graduação,MEDIA,2025-05-09,iOS,+55 31 0646 7655
U04252,Sophie,da Costa,moraesana-beatriz@example.org,85305792425.0,1970-01-01,Outro,Bahia,Solteiro/a,Estudante,Técnico,MEDIA,2025-05-09,Android,+55 (071) 6424-9499
U04772,Sara,Cirino,das-nevesana-livia@example.net,95690366422.0,1970-01-01,Masc,Bahia,Viúvo/a,Desempregado,Ensino Médio,MEDIA,2025-05-09,iOS,(051) 9774-7783
U00979,Luiz Henrique,Aparecida,thomasalbuquerque@example.net,45687318337.0,1970-01-01,Fem,Distrito Federal,Divorciado/a,Estudante,Técnico,ALTA,2025-05-10,Android,+55 (071) 6993-0439
U01208,Nicolas,Rios,lorenzo64@example.com,81555338646.0,1970-10-04,Masc,Pernambuco,Viúvo/a,Aposentado,Ensino Médio,BAIXA,2025-05-10,Android,31 7094 2742
U02090,Kaique,Novaes,pimentamaria-vitoria@example.net,14925304139.0,1986-10-18,Masc,Rio de Janeiro,Casado/a,Autônomo,Superior,ALTA,2025-05-10,Android,(021) 5108-8431
U02938,Pietro,Abreu,pedro-henriqueda-conceicao@example.net,28489246957.0,1997-05-30,Masc,Rio de Janeiro,Viúvo/a,Estudante,Técnico,BAIXA,2025-05-10,Android,21 1921-2815
U04557,Daniela,da Luz,yda-conceicao@example.com,52204269410.0,1970-01-01,Masc,São Paulo,Casado/a,Aposentado,Pós-graduação,MEDIA,2025-05-10,Android,(084) 0984 3056
U00827,Mariane,Gomes,isaac81@example.org,35009835688.0,1992-03-15,Outro,Rio Grande do Sul,Solteiro/a,Desempregado,Superior,MEDIA,2025-05-11,Android,(071) 3558 2242
U01496,Maria Luísa,Garcia,ggomes@example.net,17804633356.0,1981-08-19,Fem,Ceará,Solteiro/a,Estudante,Outro,MEDIA,2025-05-11,iOS,81 3961-6696
U02229,Luiz Gustavo,Andrade,luiz-otaviojesus@example.com,12864673938.0,1976-08-10,Fem,Rio de Janeiro,Casado/a,Estudante,Ensino Médio,MEDIA,2025-05-11,Android,(011) 8398-4615
U02487,Hadassa,Vasconcelos,luiz-henriquearaujo@example.net,31850507952.0,1970-01-01,Outro,São Paulo,Solteiro/a,Empregado,Técnico,MEDIA,2025-05-11,Android,81 3134-9864
U03565,Isabela,Sousa,diegocostela@example.org,17901375361.0,1970-01-01,Fem,Pernambuco,Solteiro/a,Autônomo,Superior,ALTA,2025-05-11,Android,+55 (061) 9396 4060
U03801,Davi Lucca,Pastor,nda-cruz@example.org,92953364578.0,1970-01-01,Masc,Paraná,Viúvo/a,Empregado,Ensino Médio,MEDIA,2025-05-11,iOS,71 0375 5382
U04729,Lorenzo,Garcia,uguerra@example.com,81003968548.0,1970-01-01,Fem,São Paulo,Viúvo/a,Autônomo,Ensino Médio,BAIXA,2025-05-11,iOS,0800 013 3401
U00377,Emilly,Fogaça,nmendonca@example.com,35682003746.0,1970-01-01,Masc,Bahia,Viúvo/a,Estudante,Pós-graduação,ALTA,2025-05-12,Android,81 8115 9259
U00554,Isabel,Cunha,allana16@example.com,62812466743.0,1995-11-08,Masc,Rio Grande do Sul,Viúvo/a,Autônomo,Superior,ALTA,2025-05-12,Android,0900-149-4560
U00917,Samuel,Aragão,cirinodavi-luiz@example.net,35799835964.0,1978-08-29,Outro,Minas Gerais,Divorciado/a,Aposentado,Superior,BAIXA,2025-05-12,Android,(071) 6569-7426
U01135,Henry,Vasconcelos,maria-eduardafogaca@example.org,20208226861.0,1970-01-01,Fem,São Paulo,Viúvo/a,Desempregado,Ensino Médio,ALTA,2025-05-12,Android,(084) 1989-8310
U01607,Apollo,Costa,paulo08@example.net,63234422067.0,1970-01-01,Fem,Minas Gerais,Divorciado/a,Empregado,Ensino Médio,MEDIA,2025-05-12,iOS,+55 51 8156 6378
U03563,Maria Vitória,Costa,olivia84@example.com,24486496182.0,1980-03-26,Fem,Distrito Federal,Solteiro/a,Aposentado,Superior,BAIXA,2025-05-12,iOS,61 9384-1367
U04162,Matteo,Cavalcanti,erickborges@example.org,39274883471.0,1970-01-01,Masc,Ceará,Solteiro/a,Autônomo,Pós-graduação,ALTA,2025-05-12,Android,+55 (041) 9149-2618
U01306,Pedro Miguel,Pires,bella91@example.org,21756191375.0,1992-05-22,Outro,Rio de Janeiro,Viúvo/a,Aposentado,Ensino Médio,BAIXA,2025-05-13,Android,+55 (061) 1076-1846
U03010,Daniel,Cassiano,vargasotavio@example.com,75492542224.0,1970-01-01,Fem,Distrito Federal,Solteiro/a,Estudante,Ensino Médio,BAIXA,2025-05-13,Android,+55 21 1756 0237
U03649,Rhavi,Rocha,diogoteixeira@example.org,86865778644.0,1988-08-05,Fem,Bahia,Casado/a,Desempregado,Ensino Médio,MEDIA,2025-05-13,iOS,(084) 7209-6032
U00394,Léo,Ramos,oliviaaragao@example.org,95614840564.0,1996-04-08,Masc,Pernambuco,Viúvo/a,Desempregado,Ensino Médio,BAIXA,2025-05-14,iOS,+55 31 8548-7668
U01680,Rodrigo,Brito,marquespedro-lucas@example.net,69548295740.0,2004-06-04,Fem,Ceará,Casado/a,Aposentado,Pós-graduação,BAIXA,2025-05-14,iOS,+55 (061) 9753 2938
U02961,Enrico,Costela,pintorafaela@example.net,47598687747.0,1970-12-04,Fem,Distrito Federal,Viúvo/a,Autônomo,Pós-graduação,BAIXA,2025-05-14,Android,(041) 3369-0905
U03031,Josué,Monteiro,nnovais@example.com,89980025075.0,2004-01-01,Outro,Rio Grande do Sul,Solteiro/a,Aposentado,Ensino Médio,ALTA,2025-05-14,Android,+55 41 8160 3226
U03857,Maria Cecília,Andrade,alice39@example.com,59311837393.0,1970-01-01,Masc,São Paulo,Casado/a,Desempregado,Técnico,BAIXA,2025-05-14,iOS,+55 21 6305 2124
U03871,Cecília,Cavalcante,ofreitas@example.net,67861647594.0,1977-07-27,Masc,São Paulo,Viúvo/a,Estudante,Outro,MEDIA,2025-05-14,iOS,+55 71 9010 5673
U04058,Antony,Azevedo,pedro-henrique48@example.net,69107560466.0,1997-07-13,Masc,Distrito Federal,Solteiro/a,Aposentado,Pós-graduação,MEDIA,2025-05-14,Android,(041) 7902-1138
U00634,Ágatha,Pacheco,samuelda-rosa@example.net,33000975475.0,1987-01-11,Fem,São Paulo,Casado/a,Desempregado,Pós-graduação,MEDIA,2025-05-15,iOS,(041) 8464-3499
U01274,Yago,Pastor,hellena91@example.com,15978773511.0,1999-10-09,Masc,Paraná,Viúvo/a,Autônomo,Pós-graduação,BAIXA,2025-05-15,iOS,(041) 8623 2952
U01758,Ana Sophia,Camargo,calebe55@example.com,75157717574.0,1970-01-01,Outro,São Paulo,Divorciado/a,Estudante,Superior,MEDIA,2025-05-15,iOS,+55 31 5363-6059
U03824,José Miguel,Castro,sousaemilly@example.net,89511561204.0,1970-05-28,Masc,Distrito Federal,Viúvo/a,Desempregado,Superior,BAIXA,2025-05-15,iOS,+55 71 1782-3916
U00224,Heitor,Oliveira,garciamathias@example.com,17787768888.0,2000-10-06,Fem,Paraná,Viúvo/a,Empregado,Ensino Médio,BAIXA,2025-05-16,Android,(011) 9461 4418
U02185,Danilo,Rodrigues,vicente76@example.com,31553854314.0,2000-08-24,Outro,Rio de Janeiro,Casado/a,Aposentado,Técnico,MEDIA,2025-05-16,iOS,84 9754-5675
U04215,Isadora,Rodrigues,tpereira@example.org,57295407330.0,1974-10-01,Fem,São Paulo,Divorciado/a,Aposentado,Técnico,MEDIA,2025-05-16,Android,+55 21 6529-6859
U01694,Leonardo,Barbosa,alexiamontenegro@example.com,35791110953.0,2007-01-24,Fem,Paraná,Casado/a,Autônomo,Técnico,BAIXA,2025-05-17,iOS,+55 (011) 4737 5116
U01755,Anthony,Alves,maria-clara98@example.org,15475513524.0,1987-08-26,Fem,Bahia,Solteiro/a,Empregado,Ensino Médio,MEDIA,2025-05-17,Android,(071) 4944-7801
U02875,Maria Sophia,Castro,allanamoreira@example.com,29564331971.0,1970-01-01,Fem,Rio de Janeiro,Divorciado/a,Aposentado,Ensino Médio,ALTA,2025-05-17,iOS,(021) 8453 3470
U03529,Júlia,Peixoto,azevedolevi@example.com,68486132132.0,1970-01-01,Fem,Ceará,Solteiro/a,Empregado,Técnico,BAIXA,2025-05-17,iOS,31 9209-4695
U03878,Larissa,Lima,goncalvesanthony@example.net,41382422250.0,1973-12-04,Fem,Rio de Janeiro,Casado/a,Empregado,Outro,MEDIA,2025-05-17,iOS,+55 (081) 2802-5707
U01655,Valentina,Monteiro,hellenagomes@example.org,81793896817.0,2000-03-24,Fem,Ceará,Casado/a,Autônomo,Superior,BAIXA,2025-05-18,iOS,+55 41 8026 4249
U02224,Juan,Camargo,pietraoliveira@example.com,87133207297.0,1970-01-01,Fem,Rio Grande do Sul,Divorciado/a,Desempregado,Superior,BAIXA,2025-05-18,iOS,+55 (051) 9946-8241
U02937,Aurora,Aragão,kpimenta@example.org,46501379968.0,1973-05-05,Masc,São Paulo,Casado/a,Desempregado,Superior,ALTA,2025-05-18,Android,+55 41 7519-3535
U04029,José Miguel,Martins,moraesyasmin@example.com,62548618991.0,2004-01-10,Outro,Rio Grande do Sul,Solteiro/a,Autônomo,Ensino Médio,MEDIA,2025-05-18,iOS,51 5517 4141
U04700,Noah,Rios,lizsiqueira@example.org,66152633607.0,1979-07-30,Fem,São Paulo,Casado/a,Desempregado,Outro,ALTA,2025-05-18,Android,(081) 6279-9411
U02728,Agatha,Andrade,mviana@example.org,16592822011.0,1970-01-01,Fem,Ceará,Solteiro/a,Aposentado,Superior,ALTA,2025-05-19,iOS,41 2420 1136
U03013,Joaquim,Duarte,mferreira@example.com,55179512114.0,1970-01-01,Fem,São Paulo,Divorciado/a,Estudante,Pós-graduação,MEDIA,2025-05-19,Android,11 0989-1952
U04274,Yuri,Duarte,luiz-otavio02@example.net,27413926087.0,1970-04-28,Outro,Rio Grande do Sul,Viúvo/a,Empregado,Ensino Médio,BAIXA,2025-05-19,Android,21 0442-9027
U00304,Davi Lucca,Caldeira,gomesjoao@example.org,83598192441.0,1993-07-29,Masc,Rio Grande do Sul,Solteiro/a,Estudante,Outro,BAIXA,2025-05-20,Android,41 1596 9907
U00594,Samuel,Sampaio,da-motanoah@example.com,43074913431.0,1983-04-12,Outro,Ceará,Viúvo/a,Autônomo,Superior,ALTA,2025-05-20,Android,+55 (051) 7258-6321
U03211,José Pedro,Duarte,da-pazjulia@example.org,57967715483.0,1998-09-12,Outro,Bahia,Solteiro/a,Aposentado,Pós-graduação,ALTA,2025-05-20,iOS,+55 (011) 8493-3551
U04839,Enzo,Macedo,maria-eduarda24@example.com,58077606590.0,1970-01-01,Masc,São Paulo,Casado/a,Autônomo,Outro,MEDIA,2025-05-20,Android,+55 (081) 9254 0882
U00016,Pedro Lucas,Caldeira,juliavargas@example.org,71661262023.0,1999-10-27,Masc,Paraná,Viúvo/a,Autônomo,Técnico,BAIXA,2025-05-21,Android,+55 (071) 9086-9936
U01901,José Pedro,Vieira,fsouza@example.org,82604679766.0,2004-03-07,Fem,Pernambuco,Casado/a,Autônomo,Superior,BAIXA,2025-05-21,Android,(084) 8151 4497
U02279,Juliana,Lima,viniciusalmeida@example.com,52055281751.0,1970-01-01,Outro,Rio Grande do Sul,Solteiro/a,Autônomo,Ensino Médio,MEDIA,2025-05-21,iOS,51 1917 5311
U03263,Benicio,da Conceição,joao-vitorpinto@example.com,10367492857.0,2001-02-05,Outro,Bahia,Viúvo/a,Aposentado,Ensino Médio,MEDIA,2025-05-21,iOS,+55 (081) 1850-5901
U03268,Emanuella,Peixoto,mmontenegro@example.com,52399100146.0,1970-01-01,Fem,Pernambuco,Casado/a,Estudante,Técnico,ALTA,2025-05-21,iOS,+55 (084) 7684-0367
U00709,Maya,Teixeira,ocirino@example.com,92750325207.0,1998-07-23,Masc,Rio Grande do Sul,Viúvo/a,Autônomo,Ensino Médio,MEDIA,2025-05-22,Android,51 9495 7031
U01481,Francisco,Albuquerque,saleslavinia@example.com,30611325313.0,1993-08-06,Masc,Pernambuco,Divorciado/a,Empregado,Ensino Médio,BAIXA,2025-05-22,iOS,(081) 3326 6065
U01808,Thomas,das Neves,dborges@example.com,70177986709.0,1970-01-01,Fem,Rio Grande do Sul,Casado/a,Aposentado,Ensino Médio,BAIXA,2025-05-22,Android,+55 (041) 1149 0911
U03351,Melina,Costela,rodriguesmaria-isis@example.org,22915873384.0,1973-06-04,Masc,São Paulo,Casado/a,Estudante,Pós-graduação,MEDIA,2025-05-22,Android,+55 81 0344 5333
U03396,Caroline,Monteiro,ferreiraarthur-miguel@example.org,82704917678.0,1982-06-28,Fem,Minas Gerais,Viúvo/a,Estudante,Pós-graduação,MEDIA,2025-05-22,Android,+55 41 1418 4407
U03472,Agatha,Vieira,oliveiraluigi@example.com,30006457435.0,1984-08-06,Masc,São Paulo,Casado/a,Estudante,Superior,ALTA,2025-05-22,iOS,(071) 6862-9612
U03687,Emilly,Azevedo,da-pazgabrielly@example.net,18730580921.0,1992-06-27,Outro,Rio de Janeiro,Casado/a,Empregado,Ensino Médio,BAIXA,2025-05-22,iOS,(031) 3590-3251
U03052,Catarina,Rocha,kaiquefernandes@example.net,27585430552.0,1981-10-21,Masc,Rio Grande do Sul,Divorciado/a,Aposentado,Ensino Médio,BAIXA,2025-05-23,Android,(011) 3524 4067
U03727,Anthony Gabriel,da Cruz,esther99@example.com,39321422218.0,1978-12-15,Fem,Bahia,Solteiro/a,Aposentado,Pós-graduação,BAIXA,2025-05-23,iOS,+55 84 1869 0667
U03785,Daniela,Lopes,monteirokaique@example.com,85611733766.0,1996-01-10,Fem,Bahia,Casado/a,Aposentado,Superior,ALTA,2025-05-23,iOS,0900 442 7425
U03923,Beatriz,Peixoto,beatrizda-costa@example.org,44246284076.0,1981-10-21,Outro,Rio de Janeiro,Divorciado/a,Estudante,Ensino Médio,BAIXA,2025-05-23,Android,+55 (071) 1540 9203
U00954,Cauê,Cardoso,piresluiz-otavio@example.net,47787437992.0,1989-01-17,Outro,Ceará,Viúvo/a,Estudante,Outro,BAIXA,2025-05-24,iOS,+55 84 2933-4315
U01731,Vitória,Barros,dvargas@example.com,13425559296.0,1970-01-01,Fem,Rio de Janeiro,Divorciado/a,Aposentado,Técnico,MEDIA,2025-05-24,iOS,+55 (011) 8621-3274
U02561,Rafaela,Fogaça,ceciliadas-neves@example.com,62896055555.0,1998-05-26,Masc,São Paulo,Divorciado/a,Estudante,Ensino Médio,BAIXA,2025-05-24,Android,+55 (021) 5184 4727
U02710,Carolina,Freitas,calebe09@example.net,44294522029.0,1998-10-16,Outro,Pernambuco,Casado/a,Aposentado,Superior,MEDIA,2025-05-24,iOS,+55 81 3397-6455
U03564,Rafaela,Nascimento,ana-julia70@example.net,24064781128.0,1988-04-23,Fem,Paraná,Viúvo/a,Autônomo,Outro,MEDIA,2025-05-24,Android,71 4048-2466
U03795,Maria Cecília,Fernandes,mcirino@example.com,16168640621.0,1970-01-01,Fem,Paraná,Solteiro/a,Estudante,Ensino Médio,BAIXA,2025-05-24,Android,(084) 8460 3304
U04188,Allana,Novaes,emanuellydas-neves@example.com,92734747196.0,1987-04-08,Fem,Pernambuco,Viúvo/a,Desempregado,Outro,ALTA,2025-05-24,iOS,71 8044 4938
U00328,Lívia,da Costa,fariasbenjamin@example.com,58953675798.0,1987-10-28,Fem,Ceará,Divorciado/a,Desempregado,Outro,MEDIA,2025-05-25,Android,+55 51 8875 8666
U01181,João Gabriel,Almeida,lara92@example.com,64369521159.0,1988-12-21,Outro,Ceará,Divorciado/a,Autônomo,Superior,ALTA,2025-05-25,iOS,11 3743 3311
U01262,João Gabriel,da Luz,da-cruzgabriela@example.org,49412399777.0,1971-02-08,Masc,Rio de Janeiro,Solteiro/a,Desempregado,Técnico,MEDIA,2025-05-25,Android,0900 574 5519
U01493,Ana Júlia,da Rocha,andradecatarina@example.com,32256346879.0,1970-01-01,Fem,Rio de Janeiro,Divorciado/a,Estudante,Técnico,BAIXA,2025-05-25,iOS,+55 51 1494 0430
U02049,Mariana,Correia,rcarvalho@example.net,36071162508.0,1991-04-15,Outro,Rio Grande do Sul,Casado/a,Desempregado,Pós-graduação,MEDIA,2025-05-25,Android,+55 41 6638 3687
U02143,Henry,Câmara,zcaldeira@example.org,19910727851.0,1977-08-22,Masc,Ceará,Viúvo/a,Desempregado,Outro,BAIXA,2025-05-25,Android,+55 71 2039 6045
U02432,Carolina,Alves,larissa16@example.org,19564305362.0,1995-02-07,Fem,São Paulo,Solteiro/a,Desempregado,Técnico,ALTA,2025-05-25,Android,+55 61 1710-8913
U02975,Marcelo,Albuquerque,pietro23@example.com,69713419143.0,1990-06-17,Masc,Minas Gerais,Viúvo/a,Autônomo,Técnico,MEDIA,2025-05-26,iOS,+55 21 1951-2310
U02021,Gustavo Henrique,Araújo,da-rochathiago@example.net,94277931916.0,1970-01-01,Masc,Distrito Federal,Casado/a,Estudante,Técnico,MEDIA,2025-05-27,iOS,+55 11 7876-3802
U02292,Manuella,Câmara,miguelduarte@example.net,54375354222.0,1970-01-01,Outro,Distrito Federal,Solteiro/a,Autônomo,Pós-graduação,BAIXA,2025-05-27,Android,+55 71 1500 1895
U04177,Maria Laura,Fernandes,da-pazbenjamin@example.org,59458252027.0,1970-01-01,Masc,Pernambuco,Casado/a,Empregado,Superior,BAIXA,2025-05-27,Android,(081) 2283-4606
U04445,Emanuella,Castro,julia75@example.net,33748880332.0,1970-01-01,Outro,Rio Grande do Sul,Solteiro/a,Autônomo,Ensino Médio,MEDIA,2025-05-27,Android,(061) 5358 2870
U03909,Bento,Novais,moreiraana-cecilia@example.com,62542324397.0,1970-01-01,Fem,Paraná,Solteiro/a,Autônomo,Superior,BAIXA,2025-05-28,Android,61 6176-8089
U04181,Augusto,Fogaça,ana-vitoriaporto@example.org,56213831552.0,1970-01-01,Fem,São Paulo,Viúvo/a,Empregado,Pós-graduação,BAIXA,2025-05-28,Android,21 9519-0540
U03006,Joana,Freitas,nicolenovaes@example.net,37350823755.0,1970-01-01,Fem,Rio Grande do Sul,Divorciado/a,Aposentado,Ensino Médio,MEDIA,2025-05-29,iOS,+55 84 9699 0573
U00167,Anthony,da Rocha,machadolara@example.net,90263971306.0,1991-02-20,Fem,Rio Grande do Sul,Divorciado/a,Aposentado,Ensino Médio,ALTA,2025-05-30,Android,(041) 6475 6872
U01218,Matheus,da Mota,jlopes@example.org,91103474177.0,2001-02-15,Outro,Distrito Federal,Divorciado/a,Autônomo,Ensino Médio,ALTA,2025-05-30,Android,0500-909-4641
U02361,Manuela,Cavalcante,aparecidaenzo-gabriel@example.com,20708421279.0,1970-01-01,Fem,Minas Gerais,Solteiro/a,Aposentado,Superior,MEDIA,2025-05-30,Android,+55 21 8503-8253
U02392,Maya,Marques,joao-pedro89@example.com,61414183893.0,1993-07-07,Masc,São Paulo,Solteiro/a,Estudante,Superior,BAIXA,2025-05-30,iOS,61 1037 5209
U04611,Alana,da Mata,raqueldas-neves@example.com,66973206609.0,1983-03-31,Masc,Paraná,Viúvo/a,Empregado,Superior,BAIXA,2025-05-30,Android,11 7750-4174
U00371,Liz,Nunes,uda-mota@example.net,53786419036.0,2001-12-14,Fem,Ceará,Casado/a,Estudante,Técnico,MEDIA,2025-05-31,Android,+55 (081) 5261 3790
U00380,Bianca,Sampaio,luiz-miguelda-mata@example.net,30464574577.0,1980-04-27,Outro,Paraná,Casado/a,Autônomo,Técnico,ALTA,2025-05-31,iOS,71 3780-2600
U00882,Liz,Silveira,zoemontenegro@example.net,54853626944.0,1972-12-17,Outro,Distrito Federal,Viúvo/a,Estudante,Pós-graduação,BAIXA,2025-05-31,Android,(021) 8800 8710
U01028,Pedro Henrique,Ferreira,gmelo@example.org,11160098994.0,1970-01-01,Fem,Rio Grande do Sul,Solteiro/a,Aposentado,Superior,ALTA,2025-05-31,Android,+55 61 5646 1640
U02014,Gustavo Henrique,Barbosa,ada-cruz@example.com,57660614761.0,1973-09-17,Masc,Ceará,Casado/a,Autônomo,Ensino Médio,ALTA,2025-05-31,Android,+55 84 3163-0250
U03150,Raquel,Pereira,xnovais@example.com,63903955997.0,1992-08-26,Fem,Bahia,Solteiro/a,Aposentado,Técnico,MEDIA,2025-05-31,Android,+55 (051) 5851 3563
U03323,Felipe,da Cunha,camaramaria-julia@example.net,49452169300.0,1974-05-28,Masc,São Paulo,Solteiro/a,Desempregado,Ensino Médio,ALTA,2025-05-31,iOS,0300-558-0130
U03572,Pedro Henrique,Fogaça,costasophie@example.org,86728738073.0,1997-01-07,Outro,Rio de Janeiro,Divorciado/a,Estudante,Pós-graduação,BAIXA,2025-05-31,Android,0900 678 3674
U00215,Stephany,Câmara,fernanda93@example.com,95882175163.0,2004-12-05,Fem,São Paulo,Viúvo/a,Estudante,Superior,ALTA,2025-06-01,Android,(084) 8024-8958
U00863,Marcos Vinicius,Sampaio,joaquim14@example.net,14046818245.0,1970-01-01,Outro,Pernambuco,Viúvo/a,Estudante,Técnico,ALTA,2025-06-01,Android,+55 71 6892-7665
U03403,Eduarda,Barbosa,qcasa-grande@example.net,55352521541.0,1970-01-01,Outro,Bahia,Casado/a,Desempregado,Superior,BAIXA,2025-06-01,iOS,+55 (011) 7983-8395
U00117,Erick,Siqueira,pietro20@example.com,54225011067.0,1979-09-20,Masc,Distrito Federal,Casado/a,Autônomo,Outro,MEDIA,2025-06-02,iOS,+55 21 2415-3257
U00538,Joana,Viana,qda-cunha@example.org,47611978945.0,1970-01-01,Fem,Pernambuco,Divorciado/a,Empregado,Outro,ALTA,2025-06-02,Android,+55 84 7749 9676
U03148,Isaac,Gomes,mariah37@example.com,93127365812.0,1977-03-01,Fem,Rio de Janeiro,Divorciado/a,Estudante,Técnico,BAIXA,2025-06-02,Android,0500 228 4011
U04657,Helena,Cavalcante,sabrinagoncalves@example.com,15982757677.0,1970-01-01,Fem,Rio de Janeiro,Viúvo/a,Empregado,Outro,MEDIA,2025-06-02,Android,41 2534-5426
U00730,Maria Liz,Duarte,sousamilena@example.com,27386558628.0,1982-02-16,Fem,Ceará,Solteiro/a,Autônomo,Pós-graduação,MEDIA,2025-06-03,iOS,31 2974-4924
U02165,Luigi,Moreira,joaquimsilveira@example.net,17848656264.0,1980-02-05,Fem,São Paulo,Solteiro/a,Autônomo,Superior,ALTA,2025-06-03,iOS,84 3114-8694
U02486,Maitê,Ribeiro,ana-beatrizmendes@example.com,98239430912.0,1997-07-24,Masc,Ceará,Divorciado/a,Estudante,Pós-graduação,BAIXA,2025-06-03,iOS,84 6389 6800
U02842,Kamilly,Viana,joaocasa-grande@example.org,28583193881.0,1970-01-01,Fem,Pernambuco,Divorciado/a,Estudante,Pós-graduação,BAIXA,2025-06-03,Android,61 5644-2180
U01020,Vinícius,Camargo,mendesvitor-hugo@example.org,89487952377.0,1975-06-13,Outro,Rio de Janeiro,Solteiro/a,Desempregado,Pós-graduação,ALTA,2025-06-04,iOS,+55 (061) 0352-5493
U01270,Luiz Gustavo,Ramos,alicecavalcanti@example.com,70422776239.0,1979-06-04,Masc,Minas Gerais,Divorciado/a,Empregado,Pós-graduação,BAIXA,2025-06-04,iOS,+55 81 6845 7638
U01296,Júlia,Teixeira,nicolas96@example.com,73936353890.0,1970-01-01,Masc,Rio de Janeiro,Solteiro/a,Desempregado,Superior,MEDIA,2025-06-04,Android,71 0202 5659
U01359,Bryan,Dias,anovaes@example.net,71437181729.0,1983-11-28,Outro,Ceará,Solteiro/a,Estudante,Outro,BAIXA,2025-06-04,iOS,81 8885-9368
U01751,Marcela,da Mata,levimarques@example.net,70684822497.0,1970-01-03,Outro,Rio Grande do Sul,Divorciado/a,Aposentado,Pós-graduação,MEDIA,2025-06-04,Android,(084) 4997-7162
U03754,Calebe,da Mata,enzo-gabriel17@example.net,55117066299.0,1970-01-01,Masc,Rio Grande do Sul,Casado/a,Estudante,Outro,ALTA,2025-06-04,Android,(061) 9562 2331
U02482,João Pedro,Moreira,fogacanoah@example.org,13832971351.0,2003-01-10,Fem,Rio de Janeiro,Casado/a,Desempregado,Pós-graduação,MEDIA,2025-06-05,iOS,31 3016 7542
U03073,Ágatha,Nascimento,vitoriamoraes@example.net,46719280032.0,1984-04-05,Fem,Distrito Federal,Viúvo/a,Aposentado,Técnico,MEDIA,2025-06-05,Android,84 6024-7670
U00332,Julia,da Mota,liviarios@example.com,41422461703.0,1998-12-13,Masc,São Paulo,Viúvo/a,Autônomo,Ensino Médio,ALTA,2025-06-06,Android,+55 21 6540-6845
U01209,Brayan,Carvalho,carvalhocamila@example.org,92082644204.0,1976-07-23,Masc,Minas Gerais,Viúvo/a,Desempregado,Técnico,ALTA,2025-06-06,iOS,+55 41 1337 6842
U02004,Gabriel,Pastor,silvalucas-gabriel@example.org,40633129482.0,1970-01-01,Outro,Bahia,Divorciado/a,Desempregado,Técnico,MEDIA,2025-06-06,iOS,+55 11 9573-7950
U03189,Marcos Vinicius,Silveira,lais60@example.com,22457294974.0,1973-07-29,Outro,Pernambuco,Solteiro/a,Estudante,Ensino Médio,MEDIA,2025-06-06,iOS,+55 21 7655 9195
U03418,Davi,Cassiano,pda-mata@example.org,80102387709.0,2001-08-27,Masc,Minas Gerais,Viúvo/a,Empregado,Superior,ALTA,2025-06-06,Android,41 5360 1718
U00114,Bárbara,Araújo,tleao@example.org,15223899118.0,1970-01-01,Outro,São Paulo,Divorciado/a,Aposentado,Outro,MEDIA,2025-06-07,Android,(031) 5839 1045
U00315,Fernanda,Casa Grande,frios@example.org,21962895879.0,1981-03-10,Outro,São Paulo,Solteiro/a,Estudante,Outro,ALTA,2025-06-07,Android,+55 84 7807 3811
U00828,Isaque,Lopes,yda-paz@example.org,93113749710.0,1984-12-07,Fem,Ceará,Divorciado/a,Desempregado,Técnico,ALTA,2025-06-07,Android,+55 (084) 3320-0437
U01517,Gael,Moraes,miguel70@example.org,57883724210.0,2000-04-23,Masc,Distrito Federal,Divorciado/a,Aposentado,Ensino Médio,MEDIA,2025-06-07,iOS,(031) 2207 2163
U01840,Zoe,Vasconcelos,kamillyferreira@example.org,37144319105.0,1991-07-23,Masc,Minas Gerais,Divorciado/a,Desempregado,Pós-graduação,BAIXA,2025-06-07,Android,+55 51 5749 3405
U02197,Sara,Leão,sophiepeixoto@example.net,51244583445.0,1990-03-09,Masc,Distrito Federal,Solteiro/a,Autônomo,Pós-graduação,BAIXA,2025-06-07,Android,+55 (021) 3335 7802
U04484,Emanuella,Mendonça,bryanmartins@example.com,35649609778.0,1970-01-01,Fem,Minas Gerais,Solteiro/a,Aposentado,Ensino Médio,MEDIA,2025-06-07,iOS,0500 899 8196
U00292,Laura,Farias,hadassa47@example.org,60747534811.0,1977-11-16,Masc,Ceará,Viúvo/a,Empregado,Superior,ALTA,2025-06-08,iOS,+55 81 4636 7288
U00450,André,Macedo,fogacabernardo@example.com,18335074551.0,1970-01-01,Masc,Rio Grande do Sul,Casado/a,Empregado,Ensino Médio,ALTA,2025-06-08,Android,21 0631 1096
U01605,Igor,Monteiro,carolinemarques@example.com,98366797683.0,1999-04-20,Masc,Paraná,Solteiro/a,Autônomo,Superior,ALTA,2025-06-08,iOS,+55 51 0407 1419
U04477,Caroline,Marques,juan95@example.net,43202319619.0,1975-11-12,Fem,Distrito Federal,Solteiro/a,Estudante,Técnico,BAIXA,2025-06-08,iOS,0500 189 8567
U04597,Levi,Azevedo,nathan84@example.com,85753836865.0,1970-01-01,Outro,São Paulo,Casado/a,Empregado,Ensino Médio,BAIXA,2025-06-08,iOS,21 2975-4159
U04681,Ana Carolina,Cardoso,caleb01@example.com,74928341505.0,1992-05-16,Fem,Minas Gerais,Solteiro/a,Desempregado,Outro,ALTA,2025-06-08,iOS,(021) 9068-3624
U00448,Rhavi,Mendonça,ana-luiza18@example.org,14227212411.0,1979-09-18,Outro,Ceará,Casado/a,Estudante,Superior,ALTA,2025-06-09,iOS,+55 (061) 7834 2417
U01404,Sofia,Oliveira,monteirodante@example.com,22817763544.0,1970-01-01,Outro,Ceará,Solteiro/a,Autônomo,Pós-graduação,MEDIA,2025-06-09,Android,+55 (081) 5807-7668
U02073,Maria Liz,Brito,joao-vitor15@example.net,98306979186.0,1988-04-26,Fem,São Paulo,Viúvo/a,Empregado,Técnico,BAIXA,2025-06-09,Android,+55 84 4387-1728
U02273,Heloisa,Araújo,nunesstephany@example.com,12341213762.0,1999-01-29,Fem,São Paulo,Solteiro/a,Aposentado,Pós-graduação,ALTA,2025-06-09,iOS,+55 (021) 8876 0187
U02393,Luan,Caldeira,lorena40@example.com,67905139700.0,1970-01-01,Fem,Distrito Federal,Solteiro/a,Empregado,Ensino Médio,MEDIA,2025-06-09,Android,0800-949-5007
U02593,Sophie,Machado,juliavasconcelos@example.org,11049457574.0,1970-01-01,Masc,São Paulo,Solteiro/a,Autônomo,Superior,MEDIA,2025-06-09,Android,41 9545-5006
U02816,Maria Isis,Pires,silveiramaria-sophia@example.org,61545629949.0,1997-04-30,Outro,Bahia,Divorciado/a,Estudante,Ensino Médio,BAIXA,2025-06-09,iOS,0900-341-8338
U04002,Emanuelly,Lima,luiz-felipebrito@example.org,86648945625.0,1989-01-10,Fem,Paraná,Casado/a,Empregado,Ensino Médio,MEDIA,2025-06-09,Android,+55 (084) 5008 4842
U01830,Aylla,Melo,ateixeira@example.org,66849381797.0,1970-12-08,Fem,Bahia,Viúvo/a,Empregado,Técnico,MEDIA,2025-06-10,iOS,31 0389 0890
U03162,Mariane,Fernandes,da-cunhaisabelly@example.org,69742341646.0,1992-09-24,Outro,Minas Gerais,Divorciado/a,Autônomo,Técnico,MEDIA,2025-06-10,Android,+55 81 5238 0827
U03830,Vitor,Carvalho,carvalhoelisa@example.com,32132833312.0,1986-08-27,Outro,Distrito Federal,Viúvo/a,Desempregado,Superior,MEDIA,2025-06-10,Android,(021) 5564 8583
U04882,Beatriz,Carvalho,maria-vitoriasampaio@example.com,84403626351.0,1984-05-01,Masc,Pernambuco,Divorciado/a,Desempregado,Superior,BAIXA,2025-06-10,iOS,(081) 1905 7427
U01094,Mirella,da Cunha,asafegomes@example.org,99363034067.0,1989-08-07,Fem,Minas Gerais,Viúvo/a,Empregado,Técnico,BAIXA,2025-06-11,Android,+55 84 2268-5692
U01167,Kevin,da Cruz,gabriellysa@example.com,31517837181.0,1981-04-23,Outro,Bahia,Casado/a,Estudante,Ensino Médio,MEDIA,2025-06-11,iOS,+55 (041) 8975-5366
U04266,Erick,Novais,vpeixoto@example.org,36716012435.0,1991-08-22,Fem,Bahia,Casado/a,Autônomo,Outro,MEDIA,2025-06-11,Android,51 5649 7844
U04675,Eloah,Cavalcante,antonio58@example.net,89268969409.0,2000-07-21,Fem,Bahia,Solteiro/a,Estudante,Técnico,MEDIA,2025-06-11,iOS,11 6206-4211
U04900,Samuel,Gomes,marcelogomes@example.org,96279641705.0,1986-06-14,Outro,Paraná,Casado/a,Desempregado,Superior,BAIXA,2025-06-11,Android,31 5807 6816
U00259,Anthony Gabriel,Correia,guerraana@example.com,47776490597.0,1989-10-25,Outro,Pernambuco,Casado/a,Autônomo,Ensino Médio,MEDIA,2025-06-12,iOS,(011) 0146-9118
U01069,Ana Clara,Pereira,joanagoncalves@example.net,92096822489.0,1980-04-30,Fem,Ceará,Solteiro/a,Aposentado,Outro,BAIXA,2025-06-12,iOS,31 2060-5909
U01761,Joaquim,Lopes,ada-costa@example.org,62699353706.0,1975-02-20,Fem,São Paulo,Viúvo/a,Aposentado,Pós-graduação,BAIXA,2025-06-12,Android,(031) 9199 4729
U02303,Maria Julia,Cardoso,fcorreia@example.com,42121678171.0,1970-01-01,Fem,Ceará,Divorciado/a,Empregado,Superior,ALTA,2025-06-12,iOS,+55 (011) 2888 6325
U02837,Henrique,da Mota,antonellaguerra@example.com,65433620378.0,1976-01-27,Masc,Rio de Janeiro,Casado/a,Aposentado,Técnico,BAIXA,2025-06-12,Android,0900 407 3568
U03683,Benício,Cavalcante,dribeiro@example.net,69514091142.0,2002-10-20,Outro,Ceará,Casado/a,Empregado,Outro,BAIXA,2025-06-12,iOS,81 0492-1615
U01884,Kevin,Almeida,thalessales@example.org,53433095871.0,1980-05-26,Outro,Bahia,Divorciado/a,Empregado,Ensino Médio,ALTA,2025-06-13,Android,41 5222-3386
U02283,Maria Cecília,Leão,diegoguerra@example.org,58542209027.0,1970-01-01,Fem,Distrito Federal,Divorciado/a,Aposentado,Técnico,MEDIA,2025-06-13,Android,(084) 7683-6091
U02494,Kamilly,Azevedo,fernandomonteiro@example.net,26809097327.0,1970-01-01,Outro,Rio de Janeiro,Viúvo/a,Autônomo,Técnico,ALTA,2025-06-13,iOS,(031) 3446 8947
U02891,Antony,Rodrigues,lara57@example.net,91386450592.0,1977-09-04,Masc,Pernambuco,Divorciado/a,Aposentado,Superior,BAIXA,2025-06-13,Android,(011) 5030 9651
U04206,Eduardo,Souza,nicolaspires@example.com,69691196831.0,1981-04-20,Fem,Distrito Federal,Solteiro/a,Desempregado,Superior,MEDIA,2025-06-13,iOS,61 0118 6161
U00059,Apollo,da Rocha,hadassa14@example.com,34493570286.0,1970-01-01,Outro,Pernambuco,Viúvo/a,Desempregado,Superior,ALTA,2025-06-14,Android,+55 61 4731 9098
U00825,Maria Fernanda,da Cruz,milenamacedo@example.org,81926018881.0,1975-03-08,Outro,Rio de Janeiro,Divorciado/a,Aposentado,Pós-graduação,ALTA,2025-06-14,Android,(084) 5540 3380
U01875,Maria Julia,Novais,noah44@example.org,92305940643.0,1993-12-06,Masc,Pernambuco,Casado/a,Desempregado,Ensino Médio,ALTA,2025-06-14,Android,0800 405 6296
U03970,Mateus,Correia,mariahpastor@example.com,54973253542.0,1997-02-26,Outro,São Paulo,Casado/a,Aposentado,Ensino Médio,MEDIA,2025-06-14,Android,51 6163 4339
U01487,Benicio,Siqueira,ngomes@example.com,61140062298.0,1970-01-01,Outro,Rio Grande do Sul,Divorciado/a,Aposentado,Ensino Médio,MEDIA,2025-06-15,Android,0300-429-0094
U01668,Luiz Felipe,Carvalho,dnovais@example.net,44608331581.0,2005-05-31,Fem,Ceará,Casado/a,Aposentado,Outro,ALTA,2025-06-15,iOS,(021) 5431 3409
U02245,Maria Eduarda,Abreu,rael38@example.net,98701384452.0,1970-01-01,Fem,Minas Gerais,Divorciado/a,Autônomo,Técnico,ALTA,2025-06-15,iOS,(051) 3550-0497
U03056,Juan,Ribeiro,catarina36@example.com,42774736933.0,1997-12-22,Fem,Bahia,Divorciado/a,Desempregado,Outro,MEDIA,2025-06-15,Android,(021) 1107-7183
U00291,Manuella,Cavalcante,dante62@example.org,14701299475.0,1970-01-01,Fem,Paraná,Viúvo/a,Empregado,Outro,ALTA,2025-06-16,iOS,+55 (061) 2742 2151
U01100,Aurora,Teixeira,marianagarcia@example.com,58701559434.0,1981-12-22,Outro,Ceará,Solteiro/a,Autônomo,Técnico,BAIXA,2025-06-16,iOS,+55 61 2163 8817
U03334,Ana Clara,Sales,liviacassiano@example.org,92562966476.0,1970-01-01,Masc,Distrito Federal,Casado/a,Autônomo,Outro,ALTA,2025-06-16,Android,+55 (071) 5852-4458
U03697,Asafe,Viana,davi-lucasviana@example.org,34019895326.0,1970-01-01,Masc,Pernambuco,Solteiro/a,Desempregado,Pós-graduação,BAIXA,2025-06-16,iOS,0500-914-6864
U04341,Emilly,Aragão,caldeiraana-clara@example.net,23106368572.0,1970-01-01,Fem,Rio de Janeiro,Viúvo/a,Estudante,Superior,BAIXA,2025-06-16,Android,(081) 0143-8526
U04387,Marcos Vinicius,Azevedo,brendarodrigues@example.net,85053069344.0,1984-10-26,Masc,Distrito Federal,Viúvo/a,Empregado,Pós-graduação,ALTA,2025-06-16,iOS,(041) 9692 4226
U02252,Ian,da Mota,calebebarros@example.net,99679619245.0,1970-01-01,Masc,São Paulo,Divorciado/a,Empregado,Ensino Médio,MEDIA,2025-06-17,Android,21 0640 4783
U02394,Beatriz,Cassiano,benicioborges@example.net,85481905375.0,1970-01-01,Masc,Paraná,Casado/a,Empregado,Outro,ALTA,2025-06-17,Android,21 3500 2830
U03023,Marcelo,Leão,lcorreia@example.org,73479240857.0,1997-08-14,Masc,São Paulo,Viúvo/a,Desempregado,Superior,ALTA,2025-06-17,iOS,(061) 6367 0906
U03534,Benicio,da Luz,oliveiraester@example.net,69928101671.0,2001-03-15,Masc,Minas Gerais,Casado/a,Desempregado,Técnico,ALTA,2025-06-17,Android,+55 84 8011 9693
U04174,Mathias,da Luz,castroana-liz@example.com,29065007612.0,1993-04-02,Outro,Minas Gerais,Viúvo/a,Desempregado,Ensino Médio,MEDIA,2025-06-17,iOS,+55 11 3819 9232
U00217,Alícia,da Luz,raelnogueira@example.net,91171109603.0,1970-01-01,Fem,Rio Grande do Sul,Solteiro/a,Empregado,Pós-graduação,MEDIA,2025-06-18,Android,(061) 1308-4421
U00550,Yago,Caldeira,eduardonogueira@example.org,86658533616.0,1986-08-19,Outro,Ceará,Solteiro/a,Estudante,Outro,ALTA,2025-06-18,Android,(061) 5856-9122
U02015,Pedro Miguel,Casa Grande,emilly26@example.net,78614744834.0,1998-09-09,Outro,Rio Grande do Sul,Casado/a,Estudante,Outro,BAIXA,2025-06-18,iOS,84 1653 9238
U02309,Liam,Moreira,peixotoluiz-gustavo@example.com,93574704141.0,1970-01-01,Masc,Rio de Janeiro,Solteiro/a,Estudante,Outro,MEDIA,2025-06-18,iOS,+55 21 9010 0133
U04006,Arthur Miguel,Melo,mpacheco@example.org,12240212159.0,1981-10-07,Outro,Rio Grande do Sul,Solteiro/a,Estudante,Superior,BAIXA,2025-06-18,iOS,+55 41 4700 0044
U00342,Anthony Gabriel,da Costa,ferreiraisabella@example.net,66733497365.0,1995-02-22,Fem,Rio Grande do Sul,Viúvo/a,Autônomo,Ensino Médio,BAIXA,2025-06-19,Android,+55 21 0653-1120
U01141,Léo,Caldeira,nogueiradavi-miguel@example.net,75250750924.0,1999-02-07,Outro,Distrito Federal,Solteiro/a,Empregado,Ensino Médio,ALTA,2025-06-19,iOS,(071) 1318 0871
U01831,Ayla,da Costa,miguelda-costa@example.com,54125615589.0,1970-01-01,Masc,Bahia,Viúvo/a,Empregado,Pós-graduação,MEDIA,2025-06-19,iOS,+55 41 3622-3204
U02448,Olivia,Lopes,duarteluiz-henrique@example.net,23963691845.0,2002-07-19,Outro,Minas Gerais,Solteiro/a,Aposentado,Técnico,ALTA,2025-06-19,iOS,+55 21 1792 5121
U04090,Esther,Mendonça,novaesasafe@example.net,91318276273.0,2004-06-01,Masc,Bahia,Casado/a,Aposentado,Ensino Médio,ALTA,2025-06-19,Android,+55 81 9753-1173
U01079,Lara,Mendonça,alexandre49@example.net,59117571280.0,1970-01-01,Fem,Rio Grande do Sul,Solteiro/a,Autônomo,Superior,ALTA,2025-06-20,iOS,11 3140 4058
U01716,Benjamim,Dias,rochaisabel@example.org,60402032192.0,1975-04-13,Fem,Paraná,Divorciado/a,Aposentado,Pós-graduação,ALTA,2025-06-20,Android,(084) 1663-8624
U02542,Nathan,Nascimento,lunaduarte@example.org,24246172775.0,2004-07-30,Masc,Pernambuco,Divorciado/a,Desempregado,Ensino Médio,ALTA,2025-06-20,Android,51 5563 0453
U04073,Olivia,Câmara,novaesnina@example.net,28013881593.0,1970-01-01,Masc,Pernambuco,Divorciado/a,Estudante,Superior,ALTA,2025-06-20,Android,+55 (084) 8963-2477
U04943,Esther,Cavalcante,raulda-paz@example.org,28083278999.0,1997-04-25,Fem,Ceará,Casado/a,Autônomo,Ensino Médio,BAIXA,2025-06-20,Android,+55 (061) 7909-5490
U03761,José Miguel,Rocha,vitoriaborges@example.com,72559833553.0,1970-01-01,Fem,Ceará,Divorciado/a,Empregado,Outro,MEDIA,2025-06-21,Android,(011) 2369-3309
U04841,José Pedro,Vasconcelos,anthony-gabriel35@example.org,45723383524.0,2004-04-05,Outro,São Paulo,Solteiro/a,Desempregado,Superior,ALTA,2025-06-22,Android,(081) 2605-8129
U00263,Bárbara,Martins,nathanda-conceicao@example.com,12410379006.0,1982-04-09,Outro,Minas Gerais,Solteiro/a,Estudante,Pós-graduação,BAIXA,2025-06-23,iOS,21 5883-9323
U00609,Gabrielly,Vieira,mda-cruz@example.net,82093068778.0,1995-09-21,Outro,Pernambuco,Divorciado/a,Estudante,Ensino Médio,BAIXA,2025-06-23,Android,(071) 3825 3793
U02184,Maria Liz,Martins,knunes@example.net,43158081019.0,1970-06-07,Fem,Bahia,Casado/a,Desempregado,Superior,BAIXA,2025-06-23,Android,+55 21 5622 9506
U00188,Cecilia,Santos,gomessarah@example.org,78468871353.0,2004-07-16,Outro,Ceará,Divorciado/a,Empregado,Pós-graduação,BAIXA,2025-06-24,Android,(084) 8659 3407
U01656,Thiago,Gonçalves,bellamendes@example.org,69005343345.0,2005-03-17,Fem,Ceará,Viúvo/a,Autônomo,Pós-graduação,BAIXA,2025-06-24,Android,+55 81 3858-5406
U03989,Eduardo,da Mota,carolineaparecida@example.org,87996946035.0,1979-11-24,Fem,São Paulo,Viúvo/a,Estudante,Pós-graduação,BAIXA,2025-06-24,iOS,+55 11 9557 3605
U04443,Diego,Leão,ana-liviacirino@example.org,99692565888.0,1987-06-03,Outro,Ceará,Viúvo/a,Aposentado,Ensino Médio,MEDIA,2025-06-24,iOS,0900 356 7198
U00537,Diego,Castro,vnunes@example.com,95199737823.0,2002-02-16,Masc,São Paulo,Solteiro/a,Empregado,Pós-graduação,ALTA,2025-06-25,Android,+55 (081) 2169-9697
U03104,Maya,da Rosa,carolina14@example.net,49624621503.0,1970-01-01,Masc,Pernambuco,Viúvo/a,Aposentado,Pós-graduação,MEDIA,2025-06-25,iOS,+55 41 4874 1527
U03247,Sophia,da Rocha,evelyn45@example.net,48730353221.0,1970-01-01,Outro,Distrito Federal,Casado/a,Aposentado,Técnico,MEDIA,2025-06-25,Android,11 5294 6897
U04279,Anna Liz,Farias,laura29@example.org,87517985342.0,2003-01-10,Masc,Distrito Federal,Solteiro/a,Desempregado,Técnico,ALTA,2025-06-25,Android,(021) 2770-1418
U04448,Mariane,Fernandes,olivia47@example.net,52213713975.0,1970-01-01,Masc,Pernambuco,Solteiro/a,Aposentado,Pós-graduação,ALTA,2025-06-25,iOS,+55 81 4458-4868
U00625,Julia,Guerra,carolinada-conceicao@example.com,27227306668.0,1970-01-01,Masc,São Paulo,Solteiro/a,Aposentado,Pós-graduação,MEDIA,2025-06-26,iOS,(041) 6196 2047
U00824,Ian,Rocha,joaovargas@example.org,22659328415.0,1970-01-01,Fem,Distrito Federal,Viúvo/a,Empregado,Técnico,BAIXA,2025-06-26,iOS,+55 31 5985 2886
